ISO-10303-21;
HEADER;
FILE_DESCRIPTION (( 'STEP AP214' ),
    '1' );
FILE_NAME ('Radiomaster R84.STEP',
    '2025-02-13T00:55:17',
    ( '' ),
    ( '' ),
    'SwSTEP 2.0',
    'SolidWorks 2024',
    '' );
FILE_SCHEMA (( 'AUTOMOTIVE_DESIGN' ));
ENDSEC;

DATA;
#1 = ORIENTED_EDGE ( 'NONE', *, *, #3819, .F. ) ;
#2 = EDGE_LOOP ( 'NONE', ( #69, #2882, #1528, #2041 ) ) ;
#3 = DIRECTION ( 'NONE',  ( -0.000000000000000000, -0.000000000000000000, -1.000000000000000000 ) ) ;
#4 = VECTOR ( 'NONE', #2696, 1000.000000000000000 ) ;
#5 = CARTESIAN_POINT ( 'NONE',  ( -13.58276253029822023, 3.999999999999999112, -8.999999999999998224 ) ) ;
#6 = LINE ( 'NONE', #1285, #1813 ) ;
#7 = ORIENTED_EDGE ( 'NONE', *, *, #3996, .T. ) ;
#8 = CARTESIAN_POINT ( 'NONE',  ( -7.500000000000000888, 2.000000000000000000, -14.99999999999999822 ) ) ;
#9 = EDGE_LOOP ( 'NONE', ( #819, #4034, #4083, #180 ) ) ;
#10 =( GEOMETRIC_REPRESENTATION_CONTEXT ( 3 ) GLOBAL_UNCERTAINTY_ASSIGNED_CONTEXT ( ( #984 ) ) GLOBAL_UNIT_ASSIGNED_CONTEXT ( ( #1709, #354, #3893 ) ) REPRESENTATION_CONTEXT ( 'NONE', 'WORKASPACE' ) );
#11 = CARTESIAN_POINT ( 'NONE',  ( -13.58276253029822023, 3.000000000000000000, -15.00000000000000000 ) ) ;
#12 = COLOUR_RGB ( '',1.000000000000000000, 1.000000000000000000, 0.000000000000000000 ) ;
#13 = PRESENTATION_LAYER_ASSIGNMENT (  '', '', ( #617 ) ) ;
#14 = SURFACE_STYLE_FILL_AREA ( #3162 ) ;
#15 = CIRCLE ( 'NONE', #1842, 0.6645387198085618286 ) ;
#16 = DIRECTION ( 'NONE',  ( 0.000000000000000000, 0.000000000000000000, -1.000000000000000000 ) ) ;
#17 = LINE ( 'NONE', #1668, #4059 ) ;
#18 =( NAMED_UNIT ( * ) SI_UNIT ( $, .STERADIAN. ) SOLID_ANGLE_UNIT ( ) );
#19 = DIRECTION ( 'NONE',  ( -0.000000000000000000, -1.000000000000000000, -0.000000000000000000 ) ) ;
#20 = UNCERTAINTY_MEASURE_WITH_UNIT (LENGTH_MEASURE( 1.000000000000000082E-05 ), #2203, 'distance_accuracy_value', 'NONE');
#21 = DIRECTION ( 'NONE',  ( 1.000000000000000000, 0.000000000000000000, 0.000000000000000000 ) ) ;
#22 = FILL_AREA_STYLE ('',( #2946 ) ) ;
#23 = AXIS2_PLACEMENT_3D ( 'NONE', #2334, #2633, #21 ) ;
#24 = DIRECTION ( 'NONE',  ( 1.000000000000000000, -0.000000000000000000, -1.156482317317871478E-16 ) ) ;
#25 = LINE ( 'NONE', #2970, #815 ) ;
#26 = ADVANCED_FACE ( 'NONE', ( #1674 ), #3526, .T. ) ;
#27 = EDGE_LOOP ( 'NONE', ( #4044, #112, #1357, #3119 ) ) ;
#28 = FILL_AREA_STYLE ('',( #324 ) ) ;
#29 = VECTOR ( 'NONE', #2092, 1000.000000000000000 ) ;
#30 = FACE_OUTER_BOUND ( 'NONE', #3890, .T. ) ;
#31 = SURFACE_SIDE_STYLE ('',( #2468 ) ) ;
#32 = DIRECTION ( 'NONE',  ( 0.000000000000000000, 0.000000000000000000, -1.000000000000000000 ) ) ;
#33 = ORIENTED_EDGE ( 'NONE', *, *, #3456, .F. ) ;
#34 = CARTESIAN_POINT ( 'NONE',  ( -7.500000000000000888, 2.000000000000000000, -14.99999999999999822 ) ) ;
#35 = VERTEX_POINT ( 'NONE', #3216 ) ;
#36 = EDGE_CURVE ( 'NONE', #1588, #614, #677, .T. ) ;
#37 = CARTESIAN_POINT ( 'NONE',  ( 2.250000000000001332, 2.000000000000000000, -15.00000000000000178 ) ) ;
#38 = SURFACE_SIDE_STYLE ('',( #1665 ) ) ;
#39 = MECHANICAL_DESIGN_GEOMETRIC_PRESENTATION_REPRESENTATION (  '', ( #1240 ), #2724 ) ;
#40 = PRESENTATION_STYLE_ASSIGNMENT (( #2654 ) ) ;
#41 = COLOUR_RGB ( '',0.2509803921568627416, 0.2509803921568627416, 0.2509803921568627416 ) ;
#42 = EDGE_CURVE ( 'NONE', #1885, #743, #25, .T. ) ;
#43 = PLANE ( 'NONE',  #230 ) ;
#44 = SURFACE_STYLE_USAGE ( .BOTH. , #3257 ) ;
#45 = ORIENTED_EDGE ( 'NONE', *, *, #3806, .T. ) ;
#46 = SURFACE_STYLE_USAGE ( .BOTH. , #446 ) ;
#47 = UNCERTAINTY_MEASURE_WITH_UNIT (LENGTH_MEASURE( 1.000000000000000082E-05 ), #2133, 'distance_accuracy_value', 'NONE');
#48 = PRESENTATION_LAYER_ASSIGNMENT (  '', '', ( #1394 ) ) ;
#49 = CIRCLE ( 'NONE', #920, 0.7609347594569813023 ) ;
#50 = EDGE_CURVE ( 'NONE', #1931, #411, #1973, .T. ) ;
#51 = VERTEX_POINT ( 'NONE', #1324 ) ;
#52 = CARTESIAN_POINT ( 'NONE',  ( -5.659720593955204215, 4.500000000000000888, 8.745923688806527707 ) ) ;
#53 =( GEOMETRIC_REPRESENTATION_CONTEXT ( 3 ) GLOBAL_UNCERTAINTY_ASSIGNED_CONTEXT ( ( #87 ) ) GLOBAL_UNIT_ASSIGNED_CONTEXT ( ( #2042, #2930, #3886 ) ) REPRESENTATION_CONTEXT ( 'NONE', 'WORKASPACE' ) );
#54 = EDGE_LOOP ( 'NONE', ( #3673, #3572, #45, #2521 ) ) ;
#55 = COLOUR_RGB ( '',0.2509803921568627416, 0.2509803921568627416, 0.2509803921568627416 ) ;
#56 = ORIENTED_EDGE ( 'NONE', *, *, #3070, .F. ) ;
#57 = PRESENTATION_STYLE_ASSIGNMENT (( #3247 ) ) ;
#58 = LINE ( 'NONE', #1337, #351 ) ;
#59 =( NAMED_UNIT ( * ) PLANE_ANGLE_UNIT ( ) SI_UNIT ( $, .RADIAN. ) );
#60 = CARTESIAN_POINT ( 'NONE',  ( -7.500000000000000888, 2.000000000000000000, -14.99999999999999822 ) ) ;
#61 = PLANE ( 'NONE',  #2338 ) ;
#62 = CARTESIAN_POINT ( 'NONE',  ( -7.500000000000000000, 4.999999999999999112, -8.999999999999998224 ) ) ;
#63 = PRESENTATION_STYLE_ASSIGNMENT (( #1647 ) ) ;
#64 = VECTOR ( 'NONE', #3376, 1000.000000000000000 ) ;
#65 = ORIENTED_EDGE ( 'NONE', *, *, #2130, .F. ) ;
#66 = CARTESIAN_POINT ( 'NONE',  ( -13.58276253029822023, 2.999999999999999112, -8.999999999999998224 ) ) ;
#67 = PRESENTATION_LAYER_ASSIGNMENT (  '', '', ( #1888 ) ) ;
#68 = FACE_OUTER_BOUND ( 'NONE', #2400, .T. ) ;
#69 = ORIENTED_EDGE ( 'NONE', *, *, #3586, .F. ) ;
#70 = CARTESIAN_POINT ( 'NONE',  ( -5.659720593955204215, 4.000000000000000000, 7.822786237319599323 ) ) ;
#71 = VERTEX_POINT ( 'NONE', #2617 ) ;
#72 =( NAMED_UNIT ( * ) SI_UNIT ( $, .STERADIAN. ) SOLID_ANGLE_UNIT ( ) );
#73 = EDGE_CURVE ( 'NONE', #2625, #1869, #1006, .T. ) ;
#74 = ORIENTED_EDGE ( 'NONE', *, *, #3258, .T. ) ;
#75 = CARTESIAN_POINT ( 'NONE',  ( -18.68033988749894547, 7.000000000000000000, -0.4174243050441561742 ) ) ;
#76 =( NAMED_UNIT ( * ) SI_UNIT ( $, .STERADIAN. ) SOLID_ANGLE_UNIT ( ) );
#77 = DIRECTION ( 'NONE',  ( 1.253860640877106493E-32, 1.000000000000000000, 1.084202172485504187E-16 ) ) ;
#78 = COLOUR_RGB ( '',1.000000000000000000, 1.000000000000000000, 0.000000000000000000 ) ;
#79 = DIRECTION ( 'NONE',  ( 0.000000000000000000, 1.000000000000000000, 0.000000000000000000 ) ) ;
#80 = CARTESIAN_POINT ( 'NONE',  ( -5.659720593955204215, 4.000000000000000000, 9.669061140293457868 ) ) ;
#81 = CARTESIAN_POINT ( 'NONE',  ( 4.940548030688789893, 4.000000000000000000, 13.86583739294936457 ) ) ;
#82 = COLOUR_RGB ( '',1.000000000000000000, 1.000000000000000000, 0.000000000000000000 ) ;
#83 = CARTESIAN_POINT ( 'NONE',  ( -13.58276253029822023, 4.000000000000000000, -15.00000000000000000 ) ) ;
#84 = DIRECTION ( 'NONE',  ( 1.253860640877106493E-32, 1.000000000000000000, 1.084202172485504187E-16 ) ) ;
#85 = ORIENTED_EDGE ( 'NONE', *, *, #694, .T. ) ;
#86 = CARTESIAN_POINT ( 'NONE',  ( -6.250000000000000000, 3.999999999999999112, -9.000000000000000000 ) ) ;
#87 = UNCERTAINTY_MEASURE_WITH_UNIT (LENGTH_MEASURE( 1.000000000000000082E-05 ), #2042, 'distance_accuracy_value', 'NONE');
#88 = EDGE_CURVE ( 'NONE', #135, #2924, #3566, .T. ) ;
#89 = MECHANICAL_DESIGN_GEOMETRIC_PRESENTATION_REPRESENTATION (  '', ( #2840 ), #2058 ) ;
#90 = EDGE_LOOP ( 'NONE', ( #1514, #391, #1105, #1025 ) ) ;
#91 = PRESENTATION_LAYER_ASSIGNMENT (  '', '', ( #2647 ) ) ;
#92 = CARTESIAN_POINT ( 'NONE',  ( 0.7500000000000000000, -1.734723475976807094E-15, -9.000000000000000000 ) ) ;
#93 = MECHANICAL_DESIGN_GEOMETRIC_PRESENTATION_REPRESENTATION (  '', ( #3911 ), #3318 ) ;
#94 = ORIENTED_EDGE ( 'NONE', *, *, #4136, .F. ) ;
#95 = DIRECTION ( 'NONE',  ( 1.671814187836141990E-32, 1.000000000000000000, 1.445602896647338917E-16 ) ) ;
#96 = VERTEX_POINT ( 'NONE', #3927 ) ;
#97 = DIRECTION ( 'NONE',  ( 1.671814187836141990E-32, 1.000000000000000000, 1.445602896647338917E-16 ) ) ;
#98 = VERTEX_POINT ( 'NONE', #1047 ) ;
#99 = AXIS2_PLACEMENT_3D ( 'NONE', #2781, #408, #1059 ) ;
#100 = CARTESIAN_POINT ( 'NONE',  ( -4.432403535665534022, 9.609352161810663873, 11.26780805515516803 ) ) ;
#101 = EDGE_CURVE ( 'NONE', #3929, #1817, #3301, .T. ) ;
#102 = PRESENTATION_LAYER_ASSIGNMENT (  '', '', ( #1515 ) ) ;
#103 = PLANE ( 'NONE',  #883 ) ;
#104 = MECHANICAL_DESIGN_GEOMETRIC_PRESENTATION_REPRESENTATION (  '', ( #1655 ), #2662 ) ;
#105 = DIRECTION ( 'NONE',  ( -1.671814187836141990E-32, -1.000000000000000000, -1.445602896647338917E-16 ) ) ;
#106 = EDGE_CURVE ( 'NONE', #2003, #3976, #191, .T. ) ;
#107 =( NAMED_UNIT ( * ) PLANE_ANGLE_UNIT ( ) SI_UNIT ( $, .RADIAN. ) );
#108 = VECTOR ( 'NONE', #3319, 1000.000000000000000 ) ;
#109 = PRESENTATION_LAYER_ASSIGNMENT (  '', '', ( #2667 ) ) ;
#110 =( NAMED_UNIT ( * ) PLANE_ANGLE_UNIT ( ) SI_UNIT ( $, .RADIAN. ) );
#111 = EDGE_CURVE ( 'NONE', #1943, #2460, #2678, .T. ) ;
#112 = ORIENTED_EDGE ( 'NONE', *, *, #2075, .T. ) ;
#113 = VERTEX_POINT ( 'NONE', #2122 ) ;
#114 = ORIENTED_EDGE ( 'NONE', *, *, #271, .T. ) ;
#115 = FILL_AREA_STYLE_COLOUR ( '', #492 ) ;
#116 = STYLED_ITEM ( 'NONE', ( #1298 ), #2699 ) ;
#117 = ORIENTED_EDGE ( 'NONE', *, *, #1728, .F. ) ;
#118 = CARTESIAN_POINT ( 'NONE',  ( -13.58276253029822023, 2.000000000000000000, -15.00000000000000000 ) ) ;
#119 = VECTOR ( 'NONE', #467, 1000.000000000000000 ) ;
#120 = CARTESIAN_POINT ( 'NONE',  ( -0.7500000000000000000, 3.999999999999999112, -9.000000000000000000 ) ) ;
#121 = DIRECTION ( 'NONE',  ( -1.000000000000000000, 0.000000000000000000, -0.000000000000000000 ) ) ;
#122 = STYLED_ITEM ( 'NONE', ( #1603 ), #319 ) ;
#123 = CARTESIAN_POINT ( 'NONE',  ( -2.250000000000000888, -1.734723475976807094E-15, -9.000000000000000000 ) ) ;
#124 = DIRECTION ( 'NONE',  ( 0.000000000000000000, 0.000000000000000000, -1.000000000000000000 ) ) ;
#125 = PRESENTATION_LAYER_ASSIGNMENT (  '', '', ( #2159 ) ) ;
#126 = CARTESIAN_POINT ( 'NONE',  ( 2.249999999999999112, 3.999999999999998224, 8.713100599650835778E-16 ) ) ;
#127 = DIRECTION ( 'NONE',  ( -0.000000000000000000, -1.000000000000000000, 0.000000000000000000 ) ) ;
#128 = FILL_AREA_STYLE ('',( #3644 ) ) ;
#129 = FILL_AREA_STYLE ('',( #1756 ) ) ;
#130 = EDGE_CURVE ( 'NONE', #1817, #988, #758, .T. ) ;
#131 = CARTESIAN_POINT ( 'NONE',  ( -4.432403535665534022, 9.609352161810663873, 11.26780805515516803 ) ) ;
#132 = ORIENTED_EDGE ( 'NONE', *, *, #2725, .T. ) ;
#133 = FILL_AREA_STYLE ('',( #764 ) ) ;
#134 = MECHANICAL_DESIGN_GEOMETRIC_PRESENTATION_REPRESENTATION (  '', ( #1002 ), #2952 ) ;
#135 = VERTEX_POINT ( 'NONE', #425 ) ;
#136 = ORIENTED_EDGE ( 'NONE', *, *, #2585, .F. ) ;
#137 =( NAMED_UNIT ( * ) SI_UNIT ( $, .STERADIAN. ) SOLID_ANGLE_UNIT ( ) );
#138 = VERTEX_POINT ( 'NONE', #3647 ) ;
#139 = CARTESIAN_POINT ( 'NONE',  ( 3.500000000000001332, 1.999999999999999556, -15.00000000000000178 ) ) ;
#140 = VECTOR ( 'NONE', #2396, 1000.000000000000000 ) ;
#141 = CARTESIAN_POINT ( 'NONE',  ( -13.58276253029822023, 4.000000000000000000, -15.00000000000000000 ) ) ;
#142 =( LENGTH_UNIT ( ) NAMED_UNIT ( * ) SI_UNIT ( .MILLI., .METRE. ) );
#143 = VERTEX_POINT ( 'NONE', #2064 ) ;
#144 = CARTESIAN_POINT ( 'NONE',  ( -6.887037652244874408, 4.000000000000000000, 6.224039322457887380 ) ) ;
#145 = LINE ( 'NONE', #1799, #3736 ) ;
#146 = DIRECTION ( 'NONE',  ( -0.000000000000000000, -1.000000000000000000, -0.000000000000000000 ) ) ;
#147 = SURFACE_SIDE_STYLE ('',( #423 ) ) ;
#148 =( LENGTH_UNIT ( ) NAMED_UNIT ( * ) SI_UNIT ( .MILLI., .METRE. ) );
#149 = FACE_BOUND ( 'NONE', #792, .T. ) ;
#150 = FILL_AREA_STYLE ('',( #2126 ) ) ;
#151 = MECHANICAL_DESIGN_GEOMETRIC_PRESENTATION_REPRESENTATION (  '', ( #3234 ), #2832 ) ;
#152 = VECTOR ( 'NONE', #2494, 1000.000000000000000 ) ;
#153 = CARTESIAN_POINT ( 'NONE',  ( -5.000000000000000888, 3.999999999999999112, -9.000000000000000000 ) ) ;
#154 = EDGE_CURVE ( 'NONE', #1931, #2828, #1716, .T. ) ;
#155 = VERTEX_POINT ( 'NONE', #1116 ) ;
#156 = PRESENTATION_LAYER_ASSIGNMENT (  '', '', ( #1979 ) ) ;
#157 = MECHANICAL_DESIGN_GEOMETRIC_PRESENTATION_REPRESENTATION (  '', ( #3445 ), #2123 ) ;
#158 = ORIENTED_EDGE ( 'NONE', *, *, #717, .T. ) ;
#159 = ORIENTED_EDGE ( 'NONE', *, *, #727, .F. ) ;
#160 = CARTESIAN_POINT ( 'NONE',  ( 6.250000000000000000, -2.602085213965210642E-15, -3.219175043950317728E-17 ) ) ;
#161 = COLOUR_RGB ( '',1.000000000000000000, 1.000000000000000000, 0.000000000000000000 ) ;
#162 = FACE_OUTER_BOUND ( 'NONE', #2491, .T. ) ;
#163 = SURFACE_SIDE_STYLE ('',( #2688 ) ) ;
#164 =( NAMED_UNIT ( * ) SI_UNIT ( $, .STERADIAN. ) SOLID_ANGLE_UNIT ( ) );
#165 = ADVANCED_FACE ( 'NONE', ( #3388 ), #3345, .T. ) ;
#166 = FILL_AREA_STYLE ('',( #3002 ) ) ;
#167 = ORIENTED_EDGE ( 'NONE', *, *, #73, .T. ) ;
#168 = AXIS2_PLACEMENT_3D ( 'NONE', #993, #2955, #1356 ) ;
#169 = PRESENTATION_STYLE_ASSIGNMENT (( #3046 ) ) ;
#170 = CARTESIAN_POINT ( 'NONE',  ( -7.500000000000000888, 2.000000000000000000, -14.99999999999999822 ) ) ;
#171 = DIRECTION ( 'NONE',  ( -0.000000000000000000, -1.000000000000000000, -0.000000000000000000 ) ) ;
#172 = FACE_BOUND ( 'NONE', #3418, .T. ) ;
#173 = SURFACE_STYLE_FILL_AREA ( #3051 ) ;
#174 = DIRECTION ( 'NONE',  ( 1.671814187836141990E-32, 1.000000000000000000, 0.000000000000000000 ) ) ;
#175 = VECTOR ( 'NONE', #1043, 1000.000000000000000 ) ;
#176 = STYLED_ITEM ( 'NONE', ( #1922 ), #1375 ) ;
#177 = ORIENTED_EDGE ( 'NONE', *, *, #3367, .T. ) ;
#178 = FACE_OUTER_BOUND ( 'NONE', #685, .T. ) ;
#179 = STYLED_ITEM ( 'NONE', ( #3297 ), #1418 ) ;
#180 = ORIENTED_EDGE ( 'NONE', *, *, #422, .T. ) ;
#181 = FILL_AREA_STYLE ('',( #2154 ) ) ;
#182 = ORIENTED_EDGE ( 'NONE', *, *, #3343, .T. ) ;
#183 = EDGE_CURVE ( 'NONE', #2852, #2705, #2809, .T. ) ;
#184 = SURFACE_STYLE_FILL_AREA ( #473 ) ;
#185 = CARTESIAN_POINT ( 'NONE',  ( 0.7500000000000006661, 3.000000000000000000, -15.00000000000000000 ) ) ;
#186 = VERTEX_POINT ( 'NONE', #3947 ) ;
#187 = FILL_AREA_STYLE_COLOUR ( '', #2584 ) ;
#188 = CARTESIAN_POINT ( 'NONE',  ( -6.435197465963121033, 2.000000000000000000, 15.00000000000000533 ) ) ;
#189 = ADVANCED_FACE ( 'NONE', ( #3624 ), #3324, .T. ) ;
#190 = SURFACE_SIDE_STYLE ('',( #2119 ) ) ;
#191 = LINE ( 'NONE', #783, #1890 ) ;
#192 = PRESENTATION_STYLE_ASSIGNMENT (( #3988 ) ) ;
#193 = PRESENTATION_LAYER_ASSIGNMENT (  '', '', ( #2544 ) ) ;
#194 =( NAMED_UNIT ( * ) PLANE_ANGLE_UNIT ( ) SI_UNIT ( $, .RADIAN. ) );
#195 = CARTESIAN_POINT ( 'NONE',  ( -0.7500000000000000000, -2.602085213965210642E-15, -3.219175043950317728E-17 ) ) ;
#196 = SURFACE_STYLE_FILL_AREA ( #2739 ) ;
#197 = VERTEX_POINT ( 'NONE', #2508 ) ;
#198 = DIRECTION ( 'NONE',  ( 0.000000000000000000, -1.000000000000000000, 0.000000000000000000 ) ) ;
#199 = ORIENTED_EDGE ( 'NONE', *, *, #4012, .T. ) ;
#200 =( LENGTH_UNIT ( ) NAMED_UNIT ( * ) SI_UNIT ( .MILLI., .METRE. ) );
#201 = ORIENTED_EDGE ( 'NONE', *, *, #1784, .T. ) ;
#202 = LINE ( 'NONE', #813, #1335 ) ;
#203 = VECTOR ( 'NONE', #2726, 1000.000000000000000 ) ;
#204 = DIRECTION ( 'NONE',  ( 1.445602896647338424E-16, -1.445602896647338917E-16, 1.000000000000000000 ) ) ;
#205 = DIRECTION ( 'NONE',  ( 1.000000000000000000, -0.000000000000000000, -1.156482317317871478E-16 ) ) ;
#206 = EDGE_CURVE ( 'NONE', #2235, #3200, #1581, .T. ) ;
#207 = FILL_AREA_STYLE_COLOUR ( '', #2727 ) ;
#208 = ORIENTED_EDGE ( 'NONE', *, *, #2404, .F. ) ;
#209 = LINE ( 'NONE', #1818, #1578 ) ;
#210 = DIRECTION ( 'NONE',  ( 0.000000000000000000, 1.445602896647338917E-16, -1.000000000000000000 ) ) ;
#211 = LINE ( 'NONE', #1497, #1222 ) ;
#212 = PRESENTATION_LAYER_ASSIGNMENT (  '', '', ( #1353 ) ) ;
#213 = DIRECTION ( 'NONE',  ( -0.000000000000000000, -1.000000000000000000, 0.000000000000000000 ) ) ;
#214 = FILL_AREA_STYLE_COLOUR ( '', #386 ) ;
#215 = PRODUCT_DEFINITION_CONTEXT ( 'detailed design', #568, 'design' ) ;
#216 =( NAMED_UNIT ( * ) PLANE_ANGLE_UNIT ( ) SI_UNIT ( $, .RADIAN. ) );
#217 = CARTESIAN_POINT ( 'NONE',  ( -7.500000000000000888, 2.000000000000000000, -14.99999999999999822 ) ) ;
#218 = DIRECTION ( 'NONE',  ( -1.000000000000000000, 0.000000000000000000, -0.000000000000000000 ) ) ;
#219 = ORIENTED_EDGE ( 'NONE', *, *, #3777, .T. ) ;
#220 =( GEOMETRIC_REPRESENTATION_CONTEXT ( 3 ) GLOBAL_UNCERTAINTY_ASSIGNED_CONTEXT ( ( #940 ) ) GLOBAL_UNIT_ASSIGNED_CONTEXT ( ( #846, #2062, #2080 ) ) REPRESENTATION_CONTEXT ( 'NONE', 'WORKASPACE' ) );
#221 = ADVANCED_FACE ( 'NONE', ( #4088 ), #3478, .T. ) ;
#222 = VECTOR ( 'NONE', #1708, 1000.000000000000000 ) ;
#223 =( GEOMETRIC_REPRESENTATION_CONTEXT ( 3 ) GLOBAL_UNCERTAINTY_ASSIGNED_CONTEXT ( ( #360 ) ) GLOBAL_UNIT_ASSIGNED_CONTEXT ( ( #2074, #437, #3403 ) ) REPRESENTATION_CONTEXT ( 'NONE', 'WORKASPACE' ) );
#224 = VECTOR ( 'NONE', #1534, 1000.000000000000000 ) ;
#225 = ORIENTED_EDGE ( 'NONE', *, *, #3131, .F. ) ;
#226 = DIRECTION ( 'NONE',  ( 0.000000000000000000, 0.000000000000000000, 1.000000000000000000 ) ) ;
#227 = ORIENTED_EDGE ( 'NONE', *, *, #4098, .F. ) ;
#228 = EDGE_CURVE ( 'NONE', #2235, #3370, #1898, .T. ) ;
#229 = LINE ( 'NONE', #862, #1828 ) ;
#230 = AXIS2_PLACEMENT_3D ( 'NONE', #83, #3584, #2013 ) ;
#231 = CARTESIAN_POINT ( 'NONE',  ( -4.432403535665534022, 9.609352161810663873, 6.224039322457887380 ) ) ;
#232 = CARTESIAN_POINT ( 'NONE',  ( 5.000000000000000000, -8.673617379884035472E-16, -15.00000000000000178 ) ) ;
#233 = ORIENTED_EDGE ( 'NONE', *, *, #3453, .F. ) ;
#234 =( GEOMETRIC_REPRESENTATION_CONTEXT ( 3 ) GLOBAL_UNCERTAINTY_ASSIGNED_CONTEXT ( ( #485 ) ) GLOBAL_UNIT_ASSIGNED_CONTEXT ( ( #744, #2958, #72 ) ) REPRESENTATION_CONTEXT ( 'NONE', 'WORKASPACE' ) );
#235 = LINE ( 'NONE', #2558, #3603 ) ;
#236 =( NAMED_UNIT ( * ) PLANE_ANGLE_UNIT ( ) SI_UNIT ( $, .RADIAN. ) );
#237 = EDGE_CURVE ( 'NONE', #1932, #256, #4050, .T. ) ;
#238 = SURFACE_STYLE_FILL_AREA ( #3427 ) ;
#239 = VECTOR ( 'NONE', #2712, 1000.000000000000000 ) ;
#240 =( LENGTH_UNIT ( ) NAMED_UNIT ( * ) SI_UNIT ( .MILLI., .METRE. ) );
#241 = CARTESIAN_POINT ( 'NONE',  ( 2.249999999999999112, -2.602085213965210642E-15, 2.930689013061479619E-16 ) ) ;
#242 = EDGE_CURVE ( 'NONE', #35, #295, #1213, .T. ) ;
#243 = PRESENTATION_LAYER_ASSIGNMENT (  '', '', ( #631 ) ) ;
#244 = UNCERTAINTY_MEASURE_WITH_UNIT (LENGTH_MEASURE( 1.000000000000000082E-05 ), #573, 'distance_accuracy_value', 'NONE');
#245 = SURFACE_STYLE_USAGE ( .BOTH. , #1160 ) ;
#246 = ORIENTED_EDGE ( 'NONE', *, *, #3107, .F. ) ;
#247 = PLANE ( 'NONE',  #2419 ) ;
#248 = PRESENTATION_LAYER_ASSIGNMENT (  '', '', ( #913 ) ) ;
#249 = VECTOR ( 'NONE', #2433, 1000.000000000000000 ) ;
#250 = EDGE_CURVE ( 'NONE', #2482, #347, #1520, .T. ) ;
#251 = EDGE_LOOP ( 'NONE', ( #2560, #3041, #1636, #2532 ) ) ;
#252 = DIRECTION ( 'NONE',  ( 1.445602896647338917E-16, -1.445602896647338917E-16, 1.000000000000000000 ) ) ;
#253 = CIRCLE ( 'NONE', #3654, 0.7609347594569813023 ) ;
#254 = CARTESIAN_POINT ( 'NONE',  ( 2.250000000000001776, 1.000000000000000000, -14.99999999999999822 ) ) ;
#255 = SURFACE_STYLE_FILL_AREA ( #3680 ) ;
#256 = VERTEX_POINT ( 'NONE', #2148 ) ;
#257 = SURFACE_STYLE_USAGE ( .BOTH. , #3125 ) ;
#258 = CIRCLE ( 'NONE', #1807, 1.061980817857794301 ) ;
#259 = CARTESIAN_POINT ( 'NONE',  ( 7.500000000000000000, -7.347880794884118750E-16, -9.000000000000000000 ) ) ;
#260 = DIRECTION ( 'NONE',  ( 0.000000000000000000, 0.000000000000000000, -1.000000000000000000 ) ) ;
#261 = CARTESIAN_POINT ( 'NONE',  ( -3.500000000000001332, 2.000000000000000000, -15.00000000000000000 ) ) ;
#262 = CARTESIAN_POINT ( 'NONE',  ( -6.887037652244874408, 9.609352161810663873, 11.26780805515516803 ) ) ;
#263 = CARTESIAN_POINT ( 'NONE',  ( 5.770658746154558649, 3.000000000000000000, 20.00000000000000355 ) ) ;
#264 =( GEOMETRIC_REPRESENTATION_CONTEXT ( 3 ) GLOBAL_UNCERTAINTY_ASSIGNED_CONTEXT ( ( #2189 ) ) GLOBAL_UNIT_ASSIGNED_CONTEXT ( ( #3278, #1970, #396 ) ) REPRESENTATION_CONTEXT ( 'NONE', 'WORKASPACE' ) );
#265 = CARTESIAN_POINT ( 'NONE',  ( -5.106120026345997154, 4.000000000000000000, 15.00000000000000533 ) ) ;
#266 = VECTOR ( 'NONE', #4069, 1000.000000000000000 ) ;
#267 = SURFACE_SIDE_STYLE ('',( #1525 ) ) ;
#268 = DIRECTION ( 'NONE',  ( 0.000000000000000000, -1.445602896647338917E-16, 1.000000000000000000 ) ) ;
#269 =( GEOMETRIC_REPRESENTATION_CONTEXT ( 3 ) GLOBAL_UNCERTAINTY_ASSIGNED_CONTEXT ( ( #3907 ) ) GLOBAL_UNIT_ASSIGNED_CONTEXT ( ( #2492, #547, #2951 ) ) REPRESENTATION_CONTEXT ( 'NONE', 'WORKASPACE' ) );
#270 = VECTOR ( 'NONE', #2205, 1000.000000000000000 ) ;
#271 = EDGE_CURVE ( 'NONE', #96, #3872, #2474, .T. ) ;
#272 = ORIENTED_EDGE ( 'NONE', *, *, #803, .F. ) ;
#273 = DIRECTION ( 'NONE',  ( 1.156482317317871478E-16, 0.000000000000000000, 1.000000000000000000 ) ) ;
#274 = FILL_AREA_STYLE ('',( #1268 ) ) ;
#275 = VERTEX_POINT ( 'NONE', #528 ) ;
#276 =( LENGTH_UNIT ( ) NAMED_UNIT ( * ) SI_UNIT ( .MILLI., .METRE. ) );
#277 = VECTOR ( 'NONE', #1292, 1000.000000000000000 ) ;
#278 = FILL_AREA_STYLE ('',( #2202 ) ) ;
#279 = CARTESIAN_POINT ( 'NONE',  ( -13.58276253029822023, 4.000000000000000000, -15.00000000000000000 ) ) ;
#280 = DIRECTION ( 'NONE',  ( 1.000000000000000000, -3.761581922631318931E-32, 1.445602896647338917E-16 ) ) ;
#281 = FILL_AREA_STYLE ('',( #3145 ) ) ;
#282 = PRESENTATION_STYLE_ASSIGNMENT (( #4090 ) ) ;
#283 = UNCERTAINTY_MEASURE_WITH_UNIT (LENGTH_MEASURE( 1.000000000000000082E-05 ), #2241, 'distance_accuracy_value', 'NONE');
#284 = SURFACE_STYLE_FILL_AREA ( #3759 ) ;
#285 = CARTESIAN_POINT ( 'NONE',  ( -13.58276253029822023, 4.999999999999999112, -8.999999999999998224 ) ) ;
#286 = FILL_AREA_STYLE_COLOUR ( '', #2066 ) ;
#287 = EDGE_LOOP ( 'NONE', ( #3631, #2467, #2552, #2025 ) ) ;
#288 = CARTESIAN_POINT ( 'NONE',  ( -6.887037652244874408, 4.000000000000000000, 11.26780805515516803 ) ) ;
#289 = ADVANCED_FACE ( 'NONE', ( #2857 ), #3754, .T. ) ;
#290 =( NAMED_UNIT ( * ) PLANE_ANGLE_UNIT ( ) SI_UNIT ( $, .RADIAN. ) );
#291 = VECTOR ( 'NONE', #1858, 1000.000000000000000 ) ;
#292 = VECTOR ( 'NONE', #205, 1000.000000000000000 ) ;
#293 = MECHANICAL_DESIGN_GEOMETRIC_PRESENTATION_REPRESENTATION (  '', ( #2249 ), #3969 ) ;
#294 = CARTESIAN_POINT ( 'NONE',  ( -0.7500000000000000000, 4.000000000000000000, -15.00000000000000178 ) ) ;
#295 = VERTEX_POINT ( 'NONE', #3274 ) ;
#296 = ORIENTED_EDGE ( 'NONE', *, *, #2572, .F. ) ;
#297 =( NAMED_UNIT ( * ) PLANE_ANGLE_UNIT ( ) SI_UNIT ( $, .RADIAN. ) );
#298 =( NAMED_UNIT ( * ) SI_UNIT ( $, .STERADIAN. ) SOLID_ANGLE_UNIT ( ) );
#299 = CARTESIAN_POINT ( 'NONE',  ( -5.000000000000000888, 1.999999999999999556, -15.00000000000000178 ) ) ;
#300 = EDGE_CURVE ( 'NONE', #1333, #988, #3608, .T. ) ;
#301 = COLOUR_RGB ( '',0.2509803921568627416, 0.2509803921568627416, 0.2509803921568627416 ) ;
#302 = CARTESIAN_POINT ( 'NONE',  ( -5.770658746154558649, 3.000000000000000000, 15.00000000000000533 ) ) ;
#303 = FILL_AREA_STYLE ('',( #1902 ) ) ;
#304 = DIRECTION ( 'NONE',  ( 0.000000000000000000, 0.000000000000000000, -1.000000000000000000 ) ) ;
#305 = ORIENTED_EDGE ( 'NONE', *, *, #88, .F. ) ;
#306 = LINE ( 'NONE', #1589, #4077 ) ;
#307 = DIRECTION ( 'NONE',  ( -1.000000000000000000, 0.000000000000000000, 0.000000000000000000 ) ) ;
#308 = AXIS2_PLACEMENT_3D ( 'NONE', #3823, #629, #304 ) ;
#309 = DIRECTION ( 'NONE',  ( -0.000000000000000000, -1.000000000000000000, -0.000000000000000000 ) ) ;
#310 = VECTOR ( 'NONE', #2897, 1000.000000000000000 ) ;
#311 = ORIENTED_EDGE ( 'NONE', *, *, #2554, .T. ) ;
#312 = FILL_AREA_STYLE ('',( #2236 ) ) ;
#313 = ADVANCED_FACE ( 'NONE', ( #3209, #670 ), #3896, .T. ) ;
#314 = ORIENTED_EDGE ( 'NONE', *, *, #3866, .T. ) ;
#315 = SURFACE_STYLE_USAGE ( .BOTH. , #886 ) ;
#316 = LINE ( 'NONE', #1209, #2834 ) ;
#317 = LINE ( 'NONE', #2524, #1730 ) ;
#318 = CARTESIAN_POINT ( 'NONE',  ( -13.58276253029822023, 2.000000000000000000, -15.00000000000000000 ) ) ;
#319 = ADVANCED_FACE ( 'NONE', ( #979 ), #357, .T. ) ;
#320 = DIRECTION ( 'NONE',  ( 1.000000000000000000, -0.000000000000000000, -1.156482317317871478E-16 ) ) ;
#321 = ADVANCED_FACE ( 'NONE', ( #710 ), #1622, .T. ) ;
#322 =( NAMED_UNIT ( * ) PLANE_ANGLE_UNIT ( ) SI_UNIT ( $, .RADIAN. ) );
#323 = ORIENTED_EDGE ( 'NONE', *, *, #2892, .T. ) ;
#324 = FILL_AREA_STYLE_COLOUR ( '', #873 ) ;
#325 = PRESENTATION_LAYER_ASSIGNMENT (  '', '', ( #524 ) ) ;
#326 = VECTOR ( 'NONE', #2525, 1000.000000000000000 ) ;
#327 = DIRECTION ( 'NONE',  ( 0.000000000000000000, 0.000000000000000000, -1.000000000000000000 ) ) ;
#328 = VECTOR ( 'NONE', #3528, 1000.000000000000000 ) ;
#329 = CARTESIAN_POINT ( 'NONE',  ( -7.499999999999997335, 0.000000000000000000, 15.00000000000000533 ) ) ;
#330 = SURFACE_STYLE_FILL_AREA ( #3888 ) ;
#331 = ORIENTED_EDGE ( 'NONE', *, *, #1795, .F. ) ;
#332 = ORIENTED_EDGE ( 'NONE', *, *, #2114, .T. ) ;
#333 = ADVANCED_FACE ( 'NONE', ( #3920 ), #1415, .F. ) ;
#334 = CARTESIAN_POINT ( 'NONE',  ( -13.58276253029822023, 3.000000000000000000, -15.00000000000000000 ) ) ;
#335 = CARTESIAN_POINT ( 'NONE',  ( -7.500000000000000000, 3.999999999999999112, -8.999999999999998224 ) ) ;
#336 = PLANE ( 'NONE',  #2925 ) ;
#337 = SURFACE_STYLE_FILL_AREA ( #2896 ) ;
#338 = DIRECTION ( 'NONE',  ( 0.000000000000000000, 1.000000000000000000, 0.000000000000000000 ) ) ;
#339 = DIRECTION ( 'NONE',  ( 1.671814187836141990E-32, 1.000000000000000000, 1.445602896647338917E-16 ) ) ;
#340 = DIRECTION ( 'NONE',  ( -0.000000000000000000, -0.000000000000000000, 1.000000000000000000 ) ) ;
#341 = CARTESIAN_POINT ( 'NONE',  ( 6.250000000000000000, -1.734723475976807094E-15, -9.000000000000000000 ) ) ;
#342 = CARTESIAN_POINT ( 'NONE',  ( 2.250000000000000444, -1.734723475976807094E-15, -9.000000000000000000 ) ) ;
#343 = ORIENTED_EDGE ( 'NONE', *, *, #3697, .T. ) ;
#344 = EDGE_CURVE ( 'NONE', #404, #630, #806, .T. ) ;
#345 = CARTESIAN_POINT ( 'NONE',  ( -6.250000000000000000, 2.000000000000000000, -15.00000000000000178 ) ) ;
#346 = CARTESIAN_POINT ( 'NONE',  ( 5.106120026345997154, 3.000000000000000000, 20.00000000000000355 ) ) ;
#347 = VERTEX_POINT ( 'NONE', #4029 ) ;
#348 = DIRECTION ( 'NONE',  ( -0.000000000000000000, -1.000000000000000000, -0.000000000000000000 ) ) ;
#349 = ORIENTED_EDGE ( 'NONE', *, *, #731, .T. ) ;
#350 = ADVANCED_FACE ( 'NONE', ( #1840, #1759, #2475, #3050, #149, #1139, #172, #507, #1779 ), #3389, .F. ) ;
#351 = VECTOR ( 'NONE', #3577, 1000.000000000000000 ) ;
#352 = PRESENTATION_LAYER_ASSIGNMENT (  '', '', ( #2249 ) ) ;
#353 = FILL_AREA_STYLE ('',( #3892 ) ) ;
#354 =( NAMED_UNIT ( * ) PLANE_ANGLE_UNIT ( ) SI_UNIT ( $, .RADIAN. ) );
#355 = DIRECTION ( 'NONE',  ( 1.000000000000000000, -0.000000000000000000, -1.156482317317871478E-16 ) ) ;
#356 =( GEOMETRIC_REPRESENTATION_CONTEXT ( 3 ) GLOBAL_UNCERTAINTY_ASSIGNED_CONTEXT ( ( #1138 ) ) GLOBAL_UNIT_ASSIGNED_CONTEXT ( ( #816, #1151, #839 ) ) REPRESENTATION_CONTEXT ( 'NONE', 'WORKASPACE' ) );
#357 = PLANE ( 'NONE',  #1255 ) ;
#358 = FILL_AREA_STYLE ('',( #2369 ) ) ;
#359 =( NAMED_UNIT ( * ) PLANE_ANGLE_UNIT ( ) SI_UNIT ( $, .RADIAN. ) );
#360 = UNCERTAINTY_MEASURE_WITH_UNIT (LENGTH_MEASURE( 1.000000000000000082E-05 ), #2074, 'distance_accuracy_value', 'NONE');
#361 =( NAMED_UNIT ( * ) SI_UNIT ( $, .STERADIAN. ) SOLID_ANGLE_UNIT ( ) );
#362 =( NAMED_UNIT ( * ) SI_UNIT ( $, .STERADIAN. ) SOLID_ANGLE_UNIT ( ) );
#363 = ORIENTED_EDGE ( 'NONE', *, *, #1496, .F. ) ;
#364 = EDGE_CURVE ( 'NONE', #1931, #71, #3366, .T. ) ;
#365 = CARTESIAN_POINT ( 'NONE',  ( 5.000000000000000888, 0.9999999999999993339, -9.000000000000000000 ) ) ;
#366 = CARTESIAN_POINT ( 'NONE',  ( -13.58276253029822023, 0.9999999999999993339, -8.999999999999998224 ) ) ;
#367 = VERTEX_POINT ( 'NONE', #2735 ) ;
#368 = ORIENTED_EDGE ( 'NONE', *, *, #3941, .T. ) ;
#369 = SURFACE_STYLE_USAGE ( .BOTH. , #2363 ) ;
#370 = EDGE_LOOP ( 'NONE', ( #2360, #3809, #1980, #2110, #3375 ) ) ;
#371 =( LENGTH_UNIT ( ) NAMED_UNIT ( * ) SI_UNIT ( .MILLI., .METRE. ) );
#372 = STYLED_ITEM ( 'NONE', ( #923 ), #741 ) ;
#373 = SURFACE_STYLE_USAGE ( .BOTH. , #38 ) ;
#374 = LINE ( 'NONE', #1666, #2183 ) ;
#375 = SURFACE_STYLE_USAGE ( .BOTH. , #2565 ) ;
#376 = VECTOR ( 'NONE', #2426, 1000.000000000000000 ) ;
#377 =( LENGTH_UNIT ( ) NAMED_UNIT ( * ) SI_UNIT ( .MILLI., .METRE. ) );
#378 = PLANE ( 'NONE',  #3513 ) ;
#379 = DIRECTION ( 'NONE',  ( 1.671814187836141990E-32, 1.000000000000000000, 1.445602896647338917E-16 ) ) ;
#380 = EDGE_LOOP ( 'NONE', ( #2072, #3055 ) ) ;
#381 = PLANE ( 'NONE',  #1879 ) ;
#382 = UNCERTAINTY_MEASURE_WITH_UNIT (LENGTH_MEASURE( 1.000000000000000082E-05 ), #2392, 'distance_accuracy_value', 'NONE');
#383 = ADVANCED_FACE ( 'NONE', ( #4010 ), #1502, .T. ) ;
#384 = VECTOR ( 'NONE', #1625, 1000.000000000000000 ) ;
#385 = CARTESIAN_POINT ( 'NONE',  ( 5.770658746154558649, 4.000000000000000000, 13.20347838337312396 ) ) ;
#386 = COLOUR_RGB ( '',0.000000000000000000, 0.000000000000000000, 0.000000000000000000 ) ;
#387 = ORIENTED_EDGE ( 'NONE', *, *, #838, .T. ) ;
#388 = DIRECTION ( 'NONE',  ( 1.671814187836141990E-32, 1.000000000000000000, 1.445602896647338917E-16 ) ) ;
#389 = ORIENTED_EDGE ( 'NONE', *, *, #2340, .T. ) ;
#390 = VECTOR ( 'NONE', #1461, 1000.000000000000000 ) ;
#391 = ORIENTED_EDGE ( 'NONE', *, *, #1571, .F. ) ;
#392 = FACE_OUTER_BOUND ( 'NONE', #3115, .T. ) ;
#393 = EDGE_CURVE ( 'NONE', #580, #971, #3755, .T. ) ;
#394 = LINE ( 'NONE', #1067, #2527 ) ;
#395 = FILL_AREA_STYLE_COLOUR ( '', #2956 ) ;
#396 =( NAMED_UNIT ( * ) SI_UNIT ( $, .STERADIAN. ) SOLID_ANGLE_UNIT ( ) );
#397 = FILL_AREA_STYLE ('',( #3281 ) ) ;
#398 = CARTESIAN_POINT ( 'NONE',  ( -4.940548030688789893, 4.000000000000000000, 13.86583739294936457 ) ) ;
#399 = CARTESIAN_POINT ( 'NONE',  ( -5.000000000000000888, -1.734723475976807094E-15, -9.000000000000000000 ) ) ;
#400 = STYLED_ITEM ( 'NONE', ( #548 ), #2851 ) ;
#401 = ORIENTED_EDGE ( 'NONE', *, *, #3207, .T. ) ;
#402 = FILL_AREA_STYLE ('',( #3625 ) ) ;
#403 = CIRCLE ( 'NONE', #1146, 1.061980817857794301 ) ;
#404 = VERTEX_POINT ( 'NONE', #3447 ) ;
#405 = SURFACE_STYLE_FILL_AREA ( #133 ) ;
#406 = ADVANCED_FACE ( 'NONE', ( #4130 ), #1861, .T. ) ;
#407 = VERTEX_POINT ( 'NONE', #2526 ) ;
#408 = DIRECTION ( 'NONE',  ( 1.671814187836141990E-32, 1.000000000000000000, 1.445602896647338917E-16 ) ) ;
#409 = ORIENTED_EDGE ( 'NONE', *, *, #2134, .T. ) ;
#410 =( LENGTH_UNIT ( ) NAMED_UNIT ( * ) SI_UNIT ( .MILLI., .METRE. ) );
#411 = VERTEX_POINT ( 'NONE', #3185 ) ;
#412 =( NAMED_UNIT ( * ) SI_UNIT ( $, .STERADIAN. ) SOLID_ANGLE_UNIT ( ) );
#413 = DIRECTION ( 'NONE',  ( 0.000000000000000000, 1.000000000000000000, 0.000000000000000000 ) ) ;
#414 = DIRECTION ( 'NONE',  ( -0.000000000000000000, -1.000000000000000000, -0.000000000000000000 ) ) ;
#415 =( LENGTH_UNIT ( ) NAMED_UNIT ( * ) SI_UNIT ( .MILLI., .METRE. ) );
#416 = COLOUR_RGB ( '',0.2509803921568627416, 0.2509803921568627416, 0.2509803921568627416 ) ;
#417 = CARTESIAN_POINT ( 'NONE',  ( 7.499999999999999112, 5.000000000000000000, -15.00000000000000000 ) ) ;
#418 =( GEOMETRIC_REPRESENTATION_CONTEXT ( 3 ) GLOBAL_UNCERTAINTY_ASSIGNED_CONTEXT ( ( #1349 ) ) GLOBAL_UNIT_ASSIGNED_CONTEXT ( ( #2830, #4106, #4127 ) ) REPRESENTATION_CONTEXT ( 'NONE', 'WORKASPACE' ) );
#419 = LINE ( 'NONE', #62, #2232 ) ;
#420 = CARTESIAN_POINT ( 'NONE',  ( -5.659720593955204215, 4.500000000000000888, 9.669061140293457868 ) ) ;
#421 = MECHANICAL_DESIGN_GEOMETRIC_PRESENTATION_REPRESENTATION (  '', ( #4037 ), #223 ) ;
#422 = EDGE_CURVE ( 'NONE', #1598, #98, #1880, .T. ) ;
#423 = SURFACE_STYLE_FILL_AREA ( #3300 ) ;
#424 = CIRCLE ( 'NONE', #949, 0.9231374514869286063 ) ;
#425 = CARTESIAN_POINT ( 'NONE',  ( 2.250000000000001332, 1.000000000000000000, -15.00000000000000178 ) ) ;
#426 = DIRECTION ( 'NONE',  ( -1.671814187836141990E-32, -1.000000000000000000, -1.445602896647338917E-16 ) ) ;
#427 = VECTOR ( 'NONE', #146, 1000.000000000000000 ) ;
#428 = ORIENTED_EDGE ( 'NONE', *, *, #1718, .F. ) ;
#429 = COLOUR_RGB ( '',0.000000000000000000, 0.000000000000000000, 0.000000000000000000 ) ;
#430 = AXIS2_PLACEMENT_3D ( 'NONE', #131, #531, #3971 ) ;
#431 = VECTOR ( 'NONE', #563, 1000.000000000000000 ) ;
#432 = ORIENTED_EDGE ( 'NONE', *, *, #3392, .T. ) ;
#433 = EDGE_LOOP ( 'NONE', ( #1166, #767, #2279, #1638 ) ) ;
#434 = EDGE_LOOP ( 'NONE', ( #3356, #2700, #3904, #2256 ) ) ;
#435 = CIRCLE ( 'NONE', #168, 1.061980817857794301 ) ;
#436 = DIRECTION ( 'NONE',  ( 0.000000000000000000, 1.445602896647338917E-16, -1.000000000000000000 ) ) ;
#437 =( NAMED_UNIT ( * ) PLANE_ANGLE_UNIT ( ) SI_UNIT ( $, .RADIAN. ) );
#438 = EDGE_CURVE ( 'NONE', #1348, #1202, #1561, .T. ) ;
#439 = DIRECTION ( 'NONE',  ( 0.000000000000000000, -0.000000000000000000, 1.000000000000000000 ) ) ;
#440 = DIRECTION ( 'NONE',  ( 1.445602896647338917E-16, 1.365123520548581852E-16, -1.000000000000000000 ) ) ;
#441 = COLOUR_RGB ( '',1.000000000000000000, 1.000000000000000000, 0.000000000000000000 ) ;
#442 = COLOUR_RGB ( '',0.2509803921568627416, 0.2509803921568627416, 0.2509803921568627416 ) ;
#443 = LINE ( 'NONE', #1475, #427 ) ;
#444 = CIRCLE ( 'NONE', #2143, 0.7609347594569813023 ) ;
#445 = FILL_AREA_STYLE ('',( #1757 ) ) ;
#446 = SURFACE_SIDE_STYLE ('',( #3928 ) ) ;
#447 = VERTEX_POINT ( 'NONE', #2509 ) ;
#448 = DIRECTION ( 'NONE',  ( 0.000000000000000000, 1.000000000000000000, -0.000000000000000000 ) ) ;
#449 = AXIS2_PLACEMENT_3D ( 'NONE', #3547, #1327, #719 ) ;
#450 = ORIENTED_EDGE ( 'NONE', *, *, #527, .F. ) ;
#451 = ORIENTED_EDGE ( 'NONE', *, *, #1131, .T. ) ;
#452 = DIRECTION ( 'NONE',  ( 1.000000000000000000, -1.671814187836141990E-32, -2.416779432592044377E-48 ) ) ;
#453 = MECHANICAL_DESIGN_GEOMETRIC_PRESENTATION_REPRESENTATION (  '', ( #590 ), #4148 ) ;
#454 = ORIENTED_EDGE ( 'NONE', *, *, #1247, .F. ) ;
#455 = PLANE ( 'NONE',  #951 ) ;
#456 =( GEOMETRIC_REPRESENTATION_CONTEXT ( 3 ) GLOBAL_UNCERTAINTY_ASSIGNED_CONTEXT ( ( #1200 ) ) GLOBAL_UNIT_ASSIGNED_CONTEXT ( ( #3519, #3560, #1692 ) ) REPRESENTATION_CONTEXT ( 'NONE', 'WORKASPACE' ) );
#457 = PLANE ( 'NONE',  #2408 ) ;
#458 = SURFACE_STYLE_FILL_AREA ( #166 ) ;
#459 = STYLED_ITEM ( 'NONE', ( #1416 ), #2356 ) ;
#460 = FACE_OUTER_BOUND ( 'NONE', #3527, .T. ) ;
#461 = DIRECTION ( 'NONE',  ( 0.000000000000000000, 0.000000000000000000, 1.000000000000000000 ) ) ;
#462 = EDGE_CURVE ( 'NONE', #857, #2791, #3775, .T. ) ;
#463 =( NAMED_UNIT ( * ) SI_UNIT ( $, .STERADIAN. ) SOLID_ANGLE_UNIT ( ) );
#464 = CARTESIAN_POINT ( 'NONE',  ( 5.770658746154558649, 4.000000000000000000, 13.20347838337312396 ) ) ;
#465 = DIRECTION ( 'NONE',  ( 1.671814187836141990E-32, 1.000000000000000000, 0.000000000000000000 ) ) ;
#466 = VERTEX_POINT ( 'NONE', #3497 ) ;
#467 = DIRECTION ( 'NONE',  ( 9.115745035929406798E-64, 1.445602896647338917E-16, -1.000000000000000000 ) ) ;
#468 = EDGE_CURVE ( 'NONE', #703, #98, #625, .T. ) ;
#469 = ORIENTED_EDGE ( 'NONE', *, *, #3941, .F. ) ;
#470 = DIRECTION ( 'NONE',  ( -3.038581678643135599E-64, -1.445602896647338917E-16, 1.000000000000000000 ) ) ;
#471 = ORIENTED_EDGE ( 'NONE', *, *, #237, .T. ) ;
#472 = DIRECTION ( 'NONE',  ( 1.253860640877106493E-32, 1.000000000000000000, 1.084202172485504187E-16 ) ) ;
#473 = FILL_AREA_STYLE ('',( #3998 ) ) ;
#474 = CARTESIAN_POINT ( 'NONE',  ( 5.000000000000000000, 3.000000000000000000, -15.00000000000000178 ) ) ;
#475 = EDGE_CURVE ( 'NONE', #1204, #1598, #2566, .T. ) ;
#476 = SURFACE_SIDE_STYLE ('',( #255 ) ) ;
#477 = CARTESIAN_POINT ( 'NONE',  ( -7.500000000000000888, 2.000000000000000000, -14.99999999999999822 ) ) ;
#478 = ORIENTED_EDGE ( 'NONE', *, *, #2358, .F. ) ;
#479 = DIRECTION ( 'NONE',  ( -1.156482317317871478E-16, 0.000000000000000000, -1.000000000000000000 ) ) ;
#480 = LINE ( 'NONE', #888, #3123 ) ;
#481 = FILL_AREA_STYLE ('',( #3071 ) ) ;
#482 = CARTESIAN_POINT ( 'NONE',  ( -13.58276253029822023, 0.9999999999999993339, -8.999999999999998224 ) ) ;
#483 = AXIS2_PLACEMENT_3D ( 'NONE', #4086, #3751, #3476 ) ;
#484 = MECHANICAL_DESIGN_GEOMETRIC_PRESENTATION_REPRESENTATION (  '', ( #560 ), #418 ) ;
#485 = UNCERTAINTY_MEASURE_WITH_UNIT (LENGTH_MEASURE( 1.000000000000000082E-05 ), #744, 'distance_accuracy_value', 'NONE');
#486 = CARTESIAN_POINT ( 'NONE',  ( 3.500000000000003109, 3.000000000000000000, -15.00000000000000000 ) ) ;
#487 = PRESENTATION_STYLE_ASSIGNMENT (( #1184 ) ) ;
#488 = EDGE_CURVE ( 'NONE', #861, #828, #444, .T. ) ;
#489 = ORIENTED_EDGE ( 'NONE', *, *, #3506, .F. ) ;
#490 = FILL_AREA_STYLE ('',( #2720 ) ) ;
#491 =( GEOMETRIC_REPRESENTATION_CONTEXT ( 3 ) GLOBAL_UNCERTAINTY_ASSIGNED_CONTEXT ( ( #2376 ) ) GLOBAL_UNIT_ASSIGNED_CONTEXT ( ( #1022, #1345, #361 ) ) REPRESENTATION_CONTEXT ( 'NONE', 'WORKASPACE' ) );
#492 = COLOUR_RGB ( '',0.2509803921568627416, 0.2509803921568627416, 0.2509803921568627416 ) ;
#493 = ORIENTED_EDGE ( 'NONE', *, *, #364, .F. ) ;
#494 = DIRECTION ( 'NONE',  ( -1.156482317317871478E-16, 0.000000000000000000, -1.000000000000000000 ) ) ;
#495 = ORIENTED_EDGE ( 'NONE', *, *, #1263, .T. ) ;
#496 = EDGE_CURVE ( 'NONE', #512, #3976, #3926, .T. ) ;
#497 = CARTESIAN_POINT ( 'NONE',  ( -0.7500000000000000000, 3.999999999999998224, 5.460494082194324449E-16 ) ) ;
#498 = SURFACE_SIDE_STYLE ('',( #774 ) ) ;
#499 = FILL_AREA_STYLE_COLOUR ( '', #2907 ) ;
#500 = EDGE_LOOP ( 'NONE', ( #3954, #3170, #866, #3265 ) ) ;
#501 = PLANE ( 'NONE',  #1512 ) ;
#502 = FILL_AREA_STYLE ('',( #2118 ) ) ;
#503 = VECTOR ( 'NONE', #2600, 1000.000000000000000 ) ;
#504 = SURFACE_STYLE_USAGE ( .BOTH. , #805 ) ;
#505 = CARTESIAN_POINT ( 'NONE',  ( -6.435197465963121033, 4.000000000000000000, 15.00000000000000533 ) ) ;
#506 = UNCERTAINTY_MEASURE_WITH_UNIT (LENGTH_MEASURE( 1.000000000000000082E-05 ), #3053, 'distance_accuracy_value', 'NONE');
#507 = FACE_BOUND ( 'NONE', #2664, .T. ) ;
#508 = UNCERTAINTY_MEASURE_WITH_UNIT (LENGTH_MEASURE( 1.000000000000000082E-05 ), #2026, 'distance_accuracy_value', 'NONE');
#509 = VECTOR ( 'NONE', #1214, 1000.000000000000000 ) ;
#510 =( NAMED_UNIT ( * ) SI_UNIT ( $, .STERADIAN. ) SOLID_ANGLE_UNIT ( ) );
#511 =( GEOMETRIC_REPRESENTATION_CONTEXT ( 3 ) GLOBAL_UNCERTAINTY_ASSIGNED_CONTEXT ( ( #1075 ) ) GLOBAL_UNIT_ASSIGNED_CONTEXT ( ( #2876, #4146, #978 ) ) REPRESENTATION_CONTEXT ( 'NONE', 'WORKASPACE' ) );
#512 = VERTEX_POINT ( 'NONE', #80 ) ;
#513 = EDGE_CURVE ( 'NONE', #2685, #3380, #3543, .T. ) ;
#514 = ORIENTED_EDGE ( 'NONE', *, *, #996, .F. ) ;
#515 = FACE_OUTER_BOUND ( 'NONE', #3653, .T. ) ;
#516 = ORIENTED_EDGE ( 'NONE', *, *, #1734, .F. ) ;
#517 = LINE ( 'NONE', #118, #2370 ) ;
#518 = UNCERTAINTY_MEASURE_WITH_UNIT (LENGTH_MEASURE( 1.000000000000000082E-05 ), #240, 'distance_accuracy_value', 'NONE');
#519 =( NAMED_UNIT ( * ) SI_UNIT ( $, .STERADIAN. ) SOLID_ANGLE_UNIT ( ) );
#520 = COLOUR_RGB ( '',1.000000000000000000, 1.000000000000000000, 1.000000000000000000 ) ;
#521 = FACE_OUTER_BOUND ( 'NONE', #698, .T. ) ;
#522 = ORIENTED_EDGE ( 'NONE', *, *, #3757, .T. ) ;
#523 = DIRECTION ( 'NONE',  ( 1.000000000000000000, 0.000000000000000000, -1.156482317317871478E-16 ) ) ;
#524 = STYLED_ITEM ( 'NONE', ( #1312 ), #2101 ) ;
#525 = PRESENTATION_LAYER_ASSIGNMENT (  '', '', ( #122 ) ) ;
#526 = DIRECTION ( 'NONE',  ( -1.445602896647338424E-16, -1.445602896647338917E-16, 1.000000000000000000 ) ) ;
#527 = EDGE_CURVE ( 'NONE', #71, #143, #2008, .T. ) ;
#528 = CARTESIAN_POINT ( 'NONE',  ( 7.500000000000000000, 4.999999999999999112, -9.000000000000000000 ) ) ;
#529 = MECHANICAL_DESIGN_GEOMETRIC_PRESENTATION_REPRESENTATION (  '', ( #2159 ), #3944 ) ;
#530 = SURFACE_STYLE_USAGE ( .BOTH. , #2435 ) ;
#531 = DIRECTION ( 'NONE',  ( -1.000000000000000000, 0.000000000000000000, 0.000000000000000000 ) ) ;
#532 =( NAMED_UNIT ( * ) SI_UNIT ( $, .STERADIAN. ) SOLID_ANGLE_UNIT ( ) );
#533 = ORIENTED_EDGE ( 'NONE', *, *, #2899, .T. ) ;
#534 = UNCERTAINTY_MEASURE_WITH_UNIT (LENGTH_MEASURE( 1.000000000000000082E-05 ), #1555, 'distance_accuracy_value', 'NONE');
#535 =( NAMED_UNIT ( * ) SI_UNIT ( $, .STERADIAN. ) SOLID_ANGLE_UNIT ( ) );
#536 = ORIENTED_EDGE ( 'NONE', *, *, #4012, .F. ) ;
#537 =( NAMED_UNIT ( * ) PLANE_ANGLE_UNIT ( ) SI_UNIT ( $, .RADIAN. ) );
#538 =( GEOMETRIC_REPRESENTATION_CONTEXT ( 3 ) GLOBAL_UNCERTAINTY_ASSIGNED_CONTEXT ( ( #1048 ) ) GLOBAL_UNIT_ASSIGNED_CONTEXT ( ( #371, #2028, #412 ) ) REPRESENTATION_CONTEXT ( 'NONE', 'WORKASPACE' ) );
#539 = EDGE_CURVE ( 'NONE', #2828, #143, #1693, .T. ) ;
#540 = ORIENTED_EDGE ( 'NONE', *, *, #539, .T. ) ;
#541 = CARTESIAN_POINT ( 'NONE',  ( -13.58276253029822023, 2.999999999999999112, -8.999999999999998224 ) ) ;
#542 = VECTOR ( 'NONE', #3657, 1000.000000000000000 ) ;
#543 = FACE_OUTER_BOUND ( 'NONE', #3635, .T. ) ;
#544 = DIRECTION ( 'NONE',  ( 0.000000000000000000, 0.000000000000000000, -1.000000000000000000 ) ) ;
#545 = EDGE_CURVE ( 'NONE', #155, #1204, #3210, .T. ) ;
#546 = VERTEX_POINT ( 'NONE', #3275 ) ;
#547 =( NAMED_UNIT ( * ) PLANE_ANGLE_UNIT ( ) SI_UNIT ( $, .RADIAN. ) );
#548 = PRESENTATION_STYLE_ASSIGNMENT (( #2260 ) ) ;
#549 = DIRECTION ( 'NONE',  ( 1.671814187836141990E-32, 1.000000000000000000, 1.445602896647338917E-16 ) ) ;
#550 = SURFACE_SIDE_STYLE ('',( #238 ) ) ;
#551 = UNCERTAINTY_MEASURE_WITH_UNIT (LENGTH_MEASURE( 1.000000000000000082E-05 ), #706, 'distance_accuracy_value', 'NONE');
#552 = DIRECTION ( 'NONE',  ( 1.000000000000000000, -1.671814187836141990E-32, -2.416779432592044984E-48 ) ) ;
#553 = SURFACE_STYLE_USAGE ( .BOTH. , #1824 ) ;
#554 = EDGE_CURVE ( 'NONE', #1279, #1333, #711, .T. ) ;
#555 =( NAMED_UNIT ( * ) PLANE_ANGLE_UNIT ( ) SI_UNIT ( $, .RADIAN. ) );
#556 = CARTESIAN_POINT ( 'NONE',  ( 6.250000000000000000, 1.999999999999999556, -15.00000000000000178 ) ) ;
#557 = ORIENTED_EDGE ( 'NONE', *, *, #393, .T. ) ;
#558 =( GEOMETRIC_REPRESENTATION_CONTEXT ( 3 ) GLOBAL_UNCERTAINTY_ASSIGNED_CONTEXT ( ( #20 ) ) GLOBAL_UNIT_ASSIGNED_CONTEXT ( ( #2203, #1228, #3443 ) ) REPRESENTATION_CONTEXT ( 'NONE', 'WORKASPACE' ) );
#559 = LINE ( 'NONE', #3117, #3742 ) ;
#560 = STYLED_ITEM ( 'NONE', ( #570 ), #3537 ) ;
#561 = COLOUR_RGB ( '',0.2509803921568627416, 0.2509803921568627416, 0.2509803921568627416 ) ;
#562 = ORIENTED_EDGE ( 'NONE', *, *, #2784, .T. ) ;
#563 = DIRECTION ( 'NONE',  ( 9.115745035929406798E-64, 1.445602896647338917E-16, -1.000000000000000000 ) ) ;
#564 = CARTESIAN_POINT ( 'NONE',  ( -7.500000000000000888, 2.000000000000000000, -15.00000000000000178 ) ) ;
#565 = DIRECTION ( 'NONE',  ( 1.000000000000000000, -0.000000000000000000, -1.156482317317871478E-16 ) ) ;
#566 = ORIENTED_EDGE ( 'NONE', *, *, #468, .T. ) ;
#567 =( GEOMETRIC_REPRESENTATION_CONTEXT ( 3 ) GLOBAL_UNCERTAINTY_ASSIGNED_CONTEXT ( ( #3670 ) ) GLOBAL_UNIT_ASSIGNED_CONTEXT ( ( #1597, #2827, #2561 ) ) REPRESENTATION_CONTEXT ( 'NONE', 'WORKASPACE' ) );
#568 = APPLICATION_CONTEXT ( 'automotive_design' ) ;
#569 = EDGE_CURVE ( 'NONE', #3452, #3415, #17, .T. ) ;
#570 = PRESENTATION_STYLE_ASSIGNMENT (( #4085 ) ) ;
#571 = DIRECTION ( 'NONE',  ( 1.156482317317871478E-16, -1.445602896647338917E-16, 1.000000000000000000 ) ) ;
#572 = SURFACE_STYLE_USAGE ( .BOTH. , #3048 ) ;
#573 =( LENGTH_UNIT ( ) NAMED_UNIT ( * ) SI_UNIT ( .MILLI., .METRE. ) );
#574 = FILL_AREA_STYLE_COLOUR ( '', #2352 ) ;
#575 = UNCERTAINTY_MEASURE_WITH_UNIT (LENGTH_MEASURE( 1.000000000000000082E-05 ), #2470, 'distance_accuracy_value', 'NONE');
#576 =( GEOMETRIC_REPRESENTATION_CONTEXT ( 3 ) GLOBAL_UNCERTAINTY_ASSIGNED_CONTEXT ( ( #1860 ) ) GLOBAL_UNIT_ASSIGNED_CONTEXT ( ( #2246, #3135, #1235 ) ) REPRESENTATION_CONTEXT ( 'NONE', 'WORKASPACE' ) );
#577 = CARTESIAN_POINT ( 'NONE',  ( -13.58276253029822023, 1.000000000000000000, -15.00000000000000000 ) ) ;
#578 = DIRECTION ( 'NONE',  ( 1.671814187836141990E-32, 1.000000000000000000, 1.445602896647338917E-16 ) ) ;
#579 = DIRECTION ( 'NONE',  ( 1.671814187836141990E-32, 1.000000000000000000, 1.445602896647338917E-16 ) ) ;
#580 = VERTEX_POINT ( 'NONE', #671 ) ;
#581 =( NAMED_UNIT ( * ) SI_UNIT ( $, .STERADIAN. ) SOLID_ANGLE_UNIT ( ) );
#582 = VERTEX_POINT ( 'NONE', #1296 ) ;
#583 = DIRECTION ( 'NONE',  ( 1.000000000000000000, -0.000000000000000000, -1.156482317317871478E-16 ) ) ;
#584 = CARTESIAN_POINT ( 'NONE',  ( -3.500000000000001332, -1.734723475976807094E-15, -9.000000000000000000 ) ) ;
#585 = VERTEX_POINT ( 'NONE', #2589 ) ;
#586 = PRESENTATION_STYLE_ASSIGNMENT (( #257 ) ) ;
#587 = LINE ( 'NONE', #1250, #1498 ) ;
#588 = CARTESIAN_POINT ( 'NONE',  ( -6.435197465963121033, 4.000000000000000000, 14.36984205327657627 ) ) ;
#589 = EDGE_CURVE ( 'NONE', #2378, #367, #2653, .T. ) ;
#590 = STYLED_ITEM ( 'NONE', ( #3044 ), #2771 ) ;
#591 = STYLED_ITEM ( 'NONE', ( #1230 ), #221 ) ;
#592 = LINE ( 'NONE', #1927, #957 ) ;
#593 = LINE ( 'NONE', #4071, #1034 ) ;
#594 = STYLED_ITEM ( 'NONE', ( #1443 ), #2201 ) ;
#595 =( NAMED_UNIT ( * ) PLANE_ANGLE_UNIT ( ) SI_UNIT ( $, .RADIAN. ) );
#596 = VERTEX_POINT ( 'NONE', #1019 ) ;
#597 = EDGE_CURVE ( 'NONE', #2359, #3459, #3856, .T. ) ;
#598 = DIRECTION ( 'NONE',  ( 1.000000000000000000, 4.179535469590339923E-33, -1.445602896647338424E-16 ) ) ;
#599 = VECTOR ( 'NONE', #1812, 1000.000000000000000 ) ;
#600 = ORIENTED_EDGE ( 'NONE', *, *, #475, .T. ) ;
#601 = CARTESIAN_POINT ( 'NONE',  ( -6.250000000000000000, -1.734723475976807094E-15, -9.000000000000000000 ) ) ;
#602 = EDGE_LOOP ( 'NONE', ( #314, #1726, #2294, #3997 ) ) ;
#603 = STYLED_ITEM ( 'NONE', ( #3357 ), #3029 ) ;
#604 = DIRECTION ( 'NONE',  ( 1.000000000000000000, 4.179535469590348133E-33, -1.445602896647338917E-16 ) ) ;
#605 =( NAMED_UNIT ( * ) SI_UNIT ( $, .STERADIAN. ) SOLID_ANGLE_UNIT ( ) );
#606 = CARTESIAN_POINT ( 'NONE',  ( -5.770658746154558649, 3.000000000000000000, 20.00000000000000355 ) ) ;
#607 = SURFACE_STYLE_USAGE ( .BOTH. , #918 ) ;
#608 = DIRECTION ( 'NONE',  ( -0.000000000000000000, -0.000000000000000000, -1.000000000000000000 ) ) ;
#609 = LINE ( 'NONE', #3463, #1737 ) ;
#610 = UNCERTAINTY_MEASURE_WITH_UNIT (LENGTH_MEASURE( 1.000000000000000082E-05 ), #2856, 'distance_accuracy_value', 'NONE');
#611 = PLANE ( 'NONE',  #3774 ) ;
#612 = MECHANICAL_DESIGN_GEOMETRIC_PRESENTATION_REPRESENTATION (  '', ( #1353 ), #1556 ) ;
#613 = CYLINDRICAL_SURFACE ( 'NONE', #3718, 0.7609347594569813023 ) ;
#614 = VERTEX_POINT ( 'NONE', #3231 ) ;
#615 = ADVANCED_FACE ( 'NONE', ( #2331 ), #61, .T. ) ;
#616 = SURFACE_STYLE_USAGE ( .BOTH. , #1220 ) ;
#617 = STYLED_ITEM ( 'NONE', ( #2866 ), #1211 ) ;
#618 = SURFACE_STYLE_FILL_AREA ( #2811 ) ;
#619 = EDGE_CURVE ( 'NONE', #275, #2932, #2630, .T. ) ;
#620 = EDGE_LOOP ( 'NONE', ( #2269, #3862, #1702, #1269 ) ) ;
#621 = SURFACE_STYLE_FILL_AREA ( #312 ) ;
#622 = ORIENTED_EDGE ( 'NONE', *, *, #1496, .T. ) ;
#623 = PLANE ( 'NONE',  #2046 ) ;
#624 = FILL_AREA_STYLE_COLOUR ( '', #1456 ) ;
#625 = LINE ( 'NONE', #318, #1239 ) ;
#626 = LINE ( 'NONE', #265, #2603 ) ;
#627 = CARTESIAN_POINT ( 'NONE',  ( -0.7500000000000000000, -1.734723475976807094E-15, -9.000000000000000000 ) ) ;
#628 = FACE_OUTER_BOUND ( 'NONE', #3104, .T. ) ;
#629 = DIRECTION ( 'NONE',  ( -0.000000000000000000, -1.000000000000000000, -0.000000000000000000 ) ) ;
#630 = VERTEX_POINT ( 'NONE', #2986 ) ;
#631 = STYLED_ITEM ( 'NONE', ( #1565 ), #4122 ) ;
#632 = SURFACE_STYLE_USAGE ( .BOTH. , #3218 ) ;
#633 = FILL_AREA_STYLE_COLOUR ( '', #442 ) ;
#634 = AXIS2_PLACEMENT_3D ( 'NONE', #2412, #3964, #1115 ) ;
#635 = LINE ( 'NONE', #3846, #1744 ) ;
#636 = EDGE_CURVE ( 'NONE', #1147, #51, #394, .T. ) ;
#637 = PLANE ( 'NONE',  #1232 ) ;
#638 = VECTOR ( 'NONE', #124, 1000.000000000000000 ) ;
#639 = ORIENTED_EDGE ( 'NONE', *, *, #926, .T. ) ;
#640 = VERTEX_POINT ( 'NONE', #2076 ) ;
#641 = FILL_AREA_STYLE_COLOUR ( '', #1959 ) ;
#642 = DIRECTION ( 'NONE',  ( 0.000000000000000000, 0.000000000000000000, 1.000000000000000000 ) ) ;
#643 = SURFACE_SIDE_STYLE ('',( #3516 ) ) ;
#644 = PRESENTATION_STYLE_ASSIGNMENT (( #2546 ) ) ;
#645 =( NAMED_UNIT ( * ) PLANE_ANGLE_UNIT ( ) SI_UNIT ( $, .RADIAN. ) );
#646 = PLANE ( 'NONE',  #2283 ) ;
#647 = VECTOR ( 'NONE', #1925, 1000.000000000000000 ) ;
#648 = EDGE_CURVE ( 'NONE', #3260, #1960, #776, .T. ) ;
#649 = UNCERTAINTY_MEASURE_WITH_UNIT (LENGTH_MEASURE( 1.000000000000000082E-05 ), #3410, 'distance_accuracy_value', 'NONE');
#650 = SURFACE_SIDE_STYLE ('',( #1300 ) ) ;
#651 = SURFACE_STYLE_FILL_AREA ( #2615 ) ;
#652 = CARTESIAN_POINT ( 'NONE',  ( -7.500000000000000888, 2.000000000000000000, -14.99999999999999822 ) ) ;
#653 = PRESENTATION_LAYER_ASSIGNMENT (  '', '', ( #116 ) ) ;
#654 = ORIENTED_EDGE ( 'NONE', *, *, #3517, .F. ) ;
#655 = PRESENTATION_STYLE_ASSIGNMENT (( #632 ) ) ;
#656 = PRESENTATION_LAYER_ASSIGNMENT (  '', '', ( #1328 ) ) ;
#657 = SURFACE_SIDE_STYLE ('',( #3194 ) ) ;
#658 = PRESENTATION_LAYER_ASSIGNMENT (  '', '', ( #3010 ) ) ;
#659 = FACE_OUTER_BOUND ( 'NONE', #3984, .T. ) ;
#660 = FILL_AREA_STYLE ('',( #2868 ) ) ;
#661 = EDGE_CURVE ( 'NONE', #2791, #4019, #3339, .T. ) ;
#662 = ORIENTED_EDGE ( 'NONE', *, *, #2075, .F. ) ;
#663 = CARTESIAN_POINT ( 'NONE',  ( -7.499999999999999112, 2.000000000000000000, -0.4174243050441613923 ) ) ;
#664 = ORIENTED_EDGE ( 'NONE', *, *, #955, .F. ) ;
#665 = CARTESIAN_POINT ( 'NONE',  ( 3.500000000000001332, -1.734723475976807094E-15, -9.000000000000000000 ) ) ;
#666 = FACE_OUTER_BOUND ( 'NONE', #3488, .T. ) ;
#667 = CARTESIAN_POINT ( 'NONE',  ( -13.58276253029822023, 2.999999999999999112, -8.999999999999998224 ) ) ;
#668 = ADVANCED_FACE ( 'NONE', ( #1408 ), #3660, .F. ) ;
#669 = LINE ( 'NONE', #279, #3259 ) ;
#670 = FACE_OUTER_BOUND ( 'NONE', #833, .T. ) ;
#671 = CARTESIAN_POINT ( 'NONE',  ( -6.435197465963121033, 4.000000000000000000, 14.36984205327657627 ) ) ;
#672 = PRESENTATION_LAYER_ASSIGNMENT (  '', '', ( #3818 ) ) ;
#673 = CARTESIAN_POINT ( 'NONE',  ( -7.499999999999997335, 2.000000000000000000, 15.00000000000000533 ) ) ;
#674 =( LENGTH_UNIT ( ) NAMED_UNIT ( * ) SI_UNIT ( .MILLI., .METRE. ) );
#675 = CARTESIAN_POINT ( 'NONE',  ( -13.58276253029822023, 1.999999999999999112, -8.999999999999998224 ) ) ;
#676 = SURFACE_SIDE_STYLE ('',( #651 ) ) ;
#677 = LINE ( 'NONE', #342, #2107 ) ;
#678 = ORIENTED_EDGE ( 'NONE', *, *, #545, .F. ) ;
#679 = EDGE_CURVE ( 'NONE', #3874, #2021, #3361, .T. ) ;
#680 = DIRECTION ( 'NONE',  ( 1.000000000000000000, -0.000000000000000000, -1.156482317317871478E-16 ) ) ;
#681 =( LENGTH_UNIT ( ) NAMED_UNIT ( * ) SI_UNIT ( .MILLI., .METRE. ) );
#682 = PRODUCT ( 'Radiomaster R84', 'Radiomaster R84', '', ( #1347 ) ) ;
#683 = EDGE_LOOP ( 'NONE', ( #3727, #3035, #1487, #3887 ) ) ;
#684 = FACE_OUTER_BOUND ( 'NONE', #2437, .T. ) ;
#685 = EDGE_LOOP ( 'NONE', ( #1767, #432 ) ) ;
#686 = ORIENTED_EDGE ( 'NONE', *, *, #1468, .T. ) ;
#687 = LINE ( 'NONE', #2980, #881 ) ;
#688 = AXIS2_PLACEMENT_3D ( 'NONE', #1195, #3772, #2222 ) ;
#689 = CARTESIAN_POINT ( 'NONE',  ( 6.250000000000000000, -8.673617379884035472E-16, -15.00000000000000178 ) ) ;
#690 = FILL_AREA_STYLE ('',( #1018 ) ) ;
#691 = CIRCLE ( 'NONE', #894, 0.7609347594569813023 ) ;
#692 = DIRECTION ( 'NONE',  ( 1.671814187836141990E-32, 1.000000000000000000, 0.000000000000000000 ) ) ;
#693 = SURFACE_STYLE_USAGE ( .BOTH. , #2918 ) ;
#694 = EDGE_CURVE ( 'NONE', #3763, #275, #1042, .T. ) ;
#695 = FACE_OUTER_BOUND ( 'NONE', #2213, .T. ) ;
#696 = DIRECTION ( 'NONE',  ( 0.000000000000000000, 0.000000000000000000, 1.000000000000000000 ) ) ;
#697 = SURFACE_STYLE_FILL_AREA ( #2635 ) ;
#698 = EDGE_LOOP ( 'NONE', ( #664, #1079, #1378, #3192 ) ) ;
#699 = EDGE_LOOP ( 'NONE', ( #1061, #2514, #3933, #3292, #1662, #742, #1303, #3616, #2049, #2199, #3217, #1742 ) ) ;
#700 =( NAMED_UNIT ( * ) PLANE_ANGLE_UNIT ( ) SI_UNIT ( $, .RADIAN. ) );
#701 = ORIENTED_EDGE ( 'NONE', *, *, #3343, .F. ) ;
#702 = CARTESIAN_POINT ( 'NONE',  ( -6.435197465963121033, 3.000000000000000000, 20.00000000000000355 ) ) ;
#703 = VERTEX_POINT ( 'NONE', #556 ) ;
#704 = DIRECTION ( 'NONE',  ( 0.000000000000000000, 0.000000000000000000, 1.000000000000000000 ) ) ;
#705 = PRESENTATION_LAYER_ASSIGNMENT (  '', '', ( #2994 ) ) ;
#706 =( LENGTH_UNIT ( ) NAMED_UNIT ( * ) SI_UNIT ( .MILLI., .METRE. ) );
#707 = AXIS2_PLACEMENT_3D ( 'NONE', #606, #3461, #2588 ) ;
#708 = CARTESIAN_POINT ( 'NONE',  ( -4.432403535665534022, 9.609352161810663873, 6.224039322457887380 ) ) ;
#709 = FILL_AREA_STYLE_COLOUR ( '', #41 ) ;
#710 = FACE_OUTER_BOUND ( 'NONE', #1699, .T. ) ;
#711 = LINE ( 'NONE', #1367, #853 ) ;
#712 = FILL_AREA_STYLE ('',( #3880 ) ) ;
#713 =( GEOMETRIC_REPRESENTATION_CONTEXT ( 3 ) GLOBAL_UNCERTAINTY_ASSIGNED_CONTEXT ( ( #2717 ) ) GLOBAL_UNIT_ASSIGNED_CONTEXT ( ( #1535, #3982, #164 ) ) REPRESENTATION_CONTEXT ( 'NONE', 'WORKASPACE' ) );
#714 = DIRECTION ( 'NONE',  ( 0.000000000000000000, 0.000000000000000000, -1.000000000000000000 ) ) ;
#715 = DIRECTION ( 'NONE',  ( 1.000000000000000000, -0.000000000000000000, -0.000000000000000000 ) ) ;
#716 = ORIENTED_EDGE ( 'NONE', *, *, #1722, .T. ) ;
#717 = EDGE_CURVE ( 'NONE', #2156, #3595, #3821, .T. ) ;
#718 = ORIENTED_EDGE ( 'NONE', *, *, #3140, .F. ) ;
#719 = DIRECTION ( 'NONE',  ( 0.000000000000000000, 0.000000000000000000, 1.000000000000000000 ) ) ;
#720 =( GEOMETRIC_REPRESENTATION_CONTEXT ( 3 ) GLOBAL_UNCERTAINTY_ASSIGNED_CONTEXT ( ( #2697 ) ) GLOBAL_UNIT_ASSIGNED_CONTEXT ( ( #1803, #194, #3027 ) ) REPRESENTATION_CONTEXT ( 'NONE', 'WORKASPACE' ) );
#721 = DIRECTION ( 'NONE',  ( 1.000000000000000000, -3.761581922631317836E-32, 1.445602896647338424E-16 ) ) ;
#722 =( GEOMETRIC_REPRESENTATION_CONTEXT ( 3 ) GLOBAL_UNCERTAINTY_ASSIGNED_CONTEXT ( ( #1843 ) ) GLOBAL_UNIT_ASSIGNED_CONTEXT ( ( #148, #1436, #2989 ) ) REPRESENTATION_CONTEXT ( 'NONE', 'WORKASPACE' ) );
#723 = ORIENTED_EDGE ( 'NONE', *, *, #2862, .T. ) ;
#724 = CARTESIAN_POINT ( 'NONE',  ( 6.435197465963121033, 2.000000000000000000, 14.36984205327657627 ) ) ;
#725 =( GEOMETRIC_REPRESENTATION_CONTEXT ( 3 ) GLOBAL_UNCERTAINTY_ASSIGNED_CONTEXT ( ( #1395 ) ) GLOBAL_UNIT_ASSIGNED_CONTEXT ( ( #3992, #3762, #535 ) ) REPRESENTATION_CONTEXT ( 'NONE', 'WORKASPACE' ) );
#726 = ORIENTED_EDGE ( 'NONE', *, *, #42, .F. ) ;
#727 = EDGE_CURVE ( 'NONE', #585, #1960, #593, .T. ) ;
#728 = PLANE ( 'NONE',  #3314 ) ;
#729 = MECHANICAL_DESIGN_GEOMETRIC_PRESENTATION_REPRESENTATION (  '', ( #2544 ), #2743 ) ;
#730 = ORIENTED_EDGE ( 'NONE', *, *, #101, .F. ) ;
#731 = EDGE_CURVE ( 'NONE', #546, #1846, #2569, .T. ) ;
#732 = DIRECTION ( 'NONE',  ( 1.671814187836141990E-32, 1.000000000000000000, 1.445602896647338917E-16 ) ) ;
#733 = LINE ( 'NONE', #2306, #3400 ) ;
#734 = SURFACE_STYLE_USAGE ( .BOTH. , #3561 ) ;
#735 = CARTESIAN_POINT ( 'NONE',  ( 7.499999999999999112, 2.000000000000000000, -14.99999999999999822 ) ) ;
#736 = SURFACE_STYLE_FILL_AREA ( #445 ) ;
#737 = COLOUR_RGB ( '',1.000000000000000000, 1.000000000000000000, 0.000000000000000000 ) ;
#738 =( NAMED_UNIT ( * ) PLANE_ANGLE_UNIT ( ) SI_UNIT ( $, .RADIAN. ) );
#739 = VECTOR ( 'NONE', #1425, 1000.000000000000000 ) ;
#740 = ORIENTED_EDGE ( 'NONE', *, *, #927, .T. ) ;
#741 = ADVANCED_FACE ( 'NONE', ( #3167 ), #909, .F. ) ;
#742 = ORIENTED_EDGE ( 'NONE', *, *, #111, .T. ) ;
#743 = VERTEX_POINT ( 'NONE', #3482 ) ;
#744 =( LENGTH_UNIT ( ) NAMED_UNIT ( * ) SI_UNIT ( .MILLI., .METRE. ) );
#745 = EDGE_LOOP ( 'NONE', ( #3333, #516, #3916, #2719 ) ) ;
#746 = DIRECTION ( 'NONE',  ( 0.000000000000000000, -1.084202172485504187E-16, 1.000000000000000000 ) ) ;
#747 = EDGE_CURVE ( 'NONE', #2314, #1588, #4131, .T. ) ;
#748 = CARTESIAN_POINT ( 'NONE',  ( 0.7500000000000000000, -2.602085213965210642E-15, -3.219175043950317728E-17 ) ) ;
#749 =( LENGTH_UNIT ( ) NAMED_UNIT ( * ) SI_UNIT ( .MILLI., .METRE. ) );
#750 = CARTESIAN_POINT ( 'NONE',  ( -5.000000000000000888, 2.999999999999999556, -15.00000000000000178 ) ) ;
#751 =( GEOMETRIC_REPRESENTATION_CONTEXT ( 3 ) GLOBAL_UNCERTAINTY_ASSIGNED_CONTEXT ( ( #610 ) ) GLOBAL_UNIT_ASSIGNED_CONTEXT ( ( #2856, #3109, #605 ) ) REPRESENTATION_CONTEXT ( 'NONE', 'WORKASPACE' ) );
#752 = CARTESIAN_POINT ( 'NONE',  ( -13.58276253029822023, 3.999999999999999112, -8.999999999999998224 ) ) ;
#753 = STYLED_ITEM ( 'NONE', ( #1838 ), #3508 ) ;
#754 = CARTESIAN_POINT ( 'NONE',  ( -13.58276253029822023, 3.999999999999999112, -8.999999999999998224 ) ) ;
#755 = DIRECTION ( 'NONE',  ( 0.000000000000000000, 0.000000000000000000, 1.000000000000000000 ) ) ;
#756 = MECHANICAL_DESIGN_GEOMETRIC_PRESENTATION_REPRESENTATION (  '', ( #2766 ), #3438 ) ;
#757 = VECTOR ( 'NONE', #4042, 1000.000000000000000 ) ;
#758 = LINE ( 'NONE', #2040, #3223 ) ;
#759 = DIRECTION ( 'NONE',  ( 1.671814187836141990E-32, 1.000000000000000000, 1.445602896647338917E-16 ) ) ;
#760 = AXIS2_PLACEMENT_3D ( 'NONE', #3322, #3963, #1434 ) ;
#761 = ORIENTED_EDGE ( 'NONE', *, *, #183, .T. ) ;
#762 = AXIS2_PLACEMENT_3D ( 'NONE', #834, #226, #1167 ) ;
#763 = STYLED_ITEM ( 'NONE', ( #2244 ), #3311 ) ;
#764 = FILL_AREA_STYLE_COLOUR ( '', #3139 ) ;
#765 = VECTOR ( 'NONE', #3945, 1000.000000000000000 ) ;
#766 = ORIENTED_EDGE ( 'NONE', *, *, #2451, .F. ) ;
#767 = ORIENTED_EDGE ( 'NONE', *, *, #2929, .T. ) ;
#768 = LINE ( 'NONE', #3334, #1572 ) ;
#769 = UNCERTAINTY_MEASURE_WITH_UNIT (LENGTH_MEASURE( 1.000000000000000082E-05 ), #3986, 'distance_accuracy_value', 'NONE');
#770 = EDGE_CURVE ( 'NONE', #155, #546, #1564, .T. ) ;
#771 = VERTEX_POINT ( 'NONE', #1257 ) ;
#772 = VECTOR ( 'NONE', #388, 1000.000000000000000 ) ;
#773 = DIRECTION ( 'NONE',  ( 1.000000000000000000, -0.000000000000000000, -1.156482317317871478E-16 ) ) ;
#774 = SURFACE_STYLE_FILL_AREA ( #3021 ) ;
#775 = CARTESIAN_POINT ( 'NONE',  ( -2.250000000000000444, 2.999999999999999112, -9.000000000000000000 ) ) ;
#776 = LINE ( 'NONE', #752, #108 ) ;
#777 = LINE ( 'NONE', #126, #1299 ) ;
#778 =( GEOMETRIC_REPRESENTATION_CONTEXT ( 3 ) GLOBAL_UNCERTAINTY_ASSIGNED_CONTEXT ( ( #4092 ) ) GLOBAL_UNIT_ASSIGNED_CONTEXT ( ( #1928, #3134, #2530 ) ) REPRESENTATION_CONTEXT ( 'NONE', 'WORKASPACE' ) );
#779 =( NAMED_UNIT ( * ) SI_UNIT ( $, .STERADIAN. ) SOLID_ANGLE_UNIT ( ) );
#780 = CIRCLE ( 'NONE', #707, 0.6645387198085618286 ) ;
#781 =( NAMED_UNIT ( * ) SI_UNIT ( $, .STERADIAN. ) SOLID_ANGLE_UNIT ( ) );
#782 = FILL_AREA_STYLE_COLOUR ( '', #3563 ) ;
#783 = CARTESIAN_POINT ( 'NONE',  ( -5.659720593955204215, 4.500000000000000888, 7.822786237319599323 ) ) ;
#784 = PRESENTATION_LAYER_ASSIGNMENT (  '', '', ( #179 ) ) ;
#785 = LINE ( 'NONE', #807, #2481 ) ;
#786 = ADVANCED_FACE ( 'NONE', ( #628 ), #613, .F. ) ;
#787 = DIRECTION ( 'NONE',  ( 1.000000000000000000, -1.671814187836141990E-32, -2.416779432592044377E-48 ) ) ;
#788 = EDGE_LOOP ( 'NONE', ( #1703, #3824, #3095, #4143 ) ) ;
#789 = VECTOR ( 'NONE', #3906, 1000.000000000000000 ) ;
#790 = ORIENTED_EDGE ( 'NONE', *, *, #1894, .F. ) ;
#791 = PRESENTATION_LAYER_ASSIGNMENT (  '', '', ( #2606 ) ) ;
#792 = EDGE_LOOP ( 'NONE', ( #1384, #3883, #3406, #3373 ) ) ;
#793 = COLOUR_RGB ( '',1.000000000000000000, 1.000000000000000000, 0.000000000000000000 ) ;
#794 = CARTESIAN_POINT ( 'NONE',  ( -0.7500000000000000000, 2.999999999999999556, -9.000000000000000000 ) ) ;
#795 = AXIS2_PLACEMENT_3D ( 'NONE', #1264, #3195, #3748 ) ;
#796 = PLANE ( 'NONE',  #2707 ) ;
#797 = FACE_OUTER_BOUND ( 'NONE', #27, .T. ) ;
#798 = STYLED_ITEM ( 'NONE', ( #2798 ), #406 ) ;
#799 = DIRECTION ( 'NONE',  ( -1.000000000000000000, 0.000000000000000000, -0.000000000000000000 ) ) ;
#800 = CARTESIAN_POINT ( 'NONE',  ( -13.58276253029822023, 4.000000000000000000, -15.00000000000000000 ) ) ;
#801 = ORIENTED_EDGE ( 'NONE', *, *, #2114, .F. ) ;
#802 = CARTESIAN_POINT ( 'NONE',  ( -13.58276253029822023, 2.000000000000000000, -15.00000000000000000 ) ) ;
#803 = EDGE_CURVE ( 'NONE', #2891, #1651, #2014, .T. ) ;
#804 =( LENGTH_UNIT ( ) NAMED_UNIT ( * ) SI_UNIT ( .MILLI., .METRE. ) );
#805 = SURFACE_SIDE_STYLE ('',( #2146 ) ) ;
#806 = LINE ( 'NONE', #3026, #3668 ) ;
#807 = CARTESIAN_POINT ( 'NONE',  ( -13.58276253029822023, 2.999999999999999112, -8.999999999999998224 ) ) ;
#808 = EDGE_CURVE ( 'NONE', #2482, #1326, #2903, .T. ) ;
#809 = ORIENTED_EDGE ( 'NONE', *, *, #1287, .T. ) ;
#810 = CARTESIAN_POINT ( 'NONE',  ( 3.500000000000001332, 3.999999999999999112, -9.000000000000000000 ) ) ;
#811 = EDGE_LOOP ( 'NONE', ( #1267, #2218, #3514, #177, #387, #1133, #3956 ) ) ;
#812 = ORIENTED_EDGE ( 'NONE', *, *, #488, .F. ) ;
#813 = CARTESIAN_POINT ( 'NONE',  ( -7.500000000000000888, 1.000000000000000000, -15.00000000000000000 ) ) ;
#814 = UNCERTAINTY_MEASURE_WITH_UNIT (LENGTH_MEASURE( 1.000000000000000082E-05 ), #2797, 'distance_accuracy_value', 'NONE');
#815 = VECTOR ( 'NONE', #3283, 1000.000000000000000 ) ;
#816 =( LENGTH_UNIT ( ) NAMED_UNIT ( * ) SI_UNIT ( .MILLI., .METRE. ) );
#817 = FILL_AREA_STYLE ('',( #1406 ) ) ;
#818 = LINE ( 'NONE', #4063, #2212 ) ;
#819 = ORIENTED_EDGE ( 'NONE', *, *, #468, .F. ) ;
#820 =( NAMED_UNIT ( * ) SI_UNIT ( $, .STERADIAN. ) SOLID_ANGLE_UNIT ( ) );
#821 = CARTESIAN_POINT ( 'NONE',  ( 6.435197465963121921, 2.000000000000000000, 15.00000000000000533 ) ) ;
#822 = SURFACE_STYLE_USAGE ( .BOTH. , #3685 ) ;
#823 = PRESENTATION_LAYER_ASSIGNMENT (  '', '', ( #3434 ) ) ;
#824 = DIRECTION ( 'NONE',  ( -0.000000000000000000, -1.000000000000000000, -0.000000000000000000 ) ) ;
#825 = FILL_AREA_STYLE_COLOUR ( '', #55 ) ;
#826 = ADVANCED_FACE ( 'NONE', ( #3565 ), #378, .F. ) ;
#827 =( GEOMETRIC_REPRESENTATION_CONTEXT ( 3 ) GLOBAL_UNCERTAINTY_ASSIGNED_CONTEXT ( ( #551 ) ) GLOBAL_UNIT_ASSIGNED_CONTEXT ( ( #706, #3918, #519 ) ) REPRESENTATION_CONTEXT ( 'NONE', 'WORKASPACE' ) );
#828 = VERTEX_POINT ( 'NONE', #398 ) ;
#829 = FILL_AREA_STYLE ('',( #3371 ) ) ;
#830 = COLOUR_RGB ( '',1.000000000000000000, 1.000000000000000000, 0.000000000000000000 ) ;
#831 = AXIS2_PLACEMENT_3D ( 'NONE', #1788, #2461, #494 ) ;
#832 = AXIS2_PLACEMENT_3D ( 'NONE', #217, #1505, #2780 ) ;
#833 = EDGE_LOOP ( 'NONE', ( #3791, #879, #1291, #4075 ) ) ;
#834 = CARTESIAN_POINT ( 'NONE',  ( 5.770658746154558649, 3.000000000000000000, 20.00000000000000355 ) ) ;
#835 = ORIENTED_EDGE ( 'NONE', *, *, #2340, .F. ) ;
#836 =( NAMED_UNIT ( * ) PLANE_ANGLE_UNIT ( ) SI_UNIT ( $, .RADIAN. ) );
#837 =( GEOMETRIC_REPRESENTATION_CONTEXT ( 3 ) GLOBAL_UNCERTAINTY_ASSIGNED_CONTEXT ( ( #382 ) ) GLOBAL_UNIT_ASSIGNED_CONTEXT ( ( #2392, #3709, #820 ) ) REPRESENTATION_CONTEXT ( 'NONE', 'WORKASPACE' ) );
#838 = EDGE_CURVE ( 'NONE', #1126, #2091, #2634, .T. ) ;
#839 =( NAMED_UNIT ( * ) SI_UNIT ( $, .STERADIAN. ) SOLID_ANGLE_UNIT ( ) );
#840 = SURFACE_STYLE_USAGE ( .BOTH. , #3316 ) ;
#841 = DIRECTION ( 'NONE',  ( 1.671814187836141990E-32, 1.000000000000000000, 1.445602896647338917E-16 ) ) ;
#842 = EDGE_LOOP ( 'NONE', ( #451, #4014, #3157, #3551 ) ) ;
#843 = SURFACE_STYLE_FILL_AREA ( #2752 ) ;
#844 = DIRECTION ( 'NONE',  ( -1.671814187836141990E-32, -1.000000000000000000, -1.445602896647338917E-16 ) ) ;
#845 = PRESENTATION_LAYER_ASSIGNMENT (  '', '', ( #1448 ) ) ;
#846 =( LENGTH_UNIT ( ) NAMED_UNIT ( * ) SI_UNIT ( .MILLI., .METRE. ) );
#847 = DIRECTION ( 'NONE',  ( 0.000000000000000000, -1.445602896647338917E-16, 1.000000000000000000 ) ) ;
#848 = CARTESIAN_POINT ( 'NONE',  ( 7.499999999999999112, 2.000000000000000000, -14.99999999999999822 ) ) ;
#849 = UNCERTAINTY_MEASURE_WITH_UNIT (LENGTH_MEASURE( 1.000000000000000082E-05 ), #2964, 'distance_accuracy_value', 'NONE');
#850 = MECHANICAL_DESIGN_GEOMETRIC_PRESENTATION_REPRESENTATION (  '', ( #913 ), #1383 ) ;
#851 = PRESENTATION_STYLE_ASSIGNMENT (( #530 ) ) ;
#852 = DIRECTION ( 'NONE',  ( 1.000000000000000000, 0.000000000000000000, 0.000000000000000000 ) ) ;
#853 = VECTOR ( 'NONE', #1644, 1000.000000000000000 ) ;
#854 = CARTESIAN_POINT ( 'NONE',  ( -13.58276253029822023, 0.9999999999999993339, -8.999999999999998224 ) ) ;
#855 = ADVANCED_FACE ( 'NONE', ( #695 ), #1673, .F. ) ;
#856 = MECHANICAL_DESIGN_GEOMETRIC_PRESENTATION_REPRESENTATION (  '', ( #2667 ), #1118 ) ;
#857 = VERTEX_POINT ( 'NONE', #3925 ) ;
#858 = ADVANCED_FACE ( 'NONE', ( #2354 ), #2038, .T. ) ;
#859 = ORIENTED_EDGE ( 'NONE', *, *, #1650, .T. ) ;
#860 = SURFACE_SIDE_STYLE ('',( #1125 ) ) ;
#861 = VERTEX_POINT ( 'NONE', #3665 ) ;
#862 = CARTESIAN_POINT ( 'NONE',  ( -6.887037652244874408, 2.000000000000000000, 11.26780805515516803 ) ) ;
#863 = STYLED_ITEM ( 'NONE', ( #1159 ), #2415 ) ;
#864 = CARTESIAN_POINT ( 'NONE',  ( -13.58276253029822023, 4.000000000000000000, -15.00000000000000000 ) ) ;
#865 = ADVANCED_FACE ( 'NONE', ( #3069 ), #1476, .F. ) ;
#866 = ORIENTED_EDGE ( 'NONE', *, *, #944, .T. ) ;
#867 = DIRECTION ( 'NONE',  ( 1.000000000000000000, -0.000000000000000000, -1.156482317317871478E-16 ) ) ;
#868 = COLOUR_RGB ( '',0.2509803921568627416, 0.2509803921568627416, 0.2509803921568627416 ) ;
#869 =( GEOMETRIC_REPRESENTATION_CONTEXT ( 3 ) GLOBAL_UNCERTAINTY_ASSIGNED_CONTEXT ( ( #3583 ) ) GLOBAL_UNIT_ASSIGNED_CONTEXT ( ( #3666, #2733, #3007 ) ) REPRESENTATION_CONTEXT ( 'NONE', 'WORKASPACE' ) );
#870 =( NAMED_UNIT ( * ) PLANE_ANGLE_UNIT ( ) SI_UNIT ( $, .RADIAN. ) );
#871 = CARTESIAN_POINT ( 'NONE',  ( -5.770658746154558649, 4.000000000000000000, 12.14149756551532988 ) ) ;
#872 = FILL_AREA_STYLE_COLOUR ( '', #793 ) ;
#873 = COLOUR_RGB ( '',1.000000000000000000, 1.000000000000000000, 0.000000000000000000 ) ;
#874 = SURFACE_SIDE_STYLE ('',( #4051 ) ) ;
#875 = CARTESIAN_POINT ( 'NONE',  ( -0.7500000000000000000, -8.673617379884035472E-16, -15.00000000000000178 ) ) ;
#876 =( LENGTH_UNIT ( ) NAMED_UNIT ( * ) SI_UNIT ( .MILLI., .METRE. ) );
#877 = ORIENTED_EDGE ( 'NONE', *, *, #2624, .F. ) ;
#878 = DIRECTION ( 'NONE',  ( 0.000000000000000000, 0.000000000000000000, -1.000000000000000000 ) ) ;
#879 = ORIENTED_EDGE ( 'NONE', *, *, #3957, .T. ) ;
#880 = PLANE ( 'NONE',  #831 ) ;
#881 = VECTOR ( 'NONE', #2893, 1000.000000000000000 ) ;
#882 = ADVANCED_FACE ( 'NONE', ( #1775 ), #2773, .T. ) ;
#883 = AXIS2_PLACEMENT_3D ( 'NONE', #673, #3857, #1645 ) ;
#884 = CARTESIAN_POINT ( 'NONE',  ( -18.68033988749894547, 4.999999999999999112, -4.999999999999995559 ) ) ;
#885 = ORIENTED_EDGE ( 'NONE', *, *, #3270, .F. ) ;
#886 = SURFACE_SIDE_STYLE ('',( #2200 ) ) ;
#887 = FACE_OUTER_BOUND ( 'NONE', #3615, .T. ) ;
#888 = CARTESIAN_POINT ( 'NONE',  ( -4.432403535665534022, 4.000000000000000000, 6.224039322457887380 ) ) ;
#889 = DIRECTION ( 'NONE',  ( 1.000000000000000000, -0.000000000000000000, -1.156482317317871478E-16 ) ) ;
#890 = DIRECTION ( 'NONE',  ( -1.345465627901022161E-49, 1.365123520548581852E-16, -1.000000000000000000 ) ) ;
#891 = ORIENTED_EDGE ( 'NONE', *, *, #589, .F. ) ;
#892 = COLOUR_RGB ( '',1.000000000000000000, 1.000000000000000000, 0.000000000000000000 ) ;
#893 = COLOUR_RGB ( '',1.000000000000000000, 1.000000000000000000, 0.000000000000000000 ) ;
#894 = AXIS2_PLACEMENT_3D ( 'NONE', #1551, #2160, #4080 ) ;
#895 = ORIENTED_EDGE ( 'NONE', *, *, #3905, .F. ) ;
#896 = STYLED_ITEM ( 'NONE', ( #3801 ), #3352 ) ;
#897 = SURFACE_STYLE_USAGE ( .BOTH. , #2517 ) ;
#898 = EDGE_CURVE ( 'NONE', #1983, #3740, #587, .T. ) ;
#899 = CARTESIAN_POINT ( 'NONE',  ( 7.500000000000000000, 1.999999999999999112, -9.000000000000000000 ) ) ;
#900 = ORIENTED_EDGE ( 'NONE', *, *, #3931, .T. ) ;
#901 = PRESENTATION_LAYER_ASSIGNMENT (  '', '', ( #3171 ) ) ;
#902 = FILL_AREA_STYLE_COLOUR ( '', #2171 ) ;
#903 = CARTESIAN_POINT ( 'NONE',  ( 3.500000000000001332, 0.9999999999999993339, -9.000000000000000000 ) ) ;
#904 = SURFACE_STYLE_FILL_AREA ( #3462 ) ;
#905 = CARTESIAN_POINT ( 'NONE',  ( -5.770658746154558649, 4.000000000000000000, 13.20347838337312396 ) ) ;
#906 = COLOUR_RGB ( '',0.2509803921568627416, 0.2509803921568627416, 0.2509803921568627416 ) ;
#907 = UNCERTAINTY_MEASURE_WITH_UNIT (LENGTH_MEASURE( 1.000000000000000082E-05 ), #2714, 'distance_accuracy_value', 'NONE');
#908 = SURFACE_STYLE_USAGE ( .BOTH. , #3450 ) ;
#909 = PLANE ( 'NONE',  #4056 ) ;
#910 = ORIENTED_EDGE ( 'NONE', *, *, #3636, .T. ) ;
#911 = ADVANCED_FACE ( 'NONE', ( #937 ), #1518, .F. ) ;
#912 = CARTESIAN_POINT ( 'NONE',  ( 2.250000000000000444, -1.734723475976807094E-15, -9.000000000000000000 ) ) ;
#913 = STYLED_ITEM ( 'NONE', ( #2291 ), #826 ) ;
#914 = MECHANICAL_DESIGN_GEOMETRIC_PRESENTATION_REPRESENTATION (  '', ( #1868 ), #4110 ) ;
#915 = CARTESIAN_POINT ( 'NONE',  ( -13.58276253029822023, 4.000000000000000000, -15.00000000000000000 ) ) ;
#916 = ORIENTED_EDGE ( 'NONE', *, *, #393, .F. ) ;
#917 = ORIENTED_EDGE ( 'NONE', *, *, #3866, .F. ) ;
#918 = SURFACE_SIDE_STYLE ('',( #3797 ) ) ;
#919 =( NAMED_UNIT ( * ) PLANE_ANGLE_UNIT ( ) SI_UNIT ( $, .RADIAN. ) );
#920 = AXIS2_PLACEMENT_3D ( 'NONE', #2753, #127, #1090 ) ;
#921 = SURFACE_SIDE_STYLE ('',( #2548 ) ) ;
#922 =( NAMED_UNIT ( * ) PLANE_ANGLE_UNIT ( ) SI_UNIT ( $, .RADIAN. ) );
#923 = PRESENTATION_STYLE_ASSIGNMENT (( #1234 ) ) ;
#924 = ORIENTED_EDGE ( 'NONE', *, *, #3517, .T. ) ;
#925 = LINE ( 'NONE', #912, #2810 ) ;
#926 = EDGE_CURVE ( 'NONE', #2594, #256, #2442, .T. ) ;
#927 = EDGE_CURVE ( 'NONE', #2891, #1031, #4128, .T. ) ;
#928 = FILL_AREA_STYLE_COLOUR ( '', #3304 ) ;
#929 = CARTESIAN_POINT ( 'NONE',  ( 0.7500000000000006661, 3.000000000000000000, -15.00000000000000178 ) ) ;
#930 = VECTOR ( 'NONE', #2936, 1000.000000000000000 ) ;
#931 = EDGE_LOOP ( 'NONE', ( #1765, #2519, #2462, #2604 ) ) ;
#932 = FACE_OUTER_BOUND ( 'NONE', #1493, .T. ) ;
#933 = ORIENTED_EDGE ( 'NONE', *, *, #4073, .T. ) ;
#934 = CARTESIAN_POINT ( 'NONE',  ( -5.000000000000000888, 0.9999999999999995559, -15.00000000000000178 ) ) ;
#935 = AXIS2_PLACEMENT_3D ( 'NONE', #160, #3000, #2441 ) ;
#936 = DIRECTION ( 'NONE',  ( 1.000000000000000000, -1.671814187836141990E-32, -2.416779432592044377E-48 ) ) ;
#937 = FACE_OUTER_BOUND ( 'NONE', #1992, .T. ) ;
#938 =( NAMED_UNIT ( * ) PLANE_ANGLE_UNIT ( ) SI_UNIT ( $, .RADIAN. ) );
#939 =( LENGTH_UNIT ( ) NAMED_UNIT ( * ) SI_UNIT ( .MILLI., .METRE. ) );
#940 = UNCERTAINTY_MEASURE_WITH_UNIT (LENGTH_MEASURE( 1.000000000000000082E-05 ), #846, 'distance_accuracy_value', 'NONE');
#941 = DIRECTION ( 'NONE',  ( 1.000000000000000000, -1.671814187836141990E-32, -2.416779432592044984E-48 ) ) ;
#942 = FILL_AREA_STYLE_COLOUR ( '', #441 ) ;
#943 = CARTESIAN_POINT ( 'NONE',  ( 3.500000000000003109, 1.000000000000000000, -15.00000000000000000 ) ) ;
#944 = EDGE_CURVE ( 'NONE', #3655, #1651, #3143, .T. ) ;
#945 = VERTEX_POINT ( 'NONE', #299 ) ;
#946 = DIRECTION ( 'NONE',  ( 1.000000000000000000, 0.000000000000000000, -1.156482317317871478E-16 ) ) ;
#947 = FACE_OUTER_BOUND ( 'NONE', #90, .T. ) ;
#948 = AXIS2_PLACEMENT_3D ( 'NONE', #2030, #77, #4145 ) ;
#949 = AXIS2_PLACEMENT_3D ( 'NONE', #3402, #1729, #1450 ) ;
#950 = DIRECTION ( 'NONE',  ( 0.000000000000000000, -1.000000000000000000, 0.000000000000000000 ) ) ;
#951 = AXIS2_PLACEMENT_3D ( 'NONE', #141, #1814, #2407 ) ;
#952 = CARTESIAN_POINT ( 'NONE',  ( -3.500000000000001332, -8.673617379884035472E-16, -15.00000000000000178 ) ) ;
#953 = EDGE_LOOP ( 'NONE', ( #2636, #3018, #891, #2417 ) ) ;
#954 = VERTEX_POINT ( 'NONE', #903 ) ;
#955 = EDGE_CURVE ( 'NONE', #3585, #2594, #2545, .T. ) ;
#956 = SURFACE_SIDE_STYLE ('',( #2493 ) ) ;
#957 = VECTOR ( 'NONE', #3148, 1000.000000000000000 ) ;
#958 = LINE ( 'NONE', #1336, #2570 ) ;
#959 = DIRECTION ( 'NONE',  ( 1.671814187836141990E-32, 1.000000000000000000, 1.445602896647338917E-16 ) ) ;
#960 = CARTESIAN_POINT ( 'NONE',  ( -6.250000000000000000, 0.9999999999999993339, -9.000000000000000000 ) ) ;
#961 = COLOUR_RGB ( '',0.2509803921568627416, 0.2509803921568627416, 0.2509803921568627416 ) ;
#962 = DIRECTION ( 'NONE',  ( -0.000000000000000000, -1.000000000000000000, -0.000000000000000000 ) ) ;
#963 = DIRECTION ( 'NONE',  ( 1.000000000000000000, -3.761581922631318931E-32, 1.445602896647338917E-16 ) ) ;
#964 = CARTESIAN_POINT ( 'NONE',  ( -5.000000000000000888, 4.000000000000000000, -15.00000000000000178 ) ) ;
#965 = CARTESIAN_POINT ( 'NONE',  ( 6.250000000000000000, 3.999999999999998224, 5.460494082194324449E-16 ) ) ;
#966 = ORIENTED_EDGE ( 'NONE', *, *, #3621, .T. ) ;
#967 = CARTESIAN_POINT ( 'NONE',  ( -4.940548030688789893, 4.000000000000000000, 13.86583739294936457 ) ) ;
#968 = EDGE_CURVE ( 'NONE', #3260, #2625, #1877, .T. ) ;
#969 = LINE ( 'NONE', #4065, #2808 ) ;
#970 = MECHANICAL_DESIGN_GEOMETRIC_PRESENTATION_REPRESENTATION (  '', ( #1727 ), #3522 ) ;
#971 = VERTEX_POINT ( 'NONE', #1176 ) ;
#972 = VECTOR ( 'NONE', #999, 1000.000000000000000 ) ;
#973 = CARTESIAN_POINT ( 'NONE',  ( -5.770658746154558649, 4.000000000000000000, 13.20347838337312396 ) ) ;
#974 = ORIENTED_EDGE ( 'NONE', *, *, #513, .F. ) ;
#975 = CARTESIAN_POINT ( 'NONE',  ( 7.500000000000002665, 2.000000000000000000, 15.00000000000000533 ) ) ;
#976 = FILL_AREA_STYLE_COLOUR ( '', #1284 ) ;
#977 = ADVANCED_FACE ( 'NONE', ( #2831 ), #2472, .F. ) ;
#978 =( NAMED_UNIT ( * ) SI_UNIT ( $, .STERADIAN. ) SOLID_ANGLE_UNIT ( ) );
#979 = FACE_OUTER_BOUND ( 'NONE', #3842, .T. ) ;
#980 = CARTESIAN_POINT ( 'NONE',  ( 5.106120026345997154, 4.000000000000000000, 15.00000000000000533 ) ) ;
#981 = CARTESIAN_POINT ( 'NONE',  ( -5.770658746154558649, 4.000000000000000000, 13.20347838337312396 ) ) ;
#982 = PRESENTATION_STYLE_ASSIGNMENT (( #2372 ) ) ;
#983 = COLOUR_RGB ( '',1.000000000000000000, 1.000000000000000000, 0.000000000000000000 ) ;
#984 = UNCERTAINTY_MEASURE_WITH_UNIT (LENGTH_MEASURE( 1.000000000000000082E-05 ), #1709, 'distance_accuracy_value', 'NONE');
#985 = CARTESIAN_POINT ( 'NONE',  ( -7.500000000000000888, 2.000000000000000000, -14.99999999999999822 ) ) ;
#986 = EDGE_LOOP ( 'NONE', ( #3202, #966, #94, #3575 ) ) ;
#987 = CIRCLE ( 'NONE', #3006, 1.061980817857794301 ) ;
#988 = VERTEX_POINT ( 'NONE', #3295 ) ;
#989 = PRESENTATION_LAYER_ASSIGNMENT (  '', '', ( #1679 ) ) ;
#990 = AXIS2_PLACEMENT_3D ( 'NONE', #1339, #2240, #16 ) ;
#991 = VECTOR ( 'NONE', #680, 1000.000000000000000 ) ;
#992 = ORIENTED_EDGE ( 'NONE', *, *, #2032, .T. ) ;
#993 = CARTESIAN_POINT ( 'NONE',  ( 5.770658746154558649, 4.000000000000000000, 13.20347838337312396 ) ) ;
#994 = ORIENTED_EDGE ( 'NONE', *, *, #1993, .F. ) ;
#995 = PLANE ( 'NONE',  #2127 ) ;
#996 = EDGE_CURVE ( 'NONE', #2761, #404, #2346, .T. ) ;
#997 = ORIENTED_EDGE ( 'NONE', *, *, #3894, .F. ) ;
#998 = DIRECTION ( 'NONE',  ( 1.000000000000000000, -0.000000000000000000, -1.156482317317871478E-16 ) ) ;
#999 = DIRECTION ( 'NONE',  ( 1.156482317317871478E-16, 0.000000000000000000, 1.000000000000000000 ) ) ;
#1000 =( LENGTH_UNIT ( ) NAMED_UNIT ( * ) SI_UNIT ( .MILLI., .METRE. ) );
#1001 = DIRECTION ( 'NONE',  ( 1.000000000000000000, -0.000000000000000000, -1.156482317317871478E-16 ) ) ;
#1002 = STYLED_ITEM ( 'NONE', ( #4084 ), #2813 ) ;
#1003 = SURFACE_STYLE_USAGE ( .BOTH. , #2264 ) ;
#1004 = FACE_OUTER_BOUND ( 'NONE', #2926, .T. ) ;
#1005 = DIRECTION ( 'NONE',  ( -1.000000000000000000, 0.000000000000000000, 0.000000000000000000 ) ) ;
#1006 = LINE ( 'NONE', #1374, #1895 ) ;
#1007 = EDGE_LOOP ( 'NONE', ( #809, #4017, #1226, #992 ) ) ;
#1008 = CARTESIAN_POINT ( 'NONE',  ( -13.58276253029822023, 4.000000000000000000, -15.00000000000000000 ) ) ;
#1009 = UNCERTAINTY_MEASURE_WITH_UNIT (LENGTH_MEASURE( 1.000000000000000082E-05 ), #200, 'distance_accuracy_value', 'NONE');
#1010 = VERTEX_POINT ( 'NONE', #2564 ) ;
#1011 = ORIENTED_EDGE ( 'NONE', *, *, #3081, .F. ) ;
#1012 = DIRECTION ( 'NONE',  ( -1.000000000000000000, 0.000000000000000000, -0.000000000000000000 ) ) ;
#1013 = ORIENTED_EDGE ( 'NONE', *, *, #3158, .T. ) ;
#1014 = AXIS2_PLACEMENT_3D ( 'NONE', #2055, #3359, #1109 ) ;
#1015 = EDGE_CURVE ( 'NONE', #2093, #1869, #3833, .T. ) ;
#1016 = PRESENTATION_STYLE_ASSIGNMENT (( #1272 ) ) ;
#1017 = CARTESIAN_POINT ( 'NONE',  ( -5.106120026345997154, 4.000000000000000000, 14.36984205327657627 ) ) ;
#1018 = FILL_AREA_STYLE_COLOUR ( '', #2144 ) ;
#1019 = CARTESIAN_POINT ( 'NONE',  ( -3.500000000000001332, 2.000000000000000000, -15.00000000000000178 ) ) ;
#1020 = STYLED_ITEM ( 'NONE', ( #2838 ), #3327 ) ;
#1021 = DIRECTION ( 'NONE',  ( 1.445602896647338917E-16, 0.000000000000000000, -1.000000000000000000 ) ) ;
#1022 =( LENGTH_UNIT ( ) NAMED_UNIT ( * ) SI_UNIT ( .MILLI., .METRE. ) );
#1023 = VECTOR ( 'NONE', #470, 1000.000000000000000 ) ;
#1024 = EDGE_LOOP ( 'NONE', ( #3355, #1875, #2993, #2153 ) ) ;
#1025 = ORIENTED_EDGE ( 'NONE', *, *, #3036, .T. ) ;
#1026 = FACE_OUTER_BOUND ( 'NONE', #620, .T. ) ;
#1027 = STYLED_ITEM ( 'NONE', ( #2142 ), #1896 ) ;
#1028 = EDGE_CURVE ( 'NONE', #4038, #2460, #3598, .T. ) ;
#1029 = CARTESIAN_POINT ( 'NONE',  ( -5.000000000000000888, -8.673617379884035472E-16, -15.00000000000000178 ) ) ;
#1030 = VECTOR ( 'NONE', #579, 1000.000000000000000 ) ;
#1031 = VERTEX_POINT ( 'NONE', #335 ) ;
#1032 = CARTESIAN_POINT ( 'NONE',  ( -13.58276253029822023, 2.999999999999999112, -8.999999999999998224 ) ) ;
#1033 = EDGE_LOOP ( 'NONE', ( #2174, #2323, #296, #199 ) ) ;
#1034 = VECTOR ( 'NONE', #578, 1000.000000000000000 ) ;
#1035 = FACE_OUTER_BOUND ( 'NONE', #2619, .T. ) ;
#1036 = ORIENTED_EDGE ( 'NONE', *, *, #3881, .T. ) ;
#1037 = CARTESIAN_POINT ( 'NONE',  ( -6.887037652244874408, 9.609352161810663873, 11.26780805515516803 ) ) ;
#1038 = CARTESIAN_POINT ( 'NONE',  ( -2.249999999999999112, 3.999999999999998224, 8.713100599650835778E-16 ) ) ;
#1039 =( GEOMETRIC_REPRESENTATION_CONTEXT ( 3 ) GLOBAL_UNCERTAINTY_ASSIGNED_CONTEXT ( ( #518 ) ) GLOBAL_UNIT_ASSIGNED_CONTEXT ( ( #240, #938, #2239 ) ) REPRESENTATION_CONTEXT ( 'NONE', 'WORKASPACE' ) );
#1040 = LINE ( 'NONE', #1017, #1976 ) ;
#1041 = DIRECTION ( 'NONE',  ( 0.000000000000000000, -1.445602896647338917E-16, 1.000000000000000000 ) ) ;
#1042 = LINE ( 'NONE', #285, #3581 ) ;
#1043 = DIRECTION ( 'NONE',  ( 1.671814187836141990E-32, 1.000000000000000000, 1.445602896647338917E-16 ) ) ;
#1044 =( NAMED_UNIT ( * ) SI_UNIT ( $, .STERADIAN. ) SOLID_ANGLE_UNIT ( ) );
#1045 = FILL_AREA_STYLE ('',( #3922 ) ) ;
#1046 = CARTESIAN_POINT ( 'NONE',  ( -6.435197465963121033, 4.000000000000000000, 15.00000000000000533 ) ) ;
#1047 = CARTESIAN_POINT ( 'NONE',  ( 7.499999999999999112, 2.000000000000000000, -15.00000000000000178 ) ) ;
#1048 = UNCERTAINTY_MEASURE_WITH_UNIT (LENGTH_MEASURE( 1.000000000000000082E-05 ), #371, 'distance_accuracy_value', 'NONE');
#1049 = EDGE_CURVE ( 'NONE', #3991, #2729, #1966, .T. ) ;
#1050 = DIRECTION ( 'NONE',  ( 1.000000000000000000, -0.000000000000000000, -1.156482317317871478E-16 ) ) ;
#1051 = MECHANICAL_DESIGN_GEOMETRIC_PRESENTATION_REPRESENTATION (  '', ( #1942 ), #3196 ) ;
#1052 = VERTEX_POINT ( 'NONE', #2262 ) ;
#1053 = PRESENTATION_STYLE_ASSIGNMENT (( #2401 ) ) ;
#1054 = ADVANCED_FACE ( 'NONE', ( #392, #3229 ), #2627, .F. ) ;
#1055 =( GEOMETRIC_REPRESENTATION_CONTEXT ( 3 ) GLOBAL_UNCERTAINTY_ASSIGNED_CONTEXT ( ( #2337 ) ) GLOBAL_UNIT_ASSIGNED_CONTEXT ( ( #1721, #3910, #1420 ) ) REPRESENTATION_CONTEXT ( 'NONE', 'WORKASPACE' ) );
#1056 = MECHANICAL_DESIGN_GEOMETRIC_PRESENTATION_REPRESENTATION (  '', ( #591 ), #1399 ) ;
#1057 = EDGE_CURVE ( 'NONE', #2091, #861, #1040, .T. ) ;
#1058 = ORIENTED_EDGE ( 'NONE', *, *, #1414, .F. ) ;
#1059 = DIRECTION ( 'NONE',  ( 0.000000000000000000, -1.445602896647338917E-16, 1.000000000000000000 ) ) ;
#1060 = AXIS2_PLACEMENT_3D ( 'NONE', #1282, #2229, #3843 ) ;
#1061 = ORIENTED_EDGE ( 'NONE', *, *, #3793, .F. ) ;
#1062 = PRESENTATION_STYLE_ASSIGNMENT (( #369 ) ) ;
#1063 = ORIENTED_EDGE ( 'NONE', *, *, #1424, .T. ) ;
#1064 = DIRECTION ( 'NONE',  ( 1.000000000000000000, -0.000000000000000000, 0.000000000000000000 ) ) ;
#1065 = DIRECTION ( 'NONE',  ( 1.000000000000000000, -1.671814187836141990E-32, -2.416779432592044377E-48 ) ) ;
#1066 =( NAMED_UNIT ( * ) PLANE_ANGLE_UNIT ( ) SI_UNIT ( $, .RADIAN. ) );
#1067 = CARTESIAN_POINT ( 'NONE',  ( 5.000000000000000000, -8.673617379884035472E-16, -15.00000000000000178 ) ) ;
#1068 = SURFACE_SIDE_STYLE ('',( #843 ) ) ;
#1069 = SURFACE_SIDE_STYLE ('',( #1712 ) ) ;
#1070 = FILL_AREA_STYLE_COLOUR ( '', #1995 ) ;
#1071 = DIRECTION ( 'NONE',  ( 0.000000000000000000, 1.000000000000000000, -0.000000000000000000 ) ) ;
#1072 = AXIS2_PLACEMENT_3D ( 'NONE', #3106, #4066, #2542 ) ;
#1073 = DIRECTION ( 'NONE',  ( 0.000000000000000000, 1.445602896647338917E-16, -1.000000000000000000 ) ) ;
#1074 = PRESENTATION_LAYER_ASSIGNMENT (  '', '', ( #603 ) ) ;
#1075 = UNCERTAINTY_MEASURE_WITH_UNIT (LENGTH_MEASURE( 1.000000000000000082E-05 ), #2876, 'distance_accuracy_value', 'NONE');
#1076 = EDGE_CURVE ( 'NONE', #2622, #2299, #3878, .T. ) ;
#1077 = ORIENTED_EDGE ( 'NONE', *, *, #1287, .F. ) ;
#1078 = DIRECTION ( 'NONE',  ( -1.000000000000000000, 0.000000000000000000, -0.000000000000000000 ) ) ;
#1079 = ORIENTED_EDGE ( 'NONE', *, *, #3153, .F. ) ;
#1080 = EDGE_LOOP ( 'NONE', ( #994, #1903, #2015, #900 ) ) ;
#1081 = FILL_AREA_STYLE ('',( #115 ) ) ;
#1082 = VERTEX_POINT ( 'NONE', #2304 ) ;
#1083 = LINE ( 'NONE', #2706, #599 ) ;
#1084 = SURFACE_STYLE_USAGE ( .BOTH. , #498 ) ;
#1085 = DIRECTION ( 'NONE',  ( 1.671814187836141990E-32, 1.000000000000000000, 1.445602896647338917E-16 ) ) ;
#1086 = COLOUR_RGB ( '',1.000000000000000000, 1.000000000000000000, 0.000000000000000000 ) ;
#1087 = EDGE_CURVE ( 'NONE', #2116, #1846, #3558, .T. ) ;
#1088 =( NAMED_UNIT ( * ) PLANE_ANGLE_UNIT ( ) SI_UNIT ( $, .RADIAN. ) );
#1089 = DIRECTION ( 'NONE',  ( -1.445602896647338424E-16, 1.445602896647338917E-16, -1.000000000000000000 ) ) ;
#1090 = DIRECTION ( 'NONE',  ( 0.000000000000000000, 0.000000000000000000, -1.000000000000000000 ) ) ;
#1091 = FACE_OUTER_BOUND ( 'NONE', #931, .T. ) ;
#1092 = DIRECTION ( 'NONE',  ( 1.000000000000000000, 0.000000000000000000, 0.000000000000000000 ) ) ;
#1093 = CARTESIAN_POINT ( 'NONE',  ( -4.999999999999999112, 1.000000000000000000, -14.99999999999999822 ) ) ;
#1094 = UNCERTAINTY_MEASURE_WITH_UNIT (LENGTH_MEASURE( 1.000000000000000082E-05 ), #3203, 'distance_accuracy_value', 'NONE');
#1095 =( NAMED_UNIT ( * ) SI_UNIT ( $, .STERADIAN. ) SOLID_ANGLE_UNIT ( ) );
#1096 = UNCERTAINTY_MEASURE_WITH_UNIT (LENGTH_MEASURE( 1.000000000000000082E-05 ), #1181, 'distance_accuracy_value', 'NONE');
#1097 = COLOUR_RGB ( '',0.2509803921568627416, 0.2509803921568627416, 0.2509803921568627416 ) ;
#1098 =( NAMED_UNIT ( * ) SI_UNIT ( $, .STERADIAN. ) SOLID_ANGLE_UNIT ( ) );
#1099 = ORIENTED_EDGE ( 'NONE', *, *, #2501, .T. ) ;
#1100 = MECHANICAL_DESIGN_GEOMETRIC_PRESENTATION_REPRESENTATION (  '', ( #1988 ), #3381 ) ;
#1101 = FILL_AREA_STYLE ('',( #3013 ) ) ;
#1102 = ORIENTED_EDGE ( 'NONE', *, *, #300, .T. ) ;
#1103 = DIRECTION ( 'NONE',  ( 1.000000000000000000, -0.000000000000000000, -1.156482317317871478E-16 ) ) ;
#1104 = UNCERTAINTY_MEASURE_WITH_UNIT (LENGTH_MEASURE( 1.000000000000000082E-05 ), #276, 'distance_accuracy_value', 'NONE');
#1105 = ORIENTED_EDGE ( 'NONE', *, *, #4133, .F. ) ;
#1106 = EDGE_CURVE ( 'NONE', #2021, #1547, #374, .T. ) ;
#1107 = DIRECTION ( 'NONE',  ( 0.000000000000000000, 0.000000000000000000, 1.000000000000000000 ) ) ;
#1108 =( NAMED_UNIT ( * ) PLANE_ANGLE_UNIT ( ) SI_UNIT ( $, .RADIAN. ) );
#1109 = DIRECTION ( 'NONE',  ( -1.445602896647338424E-16, 0.000000000000000000, -1.000000000000000000 ) ) ;
#1110 = LINE ( 'NONE', #1190, #1242 ) ;
#1111 = ORIENTED_EDGE ( 'NONE', *, *, #3158, .F. ) ;
#1112 = VECTOR ( 'NONE', #2312, 1000.000000000000000 ) ;
#1113 = PLANE ( 'NONE',  #1072 ) ;
#1114 = STYLED_ITEM ( 'NONE', ( #1654 ), #1216 ) ;
#1115 = DIRECTION ( 'NONE',  ( 1.671814187836141990E-32, 1.000000000000000000, 0.000000000000000000 ) ) ;
#1116 = CARTESIAN_POINT ( 'NONE',  ( 6.249999999999998224, 2.999999999999999112, -9.000000000000000000 ) ) ;
#1117 = CARTESIAN_POINT ( 'NONE',  ( -13.58276253029822023, -7.347880794884118750E-16, -8.999999999999998224 ) ) ;
#1118 =( GEOMETRIC_REPRESENTATION_CONTEXT ( 3 ) GLOBAL_UNCERTAINTY_ASSIGNED_CONTEXT ( ( #1804 ) ) GLOBAL_UNIT_ASSIGNED_CONTEXT ( ( #142, #59, #1338 ) ) REPRESENTATION_CONTEXT ( 'NONE', 'WORKASPACE' ) );
#1119 = DIRECTION ( 'NONE',  ( -1.671814187836141990E-32, -1.000000000000000000, -1.445602896647338917E-16 ) ) ;
#1120 = UNCERTAINTY_MEASURE_WITH_UNIT (LENGTH_MEASURE( 1.000000000000000082E-05 ), #2178, 'distance_accuracy_value', 'NONE');
#1121 = FILL_AREA_STYLE ('',( #3414 ) ) ;
#1122 = ORIENTED_EDGE ( 'NONE', *, *, #2188, .T. ) ;
#1123 = VECTOR ( 'NONE', #320, 1000.000000000000000 ) ;
#1124 = ORIENTED_EDGE ( 'NONE', *, *, #2585, .T. ) ;
#1125 = SURFACE_STYLE_FILL_AREA ( #3374 ) ;
#1126 = VERTEX_POINT ( 'NONE', #2939 ) ;
#1127 = FILL_AREA_STYLE_COLOUR ( '', #2886 ) ;
#1128 = PRESENTATION_LAYER_ASSIGNMENT (  '', '', ( #594 ) ) ;
#1129 = SURFACE_SIDE_STYLE ('',( #184 ) ) ;
#1130 = CARTESIAN_POINT ( 'NONE',  ( -7.500000000000000888, 2.000000000000000000, -14.99999999999999822 ) ) ;
#1131 = EDGE_CURVE ( 'NONE', #1332, #1547, #58, .T. ) ;
#1132 = CARTESIAN_POINT ( 'NONE',  ( 0.7500000000000000000, 3.999999999999998224, 5.460494082194324449E-16 ) ) ;
#1133 = ORIENTED_EDGE ( 'NONE', *, *, #1057, .T. ) ;
#1134 = LINE ( 'NONE', #2428, #765 ) ;
#1135 = PLANE ( 'NONE',  #3480 ) ;
#1136 = CARTESIAN_POINT ( 'NONE',  ( 5.000000000000000000, 2.000000000000000000, -15.00000000000000178 ) ) ;
#1137 = SURFACE_SIDE_STYLE ('',( #3428 ) ) ;
#1138 = UNCERTAINTY_MEASURE_WITH_UNIT (LENGTH_MEASURE( 1.000000000000000082E-05 ), #816, 'distance_accuracy_value', 'NONE');
#1139 = FACE_BOUND ( 'NONE', #1033, .T. ) ;
#1140 = CARTESIAN_POINT ( 'NONE',  ( -2.250000000000000888, 3.999999999999999112, -9.000000000000000000 ) ) ;
#1141 = SURFACE_STYLE_USAGE ( .BOTH. , #1762 ) ;
#1142 = AXIS2_PLACEMENT_3D ( 'NONE', #4020, #1791, #2423 ) ;
#1143 = ORIENTED_EDGE ( 'NONE', *, *, #3894, .T. ) ;
#1144 = ADVANCED_FACE ( 'NONE', ( #3271 ), #1689, .T. ) ;
#1145 = SURFACE_STYLE_USAGE ( .BOTH. , #4036 ) ;
#1146 = AXIS2_PLACEMENT_3D ( 'NONE', #981, #1695, #3232 ) ;
#1147 = VERTEX_POINT ( 'NONE', #474 ) ;
#1148 = FACE_OUTER_BOUND ( 'NONE', #3286, .T. ) ;
#1149 = ORIENTED_EDGE ( 'NONE', *, *, #2043, .T. ) ;
#1150 = PLANE ( 'NONE',  #935 ) ;
#1151 =( NAMED_UNIT ( * ) PLANE_ANGLE_UNIT ( ) SI_UNIT ( $, .RADIAN. ) );
#1152 = CARTESIAN_POINT ( 'NONE',  ( -6.250000000000000000, 1.000000000000000000, -15.00000000000000178 ) ) ;
#1153 = VERTEX_POINT ( 'NONE', #775 ) ;
#1154 = DIRECTION ( 'NONE',  ( 1.000000000000000000, -0.000000000000000000, -1.156482317317871478E-16 ) ) ;
#1155 = FACE_OUTER_BOUND ( 'NONE', #3681, .T. ) ;
#1156 = ADVANCED_FACE ( 'NONE', ( #2983 ), #1427, .T. ) ;
#1157 =( NAMED_UNIT ( * ) SI_UNIT ( $, .STERADIAN. ) SOLID_ANGLE_UNIT ( ) );
#1158 = PRESENTATION_STYLE_ASSIGNMENT (( #2397 ) ) ;
#1159 = PRESENTATION_STYLE_ASSIGNMENT (( #553 ) ) ;
#1160 = SURFACE_SIDE_STYLE ('',( #196 ) ) ;
#1161 = ORIENTED_EDGE ( 'NONE', *, *, #2277, .F. ) ;
#1162 = DIRECTION ( 'NONE',  ( 0.000000000000000000, -0.000000000000000000, -1.000000000000000000 ) ) ;
#1163 = PRESENTATION_LAYER_ASSIGNMENT (  '', '', ( #3704 ) ) ;
#1164 = ADVANCED_FACE ( 'NONE', ( #797 ), #1794, .T. ) ;
#1165 = MECHANICAL_DESIGN_GEOMETRIC_PRESENTATION_REPRESENTATION (  '', ( #2647 ), #1372 ) ;
#1166 = ORIENTED_EDGE ( 'NONE', *, *, #3957, .F. ) ;
#1167 = DIRECTION ( 'NONE',  ( 1.000000000000000000, 0.000000000000000000, 0.000000000000000000 ) ) ;
#1168 = VERTEX_POINT ( 'NONE', #2275 ) ;
#1169 = CARTESIAN_POINT ( 'NONE',  ( -6.435197465963121033, 3.000000000000000000, 20.00000000000000355 ) ) ;
#1170 = AXIS2_PLACEMENT_3D ( 'NONE', #2175, #452, #2704 ) ;
#1171 = DIRECTION ( 'NONE',  ( 1.000000000000000000, 0.000000000000000000, 0.000000000000000000 ) ) ;
#1172 = DIRECTION ( 'NONE',  ( -1.345465627901022161E-49, 1.365123520548581852E-16, -1.000000000000000000 ) ) ;
#1173 = ORIENTED_EDGE ( 'NONE', *, *, #2020, .T. ) ;
#1174 = FILL_AREA_STYLE_COLOUR ( '', #2089 ) ;
#1175 = CARTESIAN_POINT ( 'NONE',  ( 5.000000000000000888, 1.999999999999999112, -9.000000000000000000 ) ) ;
#1176 = CARTESIAN_POINT ( 'NONE',  ( -6.435197465963121033, 2.000000000000000000, 14.36984205327657627 ) ) ;
#1177 = PLANE ( 'NONE',  #2207 ) ;
#1178 = CARTESIAN_POINT ( 'NONE',  ( -6.600769461620327405, 4.000000000000000000, 13.86583739294936457 ) ) ;
#1179 = SURFACE_STYLE_USAGE ( .BOTH. , #874 ) ;
#1180 = VECTOR ( 'NONE', #890, 1000.000000000000000 ) ;
#1181 =( LENGTH_UNIT ( ) NAMED_UNIT ( * ) SI_UNIT ( .MILLI., .METRE. ) );
#1182 = LINE ( 'NONE', #2085, #1781 ) ;
#1183 = MECHANICAL_DESIGN_GEOMETRIC_PRESENTATION_REPRESENTATION (  '', ( #2994 ), #1996 ) ;
#1184 = SURFACE_STYLE_USAGE ( .BOTH. , #3613 ) ;
#1185 = STYLED_ITEM ( 'NONE', ( #3687 ), #1307 ) ;
#1186 = EDGE_CURVE ( 'NONE', #1031, #2378, #3783, .T. ) ;
#1187 = EDGE_LOOP ( 'NONE', ( #3546, #2913, #1315, #2957 ) ) ;
#1188 =( NAMED_UNIT ( * ) PLANE_ANGLE_UNIT ( ) SI_UNIT ( $, .RADIAN. ) );
#1189 = ORIENTED_EDGE ( 'NONE', *, *, #2892, .F. ) ;
#1190 = CARTESIAN_POINT ( 'NONE',  ( 6.435197465963121033, 4.000000000000000000, 15.00000000000000533 ) ) ;
#1191 = VERTEX_POINT ( 'NONE', #1815 ) ;
#1192 = SURFACE_STYLE_USAGE ( .BOTH. , #31 ) ;
#1193 = AXIS2_PLACEMENT_3D ( 'NONE', #2297, #3240, #4141 ) ;
#1194 = STYLED_ITEM ( 'NONE', ( #3879 ), #321 ) ;
#1195 = CARTESIAN_POINT ( 'NONE',  ( -13.58276253029822023, 4.000000000000000000, -15.00000000000000000 ) ) ;
#1196 = PRESENTATION_STYLE_ASSIGNMENT (( #572 ) ) ;
#1197 =( LENGTH_UNIT ( ) NAMED_UNIT ( * ) SI_UNIT ( .MILLI., .METRE. ) );
#1198 = PRESENTATION_STYLE_ASSIGNMENT (( #1179 ) ) ;
#1199 = DIRECTION ( 'NONE',  ( -9.115745035929406798E-64, -1.445602896647338917E-16, 1.000000000000000000 ) ) ;
#1200 = UNCERTAINTY_MEASURE_WITH_UNIT (LENGTH_MEASURE( 1.000000000000000082E-05 ), #3519, 'distance_accuracy_value', 'NONE');
#1201 =( LENGTH_UNIT ( ) NAMED_UNIT ( * ) SI_UNIT ( .MILLI., .METRE. ) );
#1202 = VERTEX_POINT ( 'NONE', #3220 ) ;
#1203 = ADVANCED_FACE ( 'NONE', ( #30 ), #1309, .T. ) ;
#1204 = VERTEX_POINT ( 'NONE', #3469 ) ;
#1205 = AXIS2_PLACEMENT_3D ( 'NONE', #1037, #1064, #1317 ) ;
#1206 = CARTESIAN_POINT ( 'NONE',  ( 7.499999999999999112, 0.000000000000000000, -14.99999999999999822 ) ) ;
#1207 = ORIENTED_EDGE ( 'NONE', *, *, #2451, .T. ) ;
#1208 = CYLINDRICAL_SURFACE ( 'NONE', #1413, 5.000000000000000000 ) ;
#1209 = CARTESIAN_POINT ( 'NONE',  ( -13.58276253029822023, 2.000000000000000000, -15.00000000000000000 ) ) ;
#1210 = DIRECTION ( 'NONE',  ( -1.156482317317871478E-16, 1.445602896647338917E-16, -1.000000000000000000 ) ) ;
#1211 = ADVANCED_FACE ( 'NONE', ( #2846 ), #3529, .F. ) ;
#1212 = CARTESIAN_POINT ( 'NONE',  ( -2.250000000000000444, 2.000000000000000000, -15.00000000000000178 ) ) ;
#1213 = LINE ( 'NONE', #848, #3342 ) ;
#1214 = DIRECTION ( 'NONE',  ( -1.445602896647338917E-16, 1.084202172485504187E-16, -1.000000000000000000 ) ) ;
#1215 = FACE_OUTER_BOUND ( 'NONE', #3224, .T. ) ;
#1216 = ADVANCED_FACE ( 'NONE', ( #947 ), #1776, .T. ) ;
#1217 = ORIENTED_EDGE ( 'NONE', *, *, #597, .F. ) ;
#1218 = CARTESIAN_POINT ( 'NONE',  ( -5.106120026345997154, 3.000000000000000000, 20.00000000000000355 ) ) ;
#1219 = AXIS2_PLACEMENT_3D ( 'NONE', #1426, #2687, #436 ) ;
#1220 = SURFACE_SIDE_STYLE ('',( #1241 ) ) ;
#1221 = VECTOR ( 'NONE', #583, 1000.000000000000000 ) ;
#1222 = VECTOR ( 'NONE', #2731, 1000.000000000000000 ) ;
#1223 = FILL_AREA_STYLE_COLOUR ( '', #3569 ) ;
#1224 = ORIENTED_EDGE ( 'NONE', *, *, #1571, .T. ) ;
#1225 = ADVANCED_FACE ( 'NONE', ( #2147 ), #3090, .F. ) ;
#1226 = ORIENTED_EDGE ( 'NONE', *, *, #2725, .F. ) ;
#1227 = CARTESIAN_POINT ( 'NONE',  ( -7.499999999999997335, 2.000000000000000000, 15.00000000000000533 ) ) ;
#1228 =( NAMED_UNIT ( * ) PLANE_ANGLE_UNIT ( ) SI_UNIT ( $, .RADIAN. ) );
#1229 = PLANE ( 'NONE',  #2860 ) ;
#1230 = PRESENTATION_STYLE_ASSIGNMENT (( #1542 ) ) ;
#1231 = DIRECTION ( 'NONE',  ( 0.000000000000000000, 1.000000000000000000, 0.000000000000000000 ) ) ;
#1232 = AXIS2_PLACEMENT_3D ( 'NONE', #1805, #2479, #218 ) ;
#1233 = SURFACE_STYLE_FILL_AREA ( #4112 ) ;
#1234 = SURFACE_STYLE_USAGE ( .BOTH. , #4093 ) ;
#1235 =( NAMED_UNIT ( * ) SI_UNIT ( $, .STERADIAN. ) SOLID_ANGLE_UNIT ( ) );
#1236 = PRESENTATION_LAYER_ASSIGNMENT (  '', '', ( #372 ) ) ;
#1237 = ORIENTED_EDGE ( 'NONE', *, *, #2223, .T. ) ;
#1238 = LINE ( 'NONE', #3782, #328 ) ;
#1239 = VECTOR ( 'NONE', #1604, 1000.000000000000000 ) ;
#1240 = STYLED_ITEM ( 'NONE', ( #644 ), #1364 ) ;
#1241 = SURFACE_STYLE_FILL_AREA ( #3084 ) ;
#1242 = VECTOR ( 'NONE', #544, 1000.000000000000000 ) ;
#1243 = CARTESIAN_POINT ( 'NONE',  ( 6.600769461620327405, 2.000000000000000000, 13.86583739294936457 ) ) ;
#1244 = ORIENTED_EDGE ( 'NONE', *, *, #2609, .T. ) ;
#1245 = DIRECTION ( 'NONE',  ( 0.000000000000000000, 0.000000000000000000, -1.000000000000000000 ) ) ;
#1246 = ORIENTED_EDGE ( 'NONE', *, *, #1533, .F. ) ;
#1247 = EDGE_CURVE ( 'NONE', #3991, #1885, #480, .T. ) ;
#1248 = COLOUR_RGB ( '',1.000000000000000000, 1.000000000000000000, 0.000000000000000000 ) ;
#1249 = LINE ( 'NONE', #259, #2447 ) ;
#1250 = CARTESIAN_POINT ( 'NONE',  ( 2.250000000000001332, -8.673617379884035472E-16, -15.00000000000000178 ) ) ;
#1251 = DIRECTION ( 'NONE',  ( -1.671814187836141990E-32, -1.000000000000000000, -1.445602896647338917E-16 ) ) ;
#1252 =( NAMED_UNIT ( * ) PLANE_ANGLE_UNIT ( ) SI_UNIT ( $, .RADIAN. ) );
#1253 = SURFACE_STYLE_USAGE ( .BOTH. , #3111 ) ;
#1254 = DIRECTION ( 'NONE',  ( 1.000000000000000000, 0.000000000000000000, 0.000000000000000000 ) ) ;
#1255 = AXIS2_PLACEMENT_3D ( 'NONE', #60, #3816, #1923 ) ;
#1256 =( NAMED_UNIT ( * ) SI_UNIT ( $, .STERADIAN. ) SOLID_ANGLE_UNIT ( ) );
#1257 = CARTESIAN_POINT ( 'NONE',  ( -5.106120026345997154, 3.000000000000000000, 20.00000000000000355 ) ) ;
#1258 = AXIS2_PLACEMENT_3D ( 'NONE', #2418, #878, #3431 ) ;
#1259 = DIRECTION ( 'NONE',  ( -6.041948581480111701E-49, 1.084202172485504187E-16, -1.000000000000000000 ) ) ;
#1260 = MECHANICAL_DESIGN_GEOMETRIC_PRESENTATION_REPRESENTATION (  '', ( #798 ), #2874 ) ;
#1261 = ORIENTED_EDGE ( 'NONE', *, *, #2060, .F. ) ;
#1262 = LINE ( 'NONE', #967, #3204 ) ;
#1263 = EDGE_CURVE ( 'NONE', #1960, #1869, #2121, .T. ) ;
#1264 = CARTESIAN_POINT ( 'NONE',  ( -4.432403535665534022, 9.609352161810663873, 11.26780805515516803 ) ) ;
#1265 = SURFACE_STYLE_FILL_AREA ( #660 ) ;
#1266 = STYLED_ITEM ( 'NONE', ( #1433 ), #2803 ) ;
#1267 = ORIENTED_EDGE ( 'NONE', *, *, #3153, .T. ) ;
#1268 = FILL_AREA_STYLE_COLOUR ( '', #2395 ) ;
#1269 = ORIENTED_EDGE ( 'NONE', *, *, #1884, .T. ) ;
#1270 = FACE_OUTER_BOUND ( 'NONE', #3012, .T. ) ;
#1271 = MECHANICAL_DESIGN_GEOMETRIC_PRESENTATION_REPRESENTATION (  '', ( #603 ), #2034 ) ;
#1272 = SURFACE_STYLE_USAGE ( .BOTH. , #2005 ) ;
#1273 = DIRECTION ( 'NONE',  ( 1.671814187836141990E-32, 1.000000000000000000, 1.445602896647338917E-16 ) ) ;
#1274 = CARTESIAN_POINT ( 'NONE',  ( 5.106120026345997154, 2.000000000000000000, 14.36984205327657627 ) ) ;
#1275 = CARTESIAN_POINT ( 'NONE',  ( 6.435197465963121033, 4.000000000000000000, 15.00000000000000533 ) ) ;
#1276 = EDGE_CURVE ( 'NONE', #596, #1724, #1477, .T. ) ;
#1277 =( NAMED_UNIT ( * ) SI_UNIT ( $, .STERADIAN. ) SOLID_ANGLE_UNIT ( ) );
#1278 = COLOUR_RGB ( '',0.2509803921568627416, 0.2509803921568627416, 0.2509803921568627416 ) ;
#1279 = VERTEX_POINT ( 'NONE', #1820 ) ;
#1280 = ORIENTED_EDGE ( 'NONE', *, *, #1186, .F. ) ;
#1281 = EDGE_CURVE ( 'NONE', #582, #1430, #2732, .T. ) ;
#1282 = CARTESIAN_POINT ( 'NONE',  ( -5.770658746154558649, 3.000000000000000000, 20.00000000000000355 ) ) ;
#1283 = MECHANICAL_DESIGN_GEOMETRIC_PRESENTATION_REPRESENTATION (  '', ( #3434 ), #10 ) ;
#1284 = COLOUR_RGB ( '',1.000000000000000000, 1.000000000000000000, 0.000000000000000000 ) ;
#1285 = CARTESIAN_POINT ( 'NONE',  ( -7.500000000000000000, -7.347880794884118750E-16, -8.999999999999998224 ) ) ;
#1286 = MECHANICAL_DESIGN_GEOMETRIC_PRESENTATION_REPRESENTATION (  '', ( #2574 ), #1904 ) ;
#1287 = EDGE_CURVE ( 'NONE', #3332, #1333, #4057, .T. ) ;
#1288 = VECTOR ( 'NONE', #3870, 1000.000000000000000 ) ;
#1289 = VERTEX_POINT ( 'NONE', #2167 ) ;
#1290 =( NAMED_UNIT ( * ) PLANE_ANGLE_UNIT ( ) SI_UNIT ( $, .RADIAN. ) );
#1291 = ORIENTED_EDGE ( 'NONE', *, *, #1247, .T. ) ;
#1292 = DIRECTION ( 'NONE',  ( 1.000000000000000000, -0.000000000000000000, -1.156482317317871478E-16 ) ) ;
#1293 = PRESENTATION_STYLE_ASSIGNMENT (( #3206 ) ) ;
#1294 = DIRECTION ( 'NONE',  ( 1.000000000000000000, -0.000000000000000000, -1.156482317317871478E-16 ) ) ;
#1295 = STYLED_ITEM ( 'NONE', ( #4039 ), #1741 ) ;
#1296 = CARTESIAN_POINT ( 'NONE',  ( -2.250000000000000888, 1.999999999999999556, -15.00000000000000178 ) ) ;
#1297 = FILL_AREA_STYLE ('',( #395 ) ) ;
#1298 = PRESENTATION_STYLE_ASSIGNMENT (( #3253 ) ) ;
#1299 = VECTOR ( 'NONE', #440, 1000.000000000000000 ) ;
#1300 = SURFACE_STYLE_FILL_AREA ( #1972 ) ;
#1301 = CARTESIAN_POINT ( 'NONE',  ( -5.106120026345997154, 4.000000000000000000, 15.00000000000000533 ) ) ;
#1302 = DIRECTION ( 'NONE',  ( 0.000000000000000000, -1.084202172485504187E-16, 1.000000000000000000 ) ) ;
#1303 = ORIENTED_EDGE ( 'NONE', *, *, #1028, .F. ) ;
#1304 = ORIENTED_EDGE ( 'NONE', *, *, #1373, .T. ) ;
#1305 =( GEOMETRIC_REPRESENTATION_CONTEXT ( 3 ) GLOBAL_UNCERTAINTY_ASSIGNED_CONTEXT ( ( #2124 ) ) GLOBAL_UNIT_ASSIGNED_CONTEXT ( ( #3243, #700, #3827 ) ) REPRESENTATION_CONTEXT ( 'NONE', 'WORKASPACE' ) );
#1306 = SURFACE_SIDE_STYLE ('',( #2534 ) ) ;
#1307 = ADVANCED_FACE ( 'NONE', ( #4049 ), #1177, .F. ) ;
#1308 = ADVANCED_BREP_SHAPE_REPRESENTATION ( 'Radiomaster R84', ( #2813, #3254 ), #1310 ) ;
#1309 = CYLINDRICAL_SURFACE ( 'NONE', #2050, 0.6645387198085618286 ) ;
#1310 =( GEOMETRIC_REPRESENTATION_CONTEXT ( 3 ) GLOBAL_UNCERTAINTY_ASSIGNED_CONTEXT ( ( #3072 ) ) GLOBAL_UNIT_ASSIGNED_CONTEXT ( ( #2513, #595, #4154 ) ) REPRESENTATION_CONTEXT ( 'NONE', 'WORKASPACE' ) );
#1311 = PRESENTATION_LAYER_ASSIGNMENT (  '', '', ( #2268 ) ) ;
#1312 = PRESENTATION_STYLE_ASSIGNMENT (( #1192 ) ) ;
#1313 = COLOUR_RGB ( '',0.2509803921568627416, 0.2509803921568627416, 0.2509803921568627416 ) ;
#1314 = LINE ( 'NONE', #1912, #2387 ) ;
#1315 = ORIENTED_EDGE ( 'NONE', *, *, #4082, .F. ) ;
#1316 = ORIENTED_EDGE ( 'NONE', *, *, #898, .T. ) ;
#1317 = DIRECTION ( 'NONE',  ( 0.000000000000000000, 0.000000000000000000, -1.000000000000000000 ) ) ;
#1318 = DIRECTION ( 'NONE',  ( 1.000000000000000000, -0.000000000000000000, -1.156482317317871478E-16 ) ) ;
#1319 = SURFACE_SIDE_STYLE ('',( #3518 ) ) ;
#1320 = FILL_AREA_STYLE_COLOUR ( '', #1810 ) ;
#1321 = CIRCLE ( 'NONE', #449, 0.7609347594569813023 ) ;
#1322 = DIRECTION ( 'NONE',  ( 1.000000000000000000, -0.000000000000000000, -1.156482317317871478E-16 ) ) ;
#1323 = FILL_AREA_STYLE_COLOUR ( '', #4119 ) ;
#1324 = CARTESIAN_POINT ( 'NONE',  ( 5.000000000000000000, 4.000000000000000000, -15.00000000000000178 ) ) ;
#1325 = MECHANICAL_DESIGN_GEOMETRIC_PRESENTATION_REPRESENTATION (  '', ( #116 ), #264 ) ;
#1326 = VERTEX_POINT ( 'NONE', #3542 ) ;
#1327 = DIRECTION ( 'NONE',  ( -0.000000000000000000, -1.000000000000000000, -0.000000000000000000 ) ) ;
#1328 = STYLED_ITEM ( 'NONE', ( #1053 ), #2151 ) ;
#1329 = AXIS2_PLACEMENT_3D ( 'NONE', #263, #608, #2818 ) ;
#1330 =( GEOMETRIC_REPRESENTATION_CONTEXT ( 3 ) GLOBAL_UNCERTAINTY_ASSIGNED_CONTEXT ( ( #2377 ) ) GLOBAL_UNIT_ASSIGNED_CONTEXT ( ( #2336, #738, #1351 ) ) REPRESENTATION_CONTEXT ( 'NONE', 'WORKASPACE' ) );
#1331 = EDGE_CURVE ( 'NONE', #1683, #771, #780, .T. ) ;
#1332 = VERTEX_POINT ( 'NONE', #960 ) ;
#1333 = VERTEX_POINT ( 'NONE', #1897 ) ;
#1334 = ORIENTED_EDGE ( 'NONE', *, *, #2358, .T. ) ;
#1335 = VECTOR ( 'NONE', #1489, 1000.000000000000000 ) ;
#1336 = CARTESIAN_POINT ( 'NONE',  ( -4.432403535665534022, 2.000000000000000000, 11.26780805515516803 ) ) ;
#1337 = CARTESIAN_POINT ( 'NONE',  ( -6.250000000000000000, 1.000000000000000000, -15.00000000000000000 ) ) ;
#1338 =( NAMED_UNIT ( * ) SI_UNIT ( $, .STERADIAN. ) SOLID_ANGLE_UNIT ( ) );
#1339 = CARTESIAN_POINT ( 'NONE',  ( -5.770658746154558649, 4.000000000000000000, 13.20347838337312396 ) ) ;
#1340 = DIRECTION ( 'NONE',  ( 0.000000000000000000, 0.000000000000000000, 1.000000000000000000 ) ) ;
#1341 =( GEOMETRIC_REPRESENTATION_CONTEXT ( 3 ) GLOBAL_UNCERTAINTY_ASSIGNED_CONTEXT ( ( #1094 ) ) GLOBAL_UNIT_ASSIGNED_CONTEXT ( ( #3203, #1619, #1686 ) ) REPRESENTATION_CONTEXT ( 'NONE', 'WORKASPACE' ) );
#1342 = LINE ( 'NONE', #1388, #1620 ) ;
#1343 = FILL_AREA_STYLE ('',( #2036 ) ) ;
#1344 = EDGE_CURVE ( 'NONE', #2978, #3015, #317, .T. ) ;
#1345 =( NAMED_UNIT ( * ) PLANE_ANGLE_UNIT ( ) SI_UNIT ( $, .RADIAN. ) );
#1346 = SURFACE_STYLE_USAGE ( .BOTH. , #676 ) ;
#1347 = PRODUCT_CONTEXT ( 'NONE', #1917, 'mechanical' ) ;
#1348 = VERTEX_POINT ( 'NONE', #3815 ) ;
#1349 = UNCERTAINTY_MEASURE_WITH_UNIT (LENGTH_MEASURE( 1.000000000000000082E-05 ), #2830, 'distance_accuracy_value', 'NONE');
#1350 = ORIENTED_EDGE ( 'NONE', *, *, #2875, .T. ) ;
#1351 =( NAMED_UNIT ( * ) SI_UNIT ( $, .STERADIAN. ) SOLID_ANGLE_UNIT ( ) );
#1352 = UNCERTAINTY_MEASURE_WITH_UNIT (LENGTH_MEASURE( 1.000000000000000082E-05 ), #1937, 'distance_accuracy_value', 'NONE');
#1353 = STYLED_ITEM ( 'NONE', ( #3861 ), #26 ) ;
#1354 = PRESENTATION_LAYER_ASSIGNMENT (  '', '', ( #2568 ) ) ;
#1355 = VERTEX_POINT ( 'NONE', #1602 ) ;
#1356 = DIRECTION ( 'NONE',  ( 0.000000000000000000, 0.000000000000000000, -1.000000000000000000 ) ) ;
#1357 = ORIENTED_EDGE ( 'NONE', *, *, #3233, .T. ) ;
#1358 = ORIENTED_EDGE ( 'NONE', *, *, #2333, .F. ) ;
#1359 = PRESENTATION_LAYER_ASSIGNMENT (  '', '', ( #2766 ) ) ;
#1360 = FACE_OUTER_BOUND ( 'NONE', #2, .T. ) ;
#1361 = MECHANICAL_DESIGN_GEOMETRIC_PRESENTATION_REPRESENTATION (  '', ( #3163 ), #1500 ) ;
#1362 = DIRECTION ( 'NONE',  ( -1.445602896647338917E-16, 1.365123520548581852E-16, -1.000000000000000000 ) ) ;
#1363 = CARTESIAN_POINT ( 'NONE',  ( -3.500000000000001332, -8.673617379884035472E-16, -15.00000000000000178 ) ) ;
#1364 = ADVANCED_FACE ( 'NONE', ( #1559 ), #336, .T. ) ;
#1365 = DIRECTION ( 'NONE',  ( 0.000000000000000000, 1.000000000000000000, 0.000000000000000000 ) ) ;
#1366 = FILL_AREA_STYLE_COLOUR ( '', #1536 ) ;
#1367 = CARTESIAN_POINT ( 'NONE',  ( 5.106120026345997154, 4.000000000000000000, 14.36984205327657627 ) ) ;
#1368 = PRESENTATION_LAYER_ASSIGNMENT (  '', '', ( #2840 ) ) ;
#1369 = CARTESIAN_POINT ( 'NONE',  ( 4.345753767954572133, 4.000000000000000000, 14.34043352985769815 ) ) ;
#1370 = DIRECTION ( 'NONE',  ( 0.000000000000000000, -1.084202172485504187E-16, 1.000000000000000000 ) ) ;
#1371 = STYLED_ITEM ( 'NONE', ( #3178 ), #1680 ) ;
#1372 =( GEOMETRIC_REPRESENTATION_CONTEXT ( 3 ) GLOBAL_UNCERTAINTY_ASSIGNED_CONTEXT ( ( #3689 ) ) GLOBAL_UNIT_ASSIGNED_CONTEXT ( ( #1462, #555, #1782 ) ) REPRESENTATION_CONTEXT ( 'NONE', 'WORKASPACE' ) );
#1373 = EDGE_CURVE ( 'NONE', #1846, #2959, #669, .T. ) ;
#1374 = CARTESIAN_POINT ( 'NONE',  ( -13.58276253029822023, 4.000000000000000000, -15.00000000000000000 ) ) ;
#1375 = ADVANCED_FACE ( 'NONE', ( #1948 ), #1229, .T. ) ;
#1376 =( LENGTH_UNIT ( ) NAMED_UNIT ( * ) SI_UNIT ( .MILLI., .METRE. ) );
#1377 = PRESENTATION_LAYER_ASSIGNMENT (  '', '', ( #4048 ) ) ;
#1378 = ORIENTED_EDGE ( 'NONE', *, *, #2333, .T. ) ;
#1379 = VECTOR ( 'NONE', #32, 1000.000000000000000 ) ;
#1380 = ORIENTED_EDGE ( 'NONE', *, *, #968, .F. ) ;
#1381 = FILL_AREA_STYLE_COLOUR ( '', #1994 ) ;
#1382 = ORIENTED_EDGE ( 'NONE', *, *, #1549, .F. ) ;
#1383 =( GEOMETRIC_REPRESENTATION_CONTEXT ( 3 ) GLOBAL_UNCERTAINTY_ASSIGNED_CONTEXT ( ( #3800 ) ) GLOBAL_UNIT_ASSIGNED_CONTEXT ( ( #1990, #1714, #3214 ) ) REPRESENTATION_CONTEXT ( 'NONE', 'WORKASPACE' ) );
#1384 = ORIENTED_EDGE ( 'NONE', *, *, #2762, .T. ) ;
#1385 = DIRECTION ( 'NONE',  ( -0.000000000000000000, -1.000000000000000000, -0.000000000000000000 ) ) ;
#1386 = PRESENTATION_LAYER_ASSIGNMENT (  '', '', ( #2793 ) ) ;
#1387 = DIRECTION ( 'NONE',  ( 1.000000000000000000, 0.000000000000000000, -0.000000000000000000 ) ) ;
#1388 = CARTESIAN_POINT ( 'NONE',  ( -2.250000000000000444, 3.000000000000000000, -15.00000000000000178 ) ) ;
#1389 = DIRECTION ( 'NONE',  ( 0.000000000000000000, 1.000000000000000000, 0.000000000000000000 ) ) ;
#1390 = EDGE_CURVE ( 'NONE', #1348, #1430, #733, .T. ) ;
#1391 =( NAMED_UNIT ( * ) PLANE_ANGLE_UNIT ( ) SI_UNIT ( $, .RADIAN. ) );
#1392 = SURFACE_SIDE_STYLE ('',( #2591 ) ) ;
#1393 = DIRECTION ( 'NONE',  ( 0.000000000000000000, 0.000000000000000000, -1.000000000000000000 ) ) ;
#1394 = STYLED_ITEM ( 'NONE', ( #282 ), #2533 ) ;
#1395 = UNCERTAINTY_MEASURE_WITH_UNIT (LENGTH_MEASURE( 1.000000000000000082E-05 ), #3992, 'distance_accuracy_value', 'NONE');
#1396 = ORIENTED_EDGE ( 'NONE', *, *, #3464, .T. ) ;
#1397 = CARTESIAN_POINT ( 'NONE',  ( 6.250000000000000000, 2.999999999999999556, -15.00000000000000178 ) ) ;
#1398 = STYLED_ITEM ( 'NONE', ( #2195 ), #2176 ) ;
#1399 =( GEOMETRIC_REPRESENTATION_CONTEXT ( 3 ) GLOBAL_UNCERTAINTY_ASSIGNED_CONTEXT ( ( #244 ) ) GLOBAL_UNIT_ASSIGNED_CONTEXT ( ( #573, #1501, #2186 ) ) REPRESENTATION_CONTEXT ( 'NONE', 'WORKASPACE' ) );
#1400 = ADVANCED_FACE ( 'NONE', ( #3559 ), #3273, .F. ) ;
#1401 = ORIENTED_EDGE ( 'NONE', *, *, #1906, .F. ) ;
#1402 = VERTEX_POINT ( 'NONE', #1667 ) ;
#1403 =( NAMED_UNIT ( * ) PLANE_ANGLE_UNIT ( ) SI_UNIT ( $, .RADIAN. ) );
#1404 = ORIENTED_EDGE ( 'NONE', *, *, #1087, .T. ) ;
#1405 = SURFACE_SIDE_STYLE ('',( #3313 ) ) ;
#1406 = FILL_AREA_STYLE_COLOUR ( '', #3495 ) ;
#1407 = SURFACE_SIDE_STYLE ('',( #1731 ) ) ;
#1408 = FACE_OUTER_BOUND ( 'NONE', #54, .T. ) ;
#1409 = CARTESIAN_POINT ( 'NONE',  ( 6.250000000000000000, 4.000000000000000000, -15.00000000000000178 ) ) ;
#1410 =( NAMED_UNIT ( * ) PLANE_ANGLE_UNIT ( ) SI_UNIT ( $, .RADIAN. ) );
#1411 = CARTESIAN_POINT ( 'NONE',  ( 5.106120026345997154, 4.000000000000000000, 14.36984205327657627 ) ) ;
#1412 = DIRECTION ( 'NONE',  ( 0.000000000000000000, 0.000000000000000000, -1.000000000000000000 ) ) ;
#1413 = AXIS2_PLACEMENT_3D ( 'NONE', #75, #1984, #704 ) ;
#1414 = EDGE_CURVE ( 'NONE', #1153, #2422, #2348, .T. ) ;
#1415 = PLANE ( 'NONE',  #2221 ) ;
#1416 = PRESENTATION_STYLE_ASSIGNMENT (( #46 ) ) ;
#1417 = CARTESIAN_POINT ( 'NONE',  ( 5.770658746154558649, 3.000000000000000000, 20.00000000000000355 ) ) ;
#1418 = ADVANCED_FACE ( 'NONE', ( #2329 ), #457, .T. ) ;
#1419 = ORIENTED_EDGE ( 'NONE', *, *, #1704, .T. ) ;
#1420 =( NAMED_UNIT ( * ) SI_UNIT ( $, .STERADIAN. ) SOLID_ANGLE_UNIT ( ) );
#1421 = VERTEX_POINT ( 'NONE', #750 ) ;
#1422 = CARTESIAN_POINT ( 'NONE',  ( 3.500000000000003109, 2.000000000000000000, -15.00000000000000000 ) ) ;
#1423 = ORIENTED_EDGE ( 'NONE', *, *, #747, .T. ) ;
#1424 = EDGE_CURVE ( 'NONE', #3124, #1982, #2056, .T. ) ;
#1425 = DIRECTION ( 'NONE',  ( 1.671814187836141990E-32, 1.000000000000000000, 1.445602896647338917E-16 ) ) ;
#1426 = CARTESIAN_POINT ( 'NONE',  ( -13.58276253029822023, 2.000000000000000000, -15.00000000000000000 ) ) ;
#1427 = PLANE ( 'NONE',  #1633 ) ;
#1428 = DIRECTION ( 'NONE',  ( 1.671814187836141990E-32, 1.000000000000000000, 1.445602896647338917E-16 ) ) ;
#1429 = PRESENTATION_LAYER_ASSIGNMENT (  '', '', ( #3234 ) ) ;
#1430 = VERTEX_POINT ( 'NONE', #3317 ) ;
#1431 = VECTOR ( 'NONE', #732, 1000.000000000000000 ) ;
#1432 = SURFACE_STYLE_FILL_AREA ( #2059 ) ;
#1433 = PRESENTATION_STYLE_ASSIGNMENT (( #2770 ) ) ;
#1434 = DIRECTION ( 'NONE',  ( 0.000000000000000000, 1.445602896647338917E-16, -1.000000000000000000 ) ) ;
#1435 = SURFACE_STYLE_USAGE ( .BOTH. , #147 ) ;
#1436 =( NAMED_UNIT ( * ) PLANE_ANGLE_UNIT ( ) SI_UNIT ( $, .RADIAN. ) );
#1437 =( LENGTH_UNIT ( ) NAMED_UNIT ( * ) SI_UNIT ( .MILLI., .METRE. ) );
#1438 = FACE_OUTER_BOUND ( 'NONE', #434, .T. ) ;
#1439 = PRESENTATION_LAYER_ASSIGNMENT (  '', '', ( #3445 ) ) ;
#1440 = LINE ( 'NONE', #486, #3382 ) ;
#1441 = ORIENTED_EDGE ( 'NONE', *, *, #3590, .T. ) ;
#1442 = VECTOR ( 'NONE', #1576, 1000.000000000000000 ) ;
#1443 = PRESENTATION_STYLE_ASSIGNMENT (( #2483 ) ) ;
#1444 = EDGE_CURVE ( 'NONE', #2482, #1168, #3360, .T. ) ;
#1445 = ORIENTED_EDGE ( 'NONE', *, *, #1920, .T. ) ;
#1446 = CARTESIAN_POINT ( 'NONE',  ( -3.500000000000001332, 1.999999999999999112, -9.000000000000000000 ) ) ;
#1447 = ORIENTED_EDGE ( 'NONE', *, *, #1522, .F. ) ;
#1448 = STYLED_ITEM ( 'NONE', ( #1526 ), #4033 ) ;
#1449 = CARTESIAN_POINT ( 'NONE',  ( -13.58276253029822023, 1.000000000000000000, -15.00000000000000000 ) ) ;
#1450 = DIRECTION ( 'NONE',  ( 0.000000000000000000, 0.000000000000000000, 1.000000000000000000 ) ) ;
#1451 = PRESENTATION_STYLE_ASSIGNMENT (( #1834 ) ) ;
#1452 =( NAMED_UNIT ( * ) SI_UNIT ( $, .STERADIAN. ) SOLID_ANGLE_UNIT ( ) );
#1453 = ORIENTED_EDGE ( 'NONE', *, *, #228, .T. ) ;
#1454 = SURFACE_STYLE_USAGE ( .BOTH. , #3962 ) ;
#1455 = SURFACE_STYLE_USAGE ( .BOTH. , #3408 ) ;
#1456 = COLOUR_RGB ( '',1.000000000000000000, 1.000000000000000000, 0.000000000000000000 ) ;
#1457 = UNCERTAINTY_MEASURE_WITH_UNIT (LENGTH_MEASURE( 1.000000000000000082E-05 ), #3959, 'distance_accuracy_value', 'NONE');
#1458 = CARTESIAN_POINT ( 'NONE',  ( -7.500000000000000888, 2.000000000000000000, -14.99999999999999822 ) ) ;
#1459 = DIRECTION ( 'NONE',  ( -1.000000000000000000, 0.000000000000000000, 0.000000000000000000 ) ) ;
#1460 = SURFACE_STYLE_USAGE ( .BOTH. , #1736 ) ;
#1461 = DIRECTION ( 'NONE',  ( 1.000000000000000000, -0.000000000000000000, -1.156482317317871478E-16 ) ) ;
#1462 =( LENGTH_UNIT ( ) NAMED_UNIT ( * ) SI_UNIT ( .MILLI., .METRE. ) );
#1463 =( NAMED_UNIT ( * ) PLANE_ANGLE_UNIT ( ) SI_UNIT ( $, .RADIAN. ) );
#1464 = ORIENTED_EDGE ( 'NONE', *, *, #1106, .T. ) ;
#1465 = PLANE ( 'NONE',  #1060 ) ;
#1466 = EDGE_LOOP ( 'NONE', ( #3553, #536, #3086, #3419 ) ) ;
#1467 = CARTESIAN_POINT ( 'NONE',  ( -0.7500000000000006661, 1.000000000000000000, -15.00000000000000000 ) ) ;
#1468 = EDGE_CURVE ( 'NONE', #3380, #1082, #1110, .T. ) ;
#1469 = ORIENTED_EDGE ( 'NONE', *, *, #1553, .F. ) ;
#1470 = AXIS2_PLACEMENT_3D ( 'NONE', #241, #280, #3773 ) ;
#1471 = COLOUR_RGB ( '',0.000000000000000000, 0.000000000000000000, 0.000000000000000000 ) ;
#1472 = DIRECTION ( 'NONE',  ( 1.445602896647338917E-16, -1.084202172485504187E-16, 1.000000000000000000 ) ) ;
#1473 = EDGE_LOOP ( 'NONE', ( #2421, #3305, #1396, #3159 ) ) ;
#1474 = SURFACE_STYLE_FILL_AREA ( #502 ) ;
#1475 = CARTESIAN_POINT ( 'NONE',  ( -5.659720593955204215, 4.500000000000000888, 9.669061140293457868 ) ) ;
#1476 = PLANE ( 'NONE',  #2973 ) ;
#1477 = LINE ( 'NONE', #261, #249 ) ;
#1478 = UNCERTAINTY_MEASURE_WITH_UNIT (LENGTH_MEASURE( 1.000000000000000082E-05 ), #804, 'distance_accuracy_value', 'NONE');
#1479 = DIRECTION ( 'NONE',  ( -9.115745035929406798E-64, -1.445602896647338917E-16, 1.000000000000000000 ) ) ;
#1480 = ADVANCED_FACE ( 'NONE', ( #3039 ), #1492, .T. ) ;
#1481 = FACE_OUTER_BOUND ( 'NONE', #3912, .T. ) ;
#1482 = VECTOR ( 'NONE', #3875, 1000.000000000000000 ) ;
#1483 = FACE_OUTER_BOUND ( 'NONE', #3534, .T. ) ;
#1484 = ORIENTED_EDGE ( 'NONE', *, *, #3793, .T. ) ;
#1485 = SURFACE_STYLE_FILL_AREA ( #829 ) ;
#1486 = VECTOR ( 'NONE', #2052, 1000.000000000000000 ) ;
#1487 = ORIENTED_EDGE ( 'NONE', *, *, #1276, .T. ) ;
#1488 = ORIENTED_EDGE ( 'NONE', *, *, #130, .F. ) ;
#1489 = DIRECTION ( 'NONE',  ( -1.156482317317871478E-16, 1.084202172485504187E-16, -1.000000000000000000 ) ) ;
#1490 = UNCERTAINTY_MEASURE_WITH_UNIT (LENGTH_MEASURE( 1.000000000000000082E-05 ), #4108, 'distance_accuracy_value', 'NONE');
#1491 = PRESENTATION_STYLE_ASSIGNMENT (( #897 ) ) ;
#1492 = PLANE ( 'NONE',  #3993 ) ;
#1493 = EDGE_LOOP ( 'NONE', ( #1161, #3096, #3058, #1244 ) ) ;
#1494 = CARTESIAN_POINT ( 'NONE',  ( -5.000000000000000888, 0.9999999999999993339, -9.000000000000000000 ) ) ;
#1495 = CARTESIAN_POINT ( 'NONE',  ( -4.432403535665534022, 2.000000000000000000, 6.224039322457887380 ) ) ;
#1496 = EDGE_CURVE ( 'NONE', #2685, #1817, #818, .T. ) ;
#1497 = CARTESIAN_POINT ( 'NONE',  ( -7.500000000000000888, 2.000000000000000000, -15.00000000000000000 ) ) ;
#1498 = VECTOR ( 'NONE', #2505, 1000.000000000000000 ) ;
#1499 =( NAMED_UNIT ( * ) PLANE_ANGLE_UNIT ( ) SI_UNIT ( $, .RADIAN. ) );
#1500 =( GEOMETRIC_REPRESENTATION_CONTEXT ( 3 ) GLOBAL_UNCERTAINTY_ASSIGNED_CONTEXT ( ( #2776 ) ) GLOBAL_UNIT_ASSIGNED_CONTEXT ( ( #1769, #1108, #3639 ) ) REPRESENTATION_CONTEXT ( 'NONE', 'WORKASPACE' ) );
#1501 =( NAMED_UNIT ( * ) PLANE_ANGLE_UNIT ( ) SI_UNIT ( $, .RADIAN. ) );
#1502 = PLANE ( 'NONE',  #3279 ) ;
#1503 = LINE ( 'NONE', #3349, #4134 ) ;
#1504 = MECHANICAL_DESIGN_GEOMETRIC_PRESENTATION_REPRESENTATION (  '', ( #1979 ), #356 ) ;
#1505 = DIRECTION ( 'NONE',  ( 0.000000000000000000, 0.000000000000000000, -1.000000000000000000 ) ) ;
#1506 =( NAMED_UNIT ( * ) PLANE_ANGLE_UNIT ( ) SI_UNIT ( $, .RADIAN. ) );
#1507 = ORIENTED_EDGE ( 'NONE', *, *, #438, .F. ) ;
#1508 = AXIS2_PLACEMENT_3D ( 'NONE', #3245, #3291, #3634 ) ;
#1509 = PRESENTATION_LAYER_ASSIGNMENT (  '', '', ( #2128 ) ) ;
#1510 = ORIENTED_EDGE ( 'NONE', *, *, #3296, .T. ) ;
#1511 = LINE ( 'NONE', #541, #3091 ) ;
#1512 = AXIS2_PLACEMENT_3D ( 'NONE', #3641, #523, #479 ) ;
#1513 = LINE ( 'NONE', #1132, #1527 ) ;
#1514 = ORIENTED_EDGE ( 'NONE', *, *, #3506, .T. ) ;
#1515 = STYLED_ITEM ( 'NONE', ( #3573 ), #3948 ) ;
#1516 = PLANE ( 'NONE',  #2018 ) ;
#1517 = DIRECTION ( 'NONE',  ( 1.671814187836141990E-32, 1.000000000000000000, 0.000000000000000000 ) ) ;
#1518 = CYLINDRICAL_SURFACE ( 'NONE', #3968, 0.7609347594569813023 ) ;
#1519 = FILL_AREA_STYLE_COLOUR ( '', #3789 ) ;
#1520 = LINE ( 'NONE', #3734, #266 ) ;
#1521 = STYLED_ITEM ( 'NONE', ( #2449 ), #865 ) ;
#1522 = EDGE_CURVE ( 'NONE', #186, #138, #1513, .T. ) ;
#1523 = AXIS2_PLACEMENT_3D ( 'NONE', #170, #1859, #4026 ) ;
#1524 = CARTESIAN_POINT ( 'NONE',  ( -18.68033988749894547, 5.000000000000000000, -14.99999999999999645 ) ) ;
#1525 = SURFACE_STYLE_FILL_AREA ( #303 ) ;
#1526 = PRESENTATION_STYLE_ASSIGNMENT (( #245 ) ) ;
#1527 = VECTOR ( 'NONE', #1172, 1000.000000000000000 ) ;
#1528 = ORIENTED_EDGE ( 'NONE', *, *, #3131, .T. ) ;
#1529 = FACE_OUTER_BOUND ( 'NONE', #699, .T. ) ;
#1530 = VERTEX_POINT ( 'NONE', #2728 ) ;
#1531 = CARTESIAN_POINT ( 'NONE',  ( 5.106120026345997154, 3.000000000000000000, 15.00000000000000533 ) ) ;
#1532 = STYLED_ITEM ( 'NONE', ( #3605 ), #2639 ) ;
#1533 = EDGE_CURVE ( 'NONE', #2622, #3744, #2096, .T. ) ;
#1534 = DIRECTION ( 'NONE',  ( 1.671814187836141990E-32, 1.000000000000000000, 1.445602896647338917E-16 ) ) ;
#1535 =( LENGTH_UNIT ( ) NAMED_UNIT ( * ) SI_UNIT ( .MILLI., .METRE. ) );
#1536 = COLOUR_RGB ( '',1.000000000000000000, 1.000000000000000000, 0.000000000000000000 ) ;
#1537 = ORIENTED_EDGE ( 'NONE', *, *, #101, .T. ) ;
#1538 = DIRECTION ( 'NONE',  ( 1.000000000000000000, -0.000000000000000000, -1.156482317317871478E-16 ) ) ;
#1539 =( GEOMETRIC_REPRESENTATION_CONTEXT ( 3 ) GLOBAL_UNCERTAINTY_ASSIGNED_CONTEXT ( ( #2991 ) ) GLOBAL_UNIT_ASSIGNED_CONTEXT ( ( #1827, #1188, #1764 ) ) REPRESENTATION_CONTEXT ( 'NONE', 'WORKASPACE' ) );
#1540 = AXIS2_PLACEMENT_3D ( 'NONE', #1987, #79, #1967 ) ;
#1541 = FILL_AREA_STYLE_COLOUR ( '', #1935 ) ;
#1542 = SURFACE_STYLE_USAGE ( .BOTH. , #2835 ) ;
#1543 = PRESENTATION_LAYER_ASSIGNMENT (  '', '', ( #459 ) ) ;
#1544 = SURFACE_STYLE_FILL_AREA ( #281 ) ;
#1545 =( NAMED_UNIT ( * ) PLANE_ANGLE_UNIT ( ) SI_UNIT ( $, .RADIAN. ) );
#1546 = CARTESIAN_POINT ( 'NONE',  ( -7.499999999999997335, 2.000000000000000000, 15.00000000000000533 ) ) ;
#1547 = VERTEX_POINT ( 'NONE', #1152 ) ;
#1548 = CARTESIAN_POINT ( 'NONE',  ( -7.499999999999998224, 7.000000000000000000, -0.4174243050441574510 ) ) ;
#1549 = EDGE_CURVE ( 'NONE', #2891, #367, #2750, .T. ) ;
#1550 = STYLED_ITEM ( 'NONE', ( #586 ), #2825 ) ;
#1551 = CARTESIAN_POINT ( 'NONE',  ( -4.345753767954572133, 2.000000000000000000, 14.34043352985769815 ) ) ;
#1552 = PLANE ( 'NONE',  #3778 ) ;
#1553 = EDGE_CURVE ( 'NONE', #2573, #1168, #3379, .T. ) ;
#1554 = ORIENTED_EDGE ( 'NONE', *, *, #1186, .T. ) ;
#1555 =( LENGTH_UNIT ( ) NAMED_UNIT ( * ) SI_UNIT ( .MILLI., .METRE. ) );
#1556 =( GEOMETRIC_REPRESENTATION_CONTEXT ( 3 ) GLOBAL_UNCERTAINTY_ASSIGNED_CONTEXT ( ( #2477 ) ) GLOBAL_UNIT_ASSIGNED_CONTEXT ( ( #2355, #3841, #2905 ) ) REPRESENTATION_CONTEXT ( 'NONE', 'WORKASPACE' ) );
#1557 = LINE ( 'NONE', #1227, #152 ) ;
#1558 = CARTESIAN_POINT ( 'NONE',  ( -7.195563724354545165, 4.000000000000000000, 14.34043352985769815 ) ) ;
#1559 = FACE_OUTER_BOUND ( 'NONE', #1998, .T. ) ;
#1560 = CARTESIAN_POINT ( 'NONE',  ( 6.600769461620327405, 4.000000000000000000, 13.86583739294936457 ) ) ;
#1561 = LINE ( 'NONE', #3798, #509 ) ;
#1562 =( LENGTH_UNIT ( ) NAMED_UNIT ( * ) SI_UNIT ( .MILLI., .METRE. ) );
#1563 = FILL_AREA_STYLE_COLOUR ( '', #2577 ) ;
#1564 = LINE ( 'NONE', #1586, #3256 ) ;
#1565 = PRESENTATION_STYLE_ASSIGNMENT (( #3169 ) ) ;
#1566 = ORIENTED_EDGE ( 'NONE', *, *, #2784, .F. ) ;
#1567 = MECHANICAL_DESIGN_GEOMETRIC_PRESENTATION_REPRESENTATION (  '', ( #3302 ), #751 ) ;
#1568 = CARTESIAN_POINT ( 'NONE',  ( 2.250000000000000444, 2.999999999999999112, -9.000000000000000000 ) ) ;
#1569 = VECTOR ( 'NONE', #1362, 1000.000000000000000 ) ;
#1570 =( NAMED_UNIT ( * ) SI_UNIT ( $, .STERADIAN. ) SOLID_ANGLE_UNIT ( ) );
#1571 = EDGE_CURVE ( 'NONE', #1052, #3472, #3705, .T. ) ;
#1572 = VECTOR ( 'NONE', #2300, 1000.000000000000000 ) ;
#1573 = COLOUR_RGB ( '',1.000000000000000000, 1.000000000000000000, 0.000000000000000000 ) ;
#1574 = LINE ( 'NONE', #2848, #2576 ) ;
#1575 = EDGE_LOOP ( 'NONE', ( #495, #2298, #1380, #1974 ) ) ;
#1576 = DIRECTION ( 'NONE',  ( 1.000000000000000000, -0.000000000000000000, -1.156482317317871478E-16 ) ) ;
#1577 = ORIENTED_EDGE ( 'NONE', *, *, #1263, .F. ) ;
#1578 = VECTOR ( 'NONE', #2448, 1000.000000000000000 ) ;
#1579 = DIRECTION ( 'NONE',  ( -0.000000000000000000, -1.000000000000000000, -0.000000000000000000 ) ) ;
#1580 = SURFACE_STYLE_USAGE ( .BOTH. , #3796 ) ;
#1581 = LINE ( 'NONE', #3129, #3008 ) ;
#1582 =( NAMED_UNIT ( * ) SI_UNIT ( $, .STERADIAN. ) SOLID_ANGLE_UNIT ( ) );
#1583 = CARTESIAN_POINT ( 'NONE',  ( 0.7500000000000000000, 2.999999999999999556, -9.000000000000000000 ) ) ;
#1584 = MECHANICAL_DESIGN_GEOMETRIC_PRESENTATION_REPRESENTATION (  '', ( #2853 ), #3454 ) ;
#1585 = EDGE_CURVE ( 'NONE', #1932, #580, #253, .T. ) ;
#1586 = CARTESIAN_POINT ( 'NONE',  ( 6.250000000000000000, -1.734723475976807094E-15, -9.000000000000000000 ) ) ;
#1587 = DIRECTION ( 'NONE',  ( 1.000000000000000000, -0.000000000000000000, -1.156482317317871478E-16 ) ) ;
#1588 = VERTEX_POINT ( 'NONE', #3085 ) ;
#1589 = CARTESIAN_POINT ( 'NONE',  ( -4.432403535665534022, 2.000000000000000000, 6.224039322457887380 ) ) ;
#1590 = VECTOR ( 'NONE', #962, 1000.000000000000000 ) ;
#1591 = PRESENTATION_LAYER_ASSIGNMENT (  '', '', ( #1185 ) ) ;
#1592 = CARTESIAN_POINT ( 'NONE',  ( 5.770658746154558649, 4.000000000000000000, 13.20347838337312396 ) ) ;
#1593 =( NAMED_UNIT ( * ) SI_UNIT ( $, .STERADIAN. ) SOLID_ANGLE_UNIT ( ) );
#1594 = DIRECTION ( 'NONE',  ( 1.000000000000000000, -0.000000000000000000, -1.156482317317871478E-16 ) ) ;
#1595 = ADVANCED_FACE ( 'NONE', ( #521 ), #2790, .T. ) ;
#1596 = ORIENTED_EDGE ( 'NONE', *, *, #2347, .T. ) ;
#1597 =( LENGTH_UNIT ( ) NAMED_UNIT ( * ) SI_UNIT ( .MILLI., .METRE. ) );
#1598 = VERTEX_POINT ( 'NONE', #899 ) ;
#1599 = LINE ( 'NONE', #2872, #3750 ) ;
#1600 = DIRECTION ( 'NONE',  ( 1.000000000000000000, -0.000000000000000000, -1.156482317317871478E-16 ) ) ;
#1601 = EDGE_CURVE ( 'NONE', #1126, #1943, #3225, .T. ) ;
#1602 = CARTESIAN_POINT ( 'NONE',  ( -4.940548030688789893, 2.000000000000000000, 13.86583739294936457 ) ) ;
#1603 = PRESENTATION_STYLE_ASSIGNMENT (( #375 ) ) ;
#1604 = DIRECTION ( 'NONE',  ( 1.000000000000000000, -0.000000000000000000, -1.156482317317871478E-16 ) ) ;
#1605 = CARTESIAN_POINT ( 'NONE',  ( -5.659720593955204215, 4.500000000000000888, 8.745923688806527707 ) ) ;
#1606 = VECTOR ( 'NONE', #4109, 1000.000000000000000 ) ;
#1607 = FACE_OUTER_BOUND ( 'NONE', #2162, .T. ) ;
#1608 = AXIS2_PLACEMENT_3D ( 'NONE', #1548, #946, #4116 ) ;
#1609 = CYLINDRICAL_SURFACE ( 'NONE', #308, 0.7609347594569813023 ) ;
#1610 = ORIENTED_EDGE ( 'NONE', *, *, #2051, .T. ) ;
#1611 = EDGE_CURVE ( 'NONE', #2314, #3828, #1940, .T. ) ;
#1612 = LINE ( 'NONE', #1218, #2090 ) ;
#1613 = SURFACE_STYLE_USAGE ( .BOTH. , #657 ) ;
#1614 = DIRECTION ( 'NONE',  ( 1.000000000000000000, -0.000000000000000000, -1.156482317317871478E-16 ) ) ;
#1615 = LINE ( 'NONE', #1658, #3105 ) ;
#1616 =( GEOMETRIC_REPRESENTATION_CONTEXT ( 3 ) GLOBAL_UNCERTAINTY_ASSIGNED_CONTEXT ( ( #534 ) ) GLOBAL_UNIT_ASSIGNED_CONTEXT ( ( #1555, #2829, #2522 ) ) REPRESENTATION_CONTEXT ( 'NONE', 'WORKASPACE' ) );
#1617 = VERTEX_POINT ( 'NONE', #663 ) ;
#1618 = ORIENTED_EDGE ( 'NONE', *, *, #3768, .T. ) ;
#1619 =( NAMED_UNIT ( * ) PLANE_ANGLE_UNIT ( ) SI_UNIT ( $, .RADIAN. ) );
#1620 = VECTOR ( 'NONE', #2289, 1000.000000000000000 ) ;
#1621 = LINE ( 'NONE', #1038, #1569 ) ;
#1622 = CYLINDRICAL_SURFACE ( 'NONE', #990, 1.061980817857794301 ) ;
#1623 = DIRECTION ( 'NONE',  ( 1.000000000000000000, 0.000000000000000000, 0.000000000000000000 ) ) ;
#1624 = SURFACE_STYLE_FILL_AREA ( #2009 ) ;
#1625 = DIRECTION ( 'NONE',  ( 1.671814187836141990E-32, 1.000000000000000000, 1.445602896647338917E-16 ) ) ;
#1626 = EDGE_CURVE ( 'NONE', #1430, #630, #2198, .T. ) ;
#1627 = DIRECTION ( 'NONE',  ( 1.671814187836141990E-32, 1.000000000000000000, 1.445602896647338917E-16 ) ) ;
#1628 = ORIENTED_EDGE ( 'NONE', *, *, #2316, .F. ) ;
#1629 = DIRECTION ( 'NONE',  ( -0.000000000000000000, -1.000000000000000000, -0.000000000000000000 ) ) ;
#1630 = VECTOR ( 'NONE', #414, 1000.000000000000000 ) ;
#1631 = VECTOR ( 'NONE', #1318, 1000.000000000000000 ) ;
#1632 = FILL_AREA_STYLE ('',( #1174 ) ) ;
#1633 = AXIS2_PLACEMENT_3D ( 'NONE', #1130, #3619, #121 ) ;
#1634 = AXIS2_PLACEMENT_3D ( 'NONE', #231, #2177, #3155 ) ;
#1635 = DIRECTION ( 'NONE',  ( 0.000000000000000000, 0.000000000000000000, -1.000000000000000000 ) ) ;
#1636 = ORIENTED_EDGE ( 'NONE', *, *, #539, .F. ) ;
#1637 = DIRECTION ( 'NONE',  ( 0.000000000000000000, -1.445602896647338917E-16, 1.000000000000000000 ) ) ;
#1638 = ORIENTED_EDGE ( 'NONE', *, *, #1049, .F. ) ;
#1639 = COLOUR_RGB ( '',1.000000000000000000, 1.000000000000000000, 0.000000000000000000 ) ;
#1640 = SURFACE_STYLE_FILL_AREA ( #353 ) ;
#1641 = CARTESIAN_POINT ( 'NONE',  ( 0.000000000000000000, 2.000000000000000000, 0.000000000000000000 ) ) ;
#1642 = FILL_AREA_STYLE ('',( #2895 ) ) ;
#1643 = MECHANICAL_DESIGN_GEOMETRIC_PRESENTATION_REPRESENTATION (  '', ( #1295 ), #2715 ) ;
#1644 = DIRECTION ( 'NONE',  ( -0.000000000000000000, -1.000000000000000000, -0.000000000000000000 ) ) ;
#1645 = DIRECTION ( 'NONE',  ( -1.000000000000000000, 0.000000000000000000, -0.000000000000000000 ) ) ;
#1646 = CARTESIAN_POINT ( 'NONE',  ( -5.106120026345997154, 2.000000000000000000, 14.36984205327657627 ) ) ;
#1647 = SURFACE_STYLE_USAGE ( .BOTH. , #1392 ) ;
#1648 = DIRECTION ( 'NONE',  ( 1.000000000000000000, 0.000000000000000000, 0.000000000000000000 ) ) ;
#1649 = DIRECTION ( 'NONE',  ( 1.671814187836141990E-32, 1.000000000000000000, 1.445602896647338917E-16 ) ) ;
#1650 = EDGE_CURVE ( 'NONE', #3432, #2378, #2520, .T. ) ;
#1651 = VERTEX_POINT ( 'NONE', #1961 ) ;
#1652 = VECTOR ( 'NONE', #1587, 1000.000000000000000 ) ;
#1653 = CARTESIAN_POINT ( 'NONE',  ( 0.7500000000000000000, -8.673617379884035472E-16, -15.00000000000000178 ) ) ;
#1654 = PRESENTATION_STYLE_ASSIGNMENT (( #1613 ) ) ;
#1655 = STYLED_ITEM ( 'NONE', ( #63 ), #855 ) ;
#1656 = SURFACE_SIDE_STYLE ('',( #3930 ) ) ;
#1657 = ORIENTED_EDGE ( 'NONE', *, *, #3420, .T. ) ;
#1658 = CARTESIAN_POINT ( 'NONE',  ( -13.58276253029822023, 3.000000000000000000, -15.00000000000000000 ) ) ;
#1659 = ORIENTED_EDGE ( 'NONE', *, *, #1819, .T. ) ;
#1660 = VECTOR ( 'NONE', #1428, 1000.000000000000000 ) ;
#1661 = DIRECTION ( 'NONE',  ( 0.000000000000000000, 0.000000000000000000, -1.000000000000000000 ) ) ;
#1662 = ORIENTED_EDGE ( 'NONE', *, *, #2609, .F. ) ;
#1663 = EDGE_CURVE ( 'NONE', #71, #1724, #4081, .T. ) ;
#1664 = LINE ( 'NONE', #665, #930 ) ;
#1665 = SURFACE_STYLE_FILL_AREA ( #3540 ) ;
#1666 = CARTESIAN_POINT ( 'NONE',  ( -13.58276253029822023, 1.000000000000000000, -15.00000000000000000 ) ) ;
#1667 = CARTESIAN_POINT ( 'NONE',  ( -7.500000000000000000, 4.999999999999999112, -4.999999999999996447 ) ) ;
#1668 = CARTESIAN_POINT ( 'NONE',  ( -5.106120026345997154, 2.000000000000000000, 14.36984205327657627 ) ) ;
#1669 =( LENGTH_UNIT ( ) NAMED_UNIT ( * ) SI_UNIT ( .MILLI., .METRE. ) );
#1670 = CARTESIAN_POINT ( 'NONE',  ( -0.7500000000000000000, -2.602085213965210642E-15, -3.219175043950317728E-17 ) ) ;
#1671 = AXIS2_PLACEMENT_3D ( 'NONE', #1008, #426, #1073 ) ;
#1672 = ADVANCED_FACE ( 'NONE', ( #3810 ), #1552, .T. ) ;
#1673 = PLANE ( 'NONE',  #3785 ) ;
#1674 = FACE_OUTER_BOUND ( 'NONE', #2842, .T. ) ;
#1675 = COLOUR_RGB ( '',1.000000000000000000, 1.000000000000000000, 0.000000000000000000 ) ;
#1676 = VERTEX_POINT ( 'NONE', #3790 ) ;
#1677 = PRESENTATION_LAYER_ASSIGNMENT (  '', '', ( #3468 ) ) ;
#1678 = DIRECTION ( 'NONE',  ( 0.000000000000000000, 1.445602896647338917E-16, -1.000000000000000000 ) ) ;
#1679 = STYLED_ITEM ( 'NONE', ( #2638 ), #2108 ) ;
#1680 = ADVANCED_FACE ( 'NONE', ( #932 ), #2539, .T. ) ;
#1681 = ORIENTED_EDGE ( 'NONE', *, *, #2554, .F. ) ;
#1682 = CYLINDRICAL_SURFACE ( 'NONE', #2917, 0.9231374514869286063 ) ;
#1683 = VERTEX_POINT ( 'NONE', #702 ) ;
#1684 = SURFACE_STYLE_FILL_AREA ( #1081 ) ;
#1685 = ORIENTED_EDGE ( 'NONE', *, *, #1015, .T. ) ;
#1686 =( NAMED_UNIT ( * ) SI_UNIT ( $, .STERADIAN. ) SOLID_ANGLE_UNIT ( ) );
#1687 = ADVANCED_FACE ( 'NONE', ( #1035 ), #728, .T. ) ;
#1688 = FACE_OUTER_BOUND ( 'NONE', #4115, .T. ) ;
#1689 = PLANE ( 'NONE',  #1014 ) ;
#1690 = ADVANCED_FACE ( 'NONE', ( #2048 ), #995, .F. ) ;
#1691 =( NAMED_UNIT ( * ) SI_UNIT ( $, .STERADIAN. ) SOLID_ANGLE_UNIT ( ) );
#1692 =( NAMED_UNIT ( * ) SI_UNIT ( $, .STERADIAN. ) SOLID_ANGLE_UNIT ( ) );
#1693 = LINE ( 'NONE', #3250, #3059 ) ;
#1694 = PRESENTATION_LAYER_ASSIGNMENT (  '', '', ( #3483 ) ) ;
#1695 = DIRECTION ( 'NONE',  ( 0.000000000000000000, 1.000000000000000000, 0.000000000000000000 ) ) ;
#1696 = SURFACE_SIDE_STYLE ('',( #3898 ) ) ;
#1697 = CARTESIAN_POINT ( 'NONE',  ( 0.7500000000000000000, 0.9999999999999995559, -15.00000000000000178 ) ) ;
#1698 = ORIENTED_EDGE ( 'NONE', *, *, #1964, .T. ) ;
#1699 = EDGE_LOOP ( 'NONE', ( #1915, #3290, #639, #3394 ) ) ;
#1700 = SURFACE_STYLE_USAGE ( .BOTH. , #3285 ) ;
#1701 = ORIENTED_EDGE ( 'NONE', *, *, #1522, .T. ) ;
#1702 = ORIENTED_EDGE ( 'NONE', *, *, #3621, .F. ) ;
#1703 = ORIENTED_EDGE ( 'NONE', *, *, #2908, .F. ) ;
#1704 = EDGE_CURVE ( 'NONE', #1402, #3763, #768, .T. ) ;
#1705 = ORIENTED_EDGE ( 'NONE', *, *, #636, .T. ) ;
#1706 = LINE ( 'NONE', #100, #1482 ) ;
#1707 = PRESENTATION_LAYER_ASSIGNMENT (  '', '', ( #3163 ) ) ;
#1708 = DIRECTION ( 'NONE',  ( -0.000000000000000000, 0.000000000000000000, 1.000000000000000000 ) ) ;
#1709 =( LENGTH_UNIT ( ) NAMED_UNIT ( * ) SI_UNIT ( .MILLI., .METRE. ) );
#1710 = DIRECTION ( 'NONE',  ( -0.000000000000000000, -0.000000000000000000, -1.000000000000000000 ) ) ;
#1711 = PRESENTATION_LAYER_ASSIGNMENT (  '', '', ( #3908 ) ) ;
#1712 = SURFACE_STYLE_FILL_AREA ( #1045 ) ;
#1713 = PRESENTATION_STYLE_ASSIGNMENT (( #3564 ) ) ;
#1714 =( NAMED_UNIT ( * ) PLANE_ANGLE_UNIT ( ) SI_UNIT ( $, .RADIAN. ) );
#1715 = CIRCLE ( 'NONE', #2454, 1.061980817857794301 ) ;
#1716 = LINE ( 'NONE', #1093, #140 ) ;
#1717 = VECTOR ( 'NONE', #4003, 1000.000000000000000 ) ;
#1718 = EDGE_CURVE ( 'NONE', #3033, #3722, #2623, .T. ) ;
#1719 = MECHANICAL_DESIGN_GEOMETRIC_PRESENTATION_REPRESENTATION (  '', ( #3645 ), #3054 ) ;
#1720 = VERTEX_POINT ( 'NONE', #2760 ) ;
#1721 =( LENGTH_UNIT ( ) NAMED_UNIT ( * ) SI_UNIT ( .MILLI., .METRE. ) );
#1722 = EDGE_CURVE ( 'NONE', #1720, #3929, #3707, .T. ) ;
#1723 = ORIENTED_EDGE ( 'NONE', *, *, #3589, .F. ) ;
#1724 = VERTEX_POINT ( 'NONE', #1446 ) ;
#1725 = COLOUR_RGB ( '',1.000000000000000000, 1.000000000000000000, 0.000000000000000000 ) ;
#1726 = ORIENTED_EDGE ( 'NONE', *, *, #2485, .T. ) ;
#1727 = STYLED_ITEM ( 'NONE', ( #1196 ), #1225 ) ;
#1728 = EDGE_CURVE ( 'NONE', #466, #2761, #3017, .T. ) ;
#1729 = DIRECTION ( 'NONE',  ( 0.000000000000000000, 1.000000000000000000, 0.000000000000000000 ) ) ;
#1730 = VECTOR ( 'NONE', #355, 1000.000000000000000 ) ;
#1731 = SURFACE_STYLE_FILL_AREA ( #690 ) ;
#1732 = DIRECTION ( 'NONE',  ( -1.671814187836141990E-32, -1.000000000000000000, -1.445602896647338917E-16 ) ) ;
#1733 = DIRECTION ( 'NONE',  ( 0.000000000000000000, 1.000000000000000000, 0.000000000000000000 ) ) ;
#1734 = EDGE_CURVE ( 'NONE', #2091, #1191, #3720, .T. ) ;
#1735 = FACE_OUTER_BOUND ( 'NONE', #3804, .T. ) ;
#1736 = SURFACE_SIDE_STYLE ('',( #736 ) ) ;
#1737 = VECTOR ( 'NONE', #2497, 1000.000000000000000 ) ;
#1738 = CARTESIAN_POINT ( 'NONE',  ( -13.58276253029822023, 2.000000000000000000, -15.00000000000000000 ) ) ;
#1739 = UNCERTAINTY_MEASURE_WITH_UNIT (LENGTH_MEASURE( 1.000000000000000082E-05 ), #1376, 'distance_accuracy_value', 'NONE');
#1740 = VECTOR ( 'NONE', #2100, 1000.000000000000000 ) ;
#1741 = ADVANCED_FACE ( 'NONE', ( #515 ), #880, .F. ) ;
#1742 = ORIENTED_EDGE ( 'NONE', *, *, #462, .F. ) ;
#1743 = CARTESIAN_POINT ( 'NONE',  ( -5.000000000000001776, -2.602085213965210642E-15, -7.549931987631726787E-16 ) ) ;
#1744 = VECTOR ( 'NONE', #2181, 1000.000000000000000 ) ;
#1745 = ORIENTED_EDGE ( 'NONE', *, *, #679, .T. ) ;
#1746 = VECTOR ( 'NONE', #759, 1000.000000000000000 ) ;
#1747 = ORIENTED_EDGE ( 'NONE', *, *, #3609, .F. ) ;
#1748 = SURFACE_STYLE_FILL_AREA ( #181 ) ;
#1749 = ORIENTED_EDGE ( 'NONE', *, *, #3014, .T. ) ;
#1750 = CARTESIAN_POINT ( 'NONE',  ( -5.770658746154558649, 3.000000000000000000, 15.00000000000000533 ) ) ;
#1751 = CARTESIAN_POINT ( 'NONE',  ( 3.500000000000001332, 1.999999999999999112, -9.000000000000000000 ) ) ;
#1752 = PRESENTATION_STYLE_ASSIGNMENT (( #840 ) ) ;
#1753 = DIRECTION ( 'NONE',  ( 0.000000000000000000, 0.000000000000000000, -1.000000000000000000 ) ) ;
#1754 = SURFACE_SIDE_STYLE ('',( #458 ) ) ;
#1755 = FILL_AREA_STYLE ('',( #4005 ) ) ;
#1756 = FILL_AREA_STYLE_COLOUR ( '', #1725 ) ;
#1757 = FILL_AREA_STYLE_COLOUR ( '', #2416 ) ;
#1758 = COLOUR_RGB ( '',0.2509803921568627416, 0.2509803921568627416, 0.2509803921568627416 ) ;
#1759 = FACE_BOUND ( 'NONE', #1080, .T. ) ;
#1760 = ADVANCED_FACE ( 'NONE', ( #1148 ), #2487, .F. ) ;
#1761 = CARTESIAN_POINT ( 'NONE',  ( 7.195563724354545165, 4.000000000000000000, 14.34043352985769815 ) ) ;
#1762 = SURFACE_SIDE_STYLE ('',( #3052 ) ) ;
#1763 = ORIENTED_EDGE ( 'NONE', *, *, #2596, .F. ) ;
#1764 =( NAMED_UNIT ( * ) SI_UNIT ( $, .STERADIAN. ) SOLID_ANGLE_UNIT ( ) );
#1765 = ORIENTED_EDGE ( 'NONE', *, *, #344, .F. ) ;
#1766 = PRESENTATION_STYLE_ASSIGNMENT (( #3700 ) ) ;
#1767 = ORIENTED_EDGE ( 'NONE', *, *, #1331, .T. ) ;
#1768 = LINE ( 'NONE', #3617, #1486 ) ;
#1769 =( LENGTH_UNIT ( ) NAMED_UNIT ( * ) SI_UNIT ( .MILLI., .METRE. ) );
#1770 = SURFACE_STYLE_FILL_AREA ( #2443 ) ;
#1771 = ORIENTED_EDGE ( 'NONE', *, *, #3630, .F. ) ;
#1772 = VECTOR ( 'NONE', #2054, 1000.000000000000000 ) ;
#1773 = DIRECTION ( 'NONE',  ( -9.115745035929406798E-64, -1.445602896647338917E-16, 1.000000000000000000 ) ) ;
#1774 = LINE ( 'NONE', #3363, #1740 ) ;
#1775 = FACE_OUTER_BOUND ( 'NONE', #3473, .T. ) ;
#1776 = PLANE ( 'NONE',  #1523 ) ;
#1777 = VECTOR ( 'NONE', #526, 1000.000000000000000 ) ;
#1778 = UNCERTAINTY_MEASURE_WITH_UNIT (LENGTH_MEASURE( 1.000000000000000082E-05 ), #2820, 'distance_accuracy_value', 'NONE');
#1779 = FACE_BOUND ( 'NONE', #1187, .T. ) ;
#1780 = CARTESIAN_POINT ( 'NONE',  ( -6.435197465963121033, 2.000000000000000000, 15.00000000000000533 ) ) ;
#1781 = VECTOR ( 'NONE', #889, 1000.000000000000000 ) ;
#1782 =( NAMED_UNIT ( * ) SI_UNIT ( $, .STERADIAN. ) SOLID_ANGLE_UNIT ( ) );
#1783 = CARTESIAN_POINT ( 'NONE',  ( -7.499999999999997335, 2.000000000000000000, 15.00000000000000533 ) ) ;
#1784 = EDGE_CURVE ( 'NONE', #3722, #3459, #3977, .T. ) ;
#1785 = ORIENTED_EDGE ( 'NONE', *, *, #2758, .T. ) ;
#1786 = CARTESIAN_POINT ( 'NONE',  ( 7.500000000000000000, 7.000000000000000000, -0.4174243050441592273 ) ) ;
#1787 = EDGE_LOOP ( 'NONE', ( #2757, #3567, #2282, #4022 ) ) ;
#1788 = CARTESIAN_POINT ( 'NONE',  ( -7.500000000000000888, 2.000000000000000000, -14.99999999999999822 ) ) ;
#1789 = ORIENTED_EDGE ( 'NONE', *, *, #1028, .T. ) ;
#1790 = AXIS2_PLACEMENT_3D ( 'NONE', #2904, #2193, #1302 ) ;
#1791 = DIRECTION ( 'NONE',  ( -0.000000000000000000, -1.000000000000000000, 0.000000000000000000 ) ) ;
#1792 = CARTESIAN_POINT ( 'NONE',  ( 2.250000000000001332, 4.000000000000000000, -15.00000000000000178 ) ) ;
#1793 =( GEOMETRIC_REPRESENTATION_CONTEXT ( 3 ) GLOBAL_UNCERTAINTY_ASSIGNED_CONTEXT ( ( #2511 ) ) GLOBAL_UNIT_ASSIGNED_CONTEXT ( ( #2210, #4152, #3838 ) ) REPRESENTATION_CONTEXT ( 'NONE', 'WORKASPACE' ) );
#1794 = CYLINDRICAL_SURFACE ( 'NONE', #3696, 1.061980817857794301 ) ;
#1795 = EDGE_CURVE ( 'NONE', #155, #2116, #2403, .T. ) ;
#1796 = ORIENTED_EDGE ( 'NONE', *, *, #569, .T. ) ;
#1797 = CARTESIAN_POINT ( 'NONE',  ( 7.499999999999999112, 2.000000000000000000, -14.99999999999999822 ) ) ;
#1798 = AXIS2_PLACEMENT_3D ( 'NONE', #1949, #338, #2308 ) ;
#1799 = CARTESIAN_POINT ( 'NONE',  ( -13.58276253029822023, 0.9999999999999993339, -8.999999999999998224 ) ) ;
#1800 = VECTOR ( 'NONE', #3733, 1000.000000000000000 ) ;
#1801 = SURFACE_STYLE_FILL_AREA ( #481 ) ;
#1802 = FILL_AREA_STYLE ('',( #3690 ) ) ;
#1803 =( LENGTH_UNIT ( ) NAMED_UNIT ( * ) SI_UNIT ( .MILLI., .METRE. ) );
#1804 = UNCERTAINTY_MEASURE_WITH_UNIT (LENGTH_MEASURE( 1.000000000000000082E-05 ), #142, 'distance_accuracy_value', 'NONE');
#1805 = CARTESIAN_POINT ( 'NONE',  ( -7.499999999999997335, 2.000000000000000000, 15.00000000000000533 ) ) ;
#1806 = ORIENTED_EDGE ( 'NONE', *, *, #2749, .F. ) ;
#1807 = AXIS2_PLACEMENT_3D ( 'NONE', #905, #1231, #2861 ) ;
#1808 = ORIENTED_EDGE ( 'NONE', *, *, #3590, .F. ) ;
#1809 = ORIENTED_EDGE ( 'NONE', *, *, #3420, .F. ) ;
#1810 = COLOUR_RGB ( '',1.000000000000000000, 1.000000000000000000, 0.000000000000000000 ) ;
#1811 = EDGE_CURVE ( 'NONE', #3701, #1204, #3120, .T. ) ;
#1812 = DIRECTION ( 'NONE',  ( -0.000000000000000000, -1.000000000000000000, -0.000000000000000000 ) ) ;
#1813 = VECTOR ( 'NONE', #2578, 1000.000000000000000 ) ;
#1814 = DIRECTION ( 'NONE',  ( -1.671814187836141990E-32, -1.000000000000000000, -1.445602896647338917E-16 ) ) ;
#1815 = CARTESIAN_POINT ( 'NONE',  ( -5.106120026345997154, 3.000000000000000000, 15.00000000000000533 ) ) ;
#1816 = FILL_AREA_STYLE_COLOUR ( '', #2531 ) ;
#1817 = VERTEX_POINT ( 'NONE', #1531 ) ;
#1818 = CARTESIAN_POINT ( 'NONE',  ( -13.58276253029822023, 2.000000000000000000, -15.00000000000000000 ) ) ;
#1819 = EDGE_CURVE ( 'NONE', #3455, #1147, #1852, .T. ) ;
#1820 = CARTESIAN_POINT ( 'NONE',  ( 5.106120026345997154, 4.000000000000000000, 14.36984205327657627 ) ) ;
#1821 = DIRECTION ( 'NONE',  ( 1.000000000000000000, -0.000000000000000000, 0.000000000000000000 ) ) ;
#1822 = UNCERTAINTY_MEASURE_WITH_UNIT (LENGTH_MEASURE( 1.000000000000000082E-05 ), #1669, 'distance_accuracy_value', 'NONE');
#1823 =( NAMED_UNIT ( * ) SI_UNIT ( $, .STERADIAN. ) SOLID_ANGLE_UNIT ( ) );
#1824 = SURFACE_SIDE_STYLE ('',( #173 ) ) ;
#1825 = LINE ( 'NONE', #3076, #2459 ) ;
#1826 = ORIENTED_EDGE ( 'NONE', *, *, #1131, .F. ) ;
#1827 =( LENGTH_UNIT ( ) NAMED_UNIT ( * ) SI_UNIT ( .MILLI., .METRE. ) );
#1828 = VECTOR ( 'NONE', #3724, 1000.000000000000000 ) ;
#1829 = EDGE_LOOP ( 'NONE', ( #132, #1830, #1854, #686, #2703, #7, #761 ) ) ;
#1830 = ORIENTED_EDGE ( 'NONE', *, *, #3609, .T. ) ;
#1831 = DIRECTION ( 'NONE',  ( 1.000000000000000000, -0.000000000000000000, -1.156482317317871478E-16 ) ) ;
#1832 = CARTESIAN_POINT ( 'NONE',  ( 4.999999999999997335, 2.000000000000000000, -15.00000000000000355 ) ) ;
#1833 = EDGE_CURVE ( 'NONE', #582, #404, #4023, .T. ) ;
#1834 = SURFACE_STYLE_USAGE ( .BOTH. , #476 ) ;
#1835 = ORIENTED_EDGE ( 'NONE', *, *, #3057, .F. ) ;
#1836 =( NAMED_UNIT ( * ) PLANE_ANGLE_UNIT ( ) SI_UNIT ( $, .RADIAN. ) );
#1837 = FILL_AREA_STYLE ('',( #902 ) ) ;
#1838 = PRESENTATION_STYLE_ASSIGNMENT (( #3475 ) ) ;
#1839 = DIRECTION ( 'NONE',  ( 1.671814187836141990E-32, 1.000000000000000000, 1.445602896647338917E-16 ) ) ;
#1840 = FACE_OUTER_BOUND ( 'NONE', #3467, .T. ) ;
#1841 = UNCERTAINTY_MEASURE_WITH_UNIT (LENGTH_MEASURE( 1.000000000000000082E-05 ), #2655, 'distance_accuracy_value', 'NONE');
#1842 = AXIS2_PLACEMENT_3D ( 'NONE', #3141, #2826, #1171 ) ;
#1843 = UNCERTAINTY_MEASURE_WITH_UNIT (LENGTH_MEASURE( 1.000000000000000082E-05 ), #148, 'distance_accuracy_value', 'NONE');
#1844 = SURFACE_SIDE_STYLE ('',( #1233 ) ) ;
#1845 = SURFACE_STYLE_FILL_AREA ( #2801 ) ;
#1846 = VERTEX_POINT ( 'NONE', #1409 ) ;
#1847 = EDGE_CURVE ( 'NONE', #945, #596, #209, .T. ) ;
#1848 = CARTESIAN_POINT ( 'NONE',  ( 0.000000000000000000, 0.000000000000000000, 0.000000000000000000 ) ) ;
#1849 = VECTOR ( 'NONE', #340, 1000.000000000000000 ) ;
#1850 = PRESENTATION_LAYER_ASSIGNMENT (  '', '', ( #1295 ) ) ;
#1851 = ORIENTED_EDGE ( 'NONE', *, *, #1811, .F. ) ;
#1852 = LINE ( 'NONE', #2251, #2652 ) ;
#1853 = LINE ( 'NONE', #4101, #224 ) ;
#1854 = ORIENTED_EDGE ( 'NONE', *, *, #513, .T. ) ;
#1855 = MECHANICAL_DESIGN_GEOMETRIC_PRESENTATION_REPRESENTATION (  '', ( #1448 ), #2785 ) ;
#1856 = DIRECTION ( 'NONE',  ( -1.000000000000000000, 0.000000000000000000, 0.000000000000000000 ) ) ;
#1857 = DIRECTION ( 'NONE',  ( -0.000000000000000000, -1.000000000000000000, -0.000000000000000000 ) ) ;
#1858 = DIRECTION ( 'NONE',  ( 1.445602896647338424E-16, 1.365123520548581852E-16, -1.000000000000000000 ) ) ;
#1859 = DIRECTION ( 'NONE',  ( 0.000000000000000000, 0.000000000000000000, -1.000000000000000000 ) ) ;
#1860 = UNCERTAINTY_MEASURE_WITH_UNIT (LENGTH_MEASURE( 1.000000000000000082E-05 ), #2246, 'distance_accuracy_value', 'NONE');
#1861 = CYLINDRICAL_SURFACE ( 'NONE', #1329, 0.6645387198085618286 ) ;
#1862 = MECHANICAL_DESIGN_GEOMETRIC_PRESENTATION_REPRESENTATION (  '', ( #1521 ), #220 ) ;
#1863 = PRESENTATION_LAYER_ASSIGNMENT (  '', '', ( #1240 ) ) ;
#1864 = FILL_AREA_STYLE ('',( #574 ) ) ;
#1865 = EDGE_CURVE ( 'NONE', #407, #3655, #3623, .T. ) ;
#1866 = FACE_OUTER_BOUND ( 'NONE', #683, .T. ) ;
#1867 = FILL_AREA_STYLE ('',( #286 ) ) ;
#1868 = STYLED_ITEM ( 'NONE', ( #3746 ), #1595 ) ;
#1869 = VERTEX_POINT ( 'NONE', #3407 ) ;
#1870 =( LENGTH_UNIT ( ) NAMED_UNIT ( * ) SI_UNIT ( .MILLI., .METRE. ) );
#1871 =( NAMED_UNIT ( * ) SI_UNIT ( $, .STERADIAN. ) SOLID_ANGLE_UNIT ( ) );
#1872 =( GEOMETRIC_REPRESENTATION_CONTEXT ( 3 ) GLOBAL_UNCERTAINTY_ASSIGNED_CONTEXT ( ( #4091 ) ) GLOBAL_UNIT_ASSIGNED_CONTEXT ( ( #674, #2613, #779 ) ) REPRESENTATION_CONTEXT ( 'NONE', 'WORKASPACE' ) );
#1873 = SURFACE_STYLE_FILL_AREA ( #274 ) ;
#1874 = MECHANICAL_DESIGN_GEOMETRIC_PRESENTATION_REPRESENTATION (  '', ( #1194 ), #456 ) ;
#1875 = ORIENTED_EDGE ( 'NONE', *, *, #1941, .F. ) ;
#1876 = MECHANICAL_DESIGN_GEOMETRIC_PRESENTATION_REPRESENTATION (  '', ( #2019 ), #2944 ) ;
#1877 = LINE ( 'NONE', #1919, #291 ) ;
#1878 = CARTESIAN_POINT ( 'NONE',  ( -5.659720593955204215, 4.500000000000000888, 8.745923688806527707 ) ) ;
#1879 = AXIS2_PLACEMENT_3D ( 'NONE', #1738, #2972, #1678 ) ;
#1880 = LINE ( 'NONE', #4089, #2614 ) ;
#1881 = CARTESIAN_POINT ( 'NONE',  ( 7.499999999999999112, 1.000000000000000000, -15.00000000000000178 ) ) ;
#1882 = CARTESIAN_POINT ( 'NONE',  ( -3.500000000000001332, -2.602085213965210642E-15, -3.219175043950317728E-17 ) ) ;
#1883 = CARTESIAN_POINT ( 'NONE',  ( -13.58276253029822023, 3.000000000000000000, -15.00000000000000000 ) ) ;
#1884 = EDGE_CURVE ( 'NONE', #2422, #3693, #3320, .T. ) ;
#1885 = VERTEX_POINT ( 'NONE', #144 ) ;
#1886 = PLANE ( 'NONE',  #2292 ) ;
#1887 =( LENGTH_UNIT ( ) NAMED_UNIT ( * ) SI_UNIT ( .MILLI., .METRE. ) );
#1888 = STYLED_ITEM ( 'NONE', ( #1969 ), #3188 ) ;
#1889 = PLANE ( 'NONE',  #1634 ) ;
#1890 = VECTOR ( 'NONE', #171, 1000.000000000000000 ) ;
#1891 = ORIENTED_EDGE ( 'NONE', *, *, #2347, .F. ) ;
#1892 = SURFACE_STYLE_USAGE ( .BOTH. , #3489 ) ;
#1893 = ORIENTED_EDGE ( 'NONE', *, *, #1076, .F. ) ;
#1894 = EDGE_CURVE ( 'NONE', #197, #3740, #777, .T. ) ;
#1895 = VECTOR ( 'NONE', #2659, 1000.000000000000000 ) ;
#1896 = ADVANCED_FACE ( 'NONE', ( #460 ), #501, .T. ) ;
#1897 = CARTESIAN_POINT ( 'NONE',  ( 5.106120026345997154, 2.000000000000000000, 14.36984205327657627 ) ) ;
#1898 = LINE ( 'NONE', #262, #3868 ) ;
#1899 = DIRECTION ( 'NONE',  ( -0.000000000000000000, -1.000000000000000000, -0.000000000000000000 ) ) ;
#1900 = DIRECTION ( 'NONE',  ( 0.000000000000000000, 0.000000000000000000, 1.000000000000000000 ) ) ;
#1901 = STYLED_ITEM ( 'NONE', ( #4107 ), #977 ) ;
#1902 = FILL_AREA_STYLE_COLOUR ( '', #1639 ) ;
#1903 = ORIENTED_EDGE ( 'NONE', *, *, #3757, .F. ) ;
#1904 =( GEOMETRIC_REPRESENTATION_CONTEXT ( 3 ) GLOBAL_UNCERTAINTY_ASSIGNED_CONTEXT ( ( #2967 ) ) GLOBAL_UNIT_ASSIGNED_CONTEXT ( ( #1907, #4097, #2231 ) ) REPRESENTATION_CONTEXT ( 'NONE', 'WORKASPACE' ) );
#1905 = COLOUR_RGB ( '',1.000000000000000000, 1.000000000000000000, 0.000000000000000000 ) ;
#1906 = EDGE_CURVE ( 'NONE', #113, #2959, #3682, .T. ) ;
#1907 =( LENGTH_UNIT ( ) NAMED_UNIT ( * ) SI_UNIT ( .MILLI., .METRE. ) );
#1908 = MECHANICAL_DESIGN_GEOMETRIC_PRESENTATION_REPRESENTATION (  '', ( #3704 ), #4100 ) ;
#1909 = DIRECTION ( 'NONE',  ( 1.000000000000000000, -0.000000000000000000, -1.156482317317871478E-16 ) ) ;
#1910 = VECTOR ( 'NONE', #2890, 1000.000000000000000 ) ;
#1911 = AXIS2_PLACEMENT_3D ( 'NONE', #1417, #3651, #852 ) ;
#1912 = CARTESIAN_POINT ( 'NONE',  ( 5.000000000000001776, 3.999999999999998224, -1.767520401042369642E-16 ) ) ;
#1913 = ORIENTED_EDGE ( 'NONE', *, *, #1444, .F. ) ;
#1914 = SURFACE_STYLE_USAGE ( .BOTH. , #2257 ) ;
#1915 = ORIENTED_EDGE ( 'NONE', *, *, #2518, .F. ) ;
#1916 = PRESENTATION_LAYER_ASSIGNMENT (  '', '', ( #3911 ) ) ;
#1917 = APPLICATION_CONTEXT ( 'automotive_design' ) ;
#1918 = SURFACE_STYLE_FILL_AREA ( #278 ) ;
#1919 = CARTESIAN_POINT ( 'NONE',  ( -5.000000000000001776, 3.999999999999998224, -1.767520401042369642E-16 ) ) ;
#1920 = EDGE_CURVE ( 'NONE', #98, #2573, #3087, .T. ) ;
#1921 = PRESENTATION_LAYER_ASSIGNMENT (  '', '', ( #3645 ) ) ;
#1922 = PRESENTATION_STYLE_ASSIGNMENT (( #1580 ) ) ;
#1923 = DIRECTION ( 'NONE',  ( -1.000000000000000000, 0.000000000000000000, -0.000000000000000000 ) ) ;
#1924 = DIRECTION ( 'NONE',  ( -1.000000000000000000, 0.000000000000000000, -0.000000000000000000 ) ) ;
#1925 = DIRECTION ( 'NONE',  ( 1.445602896647338917E-16, 1.445602896647338917E-16, -1.000000000000000000 ) ) ;
#1926 = VECTOR ( 'NONE', #24, 1000.000000000000000 ) ;
#1927 = CARTESIAN_POINT ( 'NONE',  ( 0.7500000000000006661, 1.000000000000000000, -15.00000000000000000 ) ) ;
#1928 =( LENGTH_UNIT ( ) NAMED_UNIT ( * ) SI_UNIT ( .MILLI., .METRE. ) );
#1929 = LINE ( 'NONE', #3840, #2137 ) ;
#1930 = COLOUR_RGB ( '',1.000000000000000000, 1.000000000000000000, 0.000000000000000000 ) ;
#1931 = VERTEX_POINT ( 'NONE', #1494 ) ;
#1932 = VERTEX_POINT ( 'NONE', #2077 ) ;
#1933 =( NAMED_UNIT ( * ) PLANE_ANGLE_UNIT ( ) SI_UNIT ( $, .RADIAN. ) );
#1934 = VECTOR ( 'NONE', #1623, 1000.000000000000000 ) ;
#1935 = COLOUR_RGB ( '',1.000000000000000000, 1.000000000000000000, 0.000000000000000000 ) ;
#1936 = FILL_AREA_STYLE ('',( #633 ) ) ;
#1937 =( LENGTH_UNIT ( ) NAMED_UNIT ( * ) SI_UNIT ( .MILLI., .METRE. ) );
#1938 = SURFACE_SIDE_STYLE ('',( #1265 ) ) ;
#1939 = ORIENTED_EDGE ( 'NONE', *, *, #2290, .F. ) ;
#1940 = LINE ( 'NONE', #3535, #2516 ) ;
#1941 = EDGE_CURVE ( 'NONE', #703, #1326, #3340, .T. ) ;
#1942 = STYLED_ITEM ( 'NONE', ( #3009 ), #2379 ) ;
#1943 = VERTEX_POINT ( 'NONE', #3067 ) ;
#1944 = SURFACE_STYLE_FILL_AREA ( #3269 ) ;
#1945 = AXIS2_PLACEMENT_3D ( 'NONE', #802, #844, #210 ) ;
#1946 = DIRECTION ( 'NONE',  ( 0.000000000000000000, 0.000000000000000000, -1.000000000000000000 ) ) ;
#1947 = CARTESIAN_POINT ( 'NONE',  ( -7.499999999999997335, 2.000000000000000000, 15.00000000000000533 ) ) ;
#1948 = FACE_OUTER_BOUND ( 'NONE', #811, .T. ) ;
#1949 = CARTESIAN_POINT ( 'NONE',  ( -5.659720593955204215, 4.000000000000000000, 8.745923688806527707 ) ) ;
#1950 = MECHANICAL_DESIGN_GEOMETRIC_PRESENTATION_REPRESENTATION (  '', ( #524 ), #269 ) ;
#1951 = FILL_AREA_STYLE_COLOUR ( '', #3001 ) ;
#1952 = PRESENTATION_LAYER_ASSIGNMENT (  '', '', ( #3739 ) ) ;
#1953 = DIRECTION ( 'NONE',  ( -1.000000000000000000, 0.000000000000000000, -0.000000000000000000 ) ) ;
#1954 = ORIENTED_EDGE ( 'NONE', *, *, #2060, .T. ) ;
#1955 = SURFACE_STYLE_USAGE ( .BOTH. , #3864 ) ;
#1956 = CARTESIAN_POINT ( 'NONE',  ( 5.770658746154558649, 4.000000000000000000, 12.14149756551532988 ) ) ;
#1957 = ORIENTED_EDGE ( 'NONE', *, *, #4052, .T. ) ;
#1958 = LINE ( 'NONE', #3913, #1379 ) ;
#1959 = COLOUR_RGB ( '',1.000000000000000000, 1.000000000000000000, 0.000000000000000000 ) ;
#1960 = VERTEX_POINT ( 'NONE', #3043 ) ;
#1961 = CARTESIAN_POINT ( 'NONE',  ( -7.500000000000000888, 3.000000000000000000, -15.00000000000000178 ) ) ;
#1962 = ORIENTED_EDGE ( 'NONE', *, *, #2130, .T. ) ;
#1963 = CARTESIAN_POINT ( 'NONE',  ( -4.432403535665534022, 2.000000000000000000, 11.26780805515516803 ) ) ;
#1964 = EDGE_CURVE ( 'NONE', #3554, #2924, #1134, .T. ) ;
#1965 = LINE ( 'NONE', #2982, #222 ) ;
#1966 = LINE ( 'NONE', #708, #1630 ) ;
#1967 = DIRECTION ( 'NONE',  ( 0.000000000000000000, -0.000000000000000000, 1.000000000000000000 ) ) ;
#1968 = CARTESIAN_POINT ( 'NONE',  ( 5.000000000000000888, -1.734723475976807094E-15, -9.000000000000000000 ) ) ;
#1969 = PRESENTATION_STYLE_ASSIGNMENT (( #734 ) ) ;
#1970 =( NAMED_UNIT ( * ) PLANE_ANGLE_UNIT ( ) SI_UNIT ( $, .RADIAN. ) );
#1971 = UNCERTAINTY_MEASURE_WITH_UNIT (LENGTH_MEASURE( 1.000000000000000082E-05 ), #749, 'distance_accuracy_value', 'NONE');
#1972 = FILL_AREA_STYLE ('',( #2373 ) ) ;
#1973 = LINE ( 'NONE', #399, #3154 ) ;
#1974 = ORIENTED_EDGE ( 'NONE', *, *, #648, .T. ) ;
#1975 = LINE ( 'NONE', #3568, #991 ) ;
#1976 = VECTOR ( 'NONE', #3541, 1000.000000000000000 ) ;
#1977 = ADVANCED_FACE ( 'NONE', ( #2117 ), #3383, .F. ) ;
#1978 = FACE_OUTER_BOUND ( 'NONE', #1787, .T. ) ;
#1979 = STYLED_ITEM ( 'NONE', ( #2095 ), #3743 ) ;
#1980 = ORIENTED_EDGE ( 'NONE', *, *, #1468, .F. ) ;
#1981 = CARTESIAN_POINT ( 'NONE',  ( 5.000000000000000888, -1.734723475976807094E-15, -9.000000000000000000 ) ) ;
#1982 = VERTEX_POINT ( 'NONE', #329 ) ;
#1983 = VERTEX_POINT ( 'NONE', #3530 ) ;
#1984 = DIRECTION ( 'NONE',  ( -1.000000000000000000, -1.368455531567204171E-48, 1.156482317317871478E-16 ) ) ;
#1985 = ORIENTED_EDGE ( 'NONE', *, *, #3881, .F. ) ;
#1986 =( LENGTH_UNIT ( ) NAMED_UNIT ( * ) SI_UNIT ( .MILLI., .METRE. ) );
#1987 = CARTESIAN_POINT ( 'NONE',  ( -5.770658746154558649, 4.000000000000000000, 13.20347838337312396 ) ) ;
#1988 = STYLED_ITEM ( 'NONE', ( #3915 ), #1690 ) ;
#1989 = DIRECTION ( 'NONE',  ( -6.041948581480111701E-49, 1.084202172485504187E-16, -1.000000000000000000 ) ) ;
#1990 =( LENGTH_UNIT ( ) NAMED_UNIT ( * ) SI_UNIT ( .MILLI., .METRE. ) );
#1991 = CARTESIAN_POINT ( 'NONE',  ( 2.250000000000001332, -8.673617379884035472E-16, -15.00000000000000178 ) ) ;
#1992 = EDGE_LOOP ( 'NONE', ( #3747, #916, #3978, #471 ) ) ;
#1993 = EDGE_CURVE ( 'NONE', #2156, #1676, #3825, .T. ) ;
#1994 = COLOUR_RGB ( '',1.000000000000000000, 1.000000000000000000, 0.000000000000000000 ) ;
#1995 = COLOUR_RGB ( '',1.000000000000000000, 1.000000000000000000, 0.000000000000000000 ) ;
#1996 =( GEOMETRIC_REPRESENTATION_CONTEXT ( 3 ) GLOBAL_UNCERTAINTY_ASSIGNED_CONTEXT ( ( #2837 ) ) GLOBAL_UNIT_ASSIGNED_CONTEXT ( ( #3023, #1088, #1452 ) ) REPRESENTATION_CONTEXT ( 'NONE', 'WORKASPACE' ) );
#1997 = ADVANCED_FACE ( 'NONE', ( #659 ), #3174, .F. ) ;
#1998 = EDGE_LOOP ( 'NONE', ( #1124, #910 ) ) ;
#1999 = CARTESIAN_POINT ( 'NONE',  ( -4.432403535665534022, 2.000000000000000000, 11.26780805515516803 ) ) ;
#2000 = ORIENTED_EDGE ( 'NONE', *, *, #3081, .T. ) ;
#2001 = MECHANICAL_DESIGN_GEOMETRIC_PRESENTATION_REPRESENTATION (  '', ( #179 ), #2597 ) ;
#2002 = FILL_AREA_STYLE_COLOUR ( '', #2579 ) ;
#2003 = VERTEX_POINT ( 'NONE', #2887 ) ;
#2004 = CARTESIAN_POINT ( 'NONE',  ( 4.999999999999997335, 1.000000000000000000, -15.00000000000000355 ) ) ;
#2005 = SURFACE_SIDE_STYLE ('',( #1640 ) ) ;
#2006 = FILL_AREA_STYLE ('',( #3919 ) ) ;
#2007 = FILL_AREA_STYLE ('',( #1320 ) ) ;
#2008 = LINE ( 'NONE', #3580, #2665 ) ;
#2009 = FILL_AREA_STYLE ('',( #3604 ) ) ;
#2010 = FACE_OUTER_BOUND ( 'NONE', #602, .T. ) ;
#2011 = AXIS2_PLACEMENT_3D ( 'NONE', #1761, #3429, #2476 ) ;
#2012 = UNCERTAINTY_MEASURE_WITH_UNIT (LENGTH_MEASURE( 1.000000000000000082E-05 ), #1437, 'distance_accuracy_value', 'NONE');
#2013 = DIRECTION ( 'NONE',  ( 0.000000000000000000, 1.445602896647338917E-16, -1.000000000000000000 ) ) ;
#2014 = LINE ( 'NONE', #985, #2923 ) ;
#2015 = ORIENTED_EDGE ( 'NONE', *, *, #2436, .T. ) ;
#2016 = AXIS2_PLACEMENT_3D ( 'NONE', #3049, #4027, #1393 ) ;
#2017 = SURFACE_STYLE_FILL_AREA ( #402 ) ;
#2018 = AXIS2_PLACEMENT_3D ( 'NONE', #1743, #721, #3629 ) ;
#2019 = STYLED_ITEM ( 'NONE', ( #1158 ), #350 ) ;
#2020 = EDGE_CURVE ( 'NONE', #275, #113, #235, .T. ) ;
#2021 = VERTEX_POINT ( 'NONE', #3507 ) ;
#2022 = DIRECTION ( 'NONE',  ( -0.000000000000000000, -1.000000000000000000, -0.000000000000000000 ) ) ;
#2023 = ORIENTED_EDGE ( 'NONE', *, *, #1722, .F. ) ;
#2024 = FACE_OUTER_BOUND ( 'NONE', #3955, .T. ) ;
#2025 = ORIENTED_EDGE ( 'NONE', *, *, #2188, .F. ) ;
#2026 =( LENGTH_UNIT ( ) NAMED_UNIT ( * ) SI_UNIT ( .MILLI., .METRE. ) );
#2027 = EDGE_LOOP ( 'NONE', ( #522, #158, #1681, #3869 ) ) ;
#2028 =( NAMED_UNIT ( * ) PLANE_ANGLE_UNIT ( ) SI_UNIT ( $, .RADIAN. ) );
#2029 = CARTESIAN_POINT ( 'NONE',  ( -5.770658746154558649, 4.000000000000000000, 12.14149756551532988 ) ) ;
#2030 = CARTESIAN_POINT ( 'NONE',  ( -13.58276253029822023, 1.000000000000000000, -15.00000000000000000 ) ) ;
#2031 = CARTESIAN_POINT ( 'NONE',  ( -13.58276253029822023, 3.000000000000000000, -15.00000000000000000 ) ) ;
#2032 = EDGE_CURVE ( 'NONE', #2705, #3332, #635, .T. ) ;
#2033 =( LENGTH_UNIT ( ) NAMED_UNIT ( * ) SI_UNIT ( .MILLI., .METRE. ) );
#2034 =( GEOMETRIC_REPRESENTATION_CONTEXT ( 3 ) GLOBAL_UNCERTAINTY_ASSIGNED_CONTEXT ( ( #3365 ) ) GLOBAL_UNIT_ASSIGNED_CONTEXT ( ( #2386, #836, #2747 ) ) REPRESENTATION_CONTEXT ( 'NONE', 'WORKASPACE' ) );
#2035 = PLANE ( 'NONE',  #2580 ) ;
#2036 = FILL_AREA_STYLE_COLOUR ( '', #1675 ) ;
#2037 = PLANE ( 'NONE',  #3377 ) ;
#2038 = PLANE ( 'NONE',  #634 ) ;
#2039 = APPLICATION_PROTOCOL_DEFINITION ( 'draft international standard', 'automotive_design', 1998, #568 ) ;
#2040 = CARTESIAN_POINT ( 'NONE',  ( 5.106120026345997154, 4.000000000000000000, 15.00000000000000533 ) ) ;
#2041 = ORIENTED_EDGE ( 'NONE', *, *, #228, .F. ) ;
#2042 =( LENGTH_UNIT ( ) NAMED_UNIT ( * ) SI_UNIT ( .MILLI., .METRE. ) );
#2043 = EDGE_CURVE ( 'NONE', #2364, #1332, #2792, .T. ) ;
#2044 = MECHANICAL_DESIGN_GEOMETRIC_PRESENTATION_REPRESENTATION (  '', ( #1901 ), #558 ) ;
#2045 = ORIENTED_EDGE ( 'NONE', *, *, #1390, .F. ) ;
#2046 = AXIS2_PLACEMENT_3D ( 'NONE', #3731, #604, #3182 ) ;
#2047 = ORIENTED_EDGE ( 'NONE', *, *, #3819, .T. ) ;
#2048 = FACE_OUTER_BOUND ( 'NONE', #500, .T. ) ;
#2049 = ORIENTED_EDGE ( 'NONE', *, *, #2290, .T. ) ;
#2050 = AXIS2_PLACEMENT_3D ( 'NONE', #2884, #2296, #307 ) ;
#2051 = EDGE_CURVE ( 'NONE', #3124, #2364, #6, .T. ) ;
#2052 = DIRECTION ( 'NONE',  ( -0.000000000000000000, -1.000000000000000000, -0.000000000000000000 ) ) ;
#2053 = PRESENTATION_LAYER_ASSIGNMENT (  '', '', ( #3834 ) ) ;
#2054 = DIRECTION ( 'NONE',  ( -0.000000000000000000, -0.000000000000000000, -1.000000000000000000 ) ) ;
#2055 = CARTESIAN_POINT ( 'NONE',  ( 5.000000000000001776, -2.602085213965210642E-15, -7.549931987631726787E-16 ) ) ;
#2056 = LINE ( 'NONE', #3022, #972 ) ;
#2057 = PRESENTATION_STYLE_ASSIGNMENT (( #3961 ) ) ;
#2058 =( GEOMETRIC_REPRESENTATION_CONTEXT ( 3 ) GLOBAL_UNCERTAINTY_ASSIGNED_CONTEXT ( ( #1478 ) ) GLOBAL_UNIT_ASSIGNED_CONTEXT ( ( #804, #3045, #2411 ) ) REPRESENTATION_CONTEXT ( 'NONE', 'WORKASPACE' ) );
#2059 = FILL_AREA_STYLE ('',( #2371 ) ) ;
#2060 = EDGE_CURVE ( 'NONE', #35, #1617, #969, .T. ) ;
#2061 = PLANE ( 'NONE',  #760 ) ;
#2062 =( NAMED_UNIT ( * ) PLANE_ANGLE_UNIT ( ) SI_UNIT ( $, .RADIAN. ) );
#2063 = VECTOR ( 'NONE', #4013, 1000.000000000000000 ) ;
#2064 = CARTESIAN_POINT ( 'NONE',  ( -3.500000000000001332, 1.000000000000000000, -15.00000000000000178 ) ) ;
#2065 = VECTOR ( 'NONE', #1154, 1000.000000000000000 ) ;
#2066 = COLOUR_RGB ( '',1.000000000000000000, 1.000000000000000000, 0.000000000000000000 ) ;
#2067 = EDGE_LOOP ( 'NONE', ( #3671, #895, #3486, #272 ) ) ;
#2068 = SURFACE_STYLE_USAGE ( .BOTH. , #2339 ) ;
#2069 = EDGE_LOOP ( 'NONE', ( #1659, #1705, #469, #2870 ) ) ;
#2070 = ORIENTED_EDGE ( 'NONE', *, *, #1106, .F. ) ;
#2071 =( NAMED_UNIT ( * ) SI_UNIT ( $, .STERADIAN. ) SOLID_ANGLE_UNIT ( ) );
#2072 = ORIENTED_EDGE ( 'NONE', *, *, #3697, .F. ) ;
#2073 = CARTESIAN_POINT ( 'NONE',  ( -13.58276253029822023, -7.347880794884118750E-16, -8.999999999999998224 ) ) ;
#2074 =( LENGTH_UNIT ( ) NAMED_UNIT ( * ) SI_UNIT ( .MILLI., .METRE. ) );
#2075 = EDGE_CURVE ( 'NONE', #2852, #1530, #3550, .T. ) ;
#2076 = CARTESIAN_POINT ( 'NONE',  ( -2.250000000000000888, 4.000000000000000000, -15.00000000000000178 ) ) ;
#2077 = CARTESIAN_POINT ( 'NONE',  ( -6.600769461620327405, 4.000000000000000000, 13.86583739294936457 ) ) ;
#2078 = DIRECTION ( 'NONE',  ( 1.000000000000000000, -0.000000000000000000, 0.000000000000000000 ) ) ;
#2079 = SURFACE_STYLE_FILL_AREA ( #1755 ) ;
#2080 =( NAMED_UNIT ( * ) SI_UNIT ( $, .STERADIAN. ) SOLID_ANGLE_UNIT ( ) );
#2081 = SURFACE_STYLE_USAGE ( .BOTH. , #4008 ) ;
#2082 =( NAMED_UNIT ( * ) PLANE_ANGLE_UNIT ( ) SI_UNIT ( $, .RADIAN. ) );
#2083 =( GEOMETRIC_REPRESENTATION_CONTEXT ( 3 ) GLOBAL_UNCERTAINTY_ASSIGNED_CONTEXT ( ( #1096 ) ) GLOBAL_UNIT_ASSIGNED_CONTEXT ( ( #1181, #216, #2799 ) ) REPRESENTATION_CONTEXT ( 'NONE', 'WORKASPACE' ) );
#2084 = DIRECTION ( 'NONE',  ( 1.000000000000000000, -0.000000000000000000, -1.156482317317871478E-16 ) ) ;
#2085 = CARTESIAN_POINT ( 'NONE',  ( -13.58276253029822023, 4.000000000000000000, -15.00000000000000000 ) ) ;
#2086 = COLOUR_RGB ( '',1.000000000000000000, 1.000000000000000000, 0.000000000000000000 ) ;
#2087 = ORIENTED_EDGE ( 'NONE', *, *, #3715, .T. ) ;
#2088 = CARTESIAN_POINT ( 'NONE',  ( -7.500000000000000888, 2.000000000000000000, -14.99999999999999822 ) ) ;
#2089 = COLOUR_RGB ( '',1.000000000000000000, 1.000000000000000000, 0.000000000000000000 ) ;
#2090 = VECTOR ( 'NONE', #3, 1000.000000000000000 ) ;
#2091 = VERTEX_POINT ( 'NONE', #3728 ) ;
#2092 = DIRECTION ( 'NONE',  ( -0.000000000000000000, -1.000000000000000000, -0.000000000000000000 ) ) ;
#2093 = VERTEX_POINT ( 'NONE', #2769 ) ;
#2094 = LINE ( 'NONE', #1449, #203 ) ;
#2095 = PRESENTATION_STYLE_ASSIGNMENT (( #3063 ) ) ;
#2096 = LINE ( 'NONE', #185, #376 ) ;
#2097 = DIRECTION ( 'NONE',  ( 0.000000000000000000, 1.445602896647338917E-16, -1.000000000000000000 ) ) ;
#2098 = VERTEX_POINT ( 'NONE', #345 ) ;
#2099 = CARTESIAN_POINT ( 'NONE',  ( 6.249999999999998224, 2.000000000000000000, -15.00000000000000000 ) ) ;
#2100 = DIRECTION ( 'NONE',  ( 3.038581678643135599E-64, 1.445602896647338917E-16, -1.000000000000000000 ) ) ;
#2101 = ADVANCED_FACE ( 'NONE', ( #1978 ), #1516, .F. ) ;
#2102 = MECHANICAL_DESIGN_GEOMETRIC_PRESENTATION_REPRESENTATION (  '', ( #1266 ), #3020 ) ;
#2103 = CARTESIAN_POINT ( 'NONE',  ( -13.58276253029822023, 2.000000000000000000, -15.00000000000000000 ) ) ;
#2104 = UNCERTAINTY_MEASURE_WITH_UNIT (LENGTH_MEASURE( 1.000000000000000082E-05 ), #410, 'distance_accuracy_value', 'NONE');
#2105 = CARTESIAN_POINT ( 'NONE',  ( -4.432403535665534022, 4.000000000000000000, 11.26780805515516803 ) ) ;
#2106 = EDGE_LOOP ( 'NONE', ( #332, #1701, #1763, #1246 ) ) ;
#2107 = VECTOR ( 'NONE', #1627, 1000.000000000000000 ) ;
#2108 = ADVANCED_FACE ( 'NONE', ( #68 ), #3973, .T. ) ;
#2109 = ORIENTED_EDGE ( 'NONE', *, *, #36, .F. ) ;
#2110 = ORIENTED_EDGE ( 'NONE', *, *, #3270, .T. ) ;
#2111 = FILL_AREA_STYLE ('',( #1127 ) ) ;
#2112 = MECHANICAL_DESIGN_GEOMETRIC_PRESENTATION_REPRESENTATION (  '', ( #2568 ), #3491 ) ;
#2113 = SURFACE_STYLE_USAGE ( .BOTH. , #163 ) ;
#2114 = EDGE_CURVE ( 'NONE', #2622, #186, #3331, .T. ) ;
#2115 = DIRECTION ( 'NONE',  ( 1.000000000000000000, -0.000000000000000000, -1.156482317317871478E-16 ) ) ;
#2116 = VERTEX_POINT ( 'NONE', #1397 ) ;
#2117 = FACE_OUTER_BOUND ( 'NONE', #788, .T. ) ;
#2118 = FILL_AREA_STYLE_COLOUR ( '', #737 ) ;
#2119 = SURFACE_STYLE_FILL_AREA ( #128 ) ;
#2120 =( NAMED_UNIT ( * ) PLANE_ANGLE_UNIT ( ) SI_UNIT ( $, .RADIAN. ) );
#2121 = LINE ( 'NONE', #2184, #1800 ) ;
#2122 = CARTESIAN_POINT ( 'NONE',  ( 7.500000000000000000, 3.999999999999999112, -9.000000000000000000 ) ) ;
#2123 =( GEOMETRIC_REPRESENTATION_CONTEXT ( 3 ) GLOBAL_UNCERTAINTY_ASSIGNED_CONTEXT ( ( #2948 ) ) GLOBAL_UNIT_ASSIGNED_CONTEXT ( ( #377, #1391, #781 ) ) REPRESENTATION_CONTEXT ( 'NONE', 'WORKASPACE' ) );
#2124 = UNCERTAINTY_MEASURE_WITH_UNIT (LENGTH_MEASURE( 1.000000000000000082E-05 ), #3243, 'distance_accuracy_value', 'NONE');
#2125 = FILL_AREA_STYLE ('',( #825 ) ) ;
#2126 = FILL_AREA_STYLE_COLOUR ( '', #1248 ) ;
#2127 = AXIS2_PLACEMENT_3D ( 'NONE', #2384, #97, #1637 ) ;
#2128 = STYLED_ITEM ( 'NONE', ( #3691 ), #3293 ) ;
#2129 =( NAMED_UNIT ( * ) PLANE_ANGLE_UNIT ( ) SI_UNIT ( $, .RADIAN. ) );
#2130 = EDGE_CURVE ( 'NONE', #3872, #1530, #4009, .T. ) ;
#2131 = ORIENTED_EDGE ( 'NONE', *, *, #2179, .T. ) ;
#2132 = ORIENTED_EDGE ( 'NONE', *, *, #1281, .F. ) ;
#2133 =( LENGTH_UNIT ( ) NAMED_UNIT ( * ) SI_UNIT ( .MILLI., .METRE. ) );
#2134 = EDGE_CURVE ( 'NONE', #1421, #2625, #3354, .T. ) ;
#2135 = ORIENTED_EDGE ( 'NONE', *, *, #1884, .F. ) ;
#2136 = PRODUCT_DEFINITION ( 'UNKNOWN', '', #3649, #215 ) ;
#2137 = VECTOR ( 'NONE', #2227, 1000.000000000000000 ) ;
#2138 = FACE_OUTER_BOUND ( 'NONE', #1024, .T. ) ;
#2139 = STYLED_ITEM ( 'NONE', ( #2374 ), #858 ) ;
#2140 = SURFACE_SIDE_STYLE ('',( #1770 ) ) ;
#2141 = ORIENTED_EDGE ( 'NONE', *, *, #2179, .F. ) ;
#2142 = PRESENTATION_STYLE_ASSIGNMENT (( #1454 ) ) ;
#2143 = AXIS2_PLACEMENT_3D ( 'NONE', #2263, #3520, #2962 ) ;
#2144 = COLOUR_RGB ( '',1.000000000000000000, 1.000000000000000000, 0.000000000000000000 ) ;
#2145 = CARTESIAN_POINT ( 'NONE',  ( 5.000000000000000888, 2.999999999999999112, -9.000000000000000000 ) ) ;
#2146 = SURFACE_STYLE_FILL_AREA ( #129 ) ;
#2147 = FACE_OUTER_BOUND ( 'NONE', #4123, .T. ) ;
#2148 = CARTESIAN_POINT ( 'NONE',  ( -6.600769461620327405, 2.000000000000000000, 13.86583739294936457 ) ) ;
#2149 = ORIENTED_EDGE ( 'NONE', *, *, #4150, .T. ) ;
#2150 = SURFACE_STYLE_FILL_AREA ( #490 ) ;
#2151 = ADVANCED_FACE ( 'NONE', ( #2681 ), #3262, .T. ) ;
#2152 = MECHANICAL_DESIGN_GEOMETRIC_PRESENTATION_REPRESENTATION (  '', ( #1532 ), #3341 ) ;
#2153 = ORIENTED_EDGE ( 'NONE', *, *, #250, .F. ) ;
#2154 = FILL_AREA_STYLE_COLOUR ( '', #161 ) ;
#2155 = AXIS2_PLACEMENT_3D ( 'NONE', #2088, #2666, #1078 ) ;
#2156 = VERTEX_POINT ( 'NONE', #810 ) ;
#2157 = AXIS2_PLACEMENT_3D ( 'NONE', #464, #1071, #1412 ) ;
#2158 = LINE ( 'NONE', #1169, #4153 ) ;
#2159 = STYLED_ITEM ( 'NONE', ( #2865 ), #2255 ) ;
#2160 = DIRECTION ( 'NONE',  ( -0.000000000000000000, -1.000000000000000000, -0.000000000000000000 ) ) ;
#2161 = SURFACE_STYLE_USAGE ( .BOTH. , #3726 ) ;
#2162 = EDGE_LOOP ( 'NONE', ( #1913, #2954, #2000, #3545 ) ) ;
#2163 = FILL_AREA_STYLE ('',( #4045 ) ) ;
#2164 = LINE ( 'NONE', #3426, #3101 ) ;
#2165 = FILL_AREA_STYLE ('',( #3732 ) ) ;
#2166 = EDGE_CURVE ( 'NONE', #3432, #1289, #2806, .T. ) ;
#2167 = CARTESIAN_POINT ( 'NONE',  ( -6.250000000000000000, 3.000000000000000000, -15.00000000000000178 ) ) ;
#2168 = FILL_AREA_STYLE ('',( #872 ) ) ;
#2169 = CARTESIAN_POINT ( 'NONE',  ( 3.500000000000001332, -2.602085213965210642E-15, -3.219175043950317728E-17 ) ) ;
#2170 = DIRECTION ( 'NONE',  ( 1.671814187836141990E-32, 1.000000000000000000, 1.445602896647338917E-16 ) ) ;
#2171 = COLOUR_RGB ( '',0.7921568627450980005, 0.8196078431372548767, 0.9333333333333333481 ) ;
#2172 = ORIENTED_EDGE ( 'NONE', *, *, #1626, .F. ) ;
#2173 = FACE_OUTER_BOUND ( 'NONE', #2440, .T. ) ;
#2174 = ORIENTED_EDGE ( 'NONE', *, *, #727, .T. ) ;
#2175 = CARTESIAN_POINT ( 'NONE',  ( 6.250000000000000000, -2.602085213965210642E-15, -3.219175043950317728E-17 ) ) ;
#2176 = ADVANCED_FACE ( 'NONE', ( #2173 ), #247, .T. ) ;
#2177 = DIRECTION ( 'NONE',  ( 0.000000000000000000, -0.000000000000000000, 1.000000000000000000 ) ) ;
#2178 =( LENGTH_UNIT ( ) NAMED_UNIT ( * ) SI_UNIT ( .MILLI., .METRE. ) );
#2179 = EDGE_CURVE ( 'NONE', #2932, #35, #2220, .T. ) ;
#2180 = EDGE_LOOP ( 'NONE', ( #2301, #1382, #740, #1554 ) ) ;
#2181 = DIRECTION ( 'NONE',  ( -0.000000000000000000, -1.000000000000000000, -0.000000000000000000 ) ) ;
#2182 = FILL_AREA_STYLE_COLOUR ( '', #893 ) ;
#2183 = VECTOR ( 'NONE', #2328, 1000.000000000000000 ) ;
#2184 = CARTESIAN_POINT ( 'NONE',  ( -3.500000000000001332, 3.999999999999998224, 5.460494082194324449E-16 ) ) ;
#2185 = STYLED_ITEM ( 'NONE', ( #3877 ), #3684 ) ;
#2186 =( NAMED_UNIT ( * ) SI_UNIT ( $, .STERADIAN. ) SOLID_ANGLE_UNIT ( ) );
#2187 = CARTESIAN_POINT ( 'NONE',  ( -13.58276253029822023, 3.000000000000000000, -15.00000000000000000 ) ) ;
#2188 = EDGE_CURVE ( 'NONE', #466, #630, #3717, .T. ) ;
#2189 = UNCERTAINTY_MEASURE_WITH_UNIT (LENGTH_MEASURE( 1.000000000000000082E-05 ), #3278, 'distance_accuracy_value', 'NONE');
#2190 = COLOUR_RGB ( '',1.000000000000000000, 1.000000000000000000, 0.000000000000000000 ) ;
#2191 = UNCERTAINTY_MEASURE_WITH_UNIT (LENGTH_MEASURE( 1.000000000000000082E-05 ), #939, 'distance_accuracy_value', 'NONE');
#2192 = DIRECTION ( 'NONE',  ( -1.345465627901028048E-49, 1.365123520548581852E-16, -1.000000000000000000 ) ) ;
#2193 = DIRECTION ( 'NONE',  ( 1.253860640877106493E-32, 1.000000000000000000, 1.084202172485504187E-16 ) ) ;
#2194 = ORIENTED_EDGE ( 'NONE', *, *, #2305, .T. ) ;
#2195 = PRESENTATION_STYLE_ASSIGNMENT (( #1145 ) ) ;
#2196 =( GEOMETRIC_REPRESENTATION_CONTEXT ( 3 ) GLOBAL_UNCERTAINTY_ASSIGNED_CONTEXT ( ( #1778 ) ) GLOBAL_UNIT_ASSIGNED_CONTEXT ( ( #2820, #322, #1256 ) ) REPRESENTATION_CONTEXT ( 'NONE', 'WORKASPACE' ) );
#2197 = ORIENTED_EDGE ( 'NONE', *, *, #3057, .T. ) ;
#2198 = LINE ( 'NONE', #3767, #1442 ) ;
#2199 = ORIENTED_EDGE ( 'NONE', *, *, #2875, .F. ) ;
#2200 = SURFACE_STYLE_FILL_AREA ( #1837 ) ;
#2201 = ADVANCED_FACE ( 'NONE', ( #1529 ), #3741, .F. ) ;
#2202 = FILL_AREA_STYLE_COLOUR ( '', #12 ) ;
#2203 =( LENGTH_UNIT ( ) NAMED_UNIT ( * ) SI_UNIT ( .MILLI., .METRE. ) );
#2204 = DIRECTION ( 'NONE',  ( 0.000000000000000000, 1.445602896647338917E-16, -1.000000000000000000 ) ) ;
#2205 = DIRECTION ( 'NONE',  ( -0.000000000000000000, -1.000000000000000000, -0.000000000000000000 ) ) ;
#2206 = COLOUR_RGB ( '',1.000000000000000000, 1.000000000000000000, 0.000000000000000000 ) ;
#2207 = AXIS2_PLACEMENT_3D ( 'NONE', #4129, #1251, #2204 ) ;
#2208 = SURFACE_SIDE_STYLE ('',( #2819 ) ) ;
#2209 = DIRECTION ( 'NONE',  ( 1.671814187836141990E-32, 1.000000000000000000, 0.000000000000000000 ) ) ;
#2210 =( LENGTH_UNIT ( ) NAMED_UNIT ( * ) SI_UNIT ( .MILLI., .METRE. ) );
#2211 = LINE ( 'NONE', #2822, #1652 ) ;
#2212 = VECTOR ( 'NONE', #3102, 1000.000000000000000 ) ;
#2213 = EDGE_LOOP ( 'NONE', ( #117, #2457, #3706, #323 ) ) ;
#2214 = DIRECTION ( 'NONE',  ( -1.000000000000000000, 0.000000000000000000, 0.000000000000000000 ) ) ;
#2215 = AXIS2_PLACEMENT_3D ( 'NONE', #302, #3448, #1254 ) ;
#2216 = ORIENTED_EDGE ( 'NONE', *, *, #3036, .F. ) ;
#2217 = MECHANICAL_DESIGN_GEOMETRIC_PRESENTATION_REPRESENTATION (  '', ( #2606 ), #1872 ) ;
#2218 = ORIENTED_EDGE ( 'NONE', *, *, #2518, .T. ) ;
#2219 = PLANE ( 'NONE',  #2430 ) ;
#2220 = CIRCLE ( 'NONE', #3276, 4.999999999999999112 ) ;
#2221 = AXIS2_PLACEMENT_3D ( 'NONE', #2169, #552, #465 ) ;
#2222 = DIRECTION ( 'NONE',  ( 0.000000000000000000, 1.445602896647338917E-16, -1.000000000000000000 ) ) ;
#2223 = EDGE_CURVE ( 'NONE', #347, #703, #559, .T. ) ;
#2224 = LINE ( 'NONE', #3498, #647 ) ;
#2225 = FILL_AREA_STYLE_COLOUR ( '', #3708 ) ;
#2226 = DIRECTION ( 'NONE',  ( 1.671814187836141990E-32, 1.000000000000000000, 1.445602896647338917E-16 ) ) ;
#2227 = DIRECTION ( 'NONE',  ( 1.671814187836141990E-32, 1.000000000000000000, 1.445602896647338917E-16 ) ) ;
#2228 = ORIENTED_EDGE ( 'NONE', *, *, #2778, .F. ) ;
#2229 = DIRECTION ( 'NONE',  ( 0.000000000000000000, 0.000000000000000000, 1.000000000000000000 ) ) ;
#2230 = VECTOR ( 'NONE', #2302, 1000.000000000000000 ) ;
#2231 =( NAMED_UNIT ( * ) SI_UNIT ( $, .STERADIAN. ) SOLID_ANGLE_UNIT ( ) );
#2232 = VECTOR ( 'NONE', #2919, 1000.000000000000000 ) ;
#2233 = ADVANCED_FACE ( 'NONE', ( #178 ), #1465, .T. ) ;
#2234 = LINE ( 'NONE', #1206, #3037 ) ;
#2235 = VERTEX_POINT ( 'NONE', #288 ) ;
#2236 = FILL_AREA_STYLE_COLOUR ( '', #429 ) ;
#2237 = ORIENTED_EDGE ( 'NONE', *, *, #2365, .T. ) ;
#2238 =( LENGTH_UNIT ( ) NAMED_UNIT ( * ) SI_UNIT ( .MILLI., .METRE. ) );
#2239 =( NAMED_UNIT ( * ) SI_UNIT ( $, .STERADIAN. ) SOLID_ANGLE_UNIT ( ) );
#2240 = DIRECTION ( 'NONE',  ( -0.000000000000000000, -1.000000000000000000, -0.000000000000000000 ) ) ;
#2241 =( LENGTH_UNIT ( ) NAMED_UNIT ( * ) SI_UNIT ( .MILLI., .METRE. ) );
#2242 = CARTESIAN_POINT ( 'NONE',  ( -2.249999999999999112, -2.602085213965210642E-15, 2.930689013061479619E-16 ) ) ;
#2243 = VECTOR ( 'NONE', #2649, 1000.000000000000000 ) ;
#2244 = PRESENTATION_STYLE_ASSIGNMENT (( #908 ) ) ;
#2245 = PRESENTATION_STYLE_ASSIGNMENT (( #3189 ) ) ;
#2246 =( LENGTH_UNIT ( ) NAMED_UNIT ( * ) SI_UNIT ( .MILLI., .METRE. ) );
#2247 = ORIENTED_EDGE ( 'NONE', *, *, #2436, .F. ) ;
#2248 = DIRECTION ( 'NONE',  ( 0.000000000000000000, -0.000000000000000000, -1.000000000000000000 ) ) ;
#2249 = STYLED_ITEM ( 'NONE', ( #1016 ), #3658 ) ;
#2250 = EDGE_CURVE ( 'NONE', #1617, #1402, #3417, .T. ) ;
#2251 = CARTESIAN_POINT ( 'NONE',  ( 4.999999999999997335, 3.000000000000000000, -15.00000000000000355 ) ) ;
#2252 = CARTESIAN_POINT ( 'NONE',  ( -13.58276253029822023, 3.999999999999999112, -8.999999999999998224 ) ) ;
#2253 = CIRCLE ( 'NONE', #1911, 0.6645387198085618286 ) ;
#2254 = SURFACE_STYLE_USAGE ( .BOTH. , #3848 ) ;
#2255 = ADVANCED_FACE ( 'NONE', ( #3863 ), #1886, .F. ) ;
#2256 = ORIENTED_EDGE ( 'NONE', *, *, #619, .F. ) ;
#2257 = SURFACE_SIDE_STYLE ('',( #621 ) ) ;
#2258 = ORIENTED_EDGE ( 'NONE', *, *, #2862, .F. ) ;
#2259 = MECHANICAL_DESIGN_GEOMETRIC_PRESENTATION_REPRESENTATION (  '', ( #4048 ), #3198 ) ;
#2260 = SURFACE_STYLE_USAGE ( .BOTH. , #956 ) ;
#2261 = DIRECTION ( 'NONE',  ( 1.671814187836141990E-32, 1.000000000000000000, 1.445602896647338917E-16 ) ) ;
#2262 = CARTESIAN_POINT ( 'NONE',  ( 5.000000000000000000, 1.000000000000000000, -15.00000000000000178 ) ) ;
#2263 = CARTESIAN_POINT ( 'NONE',  ( -4.345753767954572133, 4.000000000000000000, 14.34043352985769815 ) ) ;
#2264 = SURFACE_SIDE_STYLE ('',( #2898 ) ) ;
#2265 = FACE_OUTER_BOUND ( 'NONE', #2341, .T. ) ;
#2266 = DIRECTION ( 'NONE',  ( 1.000000000000000000, -0.000000000000000000, -1.156482317317871478E-16 ) ) ;
#2267 = APPLICATION_PROTOCOL_DEFINITION ( 'draft international standard', 'automotive_design', 1998, #1917 ) ;
#2268 = STYLED_ITEM ( 'NONE', ( #2245 ), #786 ) ;
#2269 = ORIENTED_EDGE ( 'NONE', *, *, #2988, .T. ) ;
#2270 = AXIS2_PLACEMENT_3D ( 'NONE', #4117, #2557, #3549 ) ;
#2271 = ORIENTED_EDGE ( 'NONE', *, *, #3752, .F. ) ;
#2272 = LINE ( 'NONE', #1653, #1746 ) ;
#2273 =( GEOMETRIC_REPRESENTATION_CONTEXT ( 3 ) GLOBAL_UNCERTAINTY_ASSIGNED_CONTEXT ( ( #3465 ) ) GLOBAL_UNIT_ASSIGNED_CONTEXT ( ( #2033, #2940, #2612 ) ) REPRESENTATION_CONTEXT ( 'NONE', 'WORKASPACE' ) );
#2274 = VECTOR ( 'NONE', #565, 1000.000000000000000 ) ;
#2275 = CARTESIAN_POINT ( 'NONE',  ( 7.500000000000000000, 0.9999999999999993339, -9.000000000000000000 ) ) ;
#2276 = SURFACE_STYLE_USAGE ( .BOTH. , #1068 ) ;
#2277 = EDGE_CURVE ( 'NONE', #771, #1191, #1612, .T. ) ;
#2278 = FACE_OUTER_BOUND ( 'NONE', #2410, .T. ) ;
#2279 = ORIENTED_EDGE ( 'NONE', *, *, #3630, .T. ) ;
#2280 = DIRECTION ( 'NONE',  ( 0.000000000000000000, 0.000000000000000000, -1.000000000000000000 ) ) ;
#2281 = CIRCLE ( 'NONE', #2011, 0.7609347594569813023 ) ;
#2282 = ORIENTED_EDGE ( 'NONE', *, *, #4025, .F. ) ;
#2283 = AXIS2_PLACEMENT_3D ( 'NONE', #2675, #105, #2632 ) ;
#2284 = CARTESIAN_POINT ( 'NONE',  ( -6.250000000000000000, -8.673617379884035472E-16, -15.00000000000000178 ) ) ;
#2285 = DIRECTION ( 'NONE',  ( 0.000000000000000000, -0.000000000000000000, -1.000000000000000000 ) ) ;
#2286 = FILL_AREA_STYLE_COLOUR ( '', #3805 ) ;
#2287 = CARTESIAN_POINT ( 'NONE',  ( -6.250000000000000000, 3.999999999999998224, 5.460494082194324449E-16 ) ) ;
#2288 = MECHANICAL_DESIGN_GEOMETRIC_PRESENTATION_REPRESENTATION (  '', ( #1679 ), #1055 ) ;
#2289 = DIRECTION ( 'NONE',  ( -1.445602896647338917E-16, 1.445602896647338917E-16, -1.000000000000000000 ) ) ;
#2290 = EDGE_CURVE ( 'NONE', #1982, #3932, #1238, .T. ) ;
#2291 = PRESENTATION_STYLE_ASSIGNMENT (( #1346 ) ) ;
#2292 = AXIS2_PLACEMENT_3D ( 'NONE', #4096, #3152, #2248 ) ;
#2293 = EDGE_LOOP ( 'NONE', ( #1796, #3994, #3788, #3310, #1099 ) ) ;
#2294 = ORIENTED_EDGE ( 'NONE', *, *, #2988, .F. ) ;
#2295 = CARTESIAN_POINT ( 'NONE',  ( 3.500000000000001332, 2.999999999999999556, -15.00000000000000178 ) ) ;
#2296 = DIRECTION ( 'NONE',  ( -0.000000000000000000, -0.000000000000000000, -1.000000000000000000 ) ) ;
#2297 = CARTESIAN_POINT ( 'NONE',  ( -13.58276253029822023, 1.000000000000000000, -15.00000000000000000 ) ) ;
#2298 = ORIENTED_EDGE ( 'NONE', *, *, #73, .F. ) ;
#2299 = VERTEX_POINT ( 'NONE', #1568 ) ;
#2300 = DIRECTION ( 'NONE',  ( -1.156482317317871478E-16, 8.673617379884034239E-17, -1.000000000000000000 ) ) ;
#2301 = ORIENTED_EDGE ( 'NONE', *, *, #589, .T. ) ;
#2302 = DIRECTION ( 'NONE',  ( 1.000000000000000000, -0.000000000000000000, -1.156482317317871478E-16 ) ) ;
#2303 = DIRECTION ( 'NONE',  ( 1.445602896647338424E-16, 1.445602896647338917E-16, -1.000000000000000000 ) ) ;
#2304 = CARTESIAN_POINT ( 'NONE',  ( 6.435197465963121033, 4.000000000000000000, 14.36984205327657627 ) ) ;
#2305 = EDGE_CURVE ( 'NONE', #2299, #197, #925, .T. ) ;
#2306 = CARTESIAN_POINT ( 'NONE',  ( -2.250000000000000888, -1.734723475976807094E-15, -9.000000000000000000 ) ) ;
#2307 = SURFACE_STYLE_USAGE ( .BOTH. , #3184 ) ;
#2308 = DIRECTION ( 'NONE',  ( 0.000000000000000000, 0.000000000000000000, 1.000000000000000000 ) ) ;
#2309 = STYLED_ITEM ( 'NONE', ( #2375 ), #165 ) ;
#2310 = PLANE ( 'NONE',  #1945 ) ;
#2311 = SURFACE_STYLE_FILL_AREA ( #397 ) ;
#2312 = DIRECTION ( 'NONE',  ( 1.671814187836141990E-32, 1.000000000000000000, 1.445602896647338917E-16 ) ) ;
#2313 = DIRECTION ( 'NONE',  ( 0.000000000000000000, 0.000000000000000000, -1.000000000000000000 ) ) ;
#2314 = VERTEX_POINT ( 'NONE', #4137 ) ;
#2315 = PRODUCT_DEFINITION_SHAPE ( 'NONE', 'NONE',  #2136 ) ;
#2316 = EDGE_CURVE ( 'NONE', #2729, #743, #306, .T. ) ;
#2317 = FILL_AREA_STYLE ('',( #2637 ) ) ;
#2318 = AXIS2_PLACEMENT_3D ( 'NONE', #3294, #413, #3557 ) ;
#2319 = DIRECTION ( 'NONE',  ( 1.671814187836141990E-32, 1.000000000000000000, 1.445602896647338917E-16 ) ) ;
#2320 = AXIS2_PLACEMENT_3D ( 'NONE', #3471, #598, #3436 ) ;
#2321 = ORIENTED_EDGE ( 'NONE', *, *, #770, .T. ) ;
#2322 = COLOUR_RGB ( '',1.000000000000000000, 1.000000000000000000, 0.000000000000000000 ) ;
#2323 = ORIENTED_EDGE ( 'NONE', *, *, #648, .F. ) ;
#2324 = ORIENTED_EDGE ( 'NONE', *, *, #3556, .T. ) ;
#2325 =( GEOMETRIC_REPRESENTATION_CONTEXT ( 3 ) GLOBAL_UNCERTAINTY_ASSIGNED_CONTEXT ( ( #2104 ) ) GLOBAL_UNIT_ASSIGNED_CONTEXT ( ( #410, #1403, #2670 ) ) REPRESENTATION_CONTEXT ( 'NONE', 'WORKASPACE' ) );
#2326 = MECHANICAL_DESIGN_GEOMETRIC_PRESENTATION_REPRESENTATION (  '', ( #763 ), #3042 ) ;
#2327 = CARTESIAN_POINT ( 'NONE',  ( 3.500000000000001332, 4.000000000000000000, -15.00000000000000178 ) ) ;
#2328 = DIRECTION ( 'NONE',  ( 1.000000000000000000, -0.000000000000000000, -1.156482317317871478E-16 ) ) ;
#2329 = FACE_OUTER_BOUND ( 'NONE', #3490, .T. ) ;
#2330 = VECTOR ( 'NONE', #2691, 1000.000000000000000 ) ;
#2331 = FACE_OUTER_BOUND ( 'NONE', #2582, .T. ) ;
#2332 = FACE_OUTER_BOUND ( 'NONE', #287, .T. ) ;
#2333 = EDGE_CURVE ( 'NONE', #828, #1355, #1262, .T. ) ;
#2334 = CARTESIAN_POINT ( 'NONE',  ( -5.770658746154558649, 3.000000000000000000, 20.00000000000000355 ) ) ;
#2335 = ORIENTED_EDGE ( 'NONE', *, *, #496, .T. ) ;
#2336 =( LENGTH_UNIT ( ) NAMED_UNIT ( * ) SI_UNIT ( .MILLI., .METRE. ) );
#2337 = UNCERTAINTY_MEASURE_WITH_UNIT (LENGTH_MEASURE( 1.000000000000000082E-05 ), #1721, 'distance_accuracy_value', 'NONE');
#2338 = AXIS2_PLACEMENT_3D ( 'NONE', #2350, #1340, #1387 ) ;
#2339 = SURFACE_SIDE_STYLE ('',( #405 ) ) ;
#2340 = EDGE_CURVE ( 'NONE', #3399, #3554, #2272, .T. ) ;
#2341 = EDGE_LOOP ( 'NONE', ( #2258, #2695, #2931, #1657 ) ) ;
#2342 = DIRECTION ( 'NONE',  ( 1.671814187836141990E-32, 1.000000000000000000, 1.445602896647338917E-16 ) ) ;
#2343 = ORIENTED_EDGE ( 'NONE', *, *, #2663, .F. ) ;
#2344 = ORIENTED_EDGE ( 'NONE', *, *, #2984, .F. ) ;
#2345 = FACE_OUTER_BOUND ( 'NONE', #2807, .T. ) ;
#2346 = LINE ( 'NONE', #2916, #4035 ) ;
#2347 = EDGE_CURVE ( 'NONE', #3744, #1983, #1975, .T. ) ;
#2348 = LINE ( 'NONE', #123, #1660 ) ;
#2349 = SURFACE_STYLE_FILL_AREA ( #2651 ) ;
#2350 = CARTESIAN_POINT ( 'NONE',  ( 5.770658746154558649, 3.000000000000000000, 20.00000000000000355 ) ) ;
#2351 = FACE_OUTER_BOUND ( 'NONE', #745, .T. ) ;
#2352 = COLOUR_RGB ( '',1.000000000000000000, 1.000000000000000000, 0.000000000000000000 ) ;
#2353 = PRESENTATION_STYLE_ASSIGNMENT (( #2590 ) ) ;
#2354 = FACE_OUTER_BOUND ( 'NONE', #842, .T. ) ;
#2355 =( LENGTH_UNIT ( ) NAMED_UNIT ( * ) SI_UNIT ( .MILLI., .METRE. ) );
#2356 = ADVANCED_FACE ( 'NONE', ( #2950 ), #381, .F. ) ;
#2357 = COLOUR_RGB ( '',1.000000000000000000, 1.000000000000000000, 0.000000000000000000 ) ;
#2358 = EDGE_CURVE ( 'NONE', #1153, #3080, #2679, .T. ) ;
#2359 = VERTEX_POINT ( 'NONE', #365 ) ;
#2360 = ORIENTED_EDGE ( 'NONE', *, *, #661, .T. ) ;
#2361 = DIRECTION ( 'NONE',  ( 1.000000000000000000, -0.000000000000000000, -1.156482317317871478E-16 ) ) ;
#2362 = ORIENTED_EDGE ( 'NONE', *, *, #2966, .F. ) ;
#2363 = SURFACE_SIDE_STYLE ('',( #1684 ) ) ;
#2364 = VERTEX_POINT ( 'NONE', #2927 ) ;
#2365 = EDGE_CURVE ( 'NONE', #1617, #4038, #3587, .T. ) ;
#2366 = CARTESIAN_POINT ( 'NONE',  ( 3.500000000000001332, 0.9999999999999995559, -15.00000000000000178 ) ) ;
#2367 = PRESENTATION_LAYER_ASSIGNMENT (  '', '', ( #1266 ) ) ;
#2368 = DIRECTION ( 'NONE',  ( 1.671814187836141990E-32, 1.000000000000000000, 0.000000000000000000 ) ) ;
#2369 = FILL_AREA_STYLE_COLOUR ( '', #3186 ) ;
#2370 = VECTOR ( 'NONE', #773, 1000.000000000000000 ) ;
#2371 = FILL_AREA_STYLE_COLOUR ( '', #3713 ) ;
#2372 = SURFACE_STYLE_USAGE ( .BOTH. , #1069 ) ;
#2373 = FILL_AREA_STYLE_COLOUR ( '', #2322 ) ;
#2374 = PRESENTATION_STYLE_ASSIGNMENT (( #1435 ) ) ;
#2375 = PRESENTATION_STYLE_ASSIGNMENT (( #2081 ) ) ;
#2376 = UNCERTAINTY_MEASURE_WITH_UNIT (LENGTH_MEASURE( 1.000000000000000082E-05 ), #1022, 'distance_accuracy_value', 'NONE');
#2377 = UNCERTAINTY_MEASURE_WITH_UNIT (LENGTH_MEASURE( 1.000000000000000082E-05 ), #2336, 'distance_accuracy_value', 'NONE');
#2378 = VERTEX_POINT ( 'NONE', #86 ) ;
#2379 = ADVANCED_FACE ( 'NONE', ( #1026 ), #3967, .F. ) ;
#2380 = VECTOR ( 'NONE', #998, 1000.000000000000000 ) ;
#2381 = ORIENTED_EDGE ( 'NONE', *, *, #3923, .F. ) ;
#2382 = CIRCLE ( 'NONE', #2318, 0.9231374514869286063 ) ;
#2383 = VERTEX_POINT ( 'NONE', #2295 ) ;
#2384 = CARTESIAN_POINT ( 'NONE',  ( -13.58276253029822023, 3.000000000000000000, -15.00000000000000000 ) ) ;
#2385 = ORIENTED_EDGE ( 'NONE', *, *, #422, .F. ) ;
#2386 =( LENGTH_UNIT ( ) NAMED_UNIT ( * ) SI_UNIT ( .MILLI., .METRE. ) );
#2387 = VECTOR ( 'NONE', #3176, 1000.000000000000000 ) ;
#2388 =( NAMED_UNIT ( * ) PLANE_ANGLE_UNIT ( ) SI_UNIT ( $, .RADIAN. ) );
#2389 = SURFACE_STYLE_FILL_AREA ( #2689 ) ;
#2390 = CARTESIAN_POINT ( 'NONE',  ( 6.435197465963121033, 2.000000000000000000, 15.00000000000000533 ) ) ;
#2391 = MECHANICAL_DESIGN_GEOMETRIC_PRESENTATION_REPRESENTATION (  '', ( #3908 ), #2977 ) ;
#2392 =( LENGTH_UNIT ( ) NAMED_UNIT ( * ) SI_UNIT ( .MILLI., .METRE. ) );
#2393 = CARTESIAN_POINT ( 'NONE',  ( 5.770658746154558649, 3.000000000000000000, 15.00000000000000533 ) ) ;
#2394 = PRESENTATION_STYLE_ASSIGNMENT (( #2693 ) ) ;
#2395 = COLOUR_RGB ( '',0.2509803921568627416, 0.2509803921568627416, 0.2509803921568627416 ) ;
#2396 = DIRECTION ( 'NONE',  ( 1.445602896647338424E-16, 1.084202172485504187E-16, -1.000000000000000000 ) ) ;
#2397 = SURFACE_STYLE_USAGE ( .BOTH. , #3347 ) ;
#2398 = DIRECTION ( 'NONE',  ( 0.000000000000000000, 1.445602896647338917E-16, -1.000000000000000000 ) ) ;
#2399 = PRESENTATION_STYLE_ASSIGNMENT (( #1003 ) ) ;
#2400 = EDGE_LOOP ( 'NONE', ( #1207, #2541, #3935, #311 ) ) ;
#2401 = SURFACE_STYLE_USAGE ( .BOTH. , #1656 ) ;
#2402 = EDGE_LOOP ( 'NONE', ( #167, #2599, #2381, #409 ) ) ;
#2403 = LINE ( 'NONE', #3034, #431 ) ;
#2404 = EDGE_CURVE ( 'NONE', #4019, #3872, #1321, .T. ) ;
#2405 = ORIENTED_EDGE ( 'NONE', *, *, #4136, .T. ) ;
#2406 = DIRECTION ( 'NONE',  ( 1.000000000000000000, 0.000000000000000000, 0.000000000000000000 ) ) ;
#2407 = DIRECTION ( 'NONE',  ( 0.000000000000000000, 1.445602896647338917E-16, -1.000000000000000000 ) ) ;
#2408 = AXIS2_PLACEMENT_3D ( 'NONE', #3579, #1753, #3620 ) ;
#2409 = CARTESIAN_POINT ( 'NONE',  ( -13.58276253029822023, 0.9999999999999993339, -8.999999999999998224 ) ) ;
#2410 = EDGE_LOOP ( 'NONE', ( #233, #136, #2976, #343 ) ) ;
#2411 =( NAMED_UNIT ( * ) SI_UNIT ( $, .STERADIAN. ) SOLID_ANGLE_UNIT ( ) );
#2412 = CARTESIAN_POINT ( 'NONE',  ( -6.250000000000000000, -2.602085213965210642E-15, -3.219175043950317728E-17 ) ) ;
#2413 = DIRECTION ( 'NONE',  ( 1.156482317317871478E-16, -0.000000000000000000, 1.000000000000000000 ) ) ;
#2414 =( GEOMETRIC_REPRESENTATION_CONTEXT ( 3 ) GLOBAL_UNCERTAINTY_ASSIGNED_CONTEXT ( ( #2901 ) ) GLOBAL_UNIT_ASSIGNED_CONTEXT ( ( #1562, #1545, #1277 ) ) REPRESENTATION_CONTEXT ( 'NONE', 'WORKASPACE' ) );
#2415 = ADVANCED_FACE ( 'NONE', ( #1438 ), #2755, .T. ) ;
#2416 = COLOUR_RGB ( '',1.000000000000000000, 1.000000000000000000, 0.000000000000000000 ) ;
#2417 = ORIENTED_EDGE ( 'NONE', *, *, #1650, .F. ) ;
#2418 = CARTESIAN_POINT ( 'NONE',  ( -7.499999999999997335, 2.000000000000000000, 15.00000000000000533 ) ) ;
#2419 = AXIS2_PLACEMENT_3D ( 'NONE', #1848, #198, #1162 ) ;
#2420 = AXIS2_PLACEMENT_3D ( 'NONE', #1117, #2413, #3667 ) ;
#2421 = ORIENTED_EDGE ( 'NONE', *, *, #1276, .F. ) ;
#2422 = VERTEX_POINT ( 'NONE', #1140 ) ;
#2423 = DIRECTION ( 'NONE',  ( 0.000000000000000000, 0.000000000000000000, -1.000000000000000000 ) ) ;
#2424 = UNCERTAINTY_MEASURE_WITH_UNIT (LENGTH_MEASURE( 1.000000000000000082E-05 ), #1887, 'distance_accuracy_value', 'NONE');
#2425 = PRESENTATION_LAYER_ASSIGNMENT (  '', '', ( #2309 ) ) ;
#2426 = DIRECTION ( 'NONE',  ( 9.115745035929406798E-64, 1.445602896647338917E-16, -1.000000000000000000 ) ) ;
#2427 = ORIENTED_EDGE ( 'NONE', *, *, #111, .F. ) ;
#2428 = CARTESIAN_POINT ( 'NONE',  ( -13.58276253029822023, 2.000000000000000000, -15.00000000000000000 ) ) ;
#2429 = DIRECTION ( 'NONE',  ( 0.000000000000000000, 0.000000000000000000, -1.000000000000000000 ) ) ;
#2430 = AXIS2_PLACEMENT_3D ( 'NONE', #3180, #1856, #3474 ) ;
#2431 = ADVANCED_FACE ( 'NONE', ( #2737 ), #4030, .F. ) ;
#2432 = SURFACE_STYLE_FILL_AREA ( #3344 ) ;
#2433 = DIRECTION ( 'NONE',  ( -3.038581678643135599E-64, -1.445602896647338917E-16, 1.000000000000000000 ) ) ;
#2434 = MECHANICAL_DESIGN_GEOMETRIC_PRESENTATION_REPRESENTATION (  '', ( #1888 ), #3909 ) ;
#2435 = SURFACE_SIDE_STYLE ('',( #2777 ) ) ;
#2436 = EDGE_CURVE ( 'NONE', #2618, #3455, #785, .T. ) ;
#2437 = EDGE_LOOP ( 'NONE', ( #1806, #885, #974, #622 ) ) ;
#2438 = EDGE_LOOP ( 'NONE', ( #3397, #3849, #2335, #3439 ) ) ;
#2439 = SURFACE_SIDE_STYLE ('',( #1748 ) ) ;
#2440 = EDGE_LOOP ( 'NONE', ( #3288, #1618, #1939, #2683 ) ) ;
#2441 = DIRECTION ( 'NONE',  ( 1.671814187836141990E-32, 1.000000000000000000, 0.000000000000000000 ) ) ;
#2442 = CIRCLE ( 'NONE', #483, 1.061980817857794301 ) ;
#2443 = FILL_AREA_STYLE ('',( #2961 ) ) ;
#2444 = CARTESIAN_POINT ( 'NONE',  ( 7.499999999999999112, 1.000000000000000000, -15.00000000000000178 ) ) ;
#2445 = PRESENTATION_LAYER_ASSIGNMENT (  '', '', ( #4037 ) ) ;
#2446 = ORIENTED_EDGE ( 'NONE', *, *, #770, .F. ) ;
#2447 = VECTOR ( 'NONE', #1857, 1000.000000000000000 ) ;
#2448 = DIRECTION ( 'NONE',  ( 1.000000000000000000, -0.000000000000000000, -1.156482317317871478E-16 ) ) ;
#2449 = PRESENTATION_STYLE_ASSIGNMENT (( #504 ) ) ;
#2450 = UNCERTAINTY_MEASURE_WITH_UNIT (LENGTH_MEASURE( 1.000000000000000082E-05 ), #3024, 'distance_accuracy_value', 'NONE');
#2451 = EDGE_CURVE ( 'NONE', #3595, #51, #1503, .T. ) ;
#2452 = FILL_AREA_STYLE_COLOUR ( '', #520 ) ;
#2453 = MECHANICAL_DESIGN_GEOMETRIC_PRESENTATION_REPRESENTATION (  '', ( #2981 ), #234 ) ;
#2454 = AXIS2_PLACEMENT_3D ( 'NONE', #3369, #3028, #3011 ) ;
#2455 = CARTESIAN_POINT ( 'NONE',  ( 6.435197465963121033, 4.000000000000000000, 15.00000000000000533 ) ) ;
#2456 =( LENGTH_UNIT ( ) NAMED_UNIT ( * ) SI_UNIT ( .MILLI., .METRE. ) );
#2457 = ORIENTED_EDGE ( 'NONE', *, *, #4052, .F. ) ;
#2458 = DIRECTION ( 'NONE',  ( -1.734723475976807341E-16, 8.673617379884037444E-16, -1.000000000000000000 ) ) ;
#2459 = VECTOR ( 'NONE', #95, 1000.000000000000000 ) ;
#2460 = VERTEX_POINT ( 'NONE', #1780 ) ;
#2461 = DIRECTION ( 'NONE',  ( 1.000000000000000000, 0.000000000000000000, -1.156482317317871478E-16 ) ) ;
#2462 = ORIENTED_EDGE ( 'NONE', *, *, #1281, .T. ) ;
#2463 = CARTESIAN_POINT ( 'NONE',  ( -13.58276253029822023, 1.999999999999999112, -8.999999999999998224 ) ) ;
#2464 = EDGE_CURVE ( 'NONE', #186, #197, #4011, .T. ) ;
#2465 = MECHANICAL_DESIGN_GEOMETRIC_PRESENTATION_REPRESENTATION (  '', ( #2139 ), #2992 ) ;
#2466 = DIRECTION ( 'NONE',  ( 0.000000000000000000, 0.000000000000000000, -1.000000000000000000 ) ) ;
#2467 = ORIENTED_EDGE ( 'NONE', *, *, #996, .T. ) ;
#2468 = SURFACE_STYLE_FILL_AREA ( #1632 ) ;
#2469 = COLOUR_RGB ( '',1.000000000000000000, 1.000000000000000000, 0.000000000000000000 ) ;
#2470 =( LENGTH_UNIT ( ) NAMED_UNIT ( * ) SI_UNIT ( .MILLI., .METRE. ) );
#2471 = CARTESIAN_POINT ( 'NONE',  ( 0.7500000000000000000, 1.999999999999999556, -15.00000000000000178 ) ) ;
#2472 = PLANE ( 'NONE',  #948 ) ;
#2473 = FILL_AREA_STYLE ('',( #1541 ) ) ;
#2474 = LINE ( 'NONE', #1560, #326 ) ;
#2475 = FACE_BOUND ( 'NONE', #2998, .T. ) ;
#2476 = DIRECTION ( 'NONE',  ( 0.000000000000000000, 0.000000000000000000, 1.000000000000000000 ) ) ;
#2477 = UNCERTAINTY_MEASURE_WITH_UNIT (LENGTH_MEASURE( 1.000000000000000082E-05 ), #2355, 'distance_accuracy_value', 'NONE');
#2478 = LINE ( 'NONE', #3390, #2779 ) ;
#2479 = DIRECTION ( 'NONE',  ( 0.000000000000000000, 0.000000000000000000, -1.000000000000000000 ) ) ;
#2480 = EDGE_CURVE ( 'NONE', #1082, #96, #2281, .T. ) ;
#2481 = VECTOR ( 'NONE', #2084, 1000.000000000000000 ) ;
#2482 = VERTEX_POINT ( 'NONE', #3737 ) ;
#2483 = SURFACE_STYLE_USAGE ( .BOTH. , #4015 ) ;
#2484 = CIRCLE ( 'NONE', #2740, 0.6645387198085618286 ) ;
#2485 = EDGE_CURVE ( 'NONE', #3015, #3769, #2716, .T. ) ;
#2486 = EDGE_LOOP ( 'NONE', ( #562, #2427, #3965, #3716, #557 ) ) ;
#2487 = PLANE ( 'NONE',  #1170 ) ;
#2488 = MECHANICAL_DESIGN_GEOMETRIC_PRESENTATION_REPRESENTATION (  '', ( #1398 ), #1539 ) ;
#2489 = LINE ( 'NONE', #884, #3770 ) ;
#2490 = SURFACE_STYLE_FILL_AREA ( #2765 ) ;
#2491 = EDGE_LOOP ( 'NONE', ( #368, #766, #2915, #4144 ) ) ;
#2492 =( LENGTH_UNIT ( ) NAMED_UNIT ( * ) SI_UNIT ( .MILLI., .METRE. ) );
#2493 = SURFACE_STYLE_FILL_AREA ( #3831 ) ;
#2494 = DIRECTION ( 'NONE',  ( 1.000000000000000000, 0.000000000000000000, 0.000000000000000000 ) ) ;
#2495 = SURFACE_SIDE_STYLE ('',( #3795 ) ) ;
#2496 = UNCERTAINTY_MEASURE_WITH_UNIT (LENGTH_MEASURE( 1.000000000000000082E-05 ), #3692, 'distance_accuracy_value', 'NONE');
#2497 = DIRECTION ( 'NONE',  ( 1.671814187836141990E-32, 1.000000000000000000, 1.445602896647338917E-16 ) ) ;
#2498 =( NAMED_UNIT ( * ) SI_UNIT ( $, .STERADIAN. ) SOLID_ANGLE_UNIT ( ) );
#2499 = ORIENTED_EDGE ( 'NONE', *, *, #3768, .F. ) ;
#2500 = ORIENTED_EDGE ( 'NONE', *, *, #1087, .F. ) ;
#2501 = EDGE_CURVE ( 'NONE', #1191, #3452, #626, .T. ) ;
#2502 = LINE ( 'NONE', #3422, #3238 ) ;
#2503 = DIRECTION ( 'NONE',  ( 1.671814187836141990E-32, 1.000000000000000000, 1.445602896647338917E-16 ) ) ;
#2504 = ORIENTED_EDGE ( 'NONE', *, *, #206, .F. ) ;
#2505 = DIRECTION ( 'NONE',  ( 1.671814187836141990E-32, 1.000000000000000000, 1.445602896647338917E-16 ) ) ;
#2506 = SURFACE_STYLE_USAGE ( .BOTH. , #1137 ) ;
#2507 =( GEOMETRIC_REPRESENTATION_CONTEXT ( 3 ) GLOBAL_UNCERTAINTY_ASSIGNED_CONTEXT ( ( #3325 ) ) GLOBAL_UNIT_ASSIGNED_CONTEXT ( ( #2238, #870, #298 ) ) REPRESENTATION_CONTEXT ( 'NONE', 'WORKASPACE' ) );
#2508 = CARTESIAN_POINT ( 'NONE',  ( 2.250000000000000444, 3.999999999999999112, -9.000000000000000000 ) ) ;
#2509 = CARTESIAN_POINT ( 'NONE',  ( -5.000000000000000888, 2.999999999999999112, -9.000000000000000000 ) ) ;
#2510 = DIRECTION ( 'NONE',  ( 0.000000000000000000, 1.000000000000000000, 0.000000000000000000 ) ) ;
#2511 = UNCERTAINTY_MEASURE_WITH_UNIT (LENGTH_MEASURE( 1.000000000000000082E-05 ), #2210, 'distance_accuracy_value', 'NONE');
#2512 = FILL_AREA_STYLE_COLOUR ( '', #2206 ) ;
#2513 =( LENGTH_UNIT ( ) NAMED_UNIT ( * ) SI_UNIT ( .MILLI., .METRE. ) );
#2514 = ORIENTED_EDGE ( 'NONE', *, *, #130, .T. ) ;
#2515 = PRESENTATION_STYLE_ASSIGNMENT (( #616 ) ) ;
#2516 = VECTOR ( 'NONE', #2850, 1000.000000000000000 ) ;
#2517 = SURFACE_SIDE_STYLE ('',( #618 ) ) ;
#2518 = EDGE_CURVE ( 'NONE', #3585, #1932, #258, .T. ) ;
#2519 = ORIENTED_EDGE ( 'NONE', *, *, #1833, .F. ) ;
#2520 = LINE ( 'NONE', #601, #3638 ) ;
#2521 = ORIENTED_EDGE ( 'NONE', *, *, #1906, .T. ) ;
#2522 =( NAMED_UNIT ( * ) SI_UNIT ( $, .STERADIAN. ) SOLID_ANGLE_UNIT ( ) );
#2523 = PRESENTATION_STYLE_ASSIGNMENT (( #3814 ) ) ;
#2524 = CARTESIAN_POINT ( 'NONE',  ( -13.58276253029822023, 3.000000000000000000, -15.00000000000000000 ) ) ;
#2525 = DIRECTION ( 'NONE',  ( -0.000000000000000000, -1.000000000000000000, -0.000000000000000000 ) ) ;
#2526 = CARTESIAN_POINT ( 'NONE',  ( -7.500000000000000000, 1.999999999999999112, -8.999999999999998224 ) ) ;
#2527 = VECTOR ( 'NONE', #3983, 1000.000000000000000 ) ;
#2528 = PRESENTATION_LAYER_ASSIGNMENT (  '', '', ( #176 ) ) ;
#2529 = DIRECTION ( 'NONE',  ( 1.253860640877106493E-32, 1.000000000000000000, 1.084202172485504187E-16 ) ) ;
#2530 =( NAMED_UNIT ( * ) SI_UNIT ( $, .STERADIAN. ) SOLID_ANGLE_UNIT ( ) );
#2531 = COLOUR_RGB ( '',0.2509803921568627416, 0.2509803921568627416, 0.2509803921568627416 ) ;
#2532 = ORIENTED_EDGE ( 'NONE', *, *, #4025, .T. ) ;
#2533 = ADVANCED_FACE ( 'NONE', ( #3523 ), #3481, .F. ) ;
#2534 = SURFACE_STYLE_FILL_AREA ( #28 ) ;
#2535 = FILL_AREA_STYLE_COLOUR ( '', #82 ) ;
#2536 = VECTOR ( 'NONE', #1199, 1000.000000000000000 ) ;
#2537 =( LENGTH_UNIT ( ) NAMED_UNIT ( * ) SI_UNIT ( .MILLI., .METRE. ) );
#2538 = ORIENTED_EDGE ( 'NONE', *, *, #2051, .F. ) ;
#2539 = CYLINDRICAL_SURFACE ( 'NONE', #1508, 0.6645387198085618286 ) ;
#2540 =( GEOMETRIC_REPRESENTATION_CONTEXT ( 3 ) GLOBAL_UNCERTAINTY_ASSIGNED_CONTEXT ( ( #2800 ) ) GLOBAL_UNIT_ASSIGNED_CONTEXT ( ( #1000, #3496, #3230 ) ) REPRESENTATION_CONTEXT ( 'NONE', 'WORKASPACE' ) );
#2541 = ORIENTED_EDGE ( 'NONE', *, *, #636, .F. ) ;
#2542 = DIRECTION ( 'NONE',  ( 1.445602896647338424E-16, 0.000000000000000000, -1.000000000000000000 ) ) ;
#2543 = COLOUR_RGB ( '',0.2509803921568627416, 0.2509803921568627416, 0.2509803921568627416 ) ;
#2544 = STYLED_ITEM ( 'NONE', ( #1198 ), #383 ) ;
#2545 = LINE ( 'NONE', #871, #3100 ) ;
#2546 = SURFACE_STYLE_USAGE ( .BOTH. , #1319 ) ;
#2547 = DIRECTION ( 'NONE',  ( 0.000000000000000000, 0.000000000000000000, -1.000000000000000000 ) ) ;
#2548 = SURFACE_STYLE_FILL_AREA ( #2836 ) ;
#2549 = EDGE_CURVE ( 'NONE', #2383, #1147, #4149, .T. ) ;
#2550 = FILL_AREA_STYLE ('',( #2512 ) ) ;
#2551 = SURFACE_SIDE_STYLE ('',( #3780 ) ) ;
#2552 = ORIENTED_EDGE ( 'NONE', *, *, #344, .T. ) ;
#2553 = DIRECTION ( 'NONE',  ( -0.000000000000000000, -1.000000000000000000, -0.000000000000000000 ) ) ;
#2554 = EDGE_CURVE ( 'NONE', #2383, #3595, #3836, .T. ) ;
#2555 = PRESENTATION_LAYER_ASSIGNMENT (  '', '', ( #1002 ) ) ;
#2556 = EDGE_CURVE ( 'NONE', #2299, #1983, #2224, .T. ) ;
#2557 = DIRECTION ( 'NONE',  ( 1.000000000000000000, -1.671814187836141990E-32, -2.416779432592044984E-48 ) ) ;
#2558 = CARTESIAN_POINT ( 'NONE',  ( 7.500000000000000000, 4.999999999999999112, -9.000000000000000000 ) ) ;
#2559 = SURFACE_STYLE_USAGE ( .BOTH. , #1938 ) ;
#2560 = ORIENTED_EDGE ( 'NONE', *, *, #1847, .T. ) ;
#2561 =( NAMED_UNIT ( * ) SI_UNIT ( $, .STERADIAN. ) SOLID_ANGLE_UNIT ( ) );
#2562 = ORIENTED_EDGE ( 'NONE', *, *, #898, .F. ) ;
#2563 = FILL_AREA_STYLE_COLOUR ( '', #1758 ) ;
#2564 = CARTESIAN_POINT ( 'NONE',  ( 7.500000000000000000, 0.000000000000000000, -9.000000000000001776 ) ) ;
#2565 = SURFACE_SIDE_STYLE ('',( #337 ) ) ;
#2566 = LINE ( 'NONE', #3835, #1590 ) ;
#2567 = CARTESIAN_POINT ( 'NONE',  ( -6.250000000000000000, 2.000000000000000000, -15.00000000000000000 ) ) ;
#2568 = STYLED_ITEM ( 'NONE', ( #169 ), #882 ) ;
#2569 = LINE ( 'NONE', #965, #1180 ) ;
#2570 = VECTOR ( 'NONE', #1946, 1000.000000000000000 ) ;
#2571 = ORIENTED_EDGE ( 'NONE', *, *, #3715, .F. ) ;
#2572 = EDGE_CURVE ( 'NONE', #447, #3260, #609, .T. ) ;
#2573 = VERTEX_POINT ( 'NONE', #1881 ) ;
#2574 = STYLED_ITEM ( 'NONE', ( #2515 ), #1203 ) ;
#2575 = DIRECTION ( 'NONE',  ( 1.671814187836141990E-32, 1.000000000000000000, 1.445602896647338917E-16 ) ) ;
#2576 = VECTOR ( 'NONE', #4120, 1000.000000000000000 ) ;
#2577 = COLOUR_RGB ( '',1.000000000000000000, 1.000000000000000000, 0.000000000000000000 ) ;
#2578 = DIRECTION ( 'NONE',  ( 0.000000000000000000, 1.000000000000000000, 0.000000000000000000 ) ) ;
#2579 = COLOUR_RGB ( '',1.000000000000000000, 1.000000000000000000, 0.000000000000000000 ) ;
#2580 = AXIS2_PLACEMENT_3D ( 'NONE', #3277, #963, #1021 ) ;
#2581 = LINE ( 'NONE', #3592, #3628 ) ;
#2582 = EDGE_LOOP ( 'NONE', ( #401, #716 ) ) ;
#2583 = ORIENTED_EDGE ( 'NONE', *, *, #2556, .F. ) ;
#2584 = COLOUR_RGB ( '',1.000000000000000000, 1.000000000000000000, 0.000000000000000000 ) ;
#2585 = EDGE_CURVE ( 'NONE', #2003, #2640, #4000, .T. ) ;
#2586 = CARTESIAN_POINT ( 'NONE',  ( -13.58276253029822023, 1.000000000000000000, -15.00000000000000000 ) ) ;
#2587 = MECHANICAL_DESIGN_GEOMETRIC_PRESENTATION_REPRESENTATION (  '', ( #1515 ), #1305 ) ;
#2588 = DIRECTION ( 'NONE',  ( 1.000000000000000000, 0.000000000000000000, 0.000000000000000000 ) ) ;
#2589 = CARTESIAN_POINT ( 'NONE',  ( -3.500000000000001332, 2.999999999999999112, -9.000000000000000000 ) ) ;
#2590 = SURFACE_STYLE_USAGE ( .BOTH. , #650 ) ;
#2591 = SURFACE_STYLE_FILL_AREA ( #22 ) ;
#2592 = PRESENTATION_LAYER_ASSIGNMENT (  '', '', ( #1521 ) ) ;
#2593 = AXIS2_PLACEMENT_3D ( 'NONE', #4007, #213, #2774 ) ;
#2594 = VERTEX_POINT ( 'NONE', #2878 ) ;
#2595 = SURFACE_STYLE_USAGE ( .BOTH. , #1306 ) ;
#2596 = EDGE_CURVE ( 'NONE', #3744, #138, #3212, .T. ) ;
#2597 =( GEOMETRIC_REPRESENTATION_CONTEXT ( 3 ) GLOBAL_UNCERTAINTY_ASSIGNED_CONTEXT ( ( #3970 ) ) GLOBAL_UNIT_ASSIGNED_CONTEXT ( ( #415, #1066, #1691 ) ) REPRESENTATION_CONTEXT ( 'NONE', 'WORKASPACE' ) );
#2598 = FILL_AREA_STYLE ('',( #2535 ) ) ;
#2599 = ORIENTED_EDGE ( 'NONE', *, *, #1015, .F. ) ;
#2600 = DIRECTION ( 'NONE',  ( 1.000000000000000000, -0.000000000000000000, -0.000000000000000000 ) ) ;
#2601 = ORIENTED_EDGE ( 'NONE', *, *, #1076, .T. ) ;
#2602 =( NAMED_UNIT ( * ) PLANE_ANGLE_UNIT ( ) SI_UNIT ( $, .RADIAN. ) );
#2603 = VECTOR ( 'NONE', #3756, 1000.000000000000000 ) ;
#2604 = ORIENTED_EDGE ( 'NONE', *, *, #1626, .T. ) ;
#2605 = CARTESIAN_POINT ( 'NONE',  ( -7.500000000000000888, 4.000000000000000000, -15.00000000000000178 ) ) ;
#2606 = STYLED_ITEM ( 'NONE', ( #982 ), #2709 ) ;
#2607 = DIRECTION ( 'NONE',  ( 0.000000000000000000, -1.000000000000000000, 0.000000000000000000 ) ) ;
#2608 =( GEOMETRIC_REPRESENTATION_CONTEXT ( 3 ) GLOBAL_UNCERTAINTY_ASSIGNED_CONTEXT ( ( #2921 ) ) GLOBAL_UNIT_ASSIGNED_CONTEXT ( ( #1197, #1252, #2877 ) ) REPRESENTATION_CONTEXT ( 'NONE', 'WORKASPACE' ) );
#2609 = EDGE_CURVE ( 'NONE', #1943, #1191, #2736, .T. ) ;
#2610 = DIRECTION ( 'NONE',  ( 0.000000000000000000, -0.000000000000000000, 1.000000000000000000 ) ) ;
#2611 = DIRECTION ( 'NONE',  ( 0.000000000000000000, 0.000000000000000000, 1.000000000000000000 ) ) ;
#2612 =( NAMED_UNIT ( * ) SI_UNIT ( $, .STERADIAN. ) SOLID_ANGLE_UNIT ( ) );
#2613 =( NAMED_UNIT ( * ) PLANE_ANGLE_UNIT ( ) SI_UNIT ( $, .RADIAN. ) );
#2614 = VECTOR ( 'NONE', #3817, 1000.000000000000000 ) ;
#2615 = FILL_AREA_STYLE ('',( #1323 ) ) ;
#2616 = COLOUR_RGB ( '',1.000000000000000000, 1.000000000000000000, 0.000000000000000000 ) ;
#2617 = CARTESIAN_POINT ( 'NONE',  ( -3.500000000000001332, 0.9999999999999993339, -9.000000000000000000 ) ) ;
#2618 = VERTEX_POINT ( 'NONE', #3776 ) ;
#2619 = EDGE_LOOP ( 'NONE', ( #1237, #566, #1445, #1011 ) ) ;
#2620 = DIRECTION ( 'NONE',  ( 1.000000000000000000, -0.000000000000000000, -1.156482317317871478E-16 ) ) ;
#2621 = VECTOR ( 'NONE', #1385, 1000.000000000000000 ) ;
#2622 = VERTEX_POINT ( 'NONE', #1583 ) ;
#2623 = LINE ( 'NONE', #1422, #1023 ) ;
#2624 = EDGE_CURVE ( 'NONE', #2098, #3142, #3147, .T. ) ;
#2625 = VERTEX_POINT ( 'NONE', #964 ) ;
#2626 = CARTESIAN_POINT ( 'NONE',  ( -7.500000000000000000, 2.999999999999999112, -8.999999999999998224 ) ) ;
#2627 = PLANE ( 'NONE',  #3764 ) ;
#2628 = DIRECTION ( 'NONE',  ( 1.671814187836141990E-32, 1.000000000000000000, 1.445602896647338917E-16 ) ) ;
#2629 = DIRECTION ( 'NONE',  ( 1.000000000000000000, -1.671814187836141990E-32, -2.416779432592044377E-48 ) ) ;
#2630 = LINE ( 'NONE', #417, #3787 ) ;
#2631 = AXIS2_PLACEMENT_3D ( 'NONE', #652, #2313, #1953 ) ;
#2632 = DIRECTION ( 'NONE',  ( 0.000000000000000000, 1.445602896647338917E-16, -1.000000000000000000 ) ) ;
#2633 = DIRECTION ( 'NONE',  ( 0.000000000000000000, 0.000000000000000000, 1.000000000000000000 ) ) ;
#2634 = LINE ( 'NONE', #1301, #3457 ) ;
#2635 = FILL_AREA_STYLE ('',( #2947 ) ) ;
#2636 = ORIENTED_EDGE ( 'NONE', *, *, #2166, .T. ) ;
#2637 = FILL_AREA_STYLE_COLOUR ( '', #2616 ) ;
#2638 = PRESENTATION_STYLE_ASSIGNMENT (( #2068 ) ) ;
#2639 = ADVANCED_FACE ( 'NONE', ( #2265 ), #646, .F. ) ;
#2640 = VERTEX_POINT ( 'NONE', #420 ) ;
#2641 = LINE ( 'NONE', #1032, #3118 ) ;
#2642 = ORIENTED_EDGE ( 'NONE', *, *, #1611, .F. ) ;
#2643 = SURFACE_STYLE_FILL_AREA ( #2914 ) ;
#2644 = EDGE_LOOP ( 'NONE', ( #2135, #1058, #1334, #2871 ) ) ;
#2645 = LINE ( 'NONE', #975, #2621 ) ;
#2646 = PRESENTATION_LAYER_ASSIGNMENT (  '', '', ( #2981 ) ) ;
#2647 = STYLED_ITEM ( 'NONE', ( #2399 ), #3199 ) ;
#2648 = EDGE_CURVE ( 'NONE', #2959, #3701, #2900, .T. ) ;
#2649 = DIRECTION ( 'NONE',  ( 1.000000000000000000, 0.000000000000000000, 0.000000000000000000 ) ) ;
#2650 = PRESENTATION_STYLE_ASSIGNMENT (( #3960 ) ) ;
#2651 = FILL_AREA_STYLE ('',( #1366 ) ) ;
#2652 = VECTOR ( 'NONE', #1089, 1000.000000000000000 ) ;
#2653 = LINE ( 'NONE', #2287, #2858 ) ;
#2654 = SURFACE_STYLE_USAGE ( .BOTH. , #3211 ) ;
#2655 =( LENGTH_UNIT ( ) NAMED_UNIT ( * ) SI_UNIT ( .MILLI., .METRE. ) );
#2656 = LINE ( 'NONE', #1046, #1849 ) ;
#2657 = DIRECTION ( 'NONE',  ( 0.000000000000000000, 0.000000000000000000, 1.000000000000000000 ) ) ;
#2658 = SHAPE_DEFINITION_REPRESENTATION ( #2315, #1308 ) ;
#2659 = DIRECTION ( 'NONE',  ( 1.000000000000000000, -0.000000000000000000, -1.156482317317871478E-16 ) ) ;
#2660 = UNCERTAINTY_MEASURE_WITH_UNIT (LENGTH_MEASURE( 1.000000000000000082E-05 ), #2537, 'distance_accuracy_value', 'NONE');
#2661 = VECTOR ( 'NONE', #3215, 1000.000000000000000 ) ;
#2662 =( GEOMETRIC_REPRESENTATION_CONTEXT ( 3 ) GLOBAL_UNCERTAINTY_ASSIGNED_CONTEXT ( ( #3837 ) ) GLOBAL_UNIT_ASSIGNED_CONTEXT ( ( #3900, #107, #362 ) ) REPRESENTATION_CONTEXT ( 'NONE', 'WORKASPACE' ) );
#2663 = EDGE_CURVE ( 'NONE', #1355, #2594, #987, .T. ) ;
#2664 = EDGE_LOOP ( 'NONE', ( #1957, #1122, #2172, #2045 ) ) ;
#2665 = VECTOR ( 'NONE', #1989, 1000.000000000000000 ) ;
#2666 = DIRECTION ( 'NONE',  ( 0.000000000000000000, 0.000000000000000000, -1.000000000000000000 ) ) ;
#2667 = STYLED_ITEM ( 'NONE', ( #2650 ), #1400 ) ;
#2668 = EDGE_LOOP ( 'NONE', ( #2823, #1, #1447, #3353 ) ) ;
#2669 = ORIENTED_EDGE ( 'NONE', *, *, #1819, .F. ) ;
#2670 =( NAMED_UNIT ( * ) SI_UNIT ( $, .STERADIAN. ) SOLID_ANGLE_UNIT ( ) );
#2671 = ORIENTED_EDGE ( 'NONE', *, *, #1865, .T. ) ;
#2672 = CARTESIAN_POINT ( 'NONE',  ( 7.500000000000000000, 4.999999999999999112, -4.999999999999998224 ) ) ;
#2673 = SURFACE_STYLE_FILL_AREA ( #2708 ) ;
#2674 = CARTESIAN_POINT ( 'NONE',  ( -13.58276253029822023, 2.999999999999999112, -8.999999999999998224 ) ) ;
#2675 = CARTESIAN_POINT ( 'NONE',  ( -13.58276253029822023, 2.000000000000000000, -15.00000000000000000 ) ) ;
#2676 = VECTOR ( 'NONE', #2170, 1000.000000000000000 ) ;
#2677 = CARTESIAN_POINT ( 'NONE',  ( 0.000000000000000000, 0.000000000000000000, 0.000000000000000000 ) ) ;
#2678 = LINE ( 'NONE', #505, #3958 ) ;
#2679 = LINE ( 'NONE', #66, #2934 ) ;
#2680 = ORIENTED_EDGE ( 'NONE', *, *, #545, .T. ) ;
#2681 = FACE_OUTER_BOUND ( 'NONE', #3538, .T. ) ;
#2682 = ORIENTED_EDGE ( 'NONE', *, *, #2572, .T. ) ;
#2683 = ORIENTED_EDGE ( 'NONE', *, *, #1424, .F. ) ;
#2684 = SURFACE_STYLE_USAGE ( .BOTH. , #2933 ) ;
#2685 = VERTEX_POINT ( 'NONE', #3582 ) ;
#2686 = CARTESIAN_POINT ( 'NONE',  ( -0.7500000000000000000, 3.000000000000000000, -15.00000000000000178 ) ) ;
#2687 = DIRECTION ( 'NONE',  ( -1.671814187836141990E-32, -1.000000000000000000, -1.445602896647338917E-16 ) ) ;
#2688 = SURFACE_STYLE_FILL_AREA ( #817 ) ;
#2689 = FILL_AREA_STYLE ('',( #709 ) ) ;
#2690 =( GEOMETRIC_REPRESENTATION_CONTEXT ( 3 ) GLOBAL_UNCERTAINTY_ASSIGNED_CONTEXT ( ( #849 ) ) GLOBAL_UNIT_ASSIGNED_CONTEXT ( ( #2964, #359, #1044 ) ) REPRESENTATION_CONTEXT ( 'NONE', 'WORKASPACE' ) );
#2691 = DIRECTION ( 'NONE',  ( -0.000000000000000000, -1.000000000000000000, -0.000000000000000000 ) ) ;
#2692 = DIRECTION ( 'NONE',  ( -0.000000000000000000, -0.000000000000000000, 1.000000000000000000 ) ) ;
#2693 = SURFACE_STYLE_USAGE ( .BOTH. , #190 ) ;
#2694 =( NAMED_UNIT ( * ) PLANE_ANGLE_UNIT ( ) SI_UNIT ( $, .RADIAN. ) );
#2695 = ORIENTED_EDGE ( 'NONE', *, *, #1964, .F. ) ;
#2696 = DIRECTION ( 'NONE',  ( -0.000000000000000000, -0.000000000000000000, -1.000000000000000000 ) ) ;
#2697 = UNCERTAINTY_MEASURE_WITH_UNIT (LENGTH_MEASURE( 1.000000000000000082E-05 ), #1803, 'distance_accuracy_value', 'NONE');
#2698 = PLANE ( 'NONE',  #2845 ) ;
#2699 = ADVANCED_FACE ( 'NONE', ( #2010 ), #2920, .T. ) ;
#2700 = ORIENTED_EDGE ( 'NONE', *, *, #1704, .F. ) ;
#2701 = VECTOR ( 'NONE', #1210, 1000.000000000000000 ) ;
#2702 = PRESENTATION_LAYER_ASSIGNMENT (  '', '', ( #2185 ) ) ;
#2703 = ORIENTED_EDGE ( 'NONE', *, *, #2480, .T. ) ;
#2704 = DIRECTION ( 'NONE',  ( 1.671814187836141990E-32, 1.000000000000000000, 0.000000000000000000 ) ) ;
#2705 = VERTEX_POINT ( 'NONE', #81 ) ;
#2706 = CARTESIAN_POINT ( 'NONE',  ( -7.499999999999997335, 2.000000000000000000, 15.00000000000000533 ) ) ;
#2707 = AXIS2_PLACEMENT_3D ( 'NONE', #748, #1065, #2368 ) ;
#2708 = FILL_AREA_STYLE ('',( #499 ) ) ;
#2709 = ADVANCED_FACE ( 'NONE', ( #3298 ), #2310, .F. ) ;
#2710 = ORIENTED_EDGE ( 'NONE', *, *, #1344, .F. ) ;
#2711 = PRESENTATION_LAYER_ASSIGNMENT (  '', '', ( #896 ) ) ;
#2712 = DIRECTION ( 'NONE',  ( 1.000000000000000000, -0.000000000000000000, -1.156482317317871478E-16 ) ) ;
#2713 = LINE ( 'NONE', #3683, #3089 ) ;
#2714 =( LENGTH_UNIT ( ) NAMED_UNIT ( * ) SI_UNIT ( .MILLI., .METRE. ) );
#2715 =( GEOMETRIC_REPRESENTATION_CONTEXT ( 3 ) GLOBAL_UNCERTAINTY_ASSIGNED_CONTEXT ( ( #47 ) ) GLOBAL_UNIT_ASSIGNED_CONTEXT ( ( #2133, #2745, #3674 ) ) REPRESENTATION_CONTEXT ( 'NONE', 'WORKASPACE' ) );
#2716 = LINE ( 'NONE', #875, #2676 ) ;
#2717 = UNCERTAINTY_MEASURE_WITH_UNIT (LENGTH_MEASURE( 1.000000000000000082E-05 ), #1535, 'distance_accuracy_value', 'NONE');
#2718 = FACE_OUTER_BOUND ( 'NONE', #433, .T. ) ;
#2719 = ORIENTED_EDGE ( 'NONE', *, *, #1601, .T. ) ;
#2720 = FILL_AREA_STYLE_COLOUR ( '', #868 ) ;
#2721 = ORIENTED_EDGE ( 'NONE', *, *, #2778, .T. ) ;
#2722 = SURFACE_STYLE_USAGE ( .BOTH. , #860 ) ;
#2723 = ORIENTED_EDGE ( 'NONE', *, *, #3456, .T. ) ;
#2724 =( GEOMETRIC_REPRESENTATION_CONTEXT ( 3 ) GLOBAL_UNCERTAINTY_ASSIGNED_CONTEXT ( ( #1490 ) ) GLOBAL_UNIT_ASSIGNED_CONTEXT ( ( #4108, #3144, #3208 ) ) REPRESENTATION_CONTEXT ( 'NONE', 'WORKASPACE' ) );
#2725 = EDGE_CURVE ( 'NONE', #2705, #1279, #49, .T. ) ;
#2726 = DIRECTION ( 'NONE',  ( 1.000000000000000000, -0.000000000000000000, -1.156482317317871478E-16 ) ) ;
#2727 = COLOUR_RGB ( '',1.000000000000000000, 1.000000000000000000, 0.000000000000000000 ) ;
#2728 = CARTESIAN_POINT ( 'NONE',  ( 5.770658746154558649, 2.000000000000000000, 12.14149756551532988 ) ) ;
#2729 = VERTEX_POINT ( 'NONE', #1495 ) ;
#2730 = CARTESIAN_POINT ( 'NONE',  ( -13.58276253029822023, 2.000000000000000000, -15.00000000000000000 ) ) ;
#2731 = DIRECTION ( 'NONE',  ( 1.156482317317871478E-16, -1.445602896647338917E-16, 1.000000000000000000 ) ) ;
#2732 = LINE ( 'NONE', #1212, #4060 ) ;
#2733 =( NAMED_UNIT ( * ) PLANE_ANGLE_UNIT ( ) SI_UNIT ( $, .RADIAN. ) );
#2734 = UNCERTAINTY_MEASURE_WITH_UNIT (LENGTH_MEASURE( 1.000000000000000082E-05 ), #1986, 'distance_accuracy_value', 'NONE');
#2735 = CARTESIAN_POINT ( 'NONE',  ( -6.250000000000000000, 4.000000000000000000, -15.00000000000000178 ) ) ;
#2736 = CIRCLE ( 'NONE', #2215, 0.6645387198085618286 ) ;
#2737 = FACE_OUTER_BOUND ( 'NONE', #1473, .T. ) ;
#2738 = DIRECTION ( 'NONE',  ( 3.038581678643135599E-64, 1.445602896647338917E-16, -1.000000000000000000 ) ) ;
#2739 = FILL_AREA_STYLE ('',( #1381 ) ) ;
#2740 = AXIS2_PLACEMENT_3D ( 'NONE', #2393, #461, #3729 ) ;
#2741 = EDGE_LOOP ( 'NONE', ( #2023, #2087, #4103, #730 ) ) ;
#2742 = FILL_AREA_STYLE_COLOUR ( '', #3350 ) ;
#2743 =( GEOMETRIC_REPRESENTATION_CONTEXT ( 3 ) GLOBAL_UNCERTAINTY_ASSIGNED_CONTEXT ( ( #2191 ) ) GLOBAL_UNIT_ASSIGNED_CONTEXT ( ( #939, #645, #3479 ) ) REPRESENTATION_CONTEXT ( 'NONE', 'WORKASPACE' ) );
#2744 = ORIENTED_EDGE ( 'NONE', *, *, #926, .F. ) ;
#2745 =( NAMED_UNIT ( * ) PLANE_ANGLE_UNIT ( ) SI_UNIT ( $, .RADIAN. ) );
#2746 = ORIENTED_EDGE ( 'NONE', *, *, #2277, .T. ) ;
#2747 =( NAMED_UNIT ( * ) SI_UNIT ( $, .STERADIAN. ) SOLID_ANGLE_UNIT ( ) );
#2748 = FILL_AREA_STYLE_COLOUR ( '', #3303 ) ;
#2749 = EDGE_CURVE ( 'NONE', #857, #1817, #2484, .T. ) ;
#2750 = LINE ( 'NONE', #864, #3064 ) ;
#2751 = ORIENTED_EDGE ( 'NONE', *, *, #2648, .F. ) ;
#2752 = FILL_AREA_STYLE ('',( #187 ) ) ;
#2753 = CARTESIAN_POINT ( 'NONE',  ( 4.345753767954572133, 4.000000000000000000, 14.34043352985769815 ) ) ;
#2754 = FILL_AREA_STYLE ('',( #1519 ) ) ;
#2755 = PLANE ( 'NONE',  #3193 ) ;
#2756 = FILL_AREA_STYLE_COLOUR ( '', #3578 ) ;
#2757 = ORIENTED_EDGE ( 'NONE', *, *, #50, .T. ) ;
#2758 = EDGE_CURVE ( 'NONE', #585, #2093, #1774, .T. ) ;
#2759 = ORIENTED_EDGE ( 'NONE', *, *, #2966, .T. ) ;
#2760 = CARTESIAN_POINT ( 'NONE',  ( 6.435197465963121033, 3.000000000000000000, 20.00000000000000355 ) ) ;
#2761 = VERTEX_POINT ( 'NONE', #3088 ) ;
#2762 = EDGE_CURVE ( 'NONE', #954, #2359, #145, .T. ) ;
#2763 = LINE ( 'NONE', #497, #64 ) ;
#2764 = LINE ( 'NONE', #254, #757 ) ;
#2765 = FILL_AREA_STYLE ('',( #207 ) ) ;
#2766 = STYLED_ITEM ( 'NONE', ( #3378 ), #1164 ) ;
#2767 = ORIENTED_EDGE ( 'NONE', *, *, #1390, .T. ) ;
#2768 = PRESENTATION_LAYER_ASSIGNMENT (  '', '', ( #753 ) ) ;
#2769 = CARTESIAN_POINT ( 'NONE',  ( -3.500000000000001332, 3.000000000000000000, -15.00000000000000178 ) ) ;
#2770 = SURFACE_STYLE_USAGE ( .BOTH. , #4024 ) ;
#2771 = ADVANCED_FACE ( 'NONE', ( #3642 ), #1135, .F. ) ;
#2772 = CARTESIAN_POINT ( 'NONE',  ( -5.106120026345997154, 2.000000000000000000, 15.00000000000000533 ) ) ;
#2773 = PLANE ( 'NONE',  #3372 ) ;
#2774 = DIRECTION ( 'NONE',  ( 0.000000000000000000, 0.000000000000000000, -1.000000000000000000 ) ) ;
#2775 = DIRECTION ( 'NONE',  ( -0.000000000000000000, -1.000000000000000000, -0.000000000000000000 ) ) ;
#2776 = UNCERTAINTY_MEASURE_WITH_UNIT (LENGTH_MEASURE( 1.000000000000000082E-05 ), #1769, 'distance_accuracy_value', 'NONE');
#2777 = SURFACE_STYLE_FILL_AREA ( #150 ) ;
#2778 = EDGE_CURVE ( 'NONE', #3399, #135, #2713, .T. ) ;
#2779 = VECTOR ( 'NONE', #3351, 1000.000000000000000 ) ;
#2780 = DIRECTION ( 'NONE',  ( -1.000000000000000000, 0.000000000000000000, -0.000000000000000000 ) ) ;
#2781 = CARTESIAN_POINT ( 'NONE',  ( -13.58276253029822023, 3.000000000000000000, -15.00000000000000000 ) ) ;
#2782 = EDGE_LOOP ( 'NONE', ( #1143, #3853, #723, #2109 ) ) ;
#2783 = MECHANICAL_DESIGN_GEOMETRIC_PRESENTATION_REPRESENTATION (  '', ( #1027 ), #837 ) ;
#2784 = EDGE_CURVE ( 'NONE', #971, #2460, #3424, .T. ) ;
#2785 =( GEOMETRIC_REPRESENTATION_CONTEXT ( 3 ) GLOBAL_UNCERTAINTY_ASSIGNED_CONTEXT ( ( #3446 ) ) GLOBAL_UNIT_ASSIGNED_CONTEXT ( ( #2456, #1506, #532 ) ) REPRESENTATION_CONTEXT ( 'NONE', 'WORKASPACE' ) );
#2786 = ORIENTED_EDGE ( 'NONE', *, *, #619, .T. ) ;
#2787 = LINE ( 'NONE', #2463, #3614 ) ;
#2788 =( NAMED_UNIT ( * ) PLANE_ANGLE_UNIT ( ) SI_UNIT ( $, .RADIAN. ) );
#2789 = PRESENTATION_LAYER_ASSIGNMENT (  '', '', ( #1727 ) ) ;
#2790 = CYLINDRICAL_SURFACE ( 'NONE', #2844, 1.061980817857794301 ) ;
#2791 = VERTEX_POINT ( 'NONE', #821 ) ;
#2792 = LINE ( 'NONE', #366, #3533 ) ;
#2793 = STYLED_ITEM ( 'NONE', ( #3943 ), #615 ) ;
#2794 = FILL_AREA_STYLE_COLOUR ( '', #2883 ) ;
#2795 = VECTOR ( 'NONE', #1472, 1000.000000000000000 ) ;
#2796 = CARTESIAN_POINT ( 'NONE',  ( -7.500000000000000888, 3.000000000000000000, -15.00000000000000000 ) ) ;
#2797 =( LENGTH_UNIT ( ) NAMED_UNIT ( * ) SI_UNIT ( .MILLI., .METRE. ) );
#2798 = PRESENTATION_STYLE_ASSIGNMENT (( #1253 ) ) ;
#2799 =( NAMED_UNIT ( * ) SI_UNIT ( $, .STERADIAN. ) SOLID_ANGLE_UNIT ( ) );
#2800 = UNCERTAINTY_MEASURE_WITH_UNIT (LENGTH_MEASURE( 1.000000000000000082E-05 ), #1000, 'distance_accuracy_value', 'NONE');
#2801 = FILL_AREA_STYLE ('',( #942 ) ) ;
#2802 = LINE ( 'NONE', #854, #3784 ) ;
#2803 = ADVANCED_FACE ( 'NONE', ( #1155 ), #1113, .F. ) ;
#2804 = AXIS2_PLACEMENT_3D ( 'NONE', #1605, #2510, #1900 ) ;
#2805 = ORIENTED_EDGE ( 'NONE', *, *, #944, .F. ) ;
#2806 = LINE ( 'NONE', #3395, #119 ) ;
#2807 = EDGE_LOOP ( 'NONE', ( #1826, #3016, #2759, #1464 ) ) ;
#2808 = VECTOR ( 'NONE', #3865, 1000.000000000000000 ) ;
#2809 = CIRCLE ( 'NONE', #2157, 1.061980817857794301 ) ;
#2810 = VECTOR ( 'NONE', #2575, 1000.000000000000000 ) ;
#2811 = FILL_AREA_STYLE ('',( #1223 ) ) ;
#2812 = CARTESIAN_POINT ( 'NONE',  ( -6.435197465963121033, 4.000000000000000000, 15.00000000000000533 ) ) ;
#2813 = MANIFOLD_SOLID_BREP ( 'Boss-Extrude6', #3622 ) ;
#2814 = ORIENTED_EDGE ( 'NONE', *, *, #2305, .F. ) ;
#2815 = FILL_AREA_STYLE ('',( #2182 ) ) ;
#2816 = CARTESIAN_POINT ( 'NONE',  ( -7.500000000000000888, 4.000000000000000000, -15.00000000000000000 ) ) ;
#2817 = CARTESIAN_POINT ( 'NONE',  ( 5.770658746154558649, 3.000000000000000000, 20.00000000000000355 ) ) ;
#2818 = DIRECTION ( 'NONE',  ( -1.000000000000000000, 0.000000000000000000, 0.000000000000000000 ) ) ;
#2819 = SURFACE_STYLE_FILL_AREA ( #1864 ) ;
#2820 =( LENGTH_UNIT ( ) NAMED_UNIT ( * ) SI_UNIT ( .MILLI., .METRE. ) );
#2821 = CARTESIAN_POINT ( 'NONE',  ( 7.195563724354545165, 4.000000000000000000, 14.34043352985769815 ) ) ;
#2822 = CARTESIAN_POINT ( 'NONE',  ( -13.58276253029822023, 1.000000000000000000, -15.00000000000000000 ) ) ;
#2823 = ORIENTED_EDGE ( 'NONE', *, *, #1894, .T. ) ;
#2824 =( NAMED_UNIT ( * ) PLANE_ANGLE_UNIT ( ) SI_UNIT ( $, .RADIAN. ) );
#2825 = ADVANCED_FACE ( 'NONE', ( #3812 ), #2219, .F. ) ;
#2826 = DIRECTION ( 'NONE',  ( 0.000000000000000000, 0.000000000000000000, 1.000000000000000000 ) ) ;
#2827 =( NAMED_UNIT ( * ) PLANE_ANGLE_UNIT ( ) SI_UNIT ( $, .RADIAN. ) );
#2828 = VERTEX_POINT ( 'NONE', #934 ) ;
#2829 =( NAMED_UNIT ( * ) PLANE_ANGLE_UNIT ( ) SI_UNIT ( $, .RADIAN. ) );
#2830 =( LENGTH_UNIT ( ) NAMED_UNIT ( * ) SI_UNIT ( .MILLI., .METRE. ) );
#2831 = FACE_OUTER_BOUND ( 'NONE', #3267, .T. ) ;
#2832 =( GEOMETRIC_REPRESENTATION_CONTEXT ( 3 ) GLOBAL_UNCERTAINTY_ASSIGNED_CONTEXT ( ( #1971 ) ) GLOBAL_UNIT_ASSIGNED_CONTEXT ( ( #749, #3939, #3999 ) ) REPRESENTATION_CONTEXT ( 'NONE', 'WORKASPACE' ) );
#2833 = EDGE_CURVE ( 'NONE', #407, #3142, #1599, .T. ) ;
#2834 = VECTOR ( 'NONE', #1600, 1000.000000000000000 ) ;
#2835 = SURFACE_SIDE_STYLE ('',( #904 ) ) ;
#2836 = FILL_AREA_STYLE ('',( #1951 ) ) ;
#2837 = UNCERTAINTY_MEASURE_WITH_UNIT (LENGTH_MEASURE( 1.000000000000000082E-05 ), #3023, 'distance_accuracy_value', 'NONE');
#2838 = PRESENTATION_STYLE_ASSIGNMENT (( #3166 ) ) ;
#2839 = SURFACE_SIDE_STYLE ('',( #1845 ) ) ;
#2840 = STYLED_ITEM ( 'NONE', ( #4046 ), #3485 ) ;
#2841 = DIRECTION ( 'NONE',  ( 1.000000000000000000, 0.000000000000000000, 0.000000000000000000 ) ) ;
#2842 = EDGE_LOOP ( 'NONE', ( #3610, #514, #1189, #933 ) ) ;
#2843 = SURFACE_STYLE_FILL_AREA ( #3695 ) ;
#2844 = AXIS2_PLACEMENT_3D ( 'NONE', #973, #3510, #2280 ) ;
#2845 = AXIS2_PLACEMENT_3D ( 'NONE', #195, #787, #174 ) ;
#2846 = FACE_OUTER_BOUND ( 'NONE', #2027, .T. ) ;
#2847 = VECTOR ( 'NONE', #252, 1000.000000000000000 ) ;
#2848 = CARTESIAN_POINT ( 'NONE',  ( -0.7500000000000006661, 3.000000000000000000, -15.00000000000000000 ) ) ;
#2849 = EDGE_LOOP ( 'NONE', ( #2197, #3137, #2070, #3242 ) ) ;
#2850 = DIRECTION ( 'NONE',  ( 1.671814187836141990E-32, 1.000000000000000000, 1.445602896647338917E-16 ) ) ;
#2851 = ADVANCED_FACE ( 'NONE', ( #1270 ), #1208, .F. ) ;
#2852 = VERTEX_POINT ( 'NONE', #3539 ) ;
#2853 = STYLED_ITEM ( 'NONE', ( #487 ), #4061 ) ;
#2854 = MECHANICAL_DESIGN_GEOMETRIC_PRESENTATION_REPRESENTATION (  '', ( #2268 ), #1793 ) ;
#2855 = SURFACE_STYLE_FILL_AREA ( #2815 ) ;
#2856 =( LENGTH_UNIT ( ) NAMED_UNIT ( * ) SI_UNIT ( .MILLI., .METRE. ) );
#2857 = FACE_OUTER_BOUND ( 'NONE', #953, .T. ) ;
#2858 = VECTOR ( 'NONE', #3921, 1000.000000000000000 ) ;
#2859 = ADVANCED_FACE ( 'NONE', ( #1360 ), #3936, .F. ) ;
#2860 = AXIS2_PLACEMENT_3D ( 'NONE', #3942, #1365, #439 ) ;
#2861 = DIRECTION ( 'NONE',  ( 0.000000000000000000, 0.000000000000000000, 1.000000000000000000 ) ) ;
#2862 = EDGE_CURVE ( 'NONE', #2924, #614, #687, .T. ) ;
#2863 = DIRECTION ( 'NONE',  ( 1.671814187836141990E-32, 1.000000000000000000, 1.445602896647338917E-16 ) ) ;
#2864 = ORIENTED_EDGE ( 'NONE', *, *, #2929, .F. ) ;
#2865 = PRESENTATION_STYLE_ASSIGNMENT (( #2595 ) ) ;
#2866 = PRESENTATION_STYLE_ASSIGNMENT (( #1955 ) ) ;
#2867 = VECTOR ( 'NONE', #339, 1000.000000000000000 ) ;
#2868 = FILL_AREA_STYLE_COLOUR ( '', #906 ) ;
#2869 = VECTOR ( 'NONE', #1909, 1000.000000000000000 ) ;
#2870 = ORIENTED_EDGE ( 'NONE', *, *, #3931, .F. ) ;
#2871 = ORIENTED_EDGE ( 'NONE', *, *, #3336, .T. ) ;
#2872 = CARTESIAN_POINT ( 'NONE',  ( -13.58276253029822023, 1.999999999999999112, -8.999999999999998224 ) ) ;
#2873 = MECHANICAL_DESIGN_GEOMETRIC_PRESENTATION_REPRESENTATION (  '', ( #3010 ), #3669 ) ;
#2874 =( GEOMETRIC_REPRESENTATION_CONTEXT ( 3 ) GLOBAL_UNCERTAINTY_ASSIGNED_CONTEXT ( ( #283 ) ) GLOBAL_UNIT_ASSIGNED_CONTEXT ( ( #2241, #919, #1582 ) ) REPRESENTATION_CONTEXT ( 'NONE', 'WORKASPACE' ) );
#2875 = EDGE_CURVE ( 'NONE', #295, #3932, #2645, .T. ) ;
#2876 =( LENGTH_UNIT ( ) NAMED_UNIT ( * ) SI_UNIT ( .MILLI., .METRE. ) );
#2877 =( NAMED_UNIT ( * ) SI_UNIT ( $, .STERADIAN. ) SOLID_ANGLE_UNIT ( ) );
#2878 = CARTESIAN_POINT ( 'NONE',  ( -5.770658746154558649, 2.000000000000000000, 12.14149756551532988 ) ) ;
#2879 = FACE_OUTER_BOUND ( 'NONE', #1007, .T. ) ;
#2880 = DIRECTION ( 'NONE',  ( 1.000000000000000000, -0.000000000000000000, -1.156482317317871478E-16 ) ) ;
#2881 = ORIENTED_EDGE ( 'NONE', *, *, #3974, .F. ) ;
#2882 = ORIENTED_EDGE ( 'NONE', *, *, #42, .T. ) ;
#2883 = COLOUR_RGB ( '',1.000000000000000000, 1.000000000000000000, 0.000000000000000000 ) ;
#2884 = CARTESIAN_POINT ( 'NONE',  ( -5.770658746154558649, 3.000000000000000000, 20.00000000000000355 ) ) ;
#2885 = EDGE_CURVE ( 'NONE', #1651, #1289, #3891, .T. ) ;
#2886 = COLOUR_RGB ( '',1.000000000000000000, 1.000000000000000000, 0.000000000000000000 ) ;
#2887 = CARTESIAN_POINT ( 'NONE',  ( -5.659720593955204215, 4.500000000000000888, 7.822786237319599323 ) ) ;
#2888 = LINE ( 'NONE', #1981, #1288 ) ;
#2889 = ORIENTED_EDGE ( 'NONE', *, *, #2833, .T. ) ;
#2890 = DIRECTION ( 'NONE',  ( 1.671814187836141990E-32, 1.000000000000000000, 1.445602896647338917E-16 ) ) ;
#2891 = VERTEX_POINT ( 'NONE', #2605 ) ;
#2892 = EDGE_CURVE ( 'NONE', #1202, #2761, #3512, .T. ) ;
#2893 = DIRECTION ( 'NONE',  ( -1.445602896647338917E-16, -1.445602896647338917E-16, 1.000000000000000000 ) ) ;
#2894 = LINE ( 'NONE', #334, #1631 ) ;
#2895 = FILL_AREA_STYLE_COLOUR ( '', #1313 ) ;
#2896 = FILL_AREA_STYLE ('',( #2286 ) ) ;
#2897 = DIRECTION ( 'NONE',  ( 1.000000000000000000, -0.000000000000000000, -1.156482317317871478E-16 ) ) ;
#2898 = SURFACE_STYLE_FILL_AREA ( #712 ) ;
#2899 = EDGE_CURVE ( 'NONE', #954, #3722, #1664, .T. ) ;
#2900 = LINE ( 'NONE', #735, #3531 ) ;
#2901 = UNCERTAINTY_MEASURE_WITH_UNIT (LENGTH_MEASURE( 1.000000000000000082E-05 ), #1562, 'distance_accuracy_value', 'NONE');
#2902 = FACE_OUTER_BOUND ( 'NONE', #2180, .T. ) ;
#2903 = LINE ( 'NONE', #341, #1112 ) ;
#2904 = CARTESIAN_POINT ( 'NONE',  ( -13.58276253029822023, 1.000000000000000000, -15.00000000000000000 ) ) ;
#2905 =( NAMED_UNIT ( * ) SI_UNIT ( $, .STERADIAN. ) SOLID_ANGLE_UNIT ( ) );
#2906 = ORIENTED_EDGE ( 'NONE', *, *, #3233, .F. ) ;
#2907 = COLOUR_RGB ( '',0.2509803921568627416, 0.2509803921568627416, 0.2509803921568627416 ) ;
#2908 = EDGE_CURVE ( 'NONE', #2359, #1052, #3596, .T. ) ;
#2909 =( LENGTH_UNIT ( ) NAMED_UNIT ( * ) SI_UNIT ( .MILLI., .METRE. ) );
#2910 = MECHANICAL_DESIGN_GEOMETRIC_PRESENTATION_REPRESENTATION (  '', ( #3834 ), #4104 ) ;
#2911 = MECHANICAL_DESIGN_GEOMETRIC_PRESENTATION_REPRESENTATION (  '', ( #896 ), #491 ) ;
#2912 = PRESENTATION_LAYER_ASSIGNMENT (  '', '', ( #1371 ) ) ;
#2913 = ORIENTED_EDGE ( 'NONE', *, *, #1663, .T. ) ;
#2914 = FILL_AREA_STYLE ('',( #2002 ) ) ;
#2915 = ORIENTED_EDGE ( 'NONE', *, *, #717, .F. ) ;
#2916 = CARTESIAN_POINT ( 'NONE',  ( -0.7500000000000000000, -8.673617379884035472E-16, -15.00000000000000178 ) ) ;
#2917 = AXIS2_PLACEMENT_3D ( 'NONE', #52, #309, #1635 ) ;
#2918 = SURFACE_SIDE_STYLE ('',( #3602 ) ) ;
#2919 = DIRECTION ( 'NONE',  ( -0.000000000000000000, 1.000000000000000000, 0.000000000000000000 ) ) ;
#2920 = PLANE ( 'NONE',  #3867 ) ;
#2921 = UNCERTAINTY_MEASURE_WITH_UNIT (LENGTH_MEASURE( 1.000000000000000082E-05 ), #1197, 'distance_accuracy_value', 'NONE');
#2922 = LINE ( 'NONE', #675, #3239 ) ;
#2923 = VECTOR ( 'NONE', #3282, 1000.000000000000000 ) ;
#2924 = VERTEX_POINT ( 'NONE', #37 ) ;
#2925 = AXIS2_PLACEMENT_3D ( 'NONE', #1878, #3477, #2610 ) ;
#2926 = EDGE_LOOP ( 'NONE', ( #1510, #3591, #2710, #2405 ) ) ;
#2927 = CARTESIAN_POINT ( 'NONE',  ( -7.500000000000000000, 0.9999999999999993339, -8.999999999999998224 ) ) ;
#2928 = STYLED_ITEM ( 'NONE', ( #1451 ), #1480 ) ;
#2929 = EDGE_CURVE ( 'NONE', #3200, #2935, #1706, .T. ) ;
#2930 =( NAMED_UNIT ( * ) PLANE_ANGLE_UNIT ( ) SI_UNIT ( $, .RADIAN. ) );
#2931 = ORIENTED_EDGE ( 'NONE', *, *, #3280, .T. ) ;
#2932 = VERTEX_POINT ( 'NONE', #2672 ) ;
#2933 = SURFACE_SIDE_STYLE ('',( #2643 ) ) ;
#2934 = VECTOR ( 'NONE', #1050, 1000.000000000000000 ) ;
#2935 = VERTEX_POINT ( 'NONE', #1963 ) ;
#2936 = DIRECTION ( 'NONE',  ( 1.671814187836141990E-32, 1.000000000000000000, 1.445602896647338917E-16 ) ) ;
#2937 = PRESENTATION_LAYER_ASSIGNMENT (  '', '', ( #590 ) ) ;
#2938 = LINE ( 'NONE', #3228, #3765 ) ;
#2939 = CARTESIAN_POINT ( 'NONE',  ( -6.435197465963121033, 4.000000000000000000, 15.00000000000000533 ) ) ;
#2940 =( NAMED_UNIT ( * ) PLANE_ANGLE_UNIT ( ) SI_UNIT ( $, .RADIAN. ) );
#2941 = VECTOR ( 'NONE', #2995, 1000.000000000000000 ) ;
#2942 =( NAMED_UNIT ( * ) PLANE_ANGLE_UNIT ( ) SI_UNIT ( $, .RADIAN. ) );
#2943 = SURFACE_STYLE_USAGE ( .BOTH. , #2208 ) ;
#2944 =( GEOMETRIC_REPRESENTATION_CONTEXT ( 3 ) GLOBAL_UNCERTAINTY_ASSIGNED_CONTEXT ( ( #2012 ) ) GLOBAL_UNIT_ASSIGNED_CONTEXT ( ( #1437, #3648, #1095 ) ) REPRESENTATION_CONTEXT ( 'NONE', 'WORKASPACE' ) );
#2945 =( NAMED_UNIT ( * ) SI_UNIT ( $, .STERADIAN. ) SOLID_ANGLE_UNIT ( ) );
#2946 = FILL_AREA_STYLE_COLOUR ( '', #1930 ) ;
#2947 = FILL_AREA_STYLE_COLOUR ( '', #1278 ) ;
#2948 = UNCERTAINTY_MEASURE_WITH_UNIT (LENGTH_MEASURE( 1.000000000000000082E-05 ), #377, 'distance_accuracy_value', 'NONE');
#2949 = ORIENTED_EDGE ( 'NONE', *, *, #927, .F. ) ;
#2950 = FACE_OUTER_BOUND ( 'NONE', #9, .T. ) ;
#2951 =( NAMED_UNIT ( * ) SI_UNIT ( $, .STERADIAN. ) SOLID_ANGLE_UNIT ( ) );
#2952 =( GEOMETRIC_REPRESENTATION_CONTEXT ( 3 ) GLOBAL_UNCERTAINTY_ASSIGNED_CONTEXT ( ( #1104 ) ) GLOBAL_UNIT_ASSIGNED_CONTEXT ( ( #276, #236, #3441 ) ) REPRESENTATION_CONTEXT ( 'NONE', 'WORKASPACE' ) );
#2953 = ADVANCED_FACE ( 'NONE', ( #2345 ), #3227, .F. ) ;
#2954 = ORIENTED_EDGE ( 'NONE', *, *, #250, .T. ) ;
#2955 = DIRECTION ( 'NONE',  ( 0.000000000000000000, 1.000000000000000000, -0.000000000000000000 ) ) ;
#2956 = COLOUR_RGB ( '',0.2509803921568627416, 0.2509803921568627416, 0.2509803921568627416 ) ;
#2957 = ORIENTED_EDGE ( 'NONE', *, *, #50, .F. ) ;
#2958 =( NAMED_UNIT ( * ) PLANE_ANGLE_UNIT ( ) SI_UNIT ( $, .RADIAN. ) );
#2959 = VERTEX_POINT ( 'NONE', #3979 ) ;
#2960 = COLOUR_RGB ( '',0.2509803921568627416, 0.2509803921568627416, 0.2509803921568627416 ) ;
#2961 = FILL_AREA_STYLE_COLOUR ( '', #892 ) ;
#2962 = DIRECTION ( 'NONE',  ( 0.000000000000000000, 0.000000000000000000, 1.000000000000000000 ) ) ;
#2963 = VECTOR ( 'NONE', #379, 1000.000000000000000 ) ;
#2964 =( LENGTH_UNIT ( ) NAMED_UNIT ( * ) SI_UNIT ( .MILLI., .METRE. ) );
#2965 = DIRECTION ( 'NONE',  ( 1.000000000000000000, -1.671814187836141990E-32, -2.416779432592044377E-48 ) ) ;
#2966 = EDGE_CURVE ( 'NONE', #2364, #2021, #202, .T. ) ;
#2967 = UNCERTAINTY_MEASURE_WITH_UNIT (LENGTH_MEASURE( 1.000000000000000082E-05 ), #1907, 'distance_accuracy_value', 'NONE');
#2968 = SURFACE_SIDE_STYLE ('',( #2311 ) ) ;
#2969 = CARTESIAN_POINT ( 'NONE',  ( -13.58276253029822023, 1.000000000000000000, -15.00000000000000000 ) ) ;
#2970 = CARTESIAN_POINT ( 'NONE',  ( -6.887037652244874408, 9.609352161810663873, 6.224039322457887380 ) ) ;
#2971 = ORIENTED_EDGE ( 'NONE', *, *, #2464, .F. ) ;
#2972 = DIRECTION ( 'NONE',  ( -1.671814187836141990E-32, -1.000000000000000000, -1.445602896647338917E-16 ) ) ;
#2973 = AXIS2_PLACEMENT_3D ( 'NONE', #1411, #1092, #3686 ) ;
#2974 = MECHANICAL_DESIGN_GEOMETRIC_PRESENTATION_REPRESENTATION (  '', ( #617 ), #3458 ) ;
#2975 = ORIENTED_EDGE ( 'NONE', *, *, #803, .T. ) ;
#2976 = ORIENTED_EDGE ( 'NONE', *, *, #106, .T. ) ;
#2977 =( GEOMETRIC_REPRESENTATION_CONTEXT ( 3 ) GLOBAL_UNCERTAINTY_ASSIGNED_CONTEXT ( ( #4028 ) ) GLOBAL_UNIT_ASSIGNED_CONTEXT ( ( #3213, #3899, #2945 ) ) REPRESENTATION_CONTEXT ( 'NONE', 'WORKASPACE' ) );
#2978 = VERTEX_POINT ( 'NONE', #3401 ) ;
#2979 = ORIENTED_EDGE ( 'NONE', *, *, #3974, .T. ) ;
#2980 = CARTESIAN_POINT ( 'NONE',  ( 2.250000000000001776, 2.000000000000000000, -14.99999999999999822 ) ) ;
#2981 = STYLED_ITEM ( 'NONE', ( #1062 ), #1687 ) ;
#2982 = CARTESIAN_POINT ( 'NONE',  ( -6.887037652244874408, 4.000000000000000000, 11.26780805515516803 ) ) ;
#2983 = FACE_OUTER_BOUND ( 'NONE', #2402, .T. ) ;
#2984 = EDGE_CURVE ( 'NONE', #256, #971, #3675, .T. ) ;
#2985 = VECTOR ( 'NONE', #1733, 1000.000000000000000 ) ;
#2986 = CARTESIAN_POINT ( 'NONE',  ( -0.7500000000000000000, 1.999999999999999112, -9.000000000000000000 ) ) ;
#2987 = DIRECTION ( 'NONE',  ( -0.000000000000000000, -0.000000000000000000, -1.000000000000000000 ) ) ;
#2988 = EDGE_CURVE ( 'NONE', #3693, #3769, #2763, .T. ) ;
#2989 =( NAMED_UNIT ( * ) SI_UNIT ( $, .STERADIAN. ) SOLID_ANGLE_UNIT ( ) );
#2990 = CARTESIAN_POINT ( 'NONE',  ( -7.500000000000000888, 2.000000000000000000, -14.99999999999999822 ) ) ;
#2991 = UNCERTAINTY_MEASURE_WITH_UNIT (LENGTH_MEASURE( 1.000000000000000082E-05 ), #1827, 'distance_accuracy_value', 'NONE');
#2992 =( GEOMETRIC_REPRESENTATION_CONTEXT ( 3 ) GLOBAL_UNCERTAINTY_ASSIGNED_CONTEXT ( ( #907 ) ) GLOBAL_UNIT_ASSIGNED_CONTEXT ( ( #2714, #2694, #463 ) ) REPRESENTATION_CONTEXT ( 'NONE', 'WORKASPACE' ) );
#2993 = ORIENTED_EDGE ( 'NONE', *, *, #2223, .F. ) ;
#2994 = STYLED_ITEM ( 'NONE', ( #2057 ), #668 ) ;
#2995 = DIRECTION ( 'NONE',  ( 1.671814187836141990E-32, 1.000000000000000000, 1.445602896647338917E-16 ) ) ;
#2996 = MECHANICAL_DESIGN_GEOMETRIC_PRESENTATION_REPRESENTATION (  '', ( #1114 ), #3723 ) ;
#2997 = VERTEX_POINT ( 'NONE', #2366 ) ;
#2998 = EDGE_LOOP ( 'NONE', ( #2971, #801, #2601, #2194 ) ) ;
#2999 = EDGE_LOOP ( 'NONE', ( #1771, #2881, #225, #1628 ) ) ;
#3000 = DIRECTION ( 'NONE',  ( 1.000000000000000000, -1.671814187836141990E-32, -2.416779432592044377E-48 ) ) ;
#3001 = COLOUR_RGB ( '',1.000000000000000000, 1.000000000000000000, 0.000000000000000000 ) ;
#3002 = FILL_AREA_STYLE_COLOUR ( '', #2469 ) ;
#3003 = CARTESIAN_POINT ( 'NONE',  ( -7.500000000000000000, 1.999999999999999112, -8.999999999999998224 ) ) ;
#3004 = DIRECTION ( 'NONE',  ( 1.000000000000000000, -0.000000000000000000, -1.156482317317871478E-16 ) ) ;
#3005 = EDGE_CURVE ( 'NONE', #4038, #1982, #1083, .T. ) ;
#3006 = AXIS2_PLACEMENT_3D ( 'NONE', #3946, #1389, #755 ) ;
#3007 =( NAMED_UNIT ( * ) SI_UNIT ( $, .STERADIAN. ) SOLID_ANGLE_UNIT ( ) );
#3008 = VECTOR ( 'NONE', #1821, 1000.000000000000000 ) ;
#3009 = PRESENTATION_STYLE_ASSIGNMENT (( #1700 ) ) ;
#3010 = STYLED_ITEM ( 'NONE', ( #655 ), #2233 ) ;
#3011 = DIRECTION ( 'NONE',  ( 0.000000000000000000, 0.000000000000000000, -1.000000000000000000 ) ) ;
#3012 = EDGE_LOOP ( 'NONE', ( #2141, #2271, #3098, #1261 ) ) ;
#3013 = FILL_AREA_STYLE_COLOUR ( '', #2357 ) ;
#3014 = EDGE_CURVE ( 'NONE', #861, #3415, #1768, .T. ) ;
#3015 = VERTEX_POINT ( 'NONE', #2686 ) ;
#3016 = ORIENTED_EDGE ( 'NONE', *, *, #2043, .F. ) ;
#3017 = LINE ( 'NONE', #1467, #3449 ) ;
#3018 = ORIENTED_EDGE ( 'NONE', *, *, #3905, .T. ) ;
#3019 = LINE ( 'NONE', #2073, #542 ) ;
#3020 =( GEOMETRIC_REPRESENTATION_CONTEXT ( 3 ) GLOBAL_UNCERTAINTY_ASSIGNED_CONTEXT ( ( #769 ) ) GLOBAL_UNIT_ASSIGNED_CONTEXT ( ( #3986, #297, #3749 ) ) REPRESENTATION_CONTEXT ( 'NONE', 'WORKASPACE' ) );
#3021 = FILL_AREA_STYLE ('',( #2748 ) ) ;
#3022 = CARTESIAN_POINT ( 'NONE',  ( -7.500000000000000888, 0.000000000000000000, -14.99999999999999822 ) ) ;
#3023 =( LENGTH_UNIT ( ) NAMED_UNIT ( * ) SI_UNIT ( .MILLI., .METRE. ) );
#3024 =( LENGTH_UNIT ( ) NAMED_UNIT ( * ) SI_UNIT ( .MILLI., .METRE. ) );
#3025 = PRESENTATION_STYLE_ASSIGNMENT (( #1460 ) ) ;
#3026 = CARTESIAN_POINT ( 'NONE',  ( -0.7500000000000006661, 2.000000000000000000, -15.00000000000000000 ) ) ;
#3027 =( NAMED_UNIT ( * ) SI_UNIT ( $, .STERADIAN. ) SOLID_ANGLE_UNIT ( ) );
#3028 = DIRECTION ( 'NONE',  ( 0.000000000000000000, 1.000000000000000000, -0.000000000000000000 ) ) ;
#3029 = ADVANCED_FACE ( 'NONE', ( #2138 ), #1150, .F. ) ;
#3030 = ORIENTED_EDGE ( 'NONE', *, *, #1865, .F. ) ;
#3031 = DIRECTION ( 'NONE',  ( 0.000000000000000000, 0.000000000000000000, -1.000000000000000000 ) ) ;
#3032 = VECTOR ( 'NONE', #2303, 1000.000000000000000 ) ;
#3033 = VERTEX_POINT ( 'NONE', #139 ) ;
#3034 = CARTESIAN_POINT ( 'NONE',  ( 6.249999999999998224, 3.000000000000000000, -15.00000000000000000 ) ) ;
#3035 = ORIENTED_EDGE ( 'NONE', *, *, #3951, .T. ) ;
#3036 = EDGE_CURVE ( 'NONE', #2997, #3033, #3702, .T. ) ;
#3037 = VECTOR ( 'NONE', #273, 1000.000000000000000 ) ;
#3038 = PRESENTATION_STYLE_ASSIGNMENT (( #3337 ) ) ;
#3039 = FACE_OUTER_BOUND ( 'NONE', #251, .T. ) ;
#3040 = DIRECTION ( 'NONE',  ( -0.000000000000000000, -1.000000000000000000, -0.000000000000000000 ) ) ;
#3041 = ORIENTED_EDGE ( 'NONE', *, *, #3951, .F. ) ;
#3042 =( GEOMETRIC_REPRESENTATION_CONTEXT ( 3 ) GLOBAL_UNCERTAINTY_ASSIGNED_CONTEXT ( ( #3949 ) ) GLOBAL_UNIT_ASSIGNED_CONTEXT ( ( #1201, #922, #2498 ) ) REPRESENTATION_CONTEXT ( 'NONE', 'WORKASPACE' ) );
#3043 = CARTESIAN_POINT ( 'NONE',  ( -3.500000000000001332, 3.999999999999999112, -9.000000000000000000 ) ) ;
#3044 = PRESENTATION_STYLE_ASSIGNMENT (( #1455 ) ) ;
#3045 =( NAMED_UNIT ( * ) PLANE_ANGLE_UNIT ( ) SI_UNIT ( $, .RADIAN. ) );
#3046 = SURFACE_STYLE_USAGE ( .BOTH. , #4006 ) ;
#3047 = VECTOR ( 'NONE', #348, 1000.000000000000000 ) ;
#3048 = SURFACE_SIDE_STYLE ('',( #4087 ) ) ;
#3049 = CARTESIAN_POINT ( 'NONE',  ( -5.659720593955204215, 4.500000000000000888, 8.745923688806527707 ) ) ;
#3050 = FACE_BOUND ( 'NONE', #2644, .T. ) ;
#3051 = FILL_AREA_STYLE ('',( #2452 ) ) ;
#3052 = SURFACE_STYLE_FILL_AREA ( #1121 ) ;
#3053 =( LENGTH_UNIT ( ) NAMED_UNIT ( * ) SI_UNIT ( .MILLI., .METRE. ) );
#3054 =( GEOMETRIC_REPRESENTATION_CONTEXT ( 3 ) GLOBAL_UNCERTAINTY_ASSIGNED_CONTEXT ( ( #2496 ) ) GLOBAL_UNIT_ASSIGNED_CONTEXT ( ( #3692, #2129, #4032 ) ) REPRESENTATION_CONTEXT ( 'NONE', 'WORKASPACE' ) );
#3055 = ORIENTED_EDGE ( 'NONE', *, *, #496, .F. ) ;
#3056 = DIRECTION ( 'NONE',  ( 1.671814187836141990E-32, 1.000000000000000000, 1.445602896647338917E-16 ) ) ;
#3057 = EDGE_CURVE ( 'NONE', #3874, #2098, #517, .T. ) ;
#3058 = ORIENTED_EDGE ( 'NONE', *, *, #3140, .T. ) ;
#3059 = VECTOR ( 'NONE', #1001, 1000.000000000000000 ) ;
#3060 = CARTESIAN_POINT ( 'NONE',  ( -13.58276253029822023, 1.999999999999999112, -8.999999999999998224 ) ) ;
#3061 = ORIENTED_EDGE ( 'NONE', *, *, #1344, .T. ) ;
#3062 = AXIS2_PLACEMENT_3D ( 'NONE', #3128, #1839, #847 ) ;
#3063 = SURFACE_STYLE_USAGE ( .BOTH. , #1129 ) ;
#3064 = VECTOR ( 'NONE', #2115, 1000.000000000000000 ) ;
#3065 = CARTESIAN_POINT ( 'NONE',  ( -7.500000000000000888, 2.000000000000000000, -14.99999999999999822 ) ) ;
#3066 = ORIENTED_EDGE ( 'NONE', *, *, #2648, .T. ) ;
#3067 = CARTESIAN_POINT ( 'NONE',  ( -6.435197465963121033, 3.000000000000000000, 15.00000000000000533 ) ) ;
#3068 = PLANE ( 'NONE',  #3698 ) ;
#3069 = FACE_OUTER_BOUND ( 'NONE', #3509, .T. ) ;
#3070 = EDGE_CURVE ( 'NONE', #3124, #1010, #3019, .T. ) ;
#3071 = FILL_AREA_STYLE_COLOUR ( '', #2960 ) ;
#3072 = UNCERTAINTY_MEASURE_WITH_UNIT (LENGTH_MEASURE( 1.000000000000000082E-05 ), #2513, 'distance_accuracy_value', 'NONE');
#3073 = MECHANICAL_DESIGN_GEOMETRIC_PRESENTATION_REPRESENTATION (  '', ( #863 ), #720 ) ;
#3074 = CARTESIAN_POINT ( 'NONE',  ( -13.58276253029822023, 3.999999999999999112, -8.999999999999998224 ) ) ;
#3075 = PLANE ( 'NONE',  #430 ) ;
#3076 = CARTESIAN_POINT ( 'NONE',  ( -5.000000000000000888, -8.673617379884035472E-16, -15.00000000000000178 ) ) ;
#3077 = EDGE_CURVE ( 'NONE', #1191, #1943, #3289, .T. ) ;
#3078 = ORIENTED_EDGE ( 'NONE', *, *, #2596, .T. ) ;
#3079 = COLOUR_RGB ( '',1.000000000000000000, 1.000000000000000000, 0.000000000000000000 ) ;
#3080 = VERTEX_POINT ( 'NONE', #794 ) ;
#3081 = EDGE_CURVE ( 'NONE', #347, #2573, #2094, .T. ) ;
#3082 = ORIENTED_EDGE ( 'NONE', *, *, #1611, .T. ) ;
#3083 = MECHANICAL_DESIGN_GEOMETRIC_PRESENTATION_REPRESENTATION (  '', ( #2309 ), #722 ) ;
#3084 = FILL_AREA_STYLE ('',( #928 ) ) ;
#3085 = CARTESIAN_POINT ( 'NONE',  ( 2.250000000000000444, 0.9999999999999993339, -9.000000000000000000 ) ) ;
#3086 = ORIENTED_EDGE ( 'NONE', *, *, #3589, .T. ) ;
#3087 = LINE ( 'NONE', #1797, #2330 ) ;
#3088 = CARTESIAN_POINT ( 'NONE',  ( -0.7500000000000000000, 1.000000000000000000, -15.00000000000000178 ) ) ;
#3089 = VECTOR ( 'NONE', #3004, 1000.000000000000000 ) ;
#3090 = PLANE ( 'NONE',  #3062 ) ;
#3091 = VECTOR ( 'NONE', #3421, 1000.000000000000000 ) ;
#3092 =( LENGTH_UNIT ( ) NAMED_UNIT ( * ) SI_UNIT ( .MILLI., .METRE. ) );
#3093 = EDGE_CURVE ( 'NONE', #3655, #3432, #1511, .T. ) ;
#3094 = PLANE ( 'NONE',  #832 ) ;
#3095 = ORIENTED_EDGE ( 'NONE', *, *, #4098, .T. ) ;
#3096 = ORIENTED_EDGE ( 'NONE', *, *, #1331, .F. ) ;
#3097 = FILL_AREA_STYLE_COLOUR ( '', #301 ) ;
#3098 = ORIENTED_EDGE ( 'NONE', *, *, #2250, .F. ) ;
#3099 = CARTESIAN_POINT ( 'NONE',  ( -7.500000000000000000, -7.347880794884118750E-16, -8.999999999999998224 ) ) ;
#3100 = VECTOR ( 'NONE', #1579, 1000.000000000000000 ) ;
#3101 = VECTOR ( 'NONE', #549, 1000.000000000000000 ) ;
#3102 = DIRECTION ( 'NONE',  ( -0.000000000000000000, -1.000000000000000000, -0.000000000000000000 ) ) ;
#3103 = PRESENTATION_LAYER_ASSIGNMENT (  '', '', ( #2574 ) ) ;
#3104 = EDGE_LOOP ( 'NONE', ( #4002, #3972, #3179, #2149 ) ) ;
#3105 = VECTOR ( 'NONE', #2620, 1000.000000000000000 ) ;
#3106 = CARTESIAN_POINT ( 'NONE',  ( -5.000000000000001776, -2.602085213965210642E-15, -7.549931987631726787E-16 ) ) ;
#3107 = EDGE_CURVE ( 'NONE', #1326, #1598, #2787, .T. ) ;
#3108 = LINE ( 'NONE', #2284, #1431 ) ;
#3109 =( NAMED_UNIT ( * ) PLANE_ANGLE_UNIT ( ) SI_UNIT ( $, .RADIAN. ) );
#3110 = MECHANICAL_DESIGN_GEOMETRIC_PRESENTATION_REPRESENTATION (  '', ( #1020 ), #2196 ) ;
#3111 = SURFACE_SIDE_STYLE ('',( #1544 ) ) ;
#3112 = MECHANICAL_DESIGN_GEOMETRIC_PRESENTATION_REPRESENTATION (  '', ( #1371 ), #2325 ) ;
#3113 = SURFACE_STYLE_USAGE ( .BOTH. , #1844 ) ;
#3114 = PLANE ( 'NONE',  #1790 ) ;
#3115 = EDGE_LOOP ( 'NONE', ( #1566, #2344, #2744, #2343, #3761, #3884, #4058, #3719, #1077, #2906, #65, #208, #3914, #3362, #3244, #1954, #2237, #1789 ) ) ;
#3116 = PRESENTATION_LAYER_ASSIGNMENT (  '', '', ( #1027 ) ) ;
#3117 = CARTESIAN_POINT ( 'NONE',  ( 6.250000000000000000, -8.673617379884035472E-16, -15.00000000000000178 ) ) ;
#3118 = VECTOR ( 'NONE', #1594, 1000.000000000000000 ) ;
#3119 = ORIENTED_EDGE ( 'NONE', *, *, #2032, .F. ) ;
#3120 = LINE ( 'NONE', #3433, #2847 ) ;
#3121 = CARTESIAN_POINT ( 'NONE',  ( -7.499999999999999112, 4.999999999999999112, -8.999999999999998224 ) ) ;
#3122 = VECTOR ( 'NONE', #3040, 1000.000000000000000 ) ;
#3123 = VECTOR ( 'NONE', #1459, 1000.000000000000000 ) ;
#3124 = VERTEX_POINT ( 'NONE', #3099 ) ;
#3125 = SURFACE_SIDE_STYLE ('',( #3771 ) ) ;
#3126 = MECHANICAL_DESIGN_GEOMETRIC_PRESENTATION_REPRESENTATION (  '', ( #2928 ), #713 ) ;
#3127 = CARTESIAN_POINT ( 'NONE',  ( 0.7500000000000000000, -2.602085213965210642E-15, -3.219175043950317728E-17 ) ) ;
#3128 = CARTESIAN_POINT ( 'NONE',  ( -13.58276253029822023, 3.000000000000000000, -15.00000000000000000 ) ) ;
#3129 = CARTESIAN_POINT ( 'NONE',  ( -4.432403535665534022, 4.000000000000000000, 11.26780805515516803 ) ) ;
#3130 = CARTESIAN_POINT ( 'NONE',  ( -7.500000000000000888, 2.000000000000000000, -14.99999999999999822 ) ) ;
#3131 = EDGE_CURVE ( 'NONE', #743, #3370, #229, .T. ) ;
#3132 = DIRECTION ( 'NONE',  ( -1.445602896647338917E-16, 0.000000000000000000, -1.000000000000000000 ) ) ;
#3133 = DIRECTION ( 'NONE',  ( 0.000000000000000000, -1.084202172485504187E-16, 1.000000000000000000 ) ) ;
#3134 =( NAMED_UNIT ( * ) PLANE_ANGLE_UNIT ( ) SI_UNIT ( $, .RADIAN. ) );
#3135 =( NAMED_UNIT ( * ) PLANE_ANGLE_UNIT ( ) SI_UNIT ( $, .RADIAN. ) );
#3136 = PRESENTATION_LAYER_ASSIGNMENT (  '', '', ( #1942 ) ) ;
#3137 = ORIENTED_EDGE ( 'NONE', *, *, #3570, .F. ) ;
#3138 = MECHANICAL_DESIGN_GEOMETRIC_PRESENTATION_REPRESENTATION (  '', ( #122 ), #2540 ) ;
#3139 = COLOUR_RGB ( '',0.2509803921568627416, 0.2509803921568627416, 0.2509803921568627416 ) ;
#3140 = EDGE_CURVE ( 'NONE', #1683, #1943, #2158, .T. ) ;
#3141 = CARTESIAN_POINT ( 'NONE',  ( 5.770658746154558649, 3.000000000000000000, 15.00000000000000533 ) ) ;
#3142 = VERTEX_POINT ( 'NONE', #3521 ) ;
#3143 = LINE ( 'NONE', #2796, #2701 ) ;
#3144 =( NAMED_UNIT ( * ) PLANE_ANGLE_UNIT ( ) SI_UNIT ( $, .RADIAN. ) );
#3145 = FILL_AREA_STYLE_COLOUR ( '', #1471 ) ;
#3146 = AXIS2_PLACEMENT_3D ( 'NONE', #4041, #472, #746 ) ;
#3147 = LINE ( 'NONE', #2567, #2536 ) ;
#3148 = DIRECTION ( 'NONE',  ( -6.041948581480105624E-49, 1.084202172485504187E-16, -1.000000000000000000 ) ) ;
#3149 = CARTESIAN_POINT ( 'NONE',  ( -13.58276253029822023, 0.9999999999999993339, -8.999999999999998224 ) ) ;
#3150 = VECTOR ( 'NONE', #2692, 1000.000000000000000 ) ;
#3151 = ORIENTED_EDGE ( 'NONE', *, *, #2250, .T. ) ;
#3152 = DIRECTION ( 'NONE',  ( 0.000000000000000000, -1.000000000000000000, 0.000000000000000000 ) ) ;
#3153 = EDGE_CURVE ( 'NONE', #828, #3585, #403, .T. ) ;
#3154 = VECTOR ( 'NONE', #1649, 1000.000000000000000 ) ;
#3155 = DIRECTION ( 'NONE',  ( 1.000000000000000000, 0.000000000000000000, -0.000000000000000000 ) ) ;
#3156 = EDGE_CURVE ( 'NONE', #1153, #2978, #1342, .T. ) ;
#3157 = ORIENTED_EDGE ( 'NONE', *, *, #2624, .T. ) ;
#3158 = EDGE_CURVE ( 'NONE', #1031, #3763, #419, .T. ) ;
#3159 = ORIENTED_EDGE ( 'NONE', *, *, #4082, .T. ) ;
#3160 = VECTOR ( 'NONE', #3249, 1000.000000000000000 ) ;
#3161 = FACE_OUTER_BOUND ( 'NONE', #1575, .T. ) ;
#3162 = FILL_AREA_STYLE ('',( #624 ) ) ;
#3163 = STYLED_ITEM ( 'NONE', ( #3679 ), #3721 ) ;
#3164 = PRESENTATION_STYLE_ASSIGNMENT (( #607 ) ) ;
#3165 = CARTESIAN_POINT ( 'NONE',  ( 0.7500000000000000000, -8.673617379884035472E-16, -15.00000000000000178 ) ) ;
#3166 = SURFACE_STYLE_USAGE ( .BOTH. , #267 ) ;
#3167 = FACE_OUTER_BOUND ( 'NONE', #3246, .T. ) ;
#3168 = CIRCLE ( 'NONE', #23, 0.6645387198085618286 ) ;
#3169 = SURFACE_STYLE_USAGE ( .BOTH. , #2551 ) ;
#3170 = ORIENTED_EDGE ( 'NONE', *, *, #3093, .F. ) ;
#3171 = STYLED_ITEM ( 'NONE', ( #4125 ), #1672 ) ;
#3172 =( GEOMETRIC_REPRESENTATION_CONTEXT ( 3 ) GLOBAL_UNCERTAINTY_ASSIGNED_CONTEXT ( ( #3903 ) ) GLOBAL_UNIT_ASSIGNED_CONTEXT ( ( #876, #4031, #1098 ) ) REPRESENTATION_CONTEXT ( 'NONE', 'WORKASPACE' ) );
#3173 = SURFACE_STYLE_FILL_AREA ( #2598 ) ;
#3174 = PLANE ( 'NONE',  #795 ) ;
#3175 = ADVANCED_FACE ( 'NONE', ( #2351 ), #103, .F. ) ;
#3176 = DIRECTION ( 'NONE',  ( -1.445602896647338424E-16, 1.365123520548581852E-16, -1.000000000000000000 ) ) ;
#3177 = ORIENTED_EDGE ( 'NONE', *, *, #3392, .F. ) ;
#3178 = PRESENTATION_STYLE_ASSIGNMENT (( #1914 ) ) ;
#3179 = ORIENTED_EDGE ( 'NONE', *, *, #2480, .F. ) ;
#3180 = CARTESIAN_POINT ( 'NONE',  ( -5.106120026345997154, 4.000000000000000000, 14.36984205327657627 ) ) ;
#3181 = AXIS2_PLACEMENT_3D ( 'NONE', #800, #1732, #2097 ) ;
#3182 = DIRECTION ( 'NONE',  ( -1.445602896647338917E-16, 0.000000000000000000, -1.000000000000000000 ) ) ;
#3183 = SURFACE_STYLE_USAGE ( .BOTH. , #2495 ) ;
#3184 = SURFACE_SIDE_STYLE ('',( #4147 ) ) ;
#3185 = CARTESIAN_POINT ( 'NONE',  ( -5.000000000000000888, 1.999999999999999112, -9.000000000000000000 ) ) ;
#3186 = COLOUR_RGB ( '',0.000000000000000000, 0.000000000000000000, 0.000000000000000000 ) ;
#3187 = MECHANICAL_DESIGN_GEOMETRIC_PRESENTATION_REPRESENTATION (  '', ( #176 ), #511 ) ;
#3188 = ADVANCED_FACE ( 'NONE', ( #3544 ), #2035, .T. ) ;
#3189 = SURFACE_STYLE_USAGE ( .BOTH. , #2839 ) ;
#3190 = LINE ( 'NONE', #943, #3393 ) ;
#3191 = ORIENTED_EDGE ( 'NONE', *, *, #1049, .T. ) ;
#3192 = ORIENTED_EDGE ( 'NONE', *, *, #2663, .T. ) ;
#3193 = AXIS2_PLACEMENT_3D ( 'NONE', #1524, #3650, #3989 ) ;
#3194 = SURFACE_STYLE_FILL_AREA ( #1936 ) ;
#3195 = DIRECTION ( 'NONE',  ( 0.000000000000000000, 0.000000000000000000, -1.000000000000000000 ) ) ;
#3196 =( GEOMETRIC_REPRESENTATION_CONTEXT ( 3 ) GLOBAL_UNCERTAINTY_ASSIGNED_CONTEXT ( ( #1739 ) ) GLOBAL_UNIT_ASSIGNED_CONTEXT ( ( #1376, #110, #3885 ) ) REPRESENTATION_CONTEXT ( 'NONE', 'WORKASPACE' ) );
#3197 = PRESENTATION_STYLE_ASSIGNMENT (( #2559 ) ) ;
#3198 =( GEOMETRIC_REPRESENTATION_CONTEXT ( 3 ) GLOBAL_UNCERTAINTY_ASSIGNED_CONTEXT ( ( #1352 ) ) GLOBAL_UNIT_ASSIGNED_CONTEXT ( ( #1937, #1836, #1593 ) ) REPRESENTATION_CONTEXT ( 'NONE', 'WORKASPACE' ) );
#3199 = ADVANCED_FACE ( 'NONE', ( #2332 ), #2698, .T. ) ;
#3200 = VERTEX_POINT ( 'NONE', #2105 ) ;
#3201 = MECHANICAL_DESIGN_GEOMETRIC_PRESENTATION_REPRESENTATION (  '', ( #3599 ), #869 ) ;
#3202 = ORIENTED_EDGE ( 'NONE', *, *, #1414, .T. ) ;
#3203 =( LENGTH_UNIT ( ) NAMED_UNIT ( * ) SI_UNIT ( .MILLI., .METRE. ) );
#3204 = VECTOR ( 'NONE', #2553, 1000.000000000000000 ) ;
#3205 = CARTESIAN_POINT ( 'NONE',  ( -4.999999999999999112, 3.000000000000000000, -14.99999999999999822 ) ) ;
#3206 = SURFACE_STYLE_USAGE ( .BOTH. , #643 ) ;
#3207 = EDGE_CURVE ( 'NONE', #3929, #1720, #2253, .T. ) ;
#3208 =( NAMED_UNIT ( * ) SI_UNIT ( $, .STERADIAN. ) SOLID_ANGLE_UNIT ( ) );
#3209 = FACE_BOUND ( 'NONE', #380, .T. ) ;
#3210 = LINE ( 'NONE', #2674, #310 ) ;
#3211 = SURFACE_SIDE_STYLE ('',( #3251 ) ) ;
#3212 = LINE ( 'NONE', #3165, #384 ) ;
#3213 =( LENGTH_UNIT ( ) NAMED_UNIT ( * ) SI_UNIT ( .MILLI., .METRE. ) );
#3214 =( NAMED_UNIT ( * ) SI_UNIT ( $, .STERADIAN. ) SOLID_ANGLE_UNIT ( ) );
#3215 = DIRECTION ( 'NONE',  ( -0.000000000000000000, -1.000000000000000000, -0.000000000000000000 ) ) ;
#3216 = CARTESIAN_POINT ( 'NONE',  ( 7.500000000000000888, 2.000000000000000000, -0.4174243050441631131 ) ) ;
#3217 = ORIENTED_EDGE ( 'NONE', *, *, #3499, .F. ) ;
#3218 = SURFACE_SIDE_STYLE ('',( #2843 ) ) ;
#3219 = VECTOR ( 'NONE', #3917, 1000.000000000000000 ) ;
#3220 = CARTESIAN_POINT ( 'NONE',  ( -2.250000000000000888, 0.9999999999999995559, -15.00000000000000178 ) ) ;
#3221 = DIRECTION ( 'NONE',  ( -0.000000000000000000, -1.000000000000000000, -0.000000000000000000 ) ) ;
#3222 = FILL_AREA_STYLE_COLOUR ( '', #561 ) ;
#3223 = VECTOR ( 'NONE', #3688, 1000.000000000000000 ) ;
#3224 = EDGE_LOOP ( 'NONE', ( #219, #1358, #812, #1749 ) ) ;
#3225 = LINE ( 'NONE', #2812, #3047 ) ;
#3226 = ORIENTED_EDGE ( 'NONE', *, *, #747, .F. ) ;
#3227 = PLANE ( 'NONE',  #3146 ) ;
#3228 = CARTESIAN_POINT ( 'NONE',  ( 5.106120026345997154, 4.000000000000000000, 14.36984205327657627 ) ) ;
#3229 = FACE_BOUND ( 'NONE', #2999, .T. ) ;
#3230 =( NAMED_UNIT ( * ) SI_UNIT ( $, .STERADIAN. ) SOLID_ANGLE_UNIT ( ) );
#3231 = CARTESIAN_POINT ( 'NONE',  ( 2.249999999999998668, 1.999999999999999112, -9.000000000000000000 ) ) ;
#3232 = DIRECTION ( 'NONE',  ( 0.000000000000000000, 0.000000000000000000, 1.000000000000000000 ) ) ;
#3233 = EDGE_CURVE ( 'NONE', #1530, #3332, #1715, .T. ) ;
#3234 = STYLED_ITEM ( 'NONE', ( #3038 ), #1144 ) ;
#3235 = MECHANICAL_DESIGN_GEOMETRIC_PRESENTATION_REPRESENTATION (  '', ( #753 ), #2507 ) ;
#3236 = ORIENTED_EDGE ( 'NONE', *, *, #1444, .T. ) ;
#3237 = ORIENTED_EDGE ( 'NONE', *, *, #2908, .T. ) ;
#3238 = VECTOR ( 'NONE', #3786, 1000.000000000000000 ) ;
#3239 = VECTOR ( 'NONE', #1322, 1000.000000000000000 ) ;
#3240 = DIRECTION ( 'NONE',  ( 1.253860640877106493E-32, 1.000000000000000000, 1.084202172485504187E-16 ) ) ;
#3241 = MECHANICAL_DESIGN_GEOMETRIC_PRESENTATION_REPRESENTATION (  '', ( #3171 ), #567 ) ;
#3242 = ORIENTED_EDGE ( 'NONE', *, *, #679, .F. ) ;
#3243 =( LENGTH_UNIT ( ) NAMED_UNIT ( * ) SI_UNIT ( .MILLI., .METRE. ) );
#3244 = ORIENTED_EDGE ( 'NONE', *, *, #242, .F. ) ;
#3245 = CARTESIAN_POINT ( 'NONE',  ( -5.770658746154558649, 3.000000000000000000, 20.00000000000000355 ) ) ;
#3246 = EDGE_LOOP ( 'NONE', ( #917, #478, #4135, #3061 ) ) ;
#3247 = SURFACE_STYLE_USAGE ( .BOTH. , #3555 ) ;
#3248 = CARTESIAN_POINT ( 'NONE',  ( -13.58276253029822023, 3.000000000000000000, -15.00000000000000000 ) ) ;
#3249 = DIRECTION ( 'NONE',  ( 1.671814187836141990E-32, 1.000000000000000000, 1.445602896647338917E-16 ) ) ;
#3250 = CARTESIAN_POINT ( 'NONE',  ( -13.58276253029822023, 1.000000000000000000, -15.00000000000000000 ) ) ;
#3251 = SURFACE_STYLE_FILL_AREA ( #1297 ) ;
#3252 = PRESENTATION_LAYER_ASSIGNMENT (  '', '', ( #1655 ) ) ;
#3253 = SURFACE_STYLE_USAGE ( .BOTH. , #1696 ) ;
#3254 = AXIS2_PLACEMENT_3D ( 'NONE', #2677, #696, #1648 ) ;
#3255 = DIRECTION ( 'NONE',  ( -0.000000000000000000, -1.000000000000000000, -0.000000000000000000 ) ) ;
#3256 = VECTOR ( 'NONE', #2863, 1000.000000000000000 ) ;
#3257 = SURFACE_SIDE_STYLE ('',( #697 ) ) ;
#3258 = EDGE_CURVE ( 'NONE', #2618, #2383, #1440, .T. ) ;
#3259 = VECTOR ( 'NONE', #1294, 1000.000000000000000 ) ;
#3260 = VERTEX_POINT ( 'NONE', #153 ) ;
#3261 = PRESENTATION_LAYER_ASSIGNMENT (  '', '', ( #1868 ) ) ;
#3262 = CYLINDRICAL_SURFACE ( 'NONE', #3937, 1.061980817857794301 ) ;
#3263 = ORIENTED_EDGE ( 'NONE', *, *, #1920, .F. ) ;
#3264 = CARTESIAN_POINT ( 'NONE',  ( -4.432403535665534022, 4.000000000000000000, 6.224039322457887380 ) ) ;
#3265 = ORIENTED_EDGE ( 'NONE', *, *, #2885, .T. ) ;
#3266 = STYLED_ITEM ( 'NONE', ( #851 ), #2431 ) ;
#3267 = EDGE_LOOP ( 'NONE', ( #450, #493, #3781, #540 ) ) ;
#3268 = ADVANCED_FACE ( 'NONE', ( #2718 ), #3075, .F. ) ;
#3269 = FILL_AREA_STYLE ('',( #641 ) ) ;
#3270 = EDGE_CURVE ( 'NONE', #3380, #857, #3990, .T. ) ;
#3271 = FACE_OUTER_BOUND ( 'NONE', #2069, .T. ) ;
#3272 = PRESENTATION_LAYER_ASSIGNMENT (  '', '', ( #3599 ) ) ;
#3273 = PLANE ( 'NONE',  #3792 ) ;
#3274 = CARTESIAN_POINT ( 'NONE',  ( 7.500000000000002665, 2.000000000000000000, 15.00000000000000533 ) ) ;
#3275 = CARTESIAN_POINT ( 'NONE',  ( 6.250000000000000000, 3.999999999999999112, -9.000000000000000000 ) ) ;
#3276 = AXIS2_PLACEMENT_3D ( 'NONE', #1786, #4076, #2458 ) ;
#3277 = CARTESIAN_POINT ( 'NONE',  ( 2.249999999999999112, -2.602085213965210642E-15, 2.930689013061479619E-16 ) ) ;
#3278 =( LENGTH_UNIT ( ) NAMED_UNIT ( * ) SI_UNIT ( .MILLI., .METRE. ) );
#3279 = AXIS2_PLACEMENT_3D ( 'NONE', #3130, #2547, #1924 ) ;
#3280 = EDGE_CURVE ( 'NONE', #3554, #3828, #2478, .T. ) ;
#3281 = FILL_AREA_STYLE_COLOUR ( '', #1097 ) ;
#3282 = DIRECTION ( 'NONE',  ( -0.000000000000000000, -1.000000000000000000, -0.000000000000000000 ) ) ;
#3283 = DIRECTION ( 'NONE',  ( -0.000000000000000000, -1.000000000000000000, -0.000000000000000000 ) ) ;
#3284 = ORIENTED_EDGE ( 'NONE', *, *, #3077, .T. ) ;
#3285 = SURFACE_SIDE_STYLE ('',( #2017 ) ) ;
#3286 = EDGE_LOOP ( 'NONE', ( #2321, #349, #2500, #331 ) ) ;
#3287 = PRESENTATION_LAYER_ASSIGNMENT (  '', '', ( #400 ) ) ;
#3288 = ORIENTED_EDGE ( 'NONE', *, *, #3070, .T. ) ;
#3289 = CIRCLE ( 'NONE', #3822, 0.6645387198085618286 ) ;
#3290 = ORIENTED_EDGE ( 'NONE', *, *, #955, .T. ) ;
#3291 = DIRECTION ( 'NONE',  ( -0.000000000000000000, -0.000000000000000000, -1.000000000000000000 ) ) ;
#3292 = ORIENTED_EDGE ( 'NONE', *, *, #2501, .F. ) ;
#3293 = ADVANCED_FACE ( 'NONE', ( #1481 ), #3094, .T. ) ;
#3294 = CARTESIAN_POINT ( 'NONE',  ( -5.659720593955204215, 4.500000000000000888, 8.745923688806527707 ) ) ;
#3295 = CARTESIAN_POINT ( 'NONE',  ( 5.106120026345996266, 2.000000000000000000, 15.00000000000000533 ) ) ;
#3296 = EDGE_CURVE ( 'NONE', #640, #3769, #1182, .T. ) ;
#3297 = PRESENTATION_STYLE_ASSIGNMENT (( #3600 ) ) ;
#3298 = FACE_OUTER_BOUND ( 'NONE', #3889, .T. ) ;
#3299 = CARTESIAN_POINT ( 'NONE',  ( 6.435197465963121033, 4.000000000000000000, 15.00000000000000533 ) ) ;
#3300 = FILL_AREA_STYLE ('',( #1070 ) ) ;
#3301 = LINE ( 'NONE', #3966, #4 ) ;
#3302 = STYLED_ITEM ( 'NONE', ( #2523 ), #911 ) ;
#3303 = COLOUR_RGB ( '',1.000000000000000000, 1.000000000000000000, 0.000000000000000000 ) ;
#3304 = COLOUR_RGB ( '',0.000000000000000000, 0.000000000000000000, 0.000000000000000000 ) ;
#3305 = ORIENTED_EDGE ( 'NONE', *, *, #1847, .F. ) ;
#3306 = VECTOR ( 'NONE', #204, 1000.000000000000000 ) ;
#3307 = CARTESIAN_POINT ( 'NONE',  ( 5.770658746154558649, 2.000000000000000000, 13.20347838337312396 ) ) ;
#3308 = ORIENTED_EDGE ( 'NONE', *, *, #3207, .F. ) ;
#3309 = FILL_AREA_STYLE ('',( #2756 ) ) ;
#3310 = ORIENTED_EDGE ( 'NONE', *, *, #1734, .T. ) ;
#3311 = ADVANCED_FACE ( 'NONE', ( #1607 ), #611, .F. ) ;
#3312 = EDGE_LOOP ( 'NONE', ( #3237, #1224, #1036, #1217 ) ) ;
#3313 = SURFACE_STYLE_FILL_AREA ( #2111 ) ;
#3314 = AXIS2_PLACEMENT_3D ( 'NONE', #34, #1661, #1012 ) ;
#3315 = CARTESIAN_POINT ( 'NONE',  ( 6.435197465963121033, 3.000000000000000000, 20.00000000000000355 ) ) ;
#3316 = SURFACE_SIDE_STYLE ('',( #2673 ) ) ;
#3317 = CARTESIAN_POINT ( 'NONE',  ( -2.250000000000000888, 1.999999999999999112, -9.000000000000000000 ) ) ;
#3318 =( GEOMETRIC_REPRESENTATION_CONTEXT ( 3 ) GLOBAL_UNCERTAINTY_ASSIGNED_CONTEXT ( ( #1009 ) ) GLOBAL_UNIT_ASSIGNED_CONTEXT ( ( #200, #537, #137 ) ) REPRESENTATION_CONTEXT ( 'NONE', 'WORKASPACE' ) );
#3319 = DIRECTION ( 'NONE',  ( 1.000000000000000000, -0.000000000000000000, -1.156482317317871478E-16 ) ) ;
#3320 = LINE ( 'NONE', #754, #239 ) ;
#3321 =( NAMED_UNIT ( * ) PLANE_ANGLE_UNIT ( ) SI_UNIT ( $, .RADIAN. ) );
#3322 = CARTESIAN_POINT ( 'NONE',  ( -13.58276253029822023, 2.000000000000000000, -15.00000000000000000 ) ) ;
#3323 = VECTOR ( 'NONE', #2841, 1000.000000000000000 ) ;
#3324 = PLANE ( 'NONE',  #1470 ) ;
#3325 = UNCERTAINTY_MEASURE_WITH_UNIT (LENGTH_MEASURE( 1.000000000000000082E-05 ), #2238, 'distance_accuracy_value', 'NONE');
#3326 = UNCERTAINTY_MEASURE_WITH_UNIT (LENGTH_MEASURE( 1.000000000000000082E-05 ), #2909, 'distance_accuracy_value', 'NONE');
#3327 = ADVANCED_FACE ( 'NONE', ( #1866 ), #3779, .T. ) ;
#3328 = PRESENTATION_LAYER_ASSIGNMENT (  '', '', ( #2139 ) ) ;
#3329 = PRESENTATION_LAYER_ASSIGNMENT (  '', '', ( #1114 ) ) ;
#3330 = ORIENTED_EDGE ( 'NONE', *, *, #3093, .T. ) ;
#3331 = LINE ( 'NONE', #92, #2941 ) ;
#3332 = VERTEX_POINT ( 'NONE', #3500 ) ;
#3333 = ORIENTED_EDGE ( 'NONE', *, *, #3077, .F. ) ;
#3334 = CARTESIAN_POINT ( 'NONE',  ( -7.500000000000000000, 5.000000000000000000, -14.99999999999999822 ) ) ;
#3335 = ORIENTED_EDGE ( 'NONE', *, *, #1533, .T. ) ;
#3336 = EDGE_CURVE ( 'NONE', #3080, #3693, #3466, .T. ) ;
#3337 = SURFACE_STYLE_USAGE ( .BOTH. , #2140 ) ;
#3338 = VECTOR ( 'NONE', #4053, 1000.000000000000000 ) ;
#3339 = LINE ( 'NONE', #2390, #638 ) ;
#3340 = LINE ( 'NONE', #2099, #3845 ) ;
#3341 =( GEOMETRIC_REPRESENTATION_CONTEXT ( 3 ) GLOBAL_UNCERTAINTY_ASSIGNED_CONTEXT ( ( #1841 ) ) GLOBAL_UNIT_ASSIGNED_CONTEXT ( ( #2655, #3321, #3562 ) ) REPRESENTATION_CONTEXT ( 'NONE', 'WORKASPACE' ) );
#3342 = VECTOR ( 'NONE', #3444, 1000.000000000000000 ) ;
#3343 = EDGE_CURVE ( 'NONE', #2314, #3399, #592, .T. ) ;
#3344 = FILL_AREA_STYLE ('',( #782 ) ) ;
#3345 = CYLINDRICAL_SURFACE ( 'NONE', #2016, 0.9231374514869286063 ) ;
#3346 = AXIS2_PLACEMENT_3D ( 'NONE', #3307, #448, #3611 ) ;
#3347 = SURFACE_SIDE_STYLE ('',( #3735 ) ) ;
#3348 = PRESENTATION_LAYER_ASSIGNMENT (  '', '', ( #591 ) ) ;
#3349 = CARTESIAN_POINT ( 'NONE',  ( -13.58276253029822023, 4.000000000000000000, -15.00000000000000000 ) ) ;
#3350 = COLOUR_RGB ( '',0.000000000000000000, 0.000000000000000000, 0.000000000000000000 ) ;
#3351 = DIRECTION ( 'NONE',  ( -9.115745035929406798E-64, -1.445602896647338917E-16, 1.000000000000000000 ) ) ;
#3352 = ADVANCED_FACE ( 'NONE', ( #2879 ), #4151, .F. ) ;
#3353 = ORIENTED_EDGE ( 'NONE', *, *, #2464, .T. ) ;
#3354 = LINE ( 'NONE', #1029, #4140 ) ;
#3355 = ORIENTED_EDGE ( 'NONE', *, *, #808, .T. ) ;
#3356 = ORIENTED_EDGE ( 'NONE', *, *, #694, .F. ) ;
#3357 = PRESENTATION_STYLE_ASSIGNMENT (( #3677 ) ) ;
#3358 = MECHANICAL_DESIGN_GEOMETRIC_PRESENTATION_REPRESENTATION (  '', ( #1550 ), #1616 ) ;
#3359 = DIRECTION ( 'NONE',  ( 1.000000000000000000, 4.179535469590339923E-33, -1.445602896647338424E-16 ) ) ;
#3360 = LINE ( 'NONE', #2409, #2274 ) ;
#3361 = LINE ( 'NONE', #477, #3122 ) ;
#3362 = ORIENTED_EDGE ( 'NONE', *, *, #3499, .T. ) ;
#3363 = CARTESIAN_POINT ( 'NONE',  ( -3.500000000000001332, 3.000000000000000000, -15.00000000000000000 ) ) ;
#3364 = CARTESIAN_POINT ( 'NONE',  ( -4.999999999999999112, 2.000000000000000000, -14.99999999999999822 ) ) ;
#3365 = UNCERTAINTY_MEASURE_WITH_UNIT (LENGTH_MEASURE( 1.000000000000000082E-05 ), #2386, 'distance_accuracy_value', 'NONE');
#3366 = LINE ( 'NONE', #482, #390 ) ;
#3367 = EDGE_CURVE ( 'NONE', #580, #1126, #2656, .T. ) ;
#3368 = DIRECTION ( 'NONE',  ( 1.000000000000000000, -0.000000000000000000, -1.156482317317871478E-16 ) ) ;
#3369 = CARTESIAN_POINT ( 'NONE',  ( 5.770658746154558649, 2.000000000000000000, 13.20347838337312396 ) ) ;
#3370 = VERTEX_POINT ( 'NONE', #3924 ) ;
#3371 = FILL_AREA_STYLE_COLOUR ( '', #2543 ) ;
#3372 = AXIS2_PLACEMENT_3D ( 'NONE', #4047, #3646, #3494 ) ;
#3373 = ORIENTED_EDGE ( 'NONE', *, *, #2899, .F. ) ;
#3374 = FILL_AREA_STYLE ('',( #3097 ) ) ;
#3375 = ORIENTED_EDGE ( 'NONE', *, *, #462, .T. ) ;
#3376 = DIRECTION ( 'NONE',  ( -1.345465627901022161E-49, 1.365123520548581852E-16, -1.000000000000000000 ) ) ;
#3377 = AXIS2_PLACEMENT_3D ( 'NONE', #1458, #3664, #3711 ) ;
#3378 = PRESENTATION_STYLE_ASSIGNMENT (( #2113 ) ) ;
#3379 = LINE ( 'NONE', #2444, #2795 ) ;
#3380 = VERTEX_POINT ( 'NONE', #3299 ) ;
#3381 =( GEOMETRIC_REPRESENTATION_CONTEXT ( 3 ) GLOBAL_UNCERTAINTY_ASSIGNED_CONTEXT ( ( #508 ) ) GLOBAL_UNIT_ASSIGNED_CONTEXT ( ( #2026, #2602, #2071 ) ) REPRESENTATION_CONTEXT ( 'NONE', 'WORKASPACE' ) );
#3382 = VECTOR ( 'NONE', #2738, 1000.000000000000000 ) ;
#3383 = PLANE ( 'NONE',  #1193 ) ;
#3384 =( NAMED_UNIT ( * ) SI_UNIT ( $, .STERADIAN. ) SOLID_ANGLE_UNIT ( ) );
#3385 =( NAMED_UNIT ( * ) PLANE_ANGLE_UNIT ( ) SI_UNIT ( $, .RADIAN. ) );
#3386 = VECTOR ( 'NONE', #1103, 1000.000000000000000 ) ;
#3387 = DIRECTION ( 'NONE',  ( 1.445602896647338917E-16, -1.445602896647338917E-16, 1.000000000000000000 ) ) ;
#3388 = FACE_OUTER_BOUND ( 'NONE', #2438, .T. ) ;
#3389 = PLANE ( 'NONE',  #2420 ) ;
#3390 = CARTESIAN_POINT ( 'NONE',  ( 0.7500000000000006661, 2.000000000000000000, -15.00000000000000000 ) ) ;
#3391 = PLANE ( 'NONE',  #99 ) ;
#3392 = EDGE_CURVE ( 'NONE', #771, #1683, #3168, .T. ) ;
#3393 = VECTOR ( 'NONE', #1259, 1000.000000000000000 ) ;
#3394 = ORIENTED_EDGE ( 'NONE', *, *, #237, .F. ) ;
#3395 = CARTESIAN_POINT ( 'NONE',  ( -6.250000000000000000, 3.000000000000000000, -15.00000000000000000 ) ) ;
#3396 = VECTOR ( 'NONE', #2266, 1000.000000000000000 ) ;
#3397 = ORIENTED_EDGE ( 'NONE', *, *, #3636, .F. ) ;
#3398 = VECTOR ( 'NONE', #1899, 1000.000000000000000 ) ;
#3399 = VERTEX_POINT ( 'NONE', #1697 ) ;
#3400 = VECTOR ( 'NONE', #1085, 1000.000000000000000 ) ;
#3401 = CARTESIAN_POINT ( 'NONE',  ( -2.250000000000000888, 2.999999999999999556, -15.00000000000000178 ) ) ;
#3402 = CARTESIAN_POINT ( 'NONE',  ( -5.659720593955204215, 4.000000000000000000, 8.745923688806527707 ) ) ;
#3403 =( NAMED_UNIT ( * ) SI_UNIT ( $, .STERADIAN. ) SOLID_ANGLE_UNIT ( ) );
#3404 = DIRECTION ( 'NONE',  ( -0.000000000000000000, -1.000000000000000000, 0.000000000000000000 ) ) ;
#3405 = ADVANCED_FACE ( 'NONE', ( #2902 ), #43, .F. ) ;
#3406 = ORIENTED_EDGE ( 'NONE', *, *, #1784, .F. ) ;
#3407 = CARTESIAN_POINT ( 'NONE',  ( -3.500000000000001332, 4.000000000000000000, -15.00000000000000178 ) ) ;
#3408 = SURFACE_SIDE_STYLE ('',( #3662 ) ) ;
#3409 = LINE ( 'NONE', #3364, #1777 ) ;
#3410 =( LENGTH_UNIT ( ) NAMED_UNIT ( * ) SI_UNIT ( .MILLI., .METRE. ) );
#3411 =( NAMED_UNIT ( * ) PLANE_ANGLE_UNIT ( ) SI_UNIT ( $, .RADIAN. ) );
#3412 = DIRECTION ( 'NONE',  ( -1.000000000000000000, 0.000000000000000000, 0.000000000000000000 ) ) ;
#3413 = MECHANICAL_DESIGN_GEOMETRIC_PRESENTATION_REPRESENTATION (  '', ( #1394 ), #2414 ) ;
#3414 = FILL_AREA_STYLE_COLOUR ( '', #961 ) ;
#3415 = VERTEX_POINT ( 'NONE', #1646 ) ;
#3416 = CARTESIAN_POINT ( 'NONE',  ( -0.7500000000000000000, -1.734723475976807094E-15, -9.000000000000000000 ) ) ;
#3417 = CIRCLE ( 'NONE', #1608, 4.999999999999999112 ) ;
#3418 = EDGE_LOOP ( 'NONE', ( #1423, #4064, #1809, #2642 ) ) ;
#3419 = ORIENTED_EDGE ( 'NONE', *, *, #3923, .T. ) ;
#3420 = EDGE_CURVE ( 'NONE', #3828, #614, #2922, .T. ) ;
#3421 = DIRECTION ( 'NONE',  ( 1.000000000000000000, -0.000000000000000000, -1.156482317317871478E-16 ) ) ;
#3422 = CARTESIAN_POINT ( 'NONE',  ( -13.58276253029822023, 3.999999999999999112, -8.999999999999998224 ) ) ;
#3423 = ORIENTED_EDGE ( 'NONE', *, *, #1718, .T. ) ;
#3424 = LINE ( 'NONE', #188, #3150 ) ;
#3425 = PRESENTATION_LAYER_ASSIGNMENT (  '', '', ( #1550 ) ) ;
#3426 = CARTESIAN_POINT ( 'NONE',  ( -6.250000000000000000, -1.734723475976807094E-15, -9.000000000000000000 ) ) ;
#3427 = FILL_AREA_STYLE ('',( #4068 ) ) ;
#3428 = SURFACE_STYLE_FILL_AREA ( #2473 ) ;
#3429 = DIRECTION ( 'NONE',  ( -0.000000000000000000, -1.000000000000000000, -0.000000000000000000 ) ) ;
#3430 = ORIENTED_EDGE ( 'NONE', *, *, #3996, .F. ) ;
#3431 = DIRECTION ( 'NONE',  ( -1.000000000000000000, 0.000000000000000000, -0.000000000000000000 ) ) ;
#3432 = VERTEX_POINT ( 'NONE', #3882 ) ;
#3433 = CARTESIAN_POINT ( 'NONE',  ( 7.499999999999999112, 3.000000000000000000, -15.00000000000000178 ) ) ;
#3434 = STYLED_ITEM ( 'NONE', ( #1293 ), #1054 ) ;
#3435 = PRESENTATION_LAYER_ASSIGNMENT (  '', '', ( #560 ) ) ;
#3436 = DIRECTION ( 'NONE',  ( -1.445602896647338424E-16, 0.000000000000000000, -1.000000000000000000 ) ) ;
#3437 = ADVANCED_FACE ( 'NONE', ( #1004 ), #2037, .T. ) ;
#3438 =( GEOMETRIC_REPRESENTATION_CONTEXT ( 3 ) GLOBAL_UNCERTAINTY_ASSIGNED_CONTEXT ( ( #1457 ) ) GLOBAL_UNIT_ASSIGNED_CONTEXT ( ( #3959, #2388, #3981 ) ) REPRESENTATION_CONTEXT ( 'NONE', 'WORKASPACE' ) );
#3439 = ORIENTED_EDGE ( 'NONE', *, *, #106, .F. ) ;
#3440 = PRESENTATION_STYLE_ASSIGNMENT (( #2276 ) ) ;
#3441 =( NAMED_UNIT ( * ) SI_UNIT ( $, .STERADIAN. ) SOLID_ANGLE_UNIT ( ) );
#3442 = SURFACE_SIDE_STYLE ('',( #2855 ) ) ;
#3443 =( NAMED_UNIT ( * ) SI_UNIT ( $, .STERADIAN. ) SOLID_ANGLE_UNIT ( ) );
#3444 = DIRECTION ( 'NONE',  ( 1.156482317317871478E-16, 0.000000000000000000, 1.000000000000000000 ) ) ;
#3445 = STYLED_ITEM ( 'NONE', ( #1713 ), #3437 ) ;
#3446 = UNCERTAINTY_MEASURE_WITH_UNIT (LENGTH_MEASURE( 1.000000000000000082E-05 ), #2456, 'distance_accuracy_value', 'NONE');
#3447 = CARTESIAN_POINT ( 'NONE',  ( -0.7500000000000000000, 2.000000000000000000, -15.00000000000000178 ) ) ;
#3448 = DIRECTION ( 'NONE',  ( 0.000000000000000000, 0.000000000000000000, 1.000000000000000000 ) ) ;
#3449 = VECTOR ( 'NONE', #3995, 1000.000000000000000 ) ;
#3450 = SURFACE_SIDE_STYLE ('',( #284 ) ) ;
#3451 = LINE ( 'NONE', #3484, #1030 ) ;
#3452 = VERTEX_POINT ( 'NONE', #2772 ) ;
#3453 = EDGE_CURVE ( 'NONE', #2640, #512, #443, .T. ) ;
#3454 =( GEOMETRIC_REPRESENTATION_CONTEXT ( 3 ) GLOBAL_UNCERTAINTY_ASSIGNED_CONTEXT ( ( #506 ) ) GLOBAL_UNIT_ASSIGNED_CONTEXT ( ( #3053, #1463, #510 ) ) REPRESENTATION_CONTEXT ( 'NONE', 'WORKASPACE' ) );
#3455 = VERTEX_POINT ( 'NONE', #2145 ) ;
#3456 = EDGE_CURVE ( 'NONE', #3874, #407, #211, .T. ) ;
#3457 = VECTOR ( 'NONE', #715, 1000.000000000000000 ) ;
#3458 =( GEOMETRIC_REPRESENTATION_CONTEXT ( 3 ) GLOBAL_UNCERTAINTY_ASSIGNED_CONTEXT ( ( #2424 ) ) GLOBAL_UNIT_ASSIGNED_CONTEXT ( ( #1887, #290, #1570 ) ) REPRESENTATION_CONTEXT ( 'NONE', 'WORKASPACE' ) );
#3459 = VERTEX_POINT ( 'NONE', #1175 ) ;
#3460 = DIRECTION ( 'NONE',  ( -0.000000000000000000, -1.000000000000000000, -0.000000000000000000 ) ) ;
#3461 = DIRECTION ( 'NONE',  ( 0.000000000000000000, 0.000000000000000000, 1.000000000000000000 ) ) ;
#3462 = FILL_AREA_STYLE ('',( #214 ) ) ;
#3463 = CARTESIAN_POINT ( 'NONE',  ( -5.000000000000000888, -1.734723475976807094E-15, -9.000000000000000000 ) ) ;
#3464 = EDGE_CURVE ( 'NONE', #945, #411, #3409, .T. ) ;
#3465 = UNCERTAINTY_MEASURE_WITH_UNIT (LENGTH_MEASURE( 1.000000000000000082E-05 ), #2033, 'distance_accuracy_value', 'NONE');
#3466 = LINE ( 'NONE', #627, #3502 ) ;
#3467 = EDGE_LOOP ( 'NONE', ( #3574, #2446, #2680, #600, #246, #3656, #3236, #924, #56, #1610, #1149, #2324, #3902, #2671, #3330, #859, #1280, #1013, #85, #1173 ) ) ;
#3468 = STYLED_ITEM ( 'NONE', ( #192 ), #333 ) ;
#3469 = CARTESIAN_POINT ( 'NONE',  ( 7.500000000000000000, 2.999999999999999112, -9.000000000000000000 ) ) ;
#3470 = MECHANICAL_DESIGN_GEOMETRIC_PRESENTATION_REPRESENTATION (  '', ( #594 ), #725 ) ;
#3471 = CARTESIAN_POINT ( 'NONE',  ( 5.000000000000001776, -2.602085213965210642E-15, -7.549931987631726787E-16 ) ) ;
#3472 = VERTEX_POINT ( 'NONE', #1136 ) ;
#3473 = EDGE_LOOP ( 'NONE', ( #1785, #1685, #1577, #159 ) ) ;
#3474 = DIRECTION ( 'NONE',  ( 0.000000000000000000, 0.000000000000000000, 1.000000000000000000 ) ) ;
#3475 = SURFACE_STYLE_USAGE ( .BOTH. , #3813 ) ;
#3476 = DIRECTION ( 'NONE',  ( 0.000000000000000000, 0.000000000000000000, 1.000000000000000000 ) ) ;
#3477 = DIRECTION ( 'NONE',  ( 0.000000000000000000, 1.000000000000000000, 0.000000000000000000 ) ) ;
#3478 = CYLINDRICAL_SURFACE ( 'NONE', #3940, 0.6645387198085618286 ) ;
#3479 =( NAMED_UNIT ( * ) SI_UNIT ( $, .STERADIAN. ) SOLID_ANGLE_UNIT ( ) );
#3480 = AXIS2_PLACEMENT_3D ( 'NONE', #3710, #2078, #2429 ) ;
#3481 = PLANE ( 'NONE',  #3730 ) ;
#3482 = CARTESIAN_POINT ( 'NONE',  ( -6.887037652244874408, 2.000000000000000000, 6.224039322457887380 ) ) ;
#3483 = STYLED_ITEM ( 'NONE', ( #40 ), #3175 ) ;
#3484 = CARTESIAN_POINT ( 'NONE',  ( -2.250000000000000888, -8.673617379884035472E-16, -15.00000000000000178 ) ) ;
#3485 = ADVANCED_FACE ( 'NONE', ( #1091 ), #2061, .F. ) ;
#3486 = ORIENTED_EDGE ( 'NONE', *, *, #2885, .F. ) ;
#3487 = FACE_OUTER_BOUND ( 'NONE', #3312, .T. ) ;
#3488 = EDGE_LOOP ( 'NONE', ( #1985, #489, #3423, #201 ) ) ;
#3489 = SURFACE_SIDE_STYLE ('',( #1873 ) ) ;
#3490 = EDGE_LOOP ( 'NONE', ( #1698, #305, #2228, #389 ) ) ;
#3491 =( GEOMETRIC_REPRESENTATION_CONTEXT ( 3 ) GLOBAL_UNCERTAINTY_ASSIGNED_CONTEXT ( ( #649 ) ) GLOBAL_UNIT_ASSIGNED_CONTEXT ( ( #3410, #2120, #3712 ) ) REPRESENTATION_CONTEXT ( 'NONE', 'WORKASPACE' ) );
#3492 = ADVANCED_FACE ( 'NONE', ( #1735 ), #3068, .F. ) ;
#3493 = FILL_AREA_STYLE ('',( #2794 ) ) ;
#3494 = DIRECTION ( 'NONE',  ( 1.671814187836141990E-32, 1.000000000000000000, 0.000000000000000000 ) ) ;
#3495 = COLOUR_RGB ( '',1.000000000000000000, 1.000000000000000000, 0.000000000000000000 ) ;
#3496 =( NAMED_UNIT ( * ) PLANE_ANGLE_UNIT ( ) SI_UNIT ( $, .RADIAN. ) );
#3497 = CARTESIAN_POINT ( 'NONE',  ( -0.7500000000000000000, 0.9999999999999995559, -9.000000000000000000 ) ) ;
#3498 = CARTESIAN_POINT ( 'NONE',  ( 2.250000000000001776, 3.000000000000000000, -14.99999999999999822 ) ) ;
#3499 = EDGE_CURVE ( 'NONE', #2791, #295, #1557, .T. ) ;
#3500 = CARTESIAN_POINT ( 'NONE',  ( 4.940548030688789893, 2.000000000000000000, 13.86583739294936457 ) ) ;
#3501 = SURFACE_STYLE_FILL_AREA ( #2550 ) ;
#3502 = VECTOR ( 'NONE', #3524, 1000.000000000000000 ) ;
#3503 = ORIENTED_EDGE ( 'NONE', *, *, #554, .T. ) ;
#3504 =( NAMED_UNIT ( * ) SI_UNIT ( $, .STERADIAN. ) SOLID_ANGLE_UNIT ( ) );
#3505 = PRESENTATION_LAYER_ASSIGNMENT (  '', '', ( #1988 ) ) ;
#3506 = EDGE_CURVE ( 'NONE', #3033, #3472, #316, .T. ) ;
#3507 = CARTESIAN_POINT ( 'NONE',  ( -7.500000000000000888, 1.000000000000000000, -15.00000000000000178 ) ) ;
#3508 = ADVANCED_FACE ( 'NONE', ( #3161 ), #3794, .F. ) ;
#3509 = EDGE_LOOP ( 'NONE', ( #1102, #1488, #363, #1747, #3503 ) ) ;
#3510 = DIRECTION ( 'NONE',  ( -0.000000000000000000, -1.000000000000000000, -0.000000000000000000 ) ) ;
#3511 = EDGE_LOOP ( 'NONE', ( #2571, #3308, #1537, #1484 ) ) ;
#3512 = LINE ( 'NONE', #2586, #2230 ) ;
#3513 = AXIS2_PLACEMENT_3D ( 'NONE', #3607, #1005, #2657 ) ;
#3514 = ORIENTED_EDGE ( 'NONE', *, *, #1585, .T. ) ;
#3515 = DIRECTION ( 'NONE',  ( 0.000000000000000000, -1.445602896647338917E-16, 1.000000000000000000 ) ) ;
#3516 = SURFACE_STYLE_FILL_AREA ( #2006 ) ;
#3517 = EDGE_CURVE ( 'NONE', #1168, #1010, #1249, .T. ) ;
#3518 = SURFACE_STYLE_FILL_AREA ( #1642 ) ;
#3519 =( LENGTH_UNIT ( ) NAMED_UNIT ( * ) SI_UNIT ( .MILLI., .METRE. ) );
#3520 = DIRECTION ( 'NONE',  ( -0.000000000000000000, -1.000000000000000000, -0.000000000000000000 ) ) ;
#3521 = CARTESIAN_POINT ( 'NONE',  ( -6.250000000000000000, 1.999999999999999112, -8.999999999999998224 ) ) ;
#3522 =( GEOMETRIC_REPRESENTATION_CONTEXT ( 3 ) GLOBAL_UNCERTAINTY_ASSIGNED_CONTEXT ( ( #814 ) ) GLOBAL_UNIT_ASSIGNED_CONTEXT ( ( #2797, #3411, #3753 ) ) REPRESENTATION_CONTEXT ( 'NONE', 'WORKASPACE' ) );
#3523 = FACE_OUTER_BOUND ( 'NONE', #986, .T. ) ;
#3524 = DIRECTION ( 'NONE',  ( 1.671814187836141990E-32, 1.000000000000000000, 1.445602896647338917E-16 ) ) ;
#3525 = DIRECTION ( 'NONE',  ( 0.000000000000000000, 0.000000000000000000, -1.000000000000000000 ) ) ;
#3526 = PLANE ( 'NONE',  #2631 ) ;
#3527 = EDGE_LOOP ( 'NONE', ( #654, #1469, #3263, #2385, #3699, #1851, #2751, #1401, #3851, #2786, #2131, #4126, #1350, #2499 ) ) ;
#3528 = DIRECTION ( 'NONE',  ( 1.000000000000000000, 0.000000000000000000, 0.000000000000000000 ) ) ;
#3529 = PLANE ( 'NONE',  #2270 ) ;
#3530 = CARTESIAN_POINT ( 'NONE',  ( 2.250000000000001332, 3.000000000000000000, -15.00000000000000178 ) ) ;
#3531 = VECTOR ( 'NONE', #19, 1000.000000000000000 ) ;
#3532 = LINE ( 'NONE', #952, #772 ) ;
#3533 = VECTOR ( 'NONE', #1614, 1000.000000000000000 ) ;
#3534 = EDGE_LOOP ( 'NONE', ( #997, #3226, #182, #2721 ) ) ;
#3535 = CARTESIAN_POINT ( 'NONE',  ( 0.7500000000000000000, -1.734723475976807094E-15, -9.000000000000000000 ) ) ;
#3536 = AXIS2_PLACEMENT_3D ( 'NONE', #3855, #2629, #692 ) ;
#3537 = ADVANCED_FACE ( 'NONE', ( #887 ), #623, .F. ) ;
#3538 = EDGE_LOOP ( 'NONE', ( #662, #3430, #114, #1962 ) ) ;
#3539 = CARTESIAN_POINT ( 'NONE',  ( 5.770658746154558649, 4.000000000000000000, 12.14149756551532988 ) ) ;
#3540 = FILL_AREA_STYLE ('',( #976 ) ) ;
#3541 = DIRECTION ( 'NONE',  ( -0.000000000000000000, -0.000000000000000000, -1.000000000000000000 ) ) ;
#3542 = CARTESIAN_POINT ( 'NONE',  ( 6.250000000000000000, 1.999999999999999112, -9.000000000000000000 ) ) ;
#3543 = LINE ( 'NONE', #980, #1934 ) ;
#3544 = FACE_OUTER_BOUND ( 'NONE', #3676, .T. ) ;
#3545 = ORIENTED_EDGE ( 'NONE', *, *, #1553, .T. ) ;
#3546 = ORIENTED_EDGE ( 'NONE', *, *, #364, .T. ) ;
#3547 = CARTESIAN_POINT ( 'NONE',  ( 7.195563724354545165, 2.000000000000000000, 14.34043352985769815 ) ) ;
#3548 = MECHANICAL_DESIGN_GEOMETRIC_PRESENTATION_REPRESENTATION (  '', ( #3818 ), #1341 ) ;
#3549 = DIRECTION ( 'NONE',  ( 1.671814187836141990E-32, 1.000000000000000000, 0.000000000000000000 ) ) ;
#3550 = LINE ( 'NONE', #1956, #4072 ) ;
#3551 = ORIENTED_EDGE ( 'NONE', *, *, #3556, .F. ) ;
#3552 = LINE ( 'NONE', #1999, #503 ) ;
#3553 = ORIENTED_EDGE ( 'NONE', *, *, #2758, .F. ) ;
#3554 = VERTEX_POINT ( 'NONE', #2471 ) ;
#3555 = SURFACE_SIDE_STYLE ('',( #1944 ) ) ;
#3556 = EDGE_CURVE ( 'NONE', #1332, #3142, #2164, .T. ) ;
#3557 = DIRECTION ( 'NONE',  ( 0.000000000000000000, 0.000000000000000000, 1.000000000000000000 ) ) ;
#3558 = LINE ( 'NONE', #689, #3160 ) ;
#3559 = FACE_OUTER_BOUND ( 'NONE', #1466, .T. ) ;
#3560 =( NAMED_UNIT ( * ) PLANE_ANGLE_UNIT ( ) SI_UNIT ( $, .RADIAN. ) );
#3561 = SURFACE_SIDE_STYLE ('',( #1624 ) ) ;
#3562 =( NAMED_UNIT ( * ) SI_UNIT ( $, .STERADIAN. ) SOLID_ANGLE_UNIT ( ) );
#3563 = COLOUR_RGB ( '',1.000000000000000000, 1.000000000000000000, 0.000000000000000000 ) ;
#3564 = SURFACE_STYLE_USAGE ( .BOTH. , #2968 ) ;
#3565 = FACE_OUTER_BOUND ( 'NONE', #370, .T. ) ;
#3566 = LINE ( 'NONE', #1991, #2963 ) ;
#3567 = ORIENTED_EDGE ( 'NONE', *, *, #3464, .F. ) ;
#3568 = CARTESIAN_POINT ( 'NONE',  ( -13.58276253029822023, 3.000000000000000000, -15.00000000000000000 ) ) ;
#3569 = COLOUR_RGB ( '',1.000000000000000000, 1.000000000000000000, 0.000000000000000000 ) ;
#3570 = EDGE_CURVE ( 'NONE', #1547, #2098, #3108, .T. ) ;
#3571 = PRESENTATION_LAYER_ASSIGNMENT (  '', '', ( #763 ) ) ;
#3572 = ORIENTED_EDGE ( 'NONE', *, *, #731, .F. ) ;
#3573 = PRESENTATION_STYLE_ASSIGNMENT (( #2254 ) ) ;
#3574 = ORIENTED_EDGE ( 'NONE', *, *, #3806, .F. ) ;
#3575 = ORIENTED_EDGE ( 'NONE', *, *, #3156, .F. ) ;
#3576 =( NAMED_UNIT ( * ) PLANE_ANGLE_UNIT ( ) SI_UNIT ( $, .RADIAN. ) );
#3577 = DIRECTION ( 'NONE',  ( -6.041948581480105624E-49, 1.084202172485504187E-16, -1.000000000000000000 ) ) ;
#3578 = COLOUR_RGB ( '',1.000000000000000000, 1.000000000000000000, 0.000000000000000000 ) ;
#3579 = CARTESIAN_POINT ( 'NONE',  ( -7.500000000000000888, 2.000000000000000000, -14.99999999999999822 ) ) ;
#3580 = CARTESIAN_POINT ( 'NONE',  ( -3.500000000000001332, 1.000000000000000000, -15.00000000000000000 ) ) ;
#3581 = VECTOR ( 'NONE', #2880, 1000.000000000000000 ) ;
#3582 = CARTESIAN_POINT ( 'NONE',  ( 5.106120026345997154, 4.000000000000000000, 15.00000000000000533 ) ) ;
#3583 = UNCERTAINTY_MEASURE_WITH_UNIT (LENGTH_MEASURE( 1.000000000000000082E-05 ), #3666, 'distance_accuracy_value', 'NONE');
#3584 = DIRECTION ( 'NONE',  ( -1.671814187836141990E-32, -1.000000000000000000, -1.445602896647338917E-16 ) ) ;
#3585 = VERTEX_POINT ( 'NONE', #2029 ) ;
#3586 = EDGE_CURVE ( 'NONE', #1885, #2235, #1965, .T. ) ;
#3587 = LINE ( 'NONE', #2990, #789 ) ;
#3588 = PRESENTATION_LAYER_ASSIGNMENT (  '', '', ( #2928 ) ) ;
#3589 = EDGE_CURVE ( 'NONE', #447, #1421, #3597, .T. ) ;
#3590 = EDGE_CURVE ( 'NONE', #2116, #3701, #2894, .T. ) ;
#3591 = ORIENTED_EDGE ( 'NONE', *, *, #2485, .F. ) ;
#3592 = CARTESIAN_POINT ( 'NONE',  ( -6.250000000000000000, -8.673617379884035472E-16, -15.00000000000000178 ) ) ;
#3593 = ORIENTED_EDGE ( 'NONE', *, *, #3005, .F. ) ;
#3594 = PRESENTATION_LAYER_ASSIGNMENT (  '', '', ( #3266 ) ) ;
#3595 = VERTEX_POINT ( 'NONE', #2327 ) ;
#3596 = LINE ( 'NONE', #2004, #3219 ) ;
#3597 = LINE ( 'NONE', #3205, #3032 ) ;
#3598 = LINE ( 'NONE', #1947, #2243 ) ;
#3599 = STYLED_ITEM ( 'NONE', ( #3025 ), #189 ) ;
#3600 = SURFACE_STYLE_USAGE ( .BOTH. , #3640 ) ;
#3601 = SURFACE_SIDE_STYLE ('',( #2349 ) ) ;
#3602 = SURFACE_STYLE_FILL_AREA ( #358 ) ;
#3603 = VECTOR ( 'NONE', #950, 1000.000000000000000 ) ;
#3604 = FILL_AREA_STYLE_COLOUR ( '', #3678 ) ;
#3605 = PRESENTATION_STYLE_ASSIGNMENT (( #2943 ) ) ;
#3606 = PRESENTATION_LAYER_ASSIGNMENT (  '', '', ( #2019 ) ) ;
#3607 = CARTESIAN_POINT ( 'NONE',  ( 6.435197465963121033, 4.000000000000000000, 15.00000000000000533 ) ) ;
#3608 = LINE ( 'NONE', #1274, #3663 ) ;
#3609 = EDGE_CURVE ( 'NONE', #1279, #2685, #2938, .T. ) ;
#3610 = ORIENTED_EDGE ( 'NONE', *, *, #1833, .T. ) ;
#3611 = DIRECTION ( 'NONE',  ( 0.000000000000000000, 0.000000000000000000, -1.000000000000000000 ) ) ;
#3612 = EDGE_LOOP ( 'NONE', ( #533, #428, #2216, #227 ) ) ;
#3613 = SURFACE_SIDE_STYLE ('',( #4054 ) ) ;
#3614 = VECTOR ( 'NONE', #1831, 1000.000000000000000 ) ;
#3615 = EDGE_LOOP ( 'NONE', ( #2767, #2132, #4040, #1507 ) ) ;
#3616 = ORIENTED_EDGE ( 'NONE', *, *, #3005, .T. ) ;
#3617 = CARTESIAN_POINT ( 'NONE',  ( -5.106120026345997154, 4.000000000000000000, 14.36984205327657627 ) ) ;
#3618 = CARTESIAN_POINT ( 'NONE',  ( 7.499999999999999112, 2.999999999999999556, -14.99999999999999822 ) ) ;
#3619 = DIRECTION ( 'NONE',  ( 0.000000000000000000, 0.000000000000000000, -1.000000000000000000 ) ) ;
#3620 = DIRECTION ( 'NONE',  ( -1.000000000000000000, 0.000000000000000000, -0.000000000000000000 ) ) ;
#3621 = EDGE_CURVE ( 'NONE', #2422, #640, #1621, .T. ) ;
#3622 = CLOSED_SHELL ( 'NONE', ( #165, #221, #1203, #321, #1164, #1054, #2201, #3175, #1216, #1418, #26, #1480, #383, #2108, #319, #3437, #1156, #1672, #3721, #1307, #2379, #3508, #3405, #1977, #4061, #855, #977, #2953, #3684, #2639, #3485, #2431, #2709, #4033, #1225, #741, #1400, #1690, #1687, #3293, #1741, #4016, #1896, #2176, #2415, #668, #350, #3311, #2356, #3658, #2803, #289, #2533, #882, #3743, #2699, #1211, #3188, #1760, #1144, #858, #2101, #3327, #3537, #3199, #3492, #189, #333, #3826, #3029, #2851, #3352, #865, #826, #786, #2151, #2255, #1595, #911, #2771, #2825, #4122, #1375, #1680, #2233, #406, #615, #3268, #3844, #2859, #1997, #313, #3948, #1364 ) ) ;
#3623 = LINE ( 'NONE', #3003, #2985 ) ;
#3624 = FACE_OUTER_BOUND ( 'NONE', #2782, .T. ) ;
#3625 = FILL_AREA_STYLE_COLOUR ( '', #983 ) ;
#3626 = MECHANICAL_DESIGN_GEOMETRIC_PRESENTATION_REPRESENTATION (  '', ( #2185 ), #827 ) ;
#3627 = ORIENTED_EDGE ( 'NONE', *, *, #2549, .T. ) ;
#3628 = VECTOR ( 'NONE', #2342, 1000.000000000000000 ) ;
#3629 = DIRECTION ( 'NONE',  ( 1.445602896647338424E-16, 0.000000000000000000, -1.000000000000000000 ) ) ;
#3630 = EDGE_CURVE ( 'NONE', #2935, #2729, #958, .T. ) ;
#3631 = ORIENTED_EDGE ( 'NONE', *, *, #1728, .T. ) ;
#3632 = AXIS2_PLACEMENT_3D ( 'NONE', #1369, #3255, #714 ) ;
#3633 = ORIENTED_EDGE ( 'NONE', *, *, #1795, .T. ) ;
#3634 = DIRECTION ( 'NONE',  ( -1.000000000000000000, 0.000000000000000000, 0.000000000000000000 ) ) ;
#3635 = EDGE_LOOP ( 'NONE', ( #454, #3191, #3661, #726 ) ) ;
#3636 = EDGE_CURVE ( 'NONE', #2640, #2003, #2382, .T. ) ;
#3637 = CARTESIAN_POINT ( 'NONE',  ( 3.500000000000001332, -8.673617379884035472E-16, -15.00000000000000178 ) ) ;
#3638 = VECTOR ( 'NONE', #2503, 1000.000000000000000 ) ;
#3639 =( NAMED_UNIT ( * ) SI_UNIT ( $, .STERADIAN. ) SOLID_ANGLE_UNIT ( ) );
#3640 = SURFACE_SIDE_STYLE ('',( #2389 ) ) ;
#3641 = CARTESIAN_POINT ( 'NONE',  ( 7.499999999999999112, 2.000000000000000000, -14.99999999999999822 ) ) ;
#3642 = FACE_OUTER_BOUND ( 'NONE', #2486, .T. ) ;
#3643 = PRODUCT_RELATED_PRODUCT_CATEGORY ( 'part', '', ( #682 ) ) ;
#3644 = FILL_AREA_STYLE_COLOUR ( '', #830 ) ;
#3645 = STYLED_ITEM ( 'NONE', ( #3197 ), #4016 ) ;
#3646 = DIRECTION ( 'NONE',  ( 1.000000000000000000, -1.671814187836141990E-32, -2.416779432592044984E-48 ) ) ;
#3647 = CARTESIAN_POINT ( 'NONE',  ( 0.7500000000000000000, 4.000000000000000000, -15.00000000000000178 ) ) ;
#3648 =( NAMED_UNIT ( * ) PLANE_ANGLE_UNIT ( ) SI_UNIT ( $, .RADIAN. ) );
#3649 = PRODUCT_DEFINITION_FORMATION_WITH_SPECIFIED_SOURCE ( 'ANY', '', #682, .NOT_KNOWN. ) ;
#3650 = DIRECTION ( 'NONE',  ( 1.003088512701685112E-32, 1.000000000000000000, 8.673617379884034239E-17 ) ) ;
#3651 = DIRECTION ( 'NONE',  ( 0.000000000000000000, 0.000000000000000000, 1.000000000000000000 ) ) ;
#3652 = MECHANICAL_DESIGN_GEOMETRIC_PRESENTATION_REPRESENTATION (  '', ( #372 ), #778 ) ;
#3653 = EDGE_LOOP ( 'NONE', ( #2362, #2538, #1063, #3593, #4079, #3151, #1419, #1111, #2949, #2975, #2805, #3030, #33, #1745 ) ) ;
#3654 = AXIS2_PLACEMENT_3D ( 'NONE', #4043, #3404, #2466 ) ;
#3655 = VERTEX_POINT ( 'NONE', #2626 ) ;
#3656 = ORIENTED_EDGE ( 'NONE', *, *, #808, .F. ) ;
#3657 = DIRECTION ( 'NONE',  ( 1.000000000000000000, -0.000000000000000000, -1.156482317317871478E-16 ) ) ;
#3658 = ADVANCED_FACE ( 'NONE', ( #1688 ), #3832, .F. ) ;
#3659 = PRESENTATION_LAYER_ASSIGNMENT (  '', '', ( #863 ) ) ;
#3660 = PLANE ( 'NONE',  #3181 ) ;
#3661 = ORIENTED_EDGE ( 'NONE', *, *, #2316, .T. ) ;
#3662 = SURFACE_STYLE_FILL_AREA ( #2163 ) ;
#3663 = VECTOR ( 'NONE', #2611, 1000.000000000000000 ) ;
#3664 = DIRECTION ( 'NONE',  ( 0.000000000000000000, 0.000000000000000000, -1.000000000000000000 ) ) ;
#3665 = CARTESIAN_POINT ( 'NONE',  ( -5.106120026345997154, 4.000000000000000000, 14.36984205327657627 ) ) ;
#3666 =( LENGTH_UNIT ( ) NAMED_UNIT ( * ) SI_UNIT ( .MILLI., .METRE. ) );
#3667 = DIRECTION ( 'NONE',  ( 1.000000000000000000, 0.000000000000000000, -1.156482317317871478E-16 ) ) ;
#3668 = VECTOR ( 'NONE', #1479, 1000.000000000000000 ) ;
#3669 =( GEOMETRIC_REPRESENTATION_CONTEXT ( 3 ) GLOBAL_UNCERTAINTY_ASSIGNED_CONTEXT ( ( #3326 ) ) GLOBAL_UNIT_ASSIGNED_CONTEXT ( ( #2909, #1933, #3504 ) ) REPRESENTATION_CONTEXT ( 'NONE', 'WORKASPACE' ) );
#3670 = UNCERTAINTY_MEASURE_WITH_UNIT (LENGTH_MEASURE( 1.000000000000000082E-05 ), #1597, 'distance_accuracy_value', 'NONE');
#3671 = ORIENTED_EDGE ( 'NONE', *, *, #1549, .T. ) ;
#3672 = DIRECTION ( 'NONE',  ( 1.671814187836141990E-32, 1.000000000000000000, 1.445602896647338917E-16 ) ) ;
#3673 = ORIENTED_EDGE ( 'NONE', *, *, #1373, .F. ) ;
#3674 =( NAMED_UNIT ( * ) SI_UNIT ( $, .STERADIAN. ) SOLID_ANGLE_UNIT ( ) );
#3675 = CIRCLE ( 'NONE', #1142, 0.7609347594569813023 ) ;
#3676 = EDGE_LOOP ( 'NONE', ( #4095, #1316, #790, #2814 ) ) ;
#3677 = SURFACE_STYLE_USAGE ( .BOTH. , #1405 ) ;
#3678 = COLOUR_RGB ( '',1.000000000000000000, 1.000000000000000000, 0.000000000000000000 ) ;
#3679 = PRESENTATION_STYLE_ASSIGNMENT (( #1084 ) ) ;
#3680 = FILL_AREA_STYLE ('',( #1816 ) ) ;
#3681 = EDGE_LOOP ( 'NONE', ( #2682, #3952, #3829, #1723 ) ) ;
#3682 = LINE ( 'NONE', #3985, #1717 ) ;
#3683 = CARTESIAN_POINT ( 'NONE',  ( -13.58276253029822023, 1.000000000000000000, -15.00000000000000000 ) ) ;
#3684 = ADVANCED_FACE ( 'NONE', ( #666 ), #3854, .F. ) ;
#3685 = SURFACE_SIDE_STYLE ('',( #2079 ) ) ;
#3686 = DIRECTION ( 'NONE',  ( 0.000000000000000000, 0.000000000000000000, -1.000000000000000000 ) ) ;
#3687 = PRESENTATION_STYLE_ASSIGNMENT (( #2506 ) ) ;
#3688 = DIRECTION ( 'NONE',  ( -0.000000000000000000, -1.000000000000000000, -0.000000000000000000 ) ) ;
#3689 = UNCERTAINTY_MEASURE_WITH_UNIT (LENGTH_MEASURE( 1.000000000000000082E-05 ), #1462, 'distance_accuracy_value', 'NONE');
#3690 = FILL_AREA_STYLE_COLOUR ( '', #3079 ) ;
#3691 = PRESENTATION_STYLE_ASSIGNMENT (( #1141 ) ) ;
#3692 =( LENGTH_UNIT ( ) NAMED_UNIT ( * ) SI_UNIT ( .MILLI., .METRE. ) );
#3693 = VERTEX_POINT ( 'NONE', #120 ) ;
#3694 = PRESENTATION_LAYER_ASSIGNMENT (  '', '', ( #1901 ) ) ;
#3695 = FILL_AREA_STYLE ('',( #2742 ) ) ;
#3696 = AXIS2_PLACEMENT_3D ( 'NONE', #1592, #1629, #327 ) ;
#3697 = EDGE_CURVE ( 'NONE', #3976, #512, #424, .T. ) ;
#3698 = AXIS2_PLACEMENT_3D ( 'NONE', #3127, #936, #1517 ) ;
#3699 = ORIENTED_EDGE ( 'NONE', *, *, #475, .F. ) ;
#3700 = SURFACE_STYLE_USAGE ( .BOTH. , #2439 ) ;
#3701 = VERTEX_POINT ( 'NONE', #3618 ) ;
#3702 = LINE ( 'NONE', #3637, #739 ) ;
#3703 = UNCERTAINTY_MEASURE_WITH_UNIT (LENGTH_MEASURE( 1.000000000000000082E-05 ), #681, 'distance_accuracy_value', 'NONE');
#3704 = STYLED_ITEM ( 'NONE', ( #2394 ), #3492 ) ;
#3705 = LINE ( 'NONE', #232, #3858 ) ;
#3706 = ORIENTED_EDGE ( 'NONE', *, *, #438, .T. ) ;
#3707 = CIRCLE ( 'NONE', #762, 0.6645387198085618286 ) ;
#3708 = COLOUR_RGB ( '',1.000000000000000000, 1.000000000000000000, 0.000000000000000000 ) ;
#3709 =( NAMED_UNIT ( * ) PLANE_ANGLE_UNIT ( ) SI_UNIT ( $, .RADIAN. ) );
#3710 = CARTESIAN_POINT ( 'NONE',  ( -6.435197465963121033, 4.000000000000000000, 15.00000000000000533 ) ) ;
#3711 = DIRECTION ( 'NONE',  ( -1.000000000000000000, 0.000000000000000000, -0.000000000000000000 ) ) ;
#3712 =( NAMED_UNIT ( * ) SI_UNIT ( $, .STERADIAN. ) SOLID_ANGLE_UNIT ( ) );
#3713 = COLOUR_RGB ( '',0.2509803921568627416, 0.2509803921568627416, 0.2509803921568627416 ) ;
#3714 = DIRECTION ( 'NONE',  ( -0.000000000000000000, -0.000000000000000000, -1.000000000000000000 ) ) ;
#3715 = EDGE_CURVE ( 'NONE', #1720, #857, #3938, .T. ) ;
#3716 = ORIENTED_EDGE ( 'NONE', *, *, #3367, .F. ) ;
#3717 = LINE ( 'NONE', #3416, #3871 ) ;
#3718 = AXIS2_PLACEMENT_3D ( 'NONE', #2821, #3860, #3525 ) ;
#3719 = ORIENTED_EDGE ( 'NONE', *, *, #300, .F. ) ;
#3720 = LINE ( 'NONE', #4018, #29 ) ;
#3721 = ADVANCED_FACE ( 'NONE', ( #162 ), #455, .F. ) ;
#3722 = VERTEX_POINT ( 'NONE', #1751 ) ;
#3723 =( GEOMETRIC_REPRESENTATION_CONTEXT ( 3 ) GLOBAL_UNCERTAINTY_ASSIGNED_CONTEXT ( ( #3703 ) ) GLOBAL_UNIT_ASSIGNED_CONTEXT ( ( #681, #1499, #1157 ) ) REPRESENTATION_CONTEXT ( 'NONE', 'WORKASPACE' ) );
#3724 = DIRECTION ( 'NONE',  ( -0.000000000000000000, -0.000000000000000000, 1.000000000000000000 ) ) ;
#3725 = PLANE ( 'NONE',  #2320 ) ;
#3726 = SURFACE_SIDE_STYLE ('',( #2490 ) ) ;
#3727 = ORIENTED_EDGE ( 'NONE', *, *, #527, .T. ) ;
#3728 = CARTESIAN_POINT ( 'NONE',  ( -5.106120026345997154, 4.000000000000000000, 15.00000000000000533 ) ) ;
#3729 = DIRECTION ( 'NONE',  ( 1.000000000000000000, 0.000000000000000000, 0.000000000000000000 ) ) ;
#3730 = AXIS2_PLACEMENT_3D ( 'NONE', #2242, #3820, #3132 ) ;
#3731 = CARTESIAN_POINT ( 'NONE',  ( -2.249999999999999112, -2.602085213965210642E-15, 2.930689013061479619E-16 ) ) ;
#3732 = FILL_AREA_STYLE_COLOUR ( '', #1086 ) ;
#3733 = DIRECTION ( 'NONE',  ( -1.345465627901028048E-49, 1.365123520548581852E-16, -1.000000000000000000 ) ) ;
#3734 = CARTESIAN_POINT ( 'NONE',  ( 6.249999999999998224, 1.000000000000000000, -15.00000000000000000 ) ) ;
#3735 = SURFACE_STYLE_FILL_AREA ( #1802 ) ;
#3736 = VECTOR ( 'NONE', #867, 1000.000000000000000 ) ;
#3737 = CARTESIAN_POINT ( 'NONE',  ( 6.250000000000000000, 0.9999999999999993339, -9.000000000000000000 ) ) ;
#3738 = PRESENTATION_LAYER_ASSIGNMENT (  '', '', ( #1398 ) ) ;
#3739 = STYLED_ITEM ( 'NONE', ( #3164 ), #289 ) ;
#3740 = VERTEX_POINT ( 'NONE', #1792 ) ;
#3741 = PLANE ( 'NONE',  #1258 ) ;
#3742 = VECTOR ( 'NONE', #3672, 1000.000000000000000 ) ;
#3743 = ADVANCED_FACE ( 'NONE', ( #3980 ), #796, .F. ) ;
#3744 = VERTEX_POINT ( 'NONE', #929 ) ;
#3745 = DIRECTION ( 'NONE',  ( 1.000000000000000000, 0.000000000000000000, -1.156482317317871478E-16 ) ) ;
#3746 = PRESENTATION_STYLE_ASSIGNMENT (( #2161 ) ) ;
#3747 = ORIENTED_EDGE ( 'NONE', *, *, #2984, .T. ) ;
#3748 = DIRECTION ( 'NONE',  ( -1.000000000000000000, 0.000000000000000000, -0.000000000000000000 ) ) ;
#3749 =( NAMED_UNIT ( * ) SI_UNIT ( $, .STERADIAN. ) SOLID_ANGLE_UNIT ( ) );
#3750 = VECTOR ( 'NONE', #1538, 1000.000000000000000 ) ;
#3751 = DIRECTION ( 'NONE',  ( 0.000000000000000000, 1.000000000000000000, 0.000000000000000000 ) ) ;
#3752 = EDGE_CURVE ( 'NONE', #1402, #2932, #2489, .T. ) ;
#3753 =( NAMED_UNIT ( * ) SI_UNIT ( $, .STERADIAN. ) SOLID_ANGLE_UNIT ( ) );
#3754 = PLANE ( 'NONE',  #3536 ) ;
#3755 = LINE ( 'NONE', #588, #270 ) ;
#3756 = DIRECTION ( 'NONE',  ( -0.000000000000000000, -1.000000000000000000, -0.000000000000000000 ) ) ;
#3757 = EDGE_CURVE ( 'NONE', #2618, #2156, #1853, .T. ) ;
#3758 = UNCERTAINTY_MEASURE_WITH_UNIT (LENGTH_MEASURE( 1.000000000000000082E-05 ), #3092, 'distance_accuracy_value', 'NONE');
#3759 = FILL_AREA_STYLE ('',( #2225 ) ) ;
#3760 = CARTESIAN_POINT ( 'NONE',  ( -13.58276253029822023, 1.999999999999999112, -8.999999999999998224 ) ) ;
#3761 = ORIENTED_EDGE ( 'NONE', *, *, #3777, .F. ) ;
#3762 =( NAMED_UNIT ( * ) PLANE_ANGLE_UNIT ( ) SI_UNIT ( $, .RADIAN. ) );
#3763 = VERTEX_POINT ( 'NONE', #3121 ) ;
#3764 = AXIS2_PLACEMENT_3D ( 'NONE', #1641, #2607, #2285 ) ;
#3765 = VECTOR ( 'NONE', #642, 1000.000000000000000 ) ;
#3766 = LINE ( 'NONE', #915, #1221 ) ;
#3767 = CARTESIAN_POINT ( 'NONE',  ( -13.58276253029822023, 1.999999999999999112, -8.999999999999998224 ) ) ;
#3768 = EDGE_CURVE ( 'NONE', #1010, #3932, #2234, .T. ) ;
#3769 = VERTEX_POINT ( 'NONE', #294 ) ;
#3770 = VECTOR ( 'NONE', #3745, 1000.000000000000000 ) ;
#3771 = SURFACE_STYLE_FILL_AREA ( #3493 ) ;
#3772 = DIRECTION ( 'NONE',  ( -1.671814187836141990E-32, -1.000000000000000000, -1.445602896647338917E-16 ) ) ;
#3773 = DIRECTION ( 'NONE',  ( 1.445602896647338917E-16, 0.000000000000000000, -1.000000000000000000 ) ) ;
#3774 = AXIS2_PLACEMENT_3D ( 'NONE', #577, #2529, #3133 ) ;
#3775 = LINE ( 'NONE', #1275, #3398 ) ;
#3776 = CARTESIAN_POINT ( 'NONE',  ( 3.499999999999999556, 2.999999999999999112, -9.000000000000000000 ) ) ;
#3777 = EDGE_CURVE ( 'NONE', #3415, #1355, #691, .T. ) ;
#3778 = AXIS2_PLACEMENT_3D ( 'NONE', #8, #1245, #4102 ) ;
#3779 = PLANE ( 'NONE',  #3839 ) ;
#3780 = SURFACE_STYLE_FILL_AREA ( #1867 ) ;
#3781 = ORIENTED_EDGE ( 'NONE', *, *, #154, .T. ) ;
#3782 = CARTESIAN_POINT ( 'NONE',  ( -7.499999999999997335, 0.000000000000000000, 15.00000000000000533 ) ) ;
#3783 = LINE ( 'NONE', #5, #292 ) ;
#3784 = VECTOR ( 'NONE', #2361, 1000.000000000000000 ) ;
#3785 = AXIS2_PLACEMENT_3D ( 'NONE', #2969, #84, #1370 ) ;
#3786 = DIRECTION ( 'NONE',  ( 1.000000000000000000, -0.000000000000000000, -1.156482317317871478E-16 ) ) ;
#3787 = VECTOR ( 'NONE', #3897, 1000.000000000000000 ) ;
#3788 = ORIENTED_EDGE ( 'NONE', *, *, #1057, .F. ) ;
#3789 = COLOUR_RGB ( '',1.000000000000000000, 1.000000000000000000, 0.000000000000000000 ) ;
#3790 = CARTESIAN_POINT ( 'NONE',  ( 5.000000000000000888, 3.999999999999999112, -9.000000000000000000 ) ) ;
#3791 = ORIENTED_EDGE ( 'NONE', *, *, #206, .T. ) ;
#3792 = AXIS2_PLACEMENT_3D ( 'NONE', #2031, #2628, #1041 ) ;
#3793 = EDGE_CURVE ( 'NONE', #1817, #857, #15, .T. ) ;
#3794 = PLANE ( 'NONE',  #688 ) ;
#3795 = SURFACE_STYLE_FILL_AREA ( #2165 ) ;
#3796 = SURFACE_SIDE_STYLE ('',( #14 ) ) ;
#3797 = SURFACE_STYLE_FILL_AREA ( #2168 ) ;
#3798 = CARTESIAN_POINT ( 'NONE',  ( -2.250000000000000444, 1.000000000000000000, -15.00000000000000178 ) ) ;
#3799 = CARTESIAN_POINT ( 'NONE',  ( 3.500000000000001332, -8.673617379884035472E-16, -15.00000000000000178 ) ) ;
#3800 = UNCERTAINTY_MEASURE_WITH_UNIT (LENGTH_MEASURE( 1.000000000000000082E-05 ), #1990, 'distance_accuracy_value', 'NONE');
#3801 = PRESENTATION_STYLE_ASSIGNMENT (( #3113 ) ) ;
#3802 = CARTESIAN_POINT ( 'NONE',  ( 6.435197465963121033, 4.000000000000000000, 14.36984205327657627 ) ) ;
#3803 = AXIS2_PLACEMENT_3D ( 'NONE', #2103, #1119, #2398 ) ;
#3804 = EDGE_LOOP ( 'NONE', ( #3082, #3811, #835, #701 ) ) ;
#3805 = COLOUR_RGB ( '',0.2509803921568627416, 0.2509803921568627416, 0.2509803921568627416 ) ;
#3806 = EDGE_CURVE ( 'NONE', #546, #113, #2502, .T. ) ;
#3807 = PRESENTATION_LAYER_ASSIGNMENT (  '', '', ( #798 ) ) ;
#3808 = LINE ( 'NONE', #1832, #3306 ) ;
#3809 = ORIENTED_EDGE ( 'NONE', *, *, #4150, .F. ) ;
#3810 = FACE_OUTER_BOUND ( 'NONE', #2067, .T. ) ;
#3811 = ORIENTED_EDGE ( 'NONE', *, *, #3280, .F. ) ;
#3812 = FACE_OUTER_BOUND ( 'NONE', #2293, .T. ) ;
#3813 = SURFACE_SIDE_STYLE ('',( #1918 ) ) ;
#3814 = SURFACE_STYLE_USAGE ( .BOTH. , #550 ) ;
#3815 = CARTESIAN_POINT ( 'NONE',  ( -2.250000000000000888, 0.9999999999999993339, -9.000000000000000000 ) ) ;
#3816 = DIRECTION ( 'NONE',  ( 0.000000000000000000, 0.000000000000000000, -1.000000000000000000 ) ) ;
#3817 = DIRECTION ( 'NONE',  ( -1.445602896647338917E-16, 1.445602896647338917E-16, -1.000000000000000000 ) ) ;
#3818 = STYLED_ITEM ( 'NONE', ( #57 ), #2953 ) ;
#3819 = EDGE_CURVE ( 'NONE', #138, #3740, #3766, .T. ) ;
#3820 = DIRECTION ( 'NONE',  ( 1.000000000000000000, 4.179535469590348133E-33, -1.445602896647338917E-16 ) ) ;
#3821 = LINE ( 'NONE', #4113, #3852 ) ;
#3822 = AXIS2_PLACEMENT_3D ( 'NONE', #1750, #1107, #2406 ) ;
#3823 = CARTESIAN_POINT ( 'NONE',  ( -4.345753767954572133, 4.000000000000000000, 14.34043352985769815 ) ) ;
#3824 = ORIENTED_EDGE ( 'NONE', *, *, #2762, .F. ) ;
#3825 = LINE ( 'NONE', #2252, #2869 ) ;
#3826 = ADVANCED_FACE ( 'NONE', ( #3487 ), #3725, .T. ) ;
#3827 =( NAMED_UNIT ( * ) SI_UNIT ( $, .STERADIAN. ) SOLID_ANGLE_UNIT ( ) );
#3828 = VERTEX_POINT ( 'NONE', #4062 ) ;
#3829 = ORIENTED_EDGE ( 'NONE', *, *, #2134, .F. ) ;
#3830 = PRESENTATION_LAYER_ASSIGNMENT (  '', '', ( #3302 ) ) ;
#3831 = FILL_AREA_STYLE ('',( #2563 ) ) ;
#3832 = PLANE ( 'NONE',  #3901 ) ;
#3833 = LINE ( 'NONE', #1363, #3895 ) ;
#3834 = STYLED_ITEM ( 'NONE', ( #1491 ), #3826 ) ;
#3835 = CARTESIAN_POINT ( 'NONE',  ( 7.500000000000000000, 1.999999999999999112, -9.000000000000000000 ) ) ;
#3836 = LINE ( 'NONE', #3799, #2867 ) ;
#3837 = UNCERTAINTY_MEASURE_WITH_UNIT (LENGTH_MEASURE( 1.000000000000000082E-05 ), #3900, 'distance_accuracy_value', 'NONE');
#3838 =( NAMED_UNIT ( * ) SI_UNIT ( $, .STERADIAN. ) SOLID_ANGLE_UNIT ( ) );
#3839 = AXIS2_PLACEMENT_3D ( 'NONE', #1882, #941, #2209 ) ;
#3840 = CARTESIAN_POINT ( 'NONE',  ( -2.250000000000000888, -8.673617379884035472E-16, -15.00000000000000178 ) ) ;
#3841 =( NAMED_UNIT ( * ) PLANE_ANGLE_UNIT ( ) SI_UNIT ( $, .RADIAN. ) );
#3842 = EDGE_LOOP ( 'NONE', ( #2047, #2562, #1891, #3078 ) ) ;
#3843 = DIRECTION ( 'NONE',  ( 1.000000000000000000, 0.000000000000000000, -0.000000000000000000 ) ) ;
#3844 = ADVANCED_FACE ( 'NONE', ( #543 ), #1889, .F. ) ;
#3845 = VECTOR ( 'NONE', #1773, 1000.000000000000000 ) ;
#3846 = CARTESIAN_POINT ( 'NONE',  ( 4.940548030688789893, 4.000000000000000000, 13.86583739294936457 ) ) ;
#3847 = PRESENTATION_LAYER_ASSIGNMENT (  '', '', ( #2853 ) ) ;
#3848 = SURFACE_SIDE_STYLE ('',( #330 ) ) ;
#3849 = ORIENTED_EDGE ( 'NONE', *, *, #3453, .T. ) ;
#3850 =( NAMED_UNIT ( * ) SI_UNIT ( $, .STERADIAN. ) SOLID_ANGLE_UNIT ( ) );
#3851 = ORIENTED_EDGE ( 'NONE', *, *, #2020, .F. ) ;
#3852 = VECTOR ( 'NONE', #2192, 1000.000000000000000 ) ;
#3853 = ORIENTED_EDGE ( 'NONE', *, *, #88, .T. ) ;
#3854 = PLANE ( 'NONE',  #1219 ) ;
#3855 = CARTESIAN_POINT ( 'NONE',  ( -6.250000000000000000, -2.602085213965210642E-15, -3.219175043950317728E-17 ) ) ;
#3856 = LINE ( 'NONE', #1968, #175 ) ;
#3857 = DIRECTION ( 'NONE',  ( 0.000000000000000000, 0.000000000000000000, -1.000000000000000000 ) ) ;
#3858 = VECTOR ( 'NONE', #841, 1000.000000000000000 ) ;
#3859 = DIRECTION ( 'NONE',  ( 1.671814187836141990E-32, 1.000000000000000000, 0.000000000000000000 ) ) ;
#3860 = DIRECTION ( 'NONE',  ( -0.000000000000000000, -1.000000000000000000, -0.000000000000000000 ) ) ;
#3861 = PRESENTATION_STYLE_ASSIGNMENT (( #44 ) ) ;
#3862 = ORIENTED_EDGE ( 'NONE', *, *, #3296, .F. ) ;
#3863 = FACE_OUTER_BOUND ( 'NONE', #1829, .T. ) ;
#3864 = SURFACE_SIDE_STYLE ('',( #3173 ) ) ;
#3865 = DIRECTION ( 'NONE',  ( -1.000000000000000000, 0.000000000000000000, 1.156482317317871478E-16 ) ) ;
#3866 = EDGE_CURVE ( 'NONE', #3080, #3015, #1574, .T. ) ;
#3867 = AXIS2_PLACEMENT_3D ( 'NONE', #1670, #2965, #3859 ) ;
#3868 = VECTOR ( 'NONE', #2775, 1000.000000000000000 ) ;
#3869 = ORIENTED_EDGE ( 'NONE', *, *, #3258, .F. ) ;
#3870 = DIRECTION ( 'NONE',  ( 1.671814187836141990E-32, 1.000000000000000000, 1.445602896647338917E-16 ) ) ;
#3871 = VECTOR ( 'NONE', #3056, 1000.000000000000000 ) ;
#3872 = VERTEX_POINT ( 'NONE', #1243 ) ;
#3873 =( GEOMETRIC_REPRESENTATION_CONTEXT ( 3 ) GLOBAL_UNCERTAINTY_ASSIGNED_CONTEXT ( ( #3758 ) ) GLOBAL_UNIT_ASSIGNED_CONTEXT ( ( #3092, #2082, #1823 ) ) REPRESENTATION_CONTEXT ( 'NONE', 'WORKASPACE' ) );
#3874 = VERTEX_POINT ( 'NONE', #564 ) ;
#3875 = DIRECTION ( 'NONE',  ( -0.000000000000000000, -1.000000000000000000, -0.000000000000000000 ) ) ;
#3876 = MECHANICAL_DESIGN_GEOMETRIC_PRESENTATION_REPRESENTATION (  '', ( #459 ), #1330 ) ;
#3877 = PRESENTATION_STYLE_ASSIGNMENT (( #373 ) ) ;
#3878 = LINE ( 'NONE', #667, #2380 ) ;
#3879 = PRESENTATION_STYLE_ASSIGNMENT (( #2307 ) ) ;
#3880 = FILL_AREA_STYLE_COLOUR ( '', #1573 ) ;
#3881 = EDGE_CURVE ( 'NONE', #3472, #3459, #3808, .T. ) ;
#3882 = CARTESIAN_POINT ( 'NONE',  ( -6.250000000000000000, 2.999999999999999112, -9.000000000000000000 ) ) ;
#3883 = ORIENTED_EDGE ( 'NONE', *, *, #597, .T. ) ;
#3884 = ORIENTED_EDGE ( 'NONE', *, *, #569, .F. ) ;
#3885 =( NAMED_UNIT ( * ) SI_UNIT ( $, .STERADIAN. ) SOLID_ANGLE_UNIT ( ) );
#3886 =( NAMED_UNIT ( * ) SI_UNIT ( $, .STERADIAN. ) SOLID_ANGLE_UNIT ( ) );
#3887 = ORIENTED_EDGE ( 'NONE', *, *, #1663, .F. ) ;
#3888 = FILL_AREA_STYLE ('',( #3222 ) ) ;
#3889 = EDGE_LOOP ( 'NONE', ( #877, #1835, #2723, #2889 ) ) ;
#3890 = EDGE_LOOP ( 'NONE', ( #3177, #2746, #3284, #718 ) ) ;
#3891 = LINE ( 'NONE', #11, #277 ) ;
#3892 = FILL_AREA_STYLE_COLOUR ( '', #1905 ) ;
#3893 =( NAMED_UNIT ( * ) SI_UNIT ( $, .STERADIAN. ) SOLID_ANGLE_UNIT ( ) );
#3894 = EDGE_CURVE ( 'NONE', #1588, #135, #2764, .T. ) ;
#3895 = VECTOR ( 'NONE', #959, 1000.000000000000000 ) ;
#3896 = PLANE ( 'NONE',  #1540 ) ;
#3897 = DIRECTION ( 'NONE',  ( 8.673617379884034239E-17, -8.673617379884034239E-17, 1.000000000000000000 ) ) ;
#3898 = SURFACE_STYLE_FILL_AREA ( #1343 ) ;
#3899 =( NAMED_UNIT ( * ) PLANE_ANGLE_UNIT ( ) SI_UNIT ( $, .RADIAN. ) );
#3900 =( LENGTH_UNIT ( ) NAMED_UNIT ( * ) SI_UNIT ( .MILLI., .METRE. ) );
#3901 = AXIS2_PLACEMENT_3D ( 'NONE', #3248, #2261, #3515 ) ;
#3902 = ORIENTED_EDGE ( 'NONE', *, *, #2833, .F. ) ;
#3903 = UNCERTAINTY_MEASURE_WITH_UNIT (LENGTH_MEASURE( 1.000000000000000082E-05 ), #876, 'distance_accuracy_value', 'NONE');
#3904 = ORIENTED_EDGE ( 'NONE', *, *, #3752, .T. ) ;
#3905 = EDGE_CURVE ( 'NONE', #1289, #367, #2581, .T. ) ;
#3906 = DIRECTION ( 'NONE',  ( 1.156482317317871478E-16, 0.000000000000000000, 1.000000000000000000 ) ) ;
#3907 = UNCERTAINTY_MEASURE_WITH_UNIT (LENGTH_MEASURE( 1.000000000000000082E-05 ), #2492, 'distance_accuracy_value', 'NONE');
#3908 = STYLED_ITEM ( 'NONE', ( #2353 ), #3405 ) ;
#3909 =( GEOMETRIC_REPRESENTATION_CONTEXT ( 3 ) GLOBAL_UNCERTAINTY_ASSIGNED_CONTEXT ( ( #1822 ) ) GLOBAL_UNIT_ASSIGNED_CONTEXT ( ( #1669, #2942, #18 ) ) REPRESENTATION_CONTEXT ( 'NONE', 'WORKASPACE' ) );
#3910 =( NAMED_UNIT ( * ) PLANE_ANGLE_UNIT ( ) SI_UNIT ( $, .RADIAN. ) );
#3911 = STYLED_ITEM ( 'NONE', ( #1766 ), #1760 ) ;
#3912 = EDGE_LOOP ( 'NONE', ( #1404, #1304, #3066, #1808 ) ) ;
#3913 = CARTESIAN_POINT ( 'NONE',  ( -4.432403535665534022, 4.000000000000000000, 11.26780805515516803 ) ) ;
#3914 = ORIENTED_EDGE ( 'NONE', *, *, #661, .F. ) ;
#3915 = PRESENTATION_STYLE_ASSIGNMENT (( #2684 ) ) ;
#3916 = ORIENTED_EDGE ( 'NONE', *, *, #838, .F. ) ;
#3917 = DIRECTION ( 'NONE',  ( -1.445602896647338424E-16, 1.084202172485504187E-16, -1.000000000000000000 ) ) ;
#3918 =( NAMED_UNIT ( * ) PLANE_ANGLE_UNIT ( ) SI_UNIT ( $, .RADIAN. ) );
#3919 = FILL_AREA_STYLE_COLOUR ( '', #416 ) ;
#3920 = FACE_OUTER_BOUND ( 'NONE', #3612, .T. ) ;
#3921 = DIRECTION ( 'NONE',  ( -1.345465627901022161E-49, 1.365123520548581852E-16, -1.000000000000000000 ) ) ;
#3922 = FILL_AREA_STYLE_COLOUR ( '', #2086 ) ;
#3923 = EDGE_CURVE ( 'NONE', #1421, #2093, #1615, .T. ) ;
#3924 = CARTESIAN_POINT ( 'NONE',  ( -6.887037652244874408, 2.000000000000000000, 11.26780805515516803 ) ) ;
#3925 = CARTESIAN_POINT ( 'NONE',  ( 6.435197465963121033, 3.000000000000000000, 15.00000000000000533 ) ) ;
#3926 = CIRCLE ( 'NONE', #1798, 0.9231374514869286063 ) ;
#3927 = CARTESIAN_POINT ( 'NONE',  ( 6.600769461620327405, 4.000000000000000000, 13.86583739294936457 ) ) ;
#3928 = SURFACE_STYLE_FILL_AREA ( #2317 ) ;
#3929 = VERTEX_POINT ( 'NONE', #346 ) ;
#3930 = SURFACE_STYLE_FILL_AREA ( #1101 ) ;
#3931 = EDGE_CURVE ( 'NONE', #3455, #1676, #2888, .T. ) ;
#3932 = VERTEX_POINT ( 'NONE', #4142 ) ;
#3933 = ORIENTED_EDGE ( 'NONE', *, *, #4078, .F. ) ;
#3934 = PRESENTATION_LAYER_ASSIGNMENT (  '', '', ( #1532 ) ) ;
#3935 = ORIENTED_EDGE ( 'NONE', *, *, #2549, .F. ) ;
#3936 = PLANE ( 'NONE',  #1205 ) ;
#3937 = AXIS2_PLACEMENT_3D ( 'NONE', #385, #2022, #3031 ) ;
#3938 = LINE ( 'NONE', #3315, #1772 ) ;
#3939 =( NAMED_UNIT ( * ) PLANE_ANGLE_UNIT ( ) SI_UNIT ( $, .RADIAN. ) );
#3940 = AXIS2_PLACEMENT_3D ( 'NONE', #2817, #3714, #3412 ) ;
#3941 = EDGE_CURVE ( 'NONE', #1676, #51, #1314, .T. ) ;
#3942 = CARTESIAN_POINT ( 'NONE',  ( -5.770658746154558649, 4.000000000000000000, 13.20347838337312396 ) ) ;
#3943 = PRESENTATION_STYLE_ASSIGNMENT (( #693 ) ) ;
#3944 =( GEOMETRIC_REPRESENTATION_CONTEXT ( 3 ) GLOBAL_UNCERTAINTY_ASSIGNED_CONTEXT ( ( #3950 ) ) GLOBAL_UNIT_ASSIGNED_CONTEXT ( ( #1870, #2824, #581 ) ) REPRESENTATION_CONTEXT ( 'NONE', 'WORKASPACE' ) );
#3945 = DIRECTION ( 'NONE',  ( 1.000000000000000000, -0.000000000000000000, -1.156482317317871478E-16 ) ) ;
#3946 = CARTESIAN_POINT ( 'NONE',  ( -5.770658746154558649, 2.000000000000000000, 13.20347838337312396 ) ) ;
#3947 = CARTESIAN_POINT ( 'NONE',  ( 0.7500000000000000000, 3.999999999999999112, -9.000000000000000000 ) ) ;
#3948 = ADVANCED_FACE ( 'NONE', ( #2278 ), #1682, .T. ) ;
#3949 = UNCERTAINTY_MEASURE_WITH_UNIT (LENGTH_MEASURE( 1.000000000000000082E-05 ), #1201, 'distance_accuracy_value', 'NONE');
#3950 = UNCERTAINTY_MEASURE_WITH_UNIT (LENGTH_MEASURE( 1.000000000000000082E-05 ), #1870, 'distance_accuracy_value', 'NONE');
#3951 = EDGE_CURVE ( 'NONE', #143, #596, #3532, .T. ) ;
#3952 = ORIENTED_EDGE ( 'NONE', *, *, #968, .T. ) ;
#3953 = MECHANICAL_DESIGN_GEOMETRIC_PRESENTATION_REPRESENTATION (  '', ( #400 ), #538 ) ;
#3954 = ORIENTED_EDGE ( 'NONE', *, *, #2166, .F. ) ;
#3955 = EDGE_LOOP ( 'NONE', ( #2669, #2247, #74, #3627 ) ) ;
#3956 = ORIENTED_EDGE ( 'NONE', *, *, #488, .T. ) ;
#3957 = EDGE_CURVE ( 'NONE', #3200, #3991, #1958, .T. ) ;
#3958 = VECTOR ( 'NONE', #824, 1000.000000000000000 ) ;
#3959 =( LENGTH_UNIT ( ) NAMED_UNIT ( * ) SI_UNIT ( .MILLI., .METRE. ) );
#3960 = SURFACE_STYLE_USAGE ( .BOTH. , #1407 ) ;
#3961 = SURFACE_STYLE_USAGE ( .BOTH. , #1754 ) ;
#3962 = SURFACE_SIDE_STYLE ('',( #1432 ) ) ;
#3963 = DIRECTION ( 'NONE',  ( -1.671814187836141990E-32, -1.000000000000000000, -1.445602896647338917E-16 ) ) ;
#3964 = DIRECTION ( 'NONE',  ( 1.000000000000000000, -1.671814187836141990E-32, -2.416779432592044377E-48 ) ) ;
#3965 = ORIENTED_EDGE ( 'NONE', *, *, #1601, .F. ) ;
#3966 = CARTESIAN_POINT ( 'NONE',  ( 5.106120026345997154, 3.000000000000000000, 20.00000000000000355 ) ) ;
#3967 = PLANE ( 'NONE',  #1671 ) ;
#3968 = AXIS2_PLACEMENT_3D ( 'NONE', #1558, #3460, #260 ) ;
#3969 =( GEOMETRIC_REPRESENTATION_CONTEXT ( 3 ) GLOBAL_UNCERTAINTY_ASSIGNED_CONTEXT ( ( #2734 ) ) GLOBAL_UNIT_ASSIGNED_CONTEXT ( ( #1986, #3576, #76 ) ) REPRESENTATION_CONTEXT ( 'NONE', 'WORKASPACE' ) );
#3970 = UNCERTAINTY_MEASURE_WITH_UNIT (LENGTH_MEASURE( 1.000000000000000082E-05 ), #415, 'distance_accuracy_value', 'NONE');
#3971 = DIRECTION ( 'NONE',  ( 0.000000000000000000, 0.000000000000000000, 1.000000000000000000 ) ) ;
#3972 = ORIENTED_EDGE ( 'NONE', *, *, #271, .F. ) ;
#3973 = PLANE ( 'NONE',  #2155 ) ;
#3974 = EDGE_CURVE ( 'NONE', #3370, #2935, #3552, .T. ) ;
#3975 = PRESENTATION_LAYER_ASSIGNMENT (  '', '', ( #1020 ) ) ;
#3976 = VERTEX_POINT ( 'NONE', #70 ) ;
#3977 = LINE ( 'NONE', #3060, #3386 ) ;
#3978 = ORIENTED_EDGE ( 'NONE', *, *, #1585, .F. ) ;
#3979 = CARTESIAN_POINT ( 'NONE',  ( 7.499999999999999112, 4.000000000000000000, -15.00000000000000178 ) ) ;
#3980 = FACE_OUTER_BOUND ( 'NONE', #2106, .T. ) ;
#3981 =( NAMED_UNIT ( * ) SI_UNIT ( $, .STERADIAN. ) SOLID_ANGLE_UNIT ( ) );
#3982 =( NAMED_UNIT ( * ) PLANE_ANGLE_UNIT ( ) SI_UNIT ( $, .RADIAN. ) );
#3983 = DIRECTION ( 'NONE',  ( 1.671814187836141990E-32, 1.000000000000000000, 1.445602896647338917E-16 ) ) ;
#3984 = EDGE_LOOP ( 'NONE', ( #2504, #1453, #2979, #2864 ) ) ;
#3985 = CARTESIAN_POINT ( 'NONE',  ( 7.499999999999999112, 4.000000000000000000, -15.00000000000000178 ) ) ;
#3986 =( LENGTH_UNIT ( ) NAMED_UNIT ( * ) SI_UNIT ( .MILLI., .METRE. ) );
#3987 =( NAMED_UNIT ( * ) SI_UNIT ( $, .STERADIAN. ) SOLID_ANGLE_UNIT ( ) );
#3988 = SURFACE_STYLE_USAGE ( .BOTH. , #3601 ) ;
#3989 = DIRECTION ( 'NONE',  ( 0.000000000000000000, -8.673617379884034239E-17, 1.000000000000000000 ) ) ;
#3990 = LINE ( 'NONE', #2455, #2063 ) ;
#3991 = VERTEX_POINT ( 'NONE', #3264 ) ;
#3992 =( LENGTH_UNIT ( ) NAMED_UNIT ( * ) SI_UNIT ( .MILLI., .METRE. ) );
#3993 = AXIS2_PLACEMENT_3D ( 'NONE', #3065, #4001, #799 ) ;
#3994 = ORIENTED_EDGE ( 'NONE', *, *, #3014, .F. ) ;
#3995 = DIRECTION ( 'NONE',  ( -6.041948581480105624E-49, 1.084202172485504187E-16, -1.000000000000000000 ) ) ;
#3996 = EDGE_CURVE ( 'NONE', #96, #2852, #435, .T. ) ;
#3997 = ORIENTED_EDGE ( 'NONE', *, *, #3336, .F. ) ;
#3998 = FILL_AREA_STYLE_COLOUR ( '', #2190 ) ;
#3999 =( NAMED_UNIT ( * ) SI_UNIT ( $, .STERADIAN. ) SOLID_ANGLE_UNIT ( ) );
#4000 = CIRCLE ( 'NONE', #2804, 0.9231374514869286063 ) ;
#4001 = DIRECTION ( 'NONE',  ( 0.000000000000000000, 0.000000000000000000, -1.000000000000000000 ) ) ;
#4002 = ORIENTED_EDGE ( 'NONE', *, *, #2404, .T. ) ;
#4003 = DIRECTION ( 'NONE',  ( -1.445602896647338917E-16, 1.445602896647338917E-16, -1.000000000000000000 ) ) ;
#4004 = MECHANICAL_DESIGN_GEOMETRIC_PRESENTATION_REPRESENTATION (  '', ( #3468 ), #3873 ) ;
#4005 = FILL_AREA_STYLE_COLOUR ( '', #4105 ) ;
#4006 = SURFACE_SIDE_STYLE ('',( #2432 ) ) ;
#4007 = CARTESIAN_POINT ( 'NONE',  ( 4.345753767954572133, 2.000000000000000000, 14.34043352985769815 ) ) ;
#4008 = SURFACE_SIDE_STYLE ('',( #1801 ) ) ;
#4009 = CIRCLE ( 'NONE', #3346, 1.061980817857794301 ) ;
#4010 = FACE_OUTER_BOUND ( 'NONE', #2849, .T. ) ;
#4011 = LINE ( 'NONE', #3074, #3338 ) ;
#4012 = EDGE_CURVE ( 'NONE', #447, #585, #2641, .T. ) ;
#4013 = DIRECTION ( 'NONE',  ( -0.000000000000000000, -1.000000000000000000, -0.000000000000000000 ) ) ;
#4014 = ORIENTED_EDGE ( 'NONE', *, *, #3570, .T. ) ;
#4015 = SURFACE_SIDE_STYLE ('',( #1485 ) ) ;
#4016 = ADVANCED_FACE ( 'NONE', ( #684 ), #637, .F. ) ;
#4017 = ORIENTED_EDGE ( 'NONE', *, *, #554, .F. ) ;
#4018 = CARTESIAN_POINT ( 'NONE',  ( -5.106120026345997154, 4.000000000000000000, 15.00000000000000533 ) ) ;
#4019 = VERTEX_POINT ( 'NONE', #724 ) ;
#4020 = CARTESIAN_POINT ( 'NONE',  ( -7.195563724354545165, 2.000000000000000000, 14.34043352985769815 ) ) ;
#4021 = MECHANICAL_DESIGN_GEOMETRIC_PRESENTATION_REPRESENTATION (  '', ( #3483 ), #2690 ) ;
#4022 = ORIENTED_EDGE ( 'NONE', *, *, #154, .F. ) ;
#4023 = LINE ( 'NONE', #2730, #2065 ) ;
#4024 = SURFACE_SIDE_STYLE ('',( #1474 ) ) ;
#4025 = EDGE_CURVE ( 'NONE', #2828, #945, #1825, .T. ) ;
#4026 = DIRECTION ( 'NONE',  ( -1.000000000000000000, 0.000000000000000000, -0.000000000000000000 ) ) ;
#4027 = DIRECTION ( 'NONE',  ( -0.000000000000000000, -1.000000000000000000, -0.000000000000000000 ) ) ;
#4028 = UNCERTAINTY_MEASURE_WITH_UNIT (LENGTH_MEASURE( 1.000000000000000082E-05 ), #3213, 'distance_accuracy_value', 'NONE');
#4029 = CARTESIAN_POINT ( 'NONE',  ( 6.250000000000000000, 0.9999999999999995559, -15.00000000000000178 ) ) ;
#4030 = PLANE ( 'NONE',  #3803 ) ;
#4031 =( NAMED_UNIT ( * ) PLANE_ANGLE_UNIT ( ) SI_UNIT ( $, .RADIAN. ) );
#4032 =( NAMED_UNIT ( * ) SI_UNIT ( $, .STERADIAN. ) SOLID_ANGLE_UNIT ( ) );
#4033 = ADVANCED_FACE ( 'NONE', ( #2024 ), #3391, .F. ) ;
#4034 = ORIENTED_EDGE ( 'NONE', *, *, #1941, .T. ) ;
#4035 = VECTOR ( 'NONE', #1273, 1000.000000000000000 ) ;
#4036 = SURFACE_SIDE_STYLE ('',( #2150 ) ) ;
#4037 = STYLED_ITEM ( 'NONE', ( #1752 ), #1156 ) ;
#4038 = VERTEX_POINT ( 'NONE', #1783 ) ;
#4039 = PRESENTATION_STYLE_ASSIGNMENT (( #2722 ) ) ;
#4040 = ORIENTED_EDGE ( 'NONE', *, *, #4073, .F. ) ;
#4041 = CARTESIAN_POINT ( 'NONE',  ( -13.58276253029822023, 1.000000000000000000, -15.00000000000000000 ) ) ;
#4042 = DIRECTION ( 'NONE',  ( 1.445602896647338917E-16, 1.084202172485504187E-16, -1.000000000000000000 ) ) ;
#4043 = CARTESIAN_POINT ( 'NONE',  ( -7.195563724354545165, 4.000000000000000000, 14.34043352985769815 ) ) ;
#4044 = ORIENTED_EDGE ( 'NONE', *, *, #183, .F. ) ;
#4045 = FILL_AREA_STYLE_COLOUR ( '', #4070 ) ;
#4046 = PRESENTATION_STYLE_ASSIGNMENT (( #822 ) ) ;
#4047 = CARTESIAN_POINT ( 'NONE',  ( -3.500000000000001332, -2.602085213965210642E-15, -3.219175043950317728E-17 ) ) ;
#4048 = STYLED_ITEM ( 'NONE', ( #3440 ), #1977 ) ;
#4049 = FACE_OUTER_BOUND ( 'NONE', #2668, .T. ) ;
#4050 = LINE ( 'NONE', #1178, #1606 ) ;
#4051 = SURFACE_STYLE_FILL_AREA ( #2125 ) ;
#4052 = EDGE_CURVE ( 'NONE', #1348, #466, #2802, .T. ) ;
#4053 = DIRECTION ( 'NONE',  ( 1.000000000000000000, -0.000000000000000000, -1.156482317317871478E-16 ) ) ;
#4054 = SURFACE_STYLE_FILL_AREA ( #3309 ) ;
#4055 = ORIENTED_EDGE ( 'NONE', *, *, #1811, .T. ) ;
#4056 = AXIS2_PLACEMENT_3D ( 'NONE', #1883, #2226, #268 ) ;
#4057 = CIRCLE ( 'NONE', #2593, 0.7609347594569813023 ) ;
#4058 = ORIENTED_EDGE ( 'NONE', *, *, #4078, .T. ) ;
#4059 = VECTOR ( 'NONE', #1710, 1000.000000000000000 ) ;
#4060 = VECTOR ( 'NONE', #3387, 1000.000000000000000 ) ;
#4061 = ADVANCED_FACE ( 'NONE', ( #1483 ), #3114, .F. ) ;
#4062 = CARTESIAN_POINT ( 'NONE',  ( 0.7500000000000006661, 1.999999999999999112, -9.000000000000000000 ) ) ;
#4063 = CARTESIAN_POINT ( 'NONE',  ( 5.106120026345997154, 4.000000000000000000, 15.00000000000000533 ) ) ;
#4064 = ORIENTED_EDGE ( 'NONE', *, *, #36, .T. ) ;
#4065 = CARTESIAN_POINT ( 'NONE',  ( -4.827438276022703137E-17, 2.000000000000000000, -0.4174243050441583391 ) ) ;
#4066 = DIRECTION ( 'NONE',  ( 1.000000000000000000, -3.761581922631317836E-32, 1.445602896647338424E-16 ) ) ;
#4067 = MECHANICAL_DESIGN_GEOMETRIC_PRESENTATION_REPRESENTATION (  '', ( #3266 ), #2083 ) ;
#4068 = FILL_AREA_STYLE_COLOUR ( '', #78 ) ;
#4069 = DIRECTION ( 'NONE',  ( -6.041948581480105624E-49, 1.084202172485504187E-16, -1.000000000000000000 ) ) ;
#4070 = COLOUR_RGB ( '',1.000000000000000000, 1.000000000000000000, 0.000000000000000000 ) ;
#4071 = CARTESIAN_POINT ( 'NONE',  ( -3.500000000000001332, -1.734723475976807094E-15, -9.000000000000000000 ) ) ;
#4072 = VECTOR ( 'NONE', #3221, 1000.000000000000000 ) ;
#4073 = EDGE_CURVE ( 'NONE', #1202, #582, #3451, .T. ) ;
#4074 = MECHANICAL_DESIGN_GEOMETRIC_PRESENTATION_REPRESENTATION (  '', ( #3739 ), #2608 ) ;
#4075 = ORIENTED_EDGE ( 'NONE', *, *, #3586, .T. ) ;
#4076 = DIRECTION ( 'NONE',  ( -1.000000000000000000, -0.000000000000000000, 1.156482317317871478E-16 ) ) ;
#4077 = VECTOR ( 'NONE', #2214, 1000.000000000000000 ) ;
#4078 = EDGE_CURVE ( 'NONE', #3452, #988, #4132, .T. ) ;
#4079 = ORIENTED_EDGE ( 'NONE', *, *, #2365, .F. ) ;
#4080 = DIRECTION ( 'NONE',  ( 0.000000000000000000, 0.000000000000000000, 1.000000000000000000 ) ) ;
#4081 = LINE ( 'NONE', #584, #1910 ) ;
#4082 = EDGE_CURVE ( 'NONE', #411, #1724, #4114, .T. ) ;
#4083 = ORIENTED_EDGE ( 'NONE', *, *, #3107, .T. ) ;
#4084 = PRESENTATION_STYLE_ASSIGNMENT (( #315 ) ) ;
#4085 = SURFACE_STYLE_USAGE ( .BOTH. , #3442 ) ;
#4086 = CARTESIAN_POINT ( 'NONE',  ( -5.770658746154558649, 2.000000000000000000, 13.20347838337312396 ) ) ;
#4087 = SURFACE_STYLE_FILL_AREA ( #2754 ) ;
#4088 = FACE_OUTER_BOUND ( 'NONE', #2741, .T. ) ;
#4089 = CARTESIAN_POINT ( 'NONE',  ( 7.499999999999999112, 2.000000000000000000, -15.00000000000000178 ) ) ;
#4090 = SURFACE_STYLE_USAGE ( .BOTH. , #921 ) ;
#4091 = UNCERTAINTY_MEASURE_WITH_UNIT (LENGTH_MEASURE( 1.000000000000000082E-05 ), #674, 'distance_accuracy_value', 'NONE');
#4092 = UNCERTAINTY_MEASURE_WITH_UNIT (LENGTH_MEASURE( 1.000000000000000082E-05 ), #1928, 'distance_accuracy_value', 'NONE');
#4093 = SURFACE_SIDE_STYLE ('',( #3501 ) ) ;
#4094 = LINE ( 'NONE', #3802, #2661 ) ;
#4095 = ORIENTED_EDGE ( 'NONE', *, *, #2556, .T. ) ;
#4096 = CARTESIAN_POINT ( 'NONE',  ( 4.345753767954572133, 4.000000000000000000, 14.34043352985769815 ) ) ;
#4097 =( NAMED_UNIT ( * ) PLANE_ANGLE_UNIT ( ) SI_UNIT ( $, .RADIAN. ) );
#4098 = EDGE_CURVE ( 'NONE', #954, #2997, #3190, .T. ) ;
#4099 = VECTOR ( 'NONE', #571, 1000.000000000000000 ) ;
#4100 =( GEOMETRIC_REPRESENTATION_CONTEXT ( 3 ) GLOBAL_UNCERTAINTY_ASSIGNED_CONTEXT ( ( #2450 ) ) GLOBAL_UNIT_ASSIGNED_CONTEXT ( ( #3024, #3385, #3987 ) ) REPRESENTATION_CONTEXT ( 'NONE', 'WORKASPACE' ) );
#4101 = CARTESIAN_POINT ( 'NONE',  ( 3.500000000000001332, -1.734723475976807094E-15, -9.000000000000000000 ) ) ;
#4102 = DIRECTION ( 'NONE',  ( -1.000000000000000000, 0.000000000000000000, -0.000000000000000000 ) ) ;
#4103 = ORIENTED_EDGE ( 'NONE', *, *, #2749, .T. ) ;
#4104 =( GEOMETRIC_REPRESENTATION_CONTEXT ( 3 ) GLOBAL_UNCERTAINTY_ASSIGNED_CONTEXT ( ( #2660 ) ) GLOBAL_UNIT_ASSIGNED_CONTEXT ( ( #2537, #2788, #1871 ) ) REPRESENTATION_CONTEXT ( 'NONE', 'WORKASPACE' ) );
#4105 = COLOUR_RGB ( '',1.000000000000000000, 1.000000000000000000, 0.000000000000000000 ) ;
#4106 =( NAMED_UNIT ( * ) PLANE_ANGLE_UNIT ( ) SI_UNIT ( $, .RADIAN. ) );
#4107 = PRESENTATION_STYLE_ASSIGNMENT (( #3183 ) ) ;
#4108 =( LENGTH_UNIT ( ) NAMED_UNIT ( * ) SI_UNIT ( .MILLI., .METRE. ) );
#4109 = DIRECTION ( 'NONE',  ( -0.000000000000000000, -1.000000000000000000, -0.000000000000000000 ) ) ;
#4110 =( GEOMETRIC_REPRESENTATION_CONTEXT ( 3 ) GLOBAL_UNCERTAINTY_ASSIGNED_CONTEXT ( ( #1120 ) ) GLOBAL_UNIT_ASSIGNED_CONTEXT ( ( #2178, #1290, #3850 ) ) REPRESENTATION_CONTEXT ( 'NONE', 'WORKASPACE' ) );
#4111 = MECHANICAL_DESIGN_GEOMETRIC_PRESENTATION_REPRESENTATION (  '', ( #2128 ), #3172 ) ;
#4112 = FILL_AREA_STYLE ('',( #1563 ) ) ;
#4113 = CARTESIAN_POINT ( 'NONE',  ( 3.500000000000001332, 3.999999999999998224, 5.460494082194324449E-16 ) ) ;
#4114 = LINE ( 'NONE', #3760, #1926 ) ;
#4115 = EDGE_LOOP ( 'NONE', ( #678, #3633, #1441, #4055 ) ) ;
#4116 = DIRECTION ( 'NONE',  ( -1.734723475976807341E-16, 0.000000000000000000, -1.000000000000000000 ) ) ;
#4117 = CARTESIAN_POINT ( 'NONE',  ( 3.500000000000001332, -2.602085213965210642E-15, -3.219175043950317728E-17 ) ) ;
#4118 = MECHANICAL_DESIGN_GEOMETRIC_PRESENTATION_REPRESENTATION (  '', ( #631 ), #576 ) ;
#4119 = COLOUR_RGB ( '',1.000000000000000000, 1.000000000000000000, 0.000000000000000000 ) ;
#4120 = DIRECTION ( 'NONE',  ( 9.115745035929406798E-64, 1.445602896647338917E-16, -1.000000000000000000 ) ) ;
#4121 = MECHANICAL_DESIGN_GEOMETRIC_PRESENTATION_REPRESENTATION (  '', ( #2793 ), #2273 ) ;
#4122 = ADVANCED_FACE ( 'NONE', ( #1215 ), #1609, .F. ) ;
#4123 = EDGE_LOOP ( 'NONE', ( #2583, #1893, #3335, #1596 ) ) ;
#4124 = MECHANICAL_DESIGN_GEOMETRIC_PRESENTATION_REPRESENTATION (  '', ( #1185 ), #1039 ) ;
#4125 = PRESENTATION_STYLE_ASSIGNMENT (( #1892 ) ) ;
#4126 = ORIENTED_EDGE ( 'NONE', *, *, #242, .T. ) ;
#4127 =( NAMED_UNIT ( * ) SI_UNIT ( $, .STERADIAN. ) SOLID_ANGLE_UNIT ( ) );
#4128 = LINE ( 'NONE', #2816, #4099 ) ;
#4129 = CARTESIAN_POINT ( 'NONE',  ( -13.58276253029822023, 4.000000000000000000, -15.00000000000000000 ) ) ;
#4130 = FACE_OUTER_BOUND ( 'NONE', #3511, .T. ) ;
#4131 = LINE ( 'NONE', #3149, #3396 ) ;
#4132 = LINE ( 'NONE', #1546, #3323 ) ;
#4133 = EDGE_CURVE ( 'NONE', #2997, #1052, #2211, .T. ) ;
#4134 = VECTOR ( 'NONE', #3368, 1000.000000000000000 ) ;
#4135 = ORIENTED_EDGE ( 'NONE', *, *, #3156, .T. ) ;
#4136 = EDGE_CURVE ( 'NONE', #2978, #640, #1929, .T. ) ;
#4137 = CARTESIAN_POINT ( 'NONE',  ( 0.7500000000000000000, 0.9999999999999995559, -9.000000000000000000 ) ) ;
#4138 = MECHANICAL_DESIGN_GEOMETRIC_PRESENTATION_REPRESENTATION (  '', ( #1328 ), #53 ) ;
#4139 = PRESENTATION_LAYER_ASSIGNMENT (  '', '', ( #1194 ) ) ;
#4140 = VECTOR ( 'NONE', #2319, 1000.000000000000000 ) ;
#4141 = DIRECTION ( 'NONE',  ( 0.000000000000000000, -1.084202172485504187E-16, 1.000000000000000000 ) ) ;
#4142 = CARTESIAN_POINT ( 'NONE',  ( 7.500000000000002665, 0.000000000000000000, 15.00000000000000533 ) ) ;
#4143 = ORIENTED_EDGE ( 'NONE', *, *, #4133, .T. ) ;
#4144 = ORIENTED_EDGE ( 'NONE', *, *, #1993, .T. ) ;
#4145 = DIRECTION ( 'NONE',  ( 0.000000000000000000, -1.084202172485504187E-16, 1.000000000000000000 ) ) ;
#4146 =( NAMED_UNIT ( * ) PLANE_ANGLE_UNIT ( ) SI_UNIT ( $, .RADIAN. ) );
#4147 = SURFACE_STYLE_FILL_AREA ( #2007 ) ;
#4148 =( GEOMETRIC_REPRESENTATION_CONTEXT ( 3 ) GLOBAL_UNCERTAINTY_ASSIGNED_CONTEXT ( ( #575 ) ) GLOBAL_UNIT_ASSIGNED_CONTEXT ( ( #2470, #1410, #3384 ) ) REPRESENTATION_CONTEXT ( 'NONE', 'WORKASPACE' ) );
#4149 = LINE ( 'NONE', #2187, #1123 ) ;
#4150 = EDGE_CURVE ( 'NONE', #1082, #4019, #4094, .T. ) ;
#4151 = CYLINDRICAL_SURFACE ( 'NONE', #3632, 0.7609347594569813023 ) ;
#4152 =( NAMED_UNIT ( * ) PLANE_ANGLE_UNIT ( ) SI_UNIT ( $, .RADIAN. ) );
#4153 = VECTOR ( 'NONE', #2987, 1000.000000000000000 ) ;
#4154 =( NAMED_UNIT ( * ) SI_UNIT ( $, .STERADIAN. ) SOLID_ANGLE_UNIT ( ) );
ENDSEC;
END-ISO-10303-21;
