ISO-10303-21;
HEADER;
FILE_DESCRIPTION (( 'STEP AP203' ),
    '1' );
FILE_NAME ('RR-410.STEP',
    '2023-03-14T15:55:33',
    ( '' ),
    ( '' ),
    'SwSTEP 2.0',
    'SolidWorks 2021',
    '' );
FILE_SCHEMA (( 'CONFIG_CONTROL_DESIGN' ));
ENDSEC;

DATA;
#1 = CARTESIAN_POINT ( 'NONE',  ( 1.249999999999998002, 1.530808498934189105E-16, -3.124999998634403919 ) ) ;
#2 = CARTESIAN_POINT ( 'NONE',  ( -1.520632937499997617, -0.8779378358042361219, -18.11458333265053255 ) ) ;
#3 = CARTESIAN_POINT ( 'NONE',  ( 0.7603164687499986973, 1.316906753706353017, -7.385416665983866480 ) ) ;
#4 = CARTESIAN_POINT ( 'NONE',  ( -0.7603164687499980312, -1.316906753706353461, -7.572916665983865592 ) ) ;
#5 = CARTESIAN_POINT ( 'NONE',  ( 0.000000000000000000, 0.000000000000000000, 0.000000000000000000 ) ) ;
#6 = DIRECTION ( 'NONE',  ( 1.000000000000000000, 0.000000000000000000, 0.000000000000000000 ) ) ;
#7 = ORIENTED_EDGE ( 'NONE', *, *, #4879, .F. ) ;
#8 = CARTESIAN_POINT ( 'NONE',  ( -4.900000000000000355, 6.000769315822031726E-16, 0.000000000000000000 ) ) ;
#9 = EDGE_CURVE ( 'NONE', #256, #6030, #1096, .T. ) ;
#10 = ORIENTED_EDGE ( 'NONE', *, *, #4270, .T. ) ;
#11 = CARTESIAN_POINT ( 'NONE',  ( 0.6249999999999986677, 1.082531754730546858, -1.541666665301070438 ) ) ;
#12 = CARTESIAN_POINT ( 'NONE',  ( 1.520632937499998283, -0.8779378358042346786, -17.94791666598386826 ) ) ;
#13 = CARTESIAN_POINT ( 'NONE',  ( 1.249999999999997780, 0.7216878364870316087, -1.708333333333330817 ) ) ;
#14 = CARTESIAN_POINT ( 'NONE',  ( 1.249999999999998002, 1.530808498934189105E-16, -15.12499999863440259 ) ) ;
#15 = CARTESIAN_POINT ( 'NONE',  ( 0.4113280595365193526, -1.292834390898651487, -0.4045730792370605400 ) ) ;
#16 = CARTESIAN_POINT ( 'NONE',  ( 1.520632937499998283, -0.8779378358042346786, -4.447916665983866480 ) ) ;
#17 = CARTESIAN_POINT ( 'NONE',  ( -0.7603164687499992525, 1.316906753706352795, -13.30208333265053255 ) ) ;
#18 = CARTESIAN_POINT ( 'NONE',  ( 0.7603164687499996965, -1.316906753706352573, -10.48958333265053433 ) ) ;
#19 = CARTESIAN_POINT ( 'NONE',  ( 3.225491281404033418E-16, -1.755875671608470023, -4.031249999317199517 ) ) ;
#20 = CARTESIAN_POINT ( 'NONE',  ( 1.249999999999998002, 0.7216878364870314977, -4.708333333333330373 ) ) ;
#21 = CARTESIAN_POINT ( 'NONE',  ( -1.520632937499998727, 0.8779378358042350117, -12.26041666598386648 ) ) ;
#22 =( BOUNDED_CURVE ( )  B_SPLINE_CURVE ( 2, ( #3208, #2679, #5546, #2317, #5085, #635, #1199 ),
 .UNSPECIFIED., .F., .T. ) 
 B_SPLINE_CURVE_WITH_KNOTS ( ( 3, 2, 2, 3 ),
 ( 0.7837837837837837718, 0.7882882882882883413, 0.7927927927927927998, 0.7972972972972972583 ),
 .UNSPECIFIED. ) 
 CURVE ( )  GEOMETRIC_REPRESENTATION_ITEM ( )  RATIONAL_B_SPLINE_CURVE ( ( 1.000000000000000000, 0.8660254037844387076, 1.000000000000000000, 0.8660254037844387076, 1.000000000000000000, 0.8660254037844387076, 1.000000000000000000 ) ) 
 REPRESENTATION_ITEM ( '' )  );
#23 = CIRCLE ( 'NONE', #483, 3.300000000000002487 ) ;
#24 = ORIENTED_EDGE ( 'NONE', *, *, #2886, .F. ) ;
#25 = CARTESIAN_POINT ( 'NONE',  ( 1.520632937499997617, 0.8779378358042356778, -3.427083332650533887 ) ) ;
#26 = FACE_OUTER_BOUND ( 'NONE', #1991, .T. ) ;
#27 = CARTESIAN_POINT ( 'NONE',  ( -1.249999999999997558, -0.7216878364870317197, -13.45833333333333215 ) ) ;
#28 = CARTESIAN_POINT ( 'NONE',  ( 0.7603164687499996965, -1.316906753706352573, -13.55208333265053255 ) ) ;
#29 = DIRECTION ( 'NONE',  ( 1.000000000000000000, 0.000000000000000000, 0.000000000000000000 ) ) ;
#30 = CARTESIAN_POINT ( 'NONE',  ( -0.7603164687499980312, -1.316906753706353461, -4.635416665983866480 ) ) ;
#31 = CARTESIAN_POINT ( 'NONE',  ( -4.650000000000001243, 0.000000000000000000, 0.000000000000000000 ) ) ;
#32 = ORIENTED_EDGE ( 'NONE', *, *, #6602, .F. ) ;
#33 = AXIS2_PLACEMENT_3D ( 'NONE', #2684, #4983, #6 ) ;
#34 = CARTESIAN_POINT ( 'NONE',  ( -1.249999999999998002, 0.7216878364870310536, -0.9166666653010704380 ) ) ;
#35 = CARTESIAN_POINT ( 'NONE',  ( -8.838126989374211143E-17, 1.443375672974062107, -0.6249999999999973355 ) ) ;
#36 = CARTESIAN_POINT ( 'NONE',  ( -0.7603164687499992525, 1.316906753706352795, -5.802083332650533443 ) ) ;
#37 = CARTESIAN_POINT ( 'NONE',  ( 0.7603164687499996965, -1.316906753706352573, -9.489583332650532554 ) ) ;
#38 = DIRECTION ( 'NONE',  ( -0.000000000000000000, -0.000000000000000000, 1.000000000000000000 ) ) ;
#39 = CARTESIAN_POINT ( 'NONE',  ( 1.249999999999998002, 1.530808498934189105E-16, -0.7499999999999974465 ) ) ;
#40 = ORIENTED_EDGE ( 'NONE', *, *, #5100, .T. ) ;
#41 = CARTESIAN_POINT ( 'NONE',  ( -1.249999999999998002, 0.000000000000000000, -4.874999998634404363 ) ) ;
#42 = ORIENTED_EDGE ( 'NONE', *, *, #1404, .T. ) ;
#43 = CARTESIAN_POINT ( 'NONE',  ( 1.520632937499997617, 0.8779378358042356778, -11.86458333265053433 ) ) ;
#44 = CARTESIAN_POINT ( 'NONE',  ( 1.249999999999998002, 1.530808498934189105E-16, -5.124999998634403475 ) ) ;
#45 = CARTESIAN_POINT ( 'NONE',  ( 1.520632937499998283, -0.8779378358042346786, -17.44791666598386826 ) ) ;
#46 = DIRECTION ( 'NONE',  ( -0.000000000000000000, -0.000000000000000000, 1.000000000000000000 ) ) ;
#47 = CARTESIAN_POINT ( 'NONE',  ( -1.249999999999998002, 0.000000000000000000, -17.49999999999999645 ) ) ;
#48 = CARTESIAN_POINT ( 'NONE',  ( -1.249999999999998224, 0.7216878364870308316, -14.91666666530107044 ) ) ;
#49 = CARTESIAN_POINT ( 'NONE',  ( -1.520632937499998061, 0.000000000000000000, -4.156249999317200405 ) ) ;
#50 = CARTESIAN_POINT ( 'NONE',  ( 0.7603164687499986973, 1.316906753706353017, -12.88541666598386648 ) ) ;
#51 = CARTESIAN_POINT ( 'NONE',  ( -1.075163760468011098E-16, 1.755875671608470467, -8.781249999317200405 ) ) ;
#52 = CARTESIAN_POINT ( 'NONE',  ( 0.7603164687499996965, -1.316906753706352573, -3.989583332650533443 ) ) ;
#53 = CARTESIAN_POINT ( 'NONE',  ( 1.249999999999998002, 1.530808498934189105E-16, -6.249999999999996447 ) ) ;
#54 = CARTESIAN_POINT ( 'NONE',  ( -0.7603164687499992525, 1.316906753706352795, -11.30208333265053255 ) ) ;
#55 = EDGE_CURVE ( 'NONE', #747, #4290, #1334, .T. ) ;
#56 = EDGE_LOOP ( 'NONE', ( #4078, #3631, #4621, #3707 ) ) ;
#57 = CARTESIAN_POINT ( 'NONE',  ( -1.520632937499997617, -0.8779378358042361219, -5.177083332650533443 ) ) ;
#58 = CARTESIAN_POINT ( 'NONE',  ( 0.7603164687499996965, -1.316906753706352573, -0.9895833326505338867 ) ) ;
#59 = CYLINDRICAL_SURFACE ( 'NONE', #1651, 1.249999999999998002 ) ;
#60 = CARTESIAN_POINT ( 'NONE',  ( -1.249999999999979794, -0.7216878364870419338, -16.95833333333332504 ) ) ;
#61 = CARTESIAN_POINT ( 'NONE',  ( -0.6249999999999991118, 1.082531754730546636, 0.4166666666666692942 ) ) ;
#62 = CARTESIAN_POINT ( 'NONE',  ( 1.520632937499997617, 0.8779378358042356778, -4.927083332650534331 ) ) ;
#63 = VECTOR ( 'NONE', #4328, 1000.000000000000000 ) ;
#64 = PERSON_AND_ORGANIZATION_ROLE ( 'design_supplier' ) ;
#65 = ADVANCED_FACE ( 'NONE', ( #3278 ), #1635, .F. ) ;
#66 = DIRECTION ( 'NONE',  ( 1.000000000000000000, 0.000000000000000000, 0.000000000000000000 ) ) ;
#67 = ORIENTED_EDGE ( 'NONE', *, *, #3712, .F. ) ;
#68 = CARTESIAN_POINT ( 'NONE',  ( -1.249999999999997558, -0.7216878364870317197, -2.958333333333330817 ) ) ;
#69 = CARTESIAN_POINT ( 'NONE',  ( 0.6249999999999995559, -1.082531754730546414, -6.708333331967736513 ) ) ;
#70 = CARTESIAN_POINT ( 'NONE',  ( -0.7603164687499992525, 1.316906753706352795, -6.302083332650533443 ) ) ;
#71 = CARTESIAN_POINT ( 'NONE',  ( 1.520632937499998727, -0.8779378358042346786, -11.44791666598386648 ) ) ;
#72 = CARTESIAN_POINT ( 'NONE',  ( 0.6249999999999986677, 1.082531754730546858, -2.666666666666663854 ) ) ;
#73 = CARTESIAN_POINT ( 'NONE',  ( -1.249999999999998002, 0.7216878364870310536, -11.91666666530106689 ) ) ;
#74 = ORIENTED_EDGE ( 'NONE', *, *, #3524, .F. ) ;
#75 = CARTESIAN_POINT ( 'NONE',  ( 1.249999999999998002, 1.530808498934189105E-16, -8.624999998634402587 ) ) ;
#76 = VERTEX_POINT ( 'NONE', #2113 ) ;
#77 = CARTESIAN_POINT ( 'NONE',  ( 1.520632937499997617, 0.8779378358042356778, -13.86458333265053433 ) ) ;
#78 = CARTESIAN_POINT ( 'NONE',  ( 0.6249999999999986677, 1.082531754730546858, -4.541666665301070438 ) ) ;
#79 = CARTESIAN_POINT ( 'NONE',  ( -0.7603164687499992525, 1.316906753706352795, -16.23958333265053255 ) ) ;
#80 = CARTESIAN_POINT ( 'NONE',  ( 0.6249999999999995559, -1.082531754730546414, -17.33333333333332860 ) ) ;
#81 = CARTESIAN_POINT ( 'NONE',  ( 2.651438096812262973E-16, -1.443375672974062107, -14.74999999863440259 ) ) ;
#82 = CARTESIAN_POINT ( 'NONE',  ( -1.086821350872444025, 1.081332555052173960, -0.2293670624999444574 ) ) ;
#83 = CARTESIAN_POINT ( 'NONE',  ( -0.7603164687499992525, 1.316906753706352795, -4.739583332650533443 ) ) ;
#84 = CARTESIAN_POINT ( 'NONE',  ( -1.075163760468011098E-16, 1.755875671608470467, -14.34374999931719863 ) ) ;
#85 = CARTESIAN_POINT ( 'NONE',  ( 0.7603164687499996965, -1.316906753706352573, -9.489583332650532554 ) ) ;
#86 = CARTESIAN_POINT ( 'NONE',  ( -0.7603164687499980312, -1.316906753706353461, -2.572916665983867368 ) ) ;
#87 = CARTESIAN_POINT ( 'NONE',  ( 1.249999999999998002, 0.7216878364870314977, -6.708333333333330373 ) ) ;
#88 = CARTESIAN_POINT ( 'NONE',  ( -0.7603164687499980312, -1.316906753706353461, -15.63541666598386826 ) ) ;
#89 = CARTESIAN_POINT ( 'NONE',  ( -1.520632937499997617, -0.8779378358042361219, -5.677083332650532554 ) ) ;
#90 = CARTESIAN_POINT ( 'NONE',  ( 1.520632937499998283, -0.8779378358042346786, -0.4479166659838673126 ) ) ;
#91 = EDGE_CURVE ( 'NONE', #6522, #4722, #4766, .T. ) ;
#92 = DIRECTION ( 'NONE',  ( -0.000000000000000000, -0.000000000000000000, 1.000000000000000000 ) ) ;
#93 = CARTESIAN_POINT ( 'NONE',  ( 0.6249999999999995559, -1.082531754730546414, -10.70833333196773651 ) ) ;
#94 = DIRECTION ( 'NONE',  ( 1.000000000000000000, 0.000000000000000000, 0.000000000000000000 ) ) ;
#95 = CARTESIAN_POINT ( 'NONE',  ( -0.6249999999999991118, 1.082531754730546636, -8.958333331967736513 ) ) ;
#96 = CARTESIAN_POINT ( 'NONE',  ( -1.520632937499998727, 0.8779378358042350117, -5.260416665983866480 ) ) ;
#97 = CARTESIAN_POINT ( 'NONE',  ( 1.249999999999998002, 1.530808498934189105E-16, -10.12499999863440259 ) ) ;
#98 = ORIENTED_EDGE ( 'NONE', *, *, #6512, .T. ) ;
#99 = DIRECTION ( 'NONE',  ( -0.000000000000000000, -0.000000000000000000, 1.000000000000000000 ) ) ;
#100 = CARTESIAN_POINT ( 'NONE',  ( -1.249999999999998002, 0.000000000000000000, -15.87499999863440436 ) ) ;
#101 = CARTESIAN_POINT ( 'NONE',  ( -0.7603164687499992525, 1.316906753706352795, -5.302083332650533443 ) ) ;
#102 = CARTESIAN_POINT ( 'NONE',  ( 0.7603164687499986973, 1.316906753706353017, -10.82291666598386648 ) ) ;
#103 = LINE ( 'NONE', #6092, #1725 ) ;
#104 = CARTESIAN_POINT ( 'NONE',  ( -0.6249999999999991118, 1.082531754730546636, -11.08333333333333037 ) ) ;
#105 = CARTESIAN_POINT ( 'NONE',  ( 0.6249999999999986677, 1.082531754730546858, -13.66666666666666430 ) ) ;
#106 = VERTEX_POINT ( 'NONE', #3665 ) ;
#107 = FACE_OUTER_BOUND ( 'NONE', #4654, .T. ) ;
#108 =( BOUNDED_CURVE ( )  B_SPLINE_CURVE ( 2, ( #1743, #3874, #3772, #3808, #542, #3312, #5956 ),
 .UNSPECIFIED., .F., .T. ) 
 B_SPLINE_CURVE_WITH_KNOTS ( ( 3, 2, 2, 3 ),
 ( 0.5810810810810810301, 0.5855855855855855996, 0.5900900900900900581, 0.5945945945945946276 ),
 .UNSPECIFIED. ) 
 CURVE ( )  GEOMETRIC_REPRESENTATION_ITEM ( )  RATIONAL_B_SPLINE_CURVE ( ( 1.000000000000000000, 0.8660254037844387076, 1.000000000000000000, 0.8660254037844387076, 1.000000000000000000, 0.8660254037844387076, 1.000000000000000000 ) ) 
 REPRESENTATION_ITEM ( '' )  );
#109 = VERTEX_POINT ( 'NONE', #5839 ) ;
#110 = CARTESIAN_POINT ( 'NONE',  ( -1.520632937499997617, -0.8779378358042361219, -14.11458333265053255 ) ) ;
#111 =( BOUNDED_CURVE ( )  B_SPLINE_CURVE ( 2, ( #3581, #3545, #5715, #303, #2487, #6188, #2416 ),
 .UNSPECIFIED., .F., .T. ) 
 B_SPLINE_CURVE_WITH_KNOTS ( ( 3, 2, 2, 3 ),
 ( 0.4729729729729729160, 0.4774774774774774300, 0.4819819819819819995, 0.4864864864864865135 ),
 .UNSPECIFIED. ) 
 CURVE ( )  GEOMETRIC_REPRESENTATION_ITEM ( )  RATIONAL_B_SPLINE_CURVE ( ( 1.000000000000001554, 0.8660254037844369313, 1.000000000000000000, 0.8660254037844387076, 1.000000000000000000, 0.8660254037844387076, 1.000000000000000000 ) ) 
 REPRESENTATION_ITEM ( '' )  );
#112 = CARTESIAN_POINT ( 'NONE',  ( 2.651438096812262973E-16, -1.443375672974062107, -3.749999998634403919 ) ) ;
#113 = CARTESIAN_POINT ( 'NONE',  ( 1.520632937499997617, 0.8779378358042356778, -16.86458333265053255 ) ) ;
#114 = CARTESIAN_POINT ( 'NONE',  ( -8.838126989374211143E-17, 1.443375672974062107, -13.12499999999999822 ) ) ;
#115 = CARTESIAN_POINT ( 'NONE',  ( 0.6249999999999995559, -1.082531754730546414, -14.20833333196773651 ) ) ;
#116 = CARTESIAN_POINT ( 'NONE',  ( -1.249999999999998002, 0.000000000000000000, -2.374999998634403919 ) ) ;
#117 = CARTESIAN_POINT ( 'NONE',  ( -1.075163760468011098E-16, 1.755875671608470467, -7.281249999317201294 ) ) ;
#118 = CARTESIAN_POINT ( 'NONE',  ( -1.520632937499997617, -0.8779378358042361219, -14.67708333265053433 ) ) ;
#119 = CARTESIAN_POINT ( 'NONE',  ( -0.7603164687499992525, 1.316906753706352795, -8.239583332650534331 ) ) ;
#120 = CARTESIAN_POINT ( 'NONE',  ( 3.225491281404033418E-16, -1.755875671608470023, -2.531249999317201294 ) ) ;
#121 = CARTESIAN_POINT ( 'NONE',  ( 1.249999999999998002, 1.530808498934189105E-16, -6.749999999999997335 ) ) ;
#122 = CARTESIAN_POINT ( 'NONE',  ( 1.520632937499998727, -0.8779378358042346786, -15.51041666598386648 ) ) ;
#123 = CARTESIAN_POINT ( 'NONE',  ( 1.249999999999998002, 0.7216878364870314977, -16.20833333333332860 ) ) ;
#124 = CARTESIAN_POINT ( 'NONE',  ( -1.075163760468011098E-16, 1.755875671608470467, -6.343749999317199517 ) ) ;
#125 = CARTESIAN_POINT ( 'NONE',  ( -1.520632937499998061, 0.000000000000000000, -2.656249999317200849 ) ) ;
#126 = DIRECTION ( 'NONE',  ( -1.000000000000000000, 0.000000000000000000, 0.000000000000000000 ) ) ;
#127 = CARTESIAN_POINT ( 'NONE',  ( 1.249999999999998224, -0.7216878364870306095, -12.16666666530107044 ) ) ;
#128 = CARTESIAN_POINT ( 'NONE',  ( 0.000000000000000000, 0.000000000000000000, 0.000000000000000000 ) ) ;
#129 = CARTESIAN_POINT ( 'NONE',  ( -0.6249999999999982236, -1.082531754730547302, -3.791666665301070438 ) ) ;
#130 = CARTESIAN_POINT ( 'NONE',  ( 0.7603164687499996965, -1.316906753706352573, -7.052083332650533443 ) ) ;
#131 = EDGE_CURVE ( 'NONE', #2258, #2466, #6685, .T. ) ;
#132 = DIRECTION ( 'NONE',  ( -0.000000000000000000, -0.000000000000000000, 1.000000000000000000 ) ) ;
#133 = ORIENTED_EDGE ( 'NONE', *, *, #877, .T. ) ;
#134 = CYLINDRICAL_SURFACE ( 'NONE', #1530, 1.249999999999998002 ) ;
#135 = CARTESIAN_POINT ( 'NONE',  ( -1.249999999999998002, 0.7216878364870310536, -3.416666665301070438 ) ) ;
#136 = CARTESIAN_POINT ( 'NONE',  ( 1.520632937499997617, 0.8779378358042356778, -9.427083332650532554 ) ) ;
#137 = VECTOR ( 'NONE', #4853, 1000.000000000000000 ) ;
#138 = CARTESIAN_POINT ( 'NONE',  ( 1.520632937499998061, 1.862238259587409655E-16, -11.90624999931719863 ) ) ;
#139 = DIRECTION ( 'NONE',  ( -0.000000000000000000, -0.000000000000000000, 1.000000000000000000 ) ) ;
#140 = CARTESIAN_POINT ( 'NONE',  ( 0.6249999999999986677, 1.082531754730546858, -6.166666666666664298 ) ) ;
#141 = CARTESIAN_POINT ( 'NONE',  ( 2.651438096812262973E-16, -1.443375672974062107, -13.87499999999999822 ) ) ;
#142 = EDGE_CURVE ( 'NONE', #821, #4124, #1570, .T. ) ;
#143 = EDGE_CURVE ( 'NONE', #5264, #76, #5876, .T. ) ;
#144 = ORIENTED_EDGE ( 'NONE', *, *, #6644, .T. ) ;
#145 = CARTESIAN_POINT ( 'NONE',  ( 1.249999999999998002, 1.530808498934189105E-16, -15.62499999863440259 ) ) ;
#146 = ORIENTED_EDGE ( 'NONE', *, *, #2456, .T. ) ;
#147 = CARTESIAN_POINT ( 'NONE',  ( 0.7603164687499996965, -1.316906753706352573, -14.48958333265053255 ) ) ;
#148 = CARTESIAN_POINT ( 'NONE',  ( -8.838126989374211143E-17, 1.443375672974062107, -3.499999998634403475 ) ) ;
#149 = CARTESIAN_POINT ( 'NONE',  ( 0.7603164687499996965, -1.316906753706352573, -0.05208333265053398387 ) ) ;
#150 = DIRECTION ( 'NONE',  ( -0.000000000000000000, -0.000000000000000000, 1.000000000000000000 ) ) ;
#151 = LOCAL_TIME ( 10, 55, 33.00000000000000000, #2214 ) ;
#152 = EDGE_CURVE ( 'NONE', #5577, #895, #1598, .T. ) ;
#153 =( BOUNDED_CURVE ( )  B_SPLINE_CURVE ( 2, ( #2613, #6902, #6356, #6284, #3064, #4770, #6942 ),
 .UNSPECIFIED., .F., .T. ) 
 B_SPLINE_CURVE_WITH_KNOTS ( ( 3, 2, 2, 3 ),
 ( 0.5405405405405405705, 0.5450450450450450290, 0.5495495495495495986, 0.5540540540540540571 ),
 .UNSPECIFIED. ) 
 CURVE ( )  GEOMETRIC_REPRESENTATION_ITEM ( )  RATIONAL_B_SPLINE_CURVE ( ( 1.000000000000000000, 0.8660254037844387076, 1.000000000000000000, 0.8660254037844387076, 1.000000000000000000, 0.8660254037844387076, 1.000000000000000000 ) ) 
 REPRESENTATION_ITEM ( '' )  );
#154 = CARTESIAN_POINT ( 'NONE',  ( 0.6249999999999995559, -1.082531754730546414, -16.70833333196773651 ) ) ;
#155 =( BOUNDED_CURVE ( )  B_SPLINE_CURVE ( 2, ( #2629, #6990, #3117, #4247, #5393, #3720, #3156, #1045, #6404, #6439, #375, #4215, #3228, #1547, #5896, #3682, #2561, #2134, #3190, #982, #2523, #1439, #6920, #2022, #5353, #4680, #410, #4181, #485, #4286, #1987, #3616, #6885, #2056, #3079, #6110, #556, #588, #653, #2236, #3328, #2763, #621, #2795, #2829, #4897, #4459, #4963, #3925, #1654, #5428, #6041, #1759, #3364, #1217, #5498, #4997, #120, #86, #2302, #4423, #6659, #4932, #2733, #521, #3396, #1079, #3891, #2270, #3296, #5462, #2700, #4860, #6624, #6517, #7069, #3824, #4320, #2168, #1621, #3788, #2203, #4353, #1722, #5971, #6075, #1114, #6588, #1147, #3264, #1183, #5531, #52, #19, #6555, #6007, #4388, #1687, #3856, #228, #1871, #2336, #3995, #6291, #1906, #196, #2409, #4634, #4100, #6840, #4029, #3002, #5668, #4562, #6182, #759, #5637, #6697, #6767, #6220, #4530, #1325, #3502, #3435, #790, #1942, #2442, #2966, #5139, #260, #4495, #4598, #2935, #2374, #160, #826, #6804, #2480, #688, #5032, #1253, #1393, #6730, #1798, #5105, #5564, #1832, #2861, #4067, #6255, #3960, #5070, #1358, #3537, #5704, #5173, #2901, #6144, #296, #5599, #1287, #724, #3469, #1979, #2554, #5375, #506, #5990, #5817, #6364, #3806, #365, #1099, #936, #1431, #3573, #3280, #4137, #4, #3246, #1468, #1062, #4672, #5210, #7051, #4709, #6330, #331, #5444, #6876, #2682, #3610, #5243, #6911, #6499, #570, #3770, #4174, #4844, #2149, #6572, #3211, #5781, #2015, #1602, #4370, #4303, #900, #2221, #2516, #5954, #5410, #3072, #540, #5741, #2186, #2716, #4877, #2746, #862, #4913, #4335, #6536, #1638, #37, #3039, #2813, #6127, #4546, #2880, #2319, #2917, #5548, #4476, #6607, #3379, #5087, #5580, #3943, #671, #6676, #2392, #1233, #637, #3415, #3841, #4407, #3906, #1130, #1779, #705, #5480, #5514, #605, #4981, #5050, #102, #2776, #6058, #1166, #175, #2356, #4948, #1270, #3872, #4510, #1673, #2288, #6024, #3310, #4439, #71, #1740, #3346, #6640, #6712, #2256, #6091, #1201, #1705, #2845, #5013, #138, #1815, #3979, #6162, #3451, #5616, #740, #6820, #4118, #2425, #4581, #1305, #3485, #2497, #1959, #806, #6310, #2568, #882, #5683, #3555, #2461, #5798, #1410, #313, #1920, #3054, #773, #5651, #2950, #915, #3590, #2983, #5761, #1851, #6785, #4082, #6199, #4649, #1888, #4049, #1996, #6855, #5724, #385, #5225, #6272, #2533, #347, #1374, #4691, #5122, #6347, #6236, #6893, #6748, #3518, #242, #842, #5259, #1342, #3020, #4154, #5193, #1448, #4013, #5156, #3625, #3087, #276, #4617, #989, #5871, #3691, #6414, #954, #3165, #3659, #2602, #456, #1021, #5905, #2636, #3200, #2104, #4794, #4225, #1516, #5294, #5329, #7001, #4255, #6450, #1556, #6932, #3727, #6380, #2032, #5362, #494, #4761, #4190, #2671, #7042, #4728, #421, #4832, #1484, #5834, #3127, #6967, #2067, #4103, #370, #5143, #793, #5671, #5282, #6335, #830, #2971, #6367, #3042, #940, #6223, #3505, #6807, #4070, #1472, #4142, #5213, #4748, #3612, #3577, #6916, #4712, #6295, #1982, #263, #334, #1435, #2445, #4603 ),
 .UNSPECIFIED., .F., .T. ) 
 B_SPLINE_CURVE_WITH_KNOTS ( ( 3, 2, 2, 2, 2, 2, 2, 2, 2, 2, 2, 2, 2, 2, 2, 2, 2, 2, 2, 2, 2, 2, 2, 2, 2, 2, 2, 2, 2, 2, 2, 2, 2, 2, 2, 2, 2, 2, 2, 2, 2, 2, 2, 2, 2, 2, 2, 2, 2, 2, 2, 2, 2, 2, 2, 2, 2, 2, 2, 2, 2, 2, 2, 2, 2, 2, 2, 2, 2, 2, 2, 2, 2, 2, 2, 2, 2, 2, 2, 2, 2, 2, 2, 2, 2, 2, 2, 2, 2, 2, 2, 2, 2, 2, 2, 2, 2, 2, 2, 2, 2, 2, 2, 2, 2, 2, 2, 2, 2, 2, 2, 2, 2, 2, 2, 2, 2, 2, 2, 2, 2, 2, 2, 2, 2, 2, 2, 2, 2, 2, 2, 2, 2, 2, 2, 2, 2, 2, 2, 2, 2, 2, 2, 2, 2, 2, 2, 2, 2, 2, 2, 2, 2, 2, 2, 2, 2, 2, 2, 2, 2, 2, 2, 2, 2, 2, 2, 2, 2, 2, 2, 2, 2, 2, 2, 2, 2, 2, 2, 2, 2, 2, 2, 2, 2, 2, 2, 2, 2, 2, 2, 2, 2, 2, 2, 2, 2, 2, 2, 2, 2, 2, 2, 2, 2, 2, 2, 2, 2, 2, 2, 2, 3 ),
 ( 0.03092632157230213938, 0.03153153153153152866, 0.03603603603603603572, 0.04054054054054054279, 0.04504504504504504292, 0.04954954954954954999, 0.05405405405405405705, 0.05855855855855855718, 0.06306306306306305731, 0.06756756756756757132, 0.07207207207207207145, 0.07657657657657657158, 0.08108108108108108558, 0.08558558558558558571, 0.09009009009009008584, 0.09459459459459459985, 0.09909909909909909997, 0.1036036036036036001, 0.1081081081081081141, 0.1126126126126126142, 0.1171171171171171005, 0.1216216216216216284, 0.1261261261261261146, 0.1306306306306306286, 0.1351351351351351426, 0.1396396396396396289, 0.1441441441441441429, 0.1486486486486486569, 0.1531531531531531432, 0.1576576576576576572, 0.1621621621621621712, 0.1666666666666666574, 0.1711711711711711714, 0.1756756756756756854, 0.1801801801801801994, 0.1846846846846846857, 0.1891891891891891997, 0.1936936936936936859, 0.1981981981981981999, 0.2027027027027027140, 0.2072072072072072002, 0.2117117117117117142, 0.2162162162162162282, 0.2207207207207207145, 0.2252252252252252285, 0.2297297297297297425, 0.2342342342342342287, 0.2387387387387387427, 0.2432432432432432567, 0.2477477477477477430, 0.2522522522522522292, 0.2567567567567567433, 0.2612612612612612573, 0.2657657657657657713, 0.2702702702702702853, 0.2747747747747747993, 0.2792792792792792578, 0.2837837837837837718, 0.2882882882882882858, 0.2927927927927927998, 0.2972972972972973138, 0.3018018018018018278, 0.3063063063063062863, 0.3108108108108108003, 0.3153153153153153143, 0.3198198198198198283, 0.3243243243243243423, 0.3288288288288288563, 0.3333333333333333148, 0.3378378378378378288, 0.3423423423423423428, 0.3468468468468468568, 0.3513513513513513709, 0.3558558558558558294, 0.3603603603603603434, 0.3648648648648648574, 0.3693693693693693714, 0.3738738738738738854, 0.3783783783783783994, 0.3828828828828828579, 0.3873873873873873164, 0.3918918918918918859, 0.3963963963963963999, 0.4009009009009009139, 0.4054054054054054279, 0.4099099099099098864, 0.4144144144144144004, 0.4189189189189189144, 0.4234234234234234284, 0.4279279279279279424, 0.4324324324324324564, 0.4369369369369369149, 0.4414414414414414289, 0.4459459459459459429, 0.4504504504504504570, 0.4549549549549549154, 0.4594594594594594850, 0.4639639639639639435, 0.4684684684684684575, 0.4729729729729729715, 0.4774774774774774855, 0.4819819819819819995, 0.4864864864864865135, 0.4909909909909909720, 0.4954954954954954860, 0.5000000000000000000, 0.5045045045045044585, 0.5090090090090090280, 0.5135135135135134865, 0.5180180180180180560, 0.5225225225225225145, 0.5270270270270269730, 0.5315315315315315425, 0.5360360360360360010, 0.5405405405405405705, 0.5450450450450450290, 0.5495495495495495986, 0.5540540540540540571, 0.5585585585585585155, 0.5630630630630630851, 0.5675675675675675436, 0.5720720720720720021, 0.5765765765765765716, 0.5810810810810810301, 0.5855855855855855996, 0.5900900900900900581, 0.5945945945945946276, 0.5990990990990990861, 0.6036036036036036556, 0.6081081081081081141, 0.6126126126126125726, 0.6171171171171171421, 0.6216216216216216006, 0.6261261261261261701, 0.6306306306306306286, 0.6351351351351350871, 0.6396396396396396566, 0.6441441441441441151, 0.6486486486486486847, 0.6531531531531531432, 0.6576576576576577127, 0.6621621621621621712, 0.6666666666666666297, 0.6711711711711711992, 0.6756756756756756577, 0.6801801801801802272, 0.6846846846846846857, 0.6891891891891891442, 0.6936936936936937137, 0.6981981981981981722, 0.7027027027027027417, 0.7072072072072072002, 0.7117117117117116587, 0.7162162162162162282, 0.7207207207207206867, 0.7252252252252252562, 0.7297297297297297147, 0.7342342342342342842, 0.7387387387387388538, 0.7432432432432432012, 0.7477477477477477708, 0.7522522522522522292, 0.7567567567567567988, 0.7612612612612612573, 0.7657657657657657158, 0.7702702702702702853, 0.7747747747747747438, 0.7792792792792793133, 0.7837837837837837718, 0.7882882882882883413, 0.7927927927927927998, 0.7972972972972972583, 0.8018018018018018278, 0.8063063063063062863, 0.8108108108108108558, 0.8153153153153153143, 0.8198198198198197728, 0.8243243243243243423, 0.8288288288288288008, 0.8333333333333333703, 0.8378378378378378288, 0.8423423423423422873, 0.8468468468468468568, 0.8513513513513513153, 0.8558558558558558849, 0.8603603603603603434, 0.8648648648648649129, 0.8693693693693693714, 0.8738738738738738299, 0.8783783783783783994, 0.8828828828828828579, 0.8873873873873874274, 0.8918918918918918859, 0.8963963963963963444, 0.9009009009009009139, 0.9054054054054054834, 0.9099099099099099419, 0.9144144144144144004, 0.9189189189189189699, 0.9234234234234234284, 0.9279279279279278869, 0.9324324324324324564, 0.9369369369369368039, 0.9414414414414414845, 0.9459459459459459429, 0.9504504504504504014, 0.9549549549549549710, 0.9594594594594594295, 0.9639639639639639990, 0.9684684684684684575, 0.9729729729729730270, 0.9774774774774774855, 0.9791920875135446956 ),
 .UNSPECIFIED. ) 
 CURVE ( )  GEOMETRIC_REPRESENTATION_ITEM ( )  RATIONAL_B_SPLINE_CURVE ( ( 0.9688361927422399766, 0.9819996272992265185, 1.000000000000000000, 0.8660254037844387076, 1.000000000000000000, 0.8660254037844387076, 1.000000000000000000, 0.8660254037844387076, 1.000000000000000000, 0.8660254037844387076, 1.000000000000000000, 0.8660254037844387076, 1.000000000000000000, 0.8660254037844387076, 1.000000000000000000, 0.8660254037844387076, 1.000000000000000000, 0.8660254037844387076, 1.000000000000000000, 0.8660254037844387076, 1.000000000000000000, 0.8660254037844387076, 1.000000000000000000, 0.8660254037844387076, 1.000000000000000000, 0.8660254037844387076, 1.000000000000000000, 0.8660254037844387076, 1.000000000000000000, 0.8660254037844387076, 1.000000000000000000, 0.8660254037844387076, 1.000000000000000000, 0.8660254037844387076, 1.000000000000000000, 0.8660254037844387076, 1.000000000000000000, 0.8660254037844387076, 1.000000000000000000, 0.8660254037844387076, 1.000000000000000000, 0.8660254037844387076, 1.000000000000000000, 0.8660254037844387076, 1.000000000000000000, 0.8660254037844387076, 1.000000000000000000, 0.8660254037844387076, 1.000000000000000000, 0.8660254037844387076, 1.000000000000000000, 0.8660254037844387076, 1.000000000000000000, 0.8660254037844387076, 1.000000000000000000, 0.8660254037844387076, 1.000000000000000000, 0.8660254037844387076, 1.000000000000000000, 0.8660254037844387076, 1.000000000000000000, 0.8660254037844387076, 1.000000000000000000, 0.8660254037844387076, 1.000000000000000000, 0.8660254037844387076, 1.000000000000000000, 0.8660254037844387076, 1.000000000000000000, 0.8660254037844387076, 1.000000000000000000, 0.8660254037844387076, 1.000000000000000000, 0.8660254037844387076, 1.000000000000000000, 0.8660254037844387076, 1.000000000000000000, 0.8660254037844387076, 1.000000000000000000, 0.8660254037844387076, 1.000000000000000000, 0.8660254037844387076, 1.000000000000000000, 0.8660254037844387076, 1.000000000000000000, 0.8660254037844387076, 1.000000000000000000, 0.8660254037844387076, 1.000000000000000000, 0.8660254037844387076, 1.000000000000000000, 0.8660254037844387076, 1.000000000000000000, 0.8660254037844387076, 1.000000000000000000, 0.8660254037844387076, 1.000000000000000000, 0.8660254037844387076, 1.000000000000000000, 0.8660254037844387076, 1.000000000000000000, 0.8660254037844387076, 1.000000000000000000, 0.8660254037844387076, 1.000000000000000000, 0.8660254037844387076, 1.000000000000000000, 0.8660254037844387076, 1.000000000000000000, 0.8660254037844387076, 1.000000000000000000, 0.8660254037844387076, 1.000000000000000000, 0.8660254037844387076, 1.000000000000000000, 0.8660254037844387076, 1.000000000000000000, 0.8660254037844387076, 1.000000000000000000, 0.8660254037844387076, 1.000000000000000000, 0.8660254037844387076, 1.000000000000000000, 0.8660254037844387076, 1.000000000000000000, 0.8660254037844387076, 1.000000000000000000, 0.8660254037844387076, 1.000000000000000000, 0.8660254037844387076, 1.000000000000000000, 0.8660254037844387076, 1.000000000000000000, 0.8660254037844387076, 1.000000000000000000, 0.8660254037844387076, 1.000000000000000000, 0.8660254037844387076, 1.000000000000000000, 0.8660254037844387076, 1.000000000000000000, 0.8660254037844387076, 1.000000000000000000, 0.8660254037844387076, 1.000000000000000000, 0.8660254037844387076, 1.000000000000000000, 0.8660254037844387076, 1.000000000000000000, 0.8660254037844387076, 1.000000000000000000, 0.8660254037844387076, 1.000000000000000000, 0.8660254037844387076, 1.000000000000000000, 0.8660254037844387076, 1.000000000000000000, 0.8660254037844387076, 1.000000000000000000, 0.8660254037844387076, 1.000000000000000000, 0.8660254037844387076, 1.000000000000000000, 0.8660254037844387076, 1.000000000000000000, 0.8660254037844387076, 1.000000000000000000, 0.8660254037844387076, 1.000000000000000000, 0.8660254037844387076, 1.000000000000000000, 0.8660254037844387076, 1.000000000000000000, 0.8660254037844387076, 1.000000000000000000, 0.8660254037844387076, 1.000000000000000000, 0.8660254037844387076, 1.000000000000000000, 0.8660254037844387076, 1.000000000000000000, 0.8660254037844387076, 1.000000000000000000, 0.8660254037844387076, 1.000000000000000000, 0.8660254037844387076, 1.000000000000000000, 0.8660254037844387076, 1.000000000000000000, 0.8660254037844387076, 1.000000000000000000, 0.8660254037844387076, 1.000000000000000000, 0.8660254037844387076, 1.000000000000000000, 0.8660254037844387076, 1.000000000000000000, 0.8660254037844387076, 1.000000000000000000, 0.8660254037844387076, 1.000000000000000000, 0.8660254037844387076, 1.000000000000000000, 0.8660254037844387076, 1.000000000000000000, 0.8660254037844387076, 1.000000000000000000, 0.8660254037844387076, 1.000000000000000000, 0.8660254037844387076, 1.000000000000000000, 0.8660254037844387076, 1.000000000000000000, 0.8660254037844387076, 1.000000000000000000, 0.8660254037844387076, 1.000000000000000000, 0.8660254037844387076, 1.000000000000000000, 0.8660254037844387076, 1.000000000000000000, 0.8660254037844387076, 1.000000000000000000, 0.8660254037844387076, 1.000000000000000000, 0.8660254037844387076, 1.000000000000000000, 0.8660254037844387076, 1.000000000000000000, 0.8660254037844387076, 1.000000000000000000, 0.8660254037844387076, 1.000000000000000000, 0.8660254037844387076, 1.000000000000000000, 0.8660254037844387076, 1.000000000000000000, 0.8660254037844387076, 1.000000000000000000, 0.8660254037844387076, 1.000000000000000000, 0.8660254037844387076, 1.000000000000000000, 0.8660254037844387076, 1.000000000000000000, 0.8660254037844387076, 1.000000000000000000, 0.8660254037844387076, 1.000000000000000000, 0.8660254037844387076, 1.000000000000000000, 0.8660254037844387076, 1.000000000000000000, 0.8660254037844387076, 1.000000000000000000, 0.8660254037844387076, 1.000000000000000000, 0.8660254037844387076, 1.000000000000000000, 0.8660254037844387076, 1.000000000000000000, 0.8660254037844387076, 1.000000000000000000, 0.8660254037844387076, 1.000000000000000000, 0.8660254037844387076, 1.000000000000000000, 0.8660254037844387076, 1.000000000000000000, 0.8660254037844387076, 1.000000000000000000, 0.8660254037844387076, 1.000000000000000000, 0.8660254037844387076, 1.000000000000000000, 0.8660254037844387076, 1.000000000000000000, 0.8660254037844387076, 1.000000000000000000, 0.8660254037844387076, 1.000000000000000000, 0.8660254037844387076, 1.000000000000000000, 0.8660254037844387076, 1.000000000000000000, 0.8660254037844387076, 1.000000000000000000, 0.8660254037844387076, 1.000000000000000000, 0.8660254037844387076, 1.000000000000000000, 0.8660254037844387076, 1.000000000000000000, 0.8660254037844387076, 1.000000000000000000, 0.8660254037844387076, 1.000000000000000000, 0.8660254037844387076, 1.000000000000000000, 0.8660254037844387076, 1.000000000000000000, 0.8660254037844387076, 1.000000000000000000, 0.8660254037844387076, 1.000000000000000000, 0.8660254037844387076, 1.000000000000000000, 0.8660254037844387076, 1.000000000000000000, 0.8660254037844387076, 1.000000000000000000, 0.8660254037844387076, 1.000000000000000000, 0.8660254037844387076, 1.000000000000000000, 0.8660254037844387076, 1.000000000000000000, 0.8660254037844387076, 1.000000000000000000, 0.8660254037844387076, 1.000000000000000000, 0.8660254037844387076, 1.000000000000000000, 0.8660254037844387076, 1.000000000000000000, 0.8660254037844387076, 1.000000000000000000, 0.8660254037844387076, 1.000000000000000000, 0.8660254037844387076, 1.000000000000000000, 0.8660254037844387076, 1.000000000000000000, 0.8660254037844387076, 1.000000000000000000, 0.8660254037844387076, 1.000000000000000000, 0.8660254037844387076, 1.000000000000000000, 0.8660254037844387076, 1.000000000000000000, 0.8660254037844387076, 1.000000000000000000, 0.8660254037844387076, 1.000000000000000000, 0.8660254037844387076, 1.000000000000000000, 0.8660254037844387076, 1.000000000000000000, 0.8660254037844387076, 1.000000000000000000, 0.8660254037844387076, 1.000000000000000000, 0.8660254037844387076, 1.000000000000000000, 0.8660254037844387076, 1.000000000000000000, 0.8660254037844387076, 1.000000000000000000, 0.8660254037844387076, 1.000000000000000000, 0.8660254037844387076, 1.000000000000000000, 0.8660254037844387076, 1.000000000000000000, 0.8660254037844387076, 1.000000000000000000, 0.8660254037844387076, 1.000000000000000000, 0.8660254037844387076, 1.000000000000000000, 0.8660254037844387076, 1.000000000000000000, 0.8660254037844387076, 1.000000000000000000, 0.8660254037844387076, 1.000000000000000000, 0.8660254037844387076, 1.000000000000000000, 0.8660254037844387076, 1.000000000000000000, 0.8660254037844387076, 1.000000000000000000, 0.8660254037844387076, 1.000000000000000000, 0.8660254037844387076, 1.000000000000000000, 0.8660254037844387076, 1.000000000000000000, 0.8660254037844387076, 1.000000000000000000, 0.8660254037844387076, 1.000000000000000000, 0.8660254037844387076, 1.000000000000000000, 0.8660254037844387076, 1.000000000000000000, 0.8660254037844387076, 1.000000000000000000, 0.8660254037844387076, 1.000000000000000000, 0.8660254037844387076, 1.000000000000000000, 0.8660254037844387076, 1.000000000000000000, 0.8660254037844387076, 1.000000000000000000, 0.8660254037844387076, 1.000000000000000000, 0.8660254037844387076, 1.000000000000000000, 0.8660254037844387076, 1.000000000000000000, 0.8660254037844387076, 1.000000000000000000, 0.8660254037844387076, 1.000000000000000000, 0.8660254037844387076, 1.000000000000000000, 0.8660254037844387076, 1.000000000000000000, 0.8660254037844387076, 1.000000000000000000, 0.9490034504306652519, 0.9368299037505236626 ) ) 
 REPRESENTATION_ITEM ( '' )  );
#156 = CARTESIAN_POINT ( 'NONE',  ( -1.249999999999998002, 0.000000000000000000, -9.374999998634402587 ) ) ;
#157 = CARTESIAN_POINT ( 'NONE',  ( 1.520632937499998061, 1.862238259587409655E-16, -6.406249999317200405 ) ) ;
#158 = CARTESIAN_POINT ( 'NONE',  ( 0.7603164687499996965, -1.316906753706352573, -14.05208333265053433 ) ) ;
#159 = CARTESIAN_POINT ( 'NONE',  ( -1.075163760468011098E-16, 1.755875671608470467, -8.281249999317200405 ) ) ;
#160 = CARTESIAN_POINT ( 'NONE',  ( -0.7603164687499992525, 1.316906753706352795, -5.739583332650533443 ) ) ;
#161 = CARTESIAN_POINT ( 'NONE',  ( -1.249999999999997780, -0.7216878364870316087, -5.958333333333331261 ) ) ;
#162 = CARTESIAN_POINT ( 'NONE',  ( 0.7603164687499986973, 1.316906753706353017, -14.88541666598386648 ) ) ;
#163 = CARTESIAN_POINT ( 'NONE',  ( 2.651438096812262973E-16, -1.443375672974062107, -16.87499999999999289 ) ) ;
#164 = CARTESIAN_POINT ( 'NONE',  ( -0.7603164687499980312, -1.316906753706353461, -6.135416665983867368 ) ) ;
#165 = CARTESIAN_POINT ( 'NONE',  ( 0.7603164687499996965, -1.316906753706352573, -2.989583332650533887 ) ) ;
#166 = CARTESIAN_POINT ( 'NONE',  ( -0.6249999999999991118, 1.082531754730546636, -11.95833333196773651 ) ) ;
#167 = FACE_OUTER_BOUND ( 'NONE', #4299, .T. ) ;
#168 = CARTESIAN_POINT ( 'NONE',  ( 1.520632937499997617, 0.8779378358042356778, -6.927083332650533443 ) ) ;
#169 = CARTESIAN_POINT ( 'NONE',  ( 1.249999999999997780, 0.7216878364870316087, -10.08333333196773651 ) ) ;
#170 = EDGE_LOOP ( 'NONE', ( #4953, #6352, #575, #6577 ) ) ;
#171 = CARTESIAN_POINT ( 'NONE',  ( -1.249999999999980460, 0.7216878364870411566, -15.04166666666666252 ) ) ;
#172 = CARTESIAN_POINT ( 'NONE',  ( -1.249999999999998002, 0.000000000000000000, -11.37499999863440259 ) ) ;
#173 = AXIS2_PLACEMENT_3D ( 'NONE', #491, #6997, #6377 ) ;
#174 = CARTESIAN_POINT ( 'NONE',  ( 0.7603164687499996965, -1.316906753706352573, -8.052083332650534331 ) ) ;
#175 = CARTESIAN_POINT ( 'NONE',  ( 0.7603164687499996965, -1.316906753706352573, -10.98958333265053255 ) ) ;
#176 = CARTESIAN_POINT ( 'NONE',  ( -1.249999999999998002, 0.000000000000000000, -11.49999999999999822 ) ) ;
#177 = EDGE_CURVE ( 'NONE', #4262, #6241, #5018, .T. ) ;
#178 = CARTESIAN_POINT ( 'NONE',  ( 0.1215450015479242474, -1.410690317162970553, -17.65395350030090071 ) ) ;
#179 = CARTESIAN_POINT ( 'NONE',  ( 1.520632937499998061, 1.862238259587409655E-16, 0.09375000068279933096 ) ) ;
#180 = AXIS2_PLACEMENT_3D ( 'NONE', #1532, #3742, #3706 ) ;
#181 = CARTESIAN_POINT ( 'NONE',  ( -0.6249999999999982236, -1.082531754730547302, -12.29166666530106866 ) ) ;
#182 = EDGE_LOOP ( 'NONE', ( #1480, #5829, #2750, #1275 ) ) ;
#183 = CARTESIAN_POINT ( 'NONE',  ( 0.7603164687499996965, -1.316906753706352573, -12.48958333265053433 ) ) ;
#184 = CARTESIAN_POINT ( 'NONE',  ( -8.838126989374211143E-17, 1.443375672974062107, -4.499999998634404363 ) ) ;
#185 = CARTESIAN_POINT ( 'NONE',  ( 0.7603164687499996965, -1.316906753706352573, -1.052083332650533887 ) ) ;
#186 =( BOUNDED_CURVE ( )  B_SPLINE_CURVE ( 2, ( #1377, #3594, #4653, #5765, #6826, #3057, #1925 ),
 .UNSPECIFIED., .F., .T. ) 
 B_SPLINE_CURVE_WITH_KNOTS ( ( 3, 2, 2, 3 ),
 ( 0.8378378378378379399, 0.8423423423423423984, 0.8468468468468469679, 0.8513513513513514264 ),
 .UNSPECIFIED. ) 
 CURVE ( )  GEOMETRIC_REPRESENTATION_ITEM ( )  RATIONAL_B_SPLINE_CURVE ( ( 0.9999999999999966693, 0.8660254037844420383, 1.000000000000000000, 0.8660254037844387076, 1.000000000000000000, 0.8660254037844353769, 1.000000000000003331 ) ) 
 REPRESENTATION_ITEM ( '' )  );
#187 = CARTESIAN_POINT ( 'NONE',  ( -0.6249999999999991118, 1.082531754730546636, -4.083333333333331261 ) ) ;
#188 = EDGE_CURVE ( 'NONE', #2931, #3179, #5335, .T. ) ;
#189 = CARTESIAN_POINT ( 'NONE',  ( 1.249999999999998002, -0.7216878364870306095, -9.791666666666664298 ) ) ;
#190 = DIRECTION ( 'NONE',  ( -0.000000000000000000, -0.000000000000000000, 1.000000000000000000 ) ) ;
#191 = VERTEX_POINT ( 'NONE', #2353 ) ;
#192 = CARTESIAN_POINT ( 'NONE',  ( -1.520632937499998061, 0.000000000000000000, -6.156249999317200405 ) ) ;
#193 = CARTESIAN_POINT ( 'NONE',  ( 1.520632937499997617, 0.8779378358042356778, -15.42708333265053078 ) ) ;
#194 = CARTESIAN_POINT ( 'NONE',  ( 0.7603164687499986973, 1.316906753706353017, -10.82291666598386648 ) ) ;
#195 = EDGE_CURVE ( 'NONE', #7080, #6166, #5545, .T. ) ;
#196 = CARTESIAN_POINT ( 'NONE',  ( 3.225491281404033418E-16, -1.755875671608470023, -4.531249999317200405 ) ) ;
#197 = CARTESIAN_POINT ( 'NONE',  ( 1.249999999999998002, 1.530808498934189105E-16, -7.749999999999998224 ) ) ;
#198 = CARTESIAN_POINT ( 'NONE',  ( 0.7603164687499986973, 1.316906753706353017, -13.88541666598386648 ) ) ;
#199 =( BOUNDED_CURVE ( )  B_SPLINE_CURVE ( 2, ( #4478, #4051, #774, #1344, #140, #2427, #5052 ),
 .UNSPECIFIED., .F., .T. ) 
 B_SPLINE_CURVE_WITH_KNOTS ( ( 3, 2, 2, 3 ),
 ( 0.3513513513513513153, 0.3558558558558557738, 0.3603603603603603434, 0.3648648648648648574 ),
 .UNSPECIFIED. ) 
 CURVE ( )  GEOMETRIC_REPRESENTATION_ITEM ( )  RATIONAL_B_SPLINE_CURVE ( ( 1.000000000000001776, 0.8660254037844371533, 1.000000000000000000, 0.8660254037844387076, 1.000000000000000000, 0.8660254037844387076, 1.000000000000000000 ) ) 
 REPRESENTATION_ITEM ( '' )  );
#200 = CARTESIAN_POINT ( 'NONE',  ( 1.249999999999998002, 0.7216878364870314977, -16.70833333333332860 ) ) ;
#201 = CARTESIAN_POINT ( 'NONE',  ( 0.7603164687499996965, -1.316906753706352573, -6.052083332650533443 ) ) ;
#202 = LINE ( 'NONE', #4003, #5174 ) ;
#203 = CARTESIAN_POINT ( 'NONE',  ( -1.249999999999998002, 0.000000000000000000, -11.37499999863440259 ) ) ;
#204 = DIRECTION ( 'NONE',  ( -0.000000000000000000, -0.000000000000000000, 1.000000000000000000 ) ) ;
#205 = CARTESIAN_POINT ( 'NONE',  ( -1.249999999999998002, 0.000000000000000000, -2.999999999999997335 ) ) ;
#206 = CARTESIAN_POINT ( 'NONE',  ( -1.520632937499998727, 0.8779378358042350117, -5.760416665983867368 ) ) ;
#207 =( BOUNDED_CURVE ( )  B_SPLINE_CURVE ( 2, ( #1710, #3350, #1169, #2225, #4446, #6646, #75 ),
 .UNSPECIFIED., .F., .T. ) 
 B_SPLINE_CURVE_WITH_KNOTS ( ( 3, 2, 2, 3 ),
 ( 0.4594594594594593739, 0.4639639639639638324, 0.4684684684684684020, 0.4729729729729729160 ),
 .UNSPECIFIED. ) 
 CURVE ( )  GEOMETRIC_REPRESENTATION_ITEM ( )  RATIONAL_B_SPLINE_CURVE ( ( 1.000000000000003331, 0.8660254037844353769, 1.000000000000000000, 0.8660254037844387076, 1.000000000000000000, 0.8660254037844403729, 0.9999999999999983347 ) ) 
 REPRESENTATION_ITEM ( '' )  );
#208 = CARTESIAN_POINT ( 'NONE',  ( 0.6249999999999995559, -1.082531754730546414, -12.83333333333333037 ) ) ;
#209 = ORIENTED_EDGE ( 'NONE', *, *, #1842, .F. ) ;
#210 = DIRECTION ( 'NONE',  ( -0.000000000000000000, -0.000000000000000000, 1.000000000000000000 ) ) ;
#211 = CARTESIAN_POINT ( 'NONE',  ( 3.225491281404032925E-16, -1.755875671608470467, -9.093749999317200405 ) ) ;
#212 = CARTESIAN_POINT ( 'NONE',  ( 1.249999999999998002, 1.530808498934189105E-16, -5.624999998634403475 ) ) ;
#213 = CARTESIAN_POINT ( 'NONE',  ( 1.249999999999998002, 1.530808498934189105E-16, -7.124999998634403475 ) ) ;
#214 = EDGE_LOOP ( 'NONE', ( #849, #608, #499, #5058, #238, #2071, #643, #4813 ) ) ;
#215 = ORIENTED_EDGE ( 'NONE', *, *, #6773, .T. ) ;
#216 = CARTESIAN_POINT ( 'NONE',  ( -0.7603164687499980312, -1.316906753706353461, -14.07291666598386648 ) ) ;
#217 = CARTESIAN_POINT ( 'NONE',  ( -1.249999999999998224, 0.7216878364870308316, -7.416666665301069550 ) ) ;
#218 = CARTESIAN_POINT ( 'NONE',  ( -0.7603164687499980312, -1.316906753706353461, -18.07291666598386826 ) ) ;
#219 = DIRECTION ( 'NONE',  ( 1.000000000000000000, 0.000000000000000000, 0.000000000000000000 ) ) ;
#220 = CARTESIAN_POINT ( 'NONE',  ( -1.520632937499997617, -0.8779378358042361219, -15.17708333265053433 ) ) ;
#221 = CARTESIAN_POINT ( 'NONE',  ( 1.249999999999998002, 0.7216878364870314977, -18.08333333196773651 ) ) ;
#222 = ADVANCED_FACE ( 'NONE', ( #4404 ), #134, .F. ) ;
#223 = CYLINDRICAL_SURFACE ( 'NONE', #2349, 2.500000000000000000 ) ;
#224 = ORIENTED_EDGE ( 'NONE', *, *, #450, .T. ) ;
#225 = CARTESIAN_POINT ( 'NONE',  ( 0.7603164687499996965, -1.316906753706352573, -5.489583332650533443 ) ) ;
#226 = CARTESIAN_POINT ( 'NONE',  ( -1.520632937499998283, 0.8779378358042350117, -15.76041666598386826 ) ) ;
#227 = CARTESIAN_POINT ( 'NONE',  ( -1.520632937499998061, 0.000000000000000000, -12.65624999931720041 ) ) ;
#228 = CARTESIAN_POINT ( 'NONE',  ( -1.075163760468011222E-16, 1.755875671608470023, -4.281249999317200405 ) ) ;
#229 = CARTESIAN_POINT ( 'NONE',  ( 1.249999999999998002, 0.7216878364870314977, -10.20833333333333215 ) ) ;
#230 = CARTESIAN_POINT ( 'NONE',  ( 1.520632937499998727, -0.8779378358042346786, -14.01041666598386826 ) ) ;
#231 = CARTESIAN_POINT ( 'NONE',  ( 1.249999999999998002, 1.530808498934189105E-16, -15.74999999999999645 ) ) ;
#232 = CARTESIAN_POINT ( 'NONE',  ( -1.075163760468011098E-16, 1.755875671608470467, -5.843749999317199517 ) ) ;
#233 = DIRECTION ( 'NONE',  ( -0.000000000000000000, -0.000000000000000000, 1.000000000000000000 ) ) ;
#234 = CARTESIAN_POINT ( 'NONE',  ( 1.249999999999998002, 1.530808498934189105E-16, -12.62499999863440259 ) ) ;
#235 = CARTESIAN_POINT ( 'NONE',  ( -0.6249999999999991118, 1.082531754730546636, -1.583333333333330595 ) ) ;
#236 = CARTESIAN_POINT ( 'NONE',  ( -1.075163760468011222E-16, 1.755875671608470023, -7.843749999317201294 ) ) ;
#237 = CARTESIAN_POINT ( 'NONE',  ( 0.000000000000000000, 0.000000000000000000, 0.000000000000000000 ) ) ;
#238 = ORIENTED_EDGE ( 'NONE', *, *, #5404, .T. ) ;
#239 = DIRECTION ( 'NONE',  ( -0.000000000000000000, -0.000000000000000000, 1.000000000000000000 ) ) ;
#240 = CARTESIAN_POINT ( 'NONE',  ( -1.249999999999998002, 0.7216878364870310536, -16.41666666530107221 ) ) ;
#241 = CARTESIAN_POINT ( 'NONE',  ( 1.520632937499998283, -0.8779378358042346786, -7.510416665983866480 ) ) ;
#242 = CARTESIAN_POINT ( 'NONE',  ( -1.075163760468011222E-16, 1.755875671608470023, -14.28124999931719863 ) ) ;
#243 = CARTESIAN_POINT ( 'NONE',  ( -1.249999999999998002, 1.530808498934189105E-16, 0.000000000000000000 ) ) ;
#244 = CARTESIAN_POINT ( 'NONE',  ( 0.000000000000000000, 0.000000000000000000, 0.000000000000000000 ) ) ;
#245 = DIRECTION ( 'NONE',  ( -0.000000000000000000, -0.000000000000000000, 1.000000000000000000 ) ) ;
#246 =( BOUNDED_CURVE ( )  B_SPLINE_CURVE ( 2, ( #782, #2402, #187, #1245, #5591, #3427, #4451 ),
 .UNSPECIFIED., .F., .T. ) 
 B_SPLINE_CURVE_WITH_KNOTS ( ( 3, 2, 2, 3 ),
 ( 0.2432432432432432012, 0.2477477477477477152, 0.2522522522522522292, 0.2567567567567567433 ),
 .UNSPECIFIED. ) 
 CURVE ( )  GEOMETRIC_REPRESENTATION_ITEM ( )  RATIONAL_B_SPLINE_CURVE ( ( 1.000000000000001776, 0.8660254037844371533, 1.000000000000000000, 0.8660254037844387076, 1.000000000000000000, 0.8660254037844387076, 1.000000000000000000 ) ) 
 REPRESENTATION_ITEM ( '' )  );
#247 = ORIENTED_EDGE ( 'NONE', *, *, #2749, .T. ) ;
#248 = CARTESIAN_POINT ( 'NONE',  ( -1.249999999999998002, 0.000000000000000000, -7.499999999999998224 ) ) ;
#249 = VERTEX_POINT ( 'NONE', #668 ) ;
#250 = CARTESIAN_POINT ( 'NONE',  ( -1.520632937499997617, -0.8779378358042361219, -16.61458333265053611 ) ) ;
#251 = CARTESIAN_POINT ( 'NONE',  ( -1.249999999999997780, -0.7216878364870316087, -6.833333331967736513 ) ) ;
#252 = CARTESIAN_POINT ( 'NONE',  ( -1.520632937499998283, 0.8779378358042350117, -1.760416665983866924 ) ) ;
#253 = FACE_OUTER_BOUND ( 'NONE', #5687, .T. ) ;
#254 = CARTESIAN_POINT ( 'NONE',  ( -1.249999999999998002, 0.000000000000000000, -16.87499999863440081 ) ) ;
#255 = CARTESIAN_POINT ( 'NONE',  ( -0.8096505251214827226, 1.113418157139203002, -0.3831657607208097116 ) ) ;
#256 = VERTEX_POINT ( 'NONE', #2316 ) ;
#257 = CARTESIAN_POINT ( 'NONE',  ( -1.520632937499998283, 0.8779378358042350117, -7.197916665983865592 ) ) ;
#258 = CARTESIAN_POINT ( 'NONE',  ( -0.7603164687499992525, 1.316906753706352795, -17.30208333265053611 ) ) ;
#259 = CARTESIAN_POINT ( 'NONE',  ( -1.520632937499998283, 0.8779378358042350117, -11.19791666598386826 ) ) ;
#260 = CARTESIAN_POINT ( 'NONE',  ( 3.225491281404033418E-16, -1.755875671608470023, -5.531249999317200405 ) ) ;
#261 = CARTESIAN_POINT ( 'NONE',  ( -0.6249999999999991118, 1.082531754730546636, -9.583333333333330373 ) ) ;
#262 = CARTESIAN_POINT ( 'NONE',  ( -0.6249999999999982236, -1.082531754730547302, -14.41666666666666430 ) ) ;
#263 = CARTESIAN_POINT ( 'NONE',  ( -1.520632937499998061, 0.000000000000000000, -17.65624999931720041 ) ) ;
#264 = CARTESIAN_POINT ( 'NONE',  ( -0.6249999999999991118, 1.082531754730546636, -16.08333333333332860 ) ) ;
#265 = CARTESIAN_POINT ( 'NONE',  ( 1.520632937499998061, 1.862238259587409655E-16, -9.468749999317200405 ) ) ;
#266 = CARTESIAN_POINT ( 'NONE',  ( -0.7603164687499980312, -1.316906753706353461, -3.572916665983867368 ) ) ;
#267 = CARTESIAN_POINT ( 'NONE',  ( 1.249999999999998002, 1.530808498934189105E-16, -5.749999999999996447 ) ) ;
#268 = CARTESIAN_POINT ( 'NONE',  ( 2.651438096812262973E-16, -1.443375672974062107, -0.8749999999999972244 ) ) ;
#269 = ADVANCED_FACE ( 'NONE', ( #6636 ), #2339, .T. ) ;
#270 = CARTESIAN_POINT ( 'NONE',  ( -1.520632937499998727, 0.8779378358042350117, -6.760416665983867368 ) ) ;
#271 = DIRECTION ( 'NONE',  ( 1.000000000000000000, 0.000000000000000000, 0.000000000000000000 ) ) ;
#272 = ORIENTED_EDGE ( 'NONE', *, *, #1450, .T. ) ;
#273 = CARTESIAN_POINT ( 'NONE',  ( 1.249999999999998002, 0.000000000000000000, 0.000000000000000000 ) ) ;
#274 = CARTESIAN_POINT ( 'NONE',  ( 0.6249999999999986677, 1.082531754730546858, -16.54166666530107221 ) ) ;
#275 = CARTESIAN_POINT ( 'NONE',  ( -1.520632937499998061, 0.000000000000000000, -8.218749999317198629 ) ) ;
#276 = CARTESIAN_POINT ( 'NONE',  ( -1.075163760468011222E-16, 1.755875671608470023, -14.78124999931720041 ) ) ;
#277 = CARTESIAN_POINT ( 'NONE',  ( 1.520632937499997617, 0.8779378358042356778, -1.427083332650533887 ) ) ;
#278 = EDGE_CURVE ( 'NONE', #4435, #1380, #1290, .T. ) ;
#279 = DIRECTION ( 'NONE',  ( -1.000000000000000000, 0.000000000000000000, 0.000000000000000000 ) ) ;
#280 = CARTESIAN_POINT ( 'NONE',  ( -1.075163760468011098E-16, 1.755875671608470467, 0.2187500006827993171 ) ) ;
#281 = AXIS2_PLACEMENT_3D ( 'NONE', #6890, #3551, #878 ) ;
#282 = ORIENTED_EDGE ( 'NONE', *, *, #6202, .T. ) ;
#283 = CARTESIAN_POINT ( 'NONE',  ( -8.838126989374211143E-17, 1.443375672974062107, -9.499999998634402587 ) ) ;
#284 = EDGE_LOOP ( 'NONE', ( #4697, #5804, #6021, #2145 ) ) ;
#285 = CARTESIAN_POINT ( 'NONE',  ( 0.7603164687499986973, 1.316906753706353017, -16.82291666598386826 ) ) ;
#286 = CARTESIAN_POINT ( 'NONE',  ( 1.249999999999998224, -0.7216878364870306095, -6.166666665301070438 ) ) ;
#287 = CARTESIAN_POINT ( 'NONE',  ( 3.225491281404032925E-16, -1.755875671608470467, -2.093749999317200849 ) ) ;
#288 = CARTESIAN_POINT ( 'NONE',  ( -1.249999999999997558, -0.7216878364870317197, -10.45833333333333393 ) ) ;
#289 = CARTESIAN_POINT ( 'NONE',  ( -8.838126989374211143E-17, 1.443375672974062107, -17.49999999863440436 ) ) ;
#290 = CARTESIAN_POINT ( 'NONE',  ( -0.6561062849042383904, 1.187186927316969287, -0.4035413644675059919 ) ) ;
#291 = PRODUCT_DEFINITION ( 'UNKNOWN', '', #4924, #1562 ) ;
#292 = ORIENTED_EDGE ( 'NONE', *, *, #2509, .F. ) ;
#293 = CARTESIAN_POINT ( 'NONE',  ( -0.7603164687499980312, -1.316906753706353461, -7.572916665983865592 ) ) ;
#294 = VECTOR ( 'NONE', #3344, 1000.000000000000000 ) ;
#295 = CARTESIAN_POINT ( 'NONE',  ( 0.7603164687499996965, -1.316906753706352573, -18.05208333265053611 ) ) ;
#296 = CARTESIAN_POINT ( 'NONE',  ( -0.7603164687499992525, 1.316906753706352795, -6.739583332650533443 ) ) ;
#297 = CARTESIAN_POINT ( 'NONE',  ( 1.249999999999998002, 0.7216878364870314977, -8.708333333333330373 ) ) ;
#298 = CARTESIAN_POINT ( 'NONE',  ( 1.249999999999998002, -0.7216878364870306095, -14.29166666666666430 ) ) ;
#299 = CARTESIAN_POINT ( 'NONE',  ( 1.249999999999997780, 0.7216878364870316087, -14.20833333333333215 ) ) ;
#300 = CARTESIAN_POINT ( 'NONE',  ( -1.520632937499998283, 0.8779378358042350117, -1.197916665983867368 ) ) ;
#301 = CARTESIAN_POINT ( 'NONE',  ( -1.520632937499998061, 0.000000000000000000, -9.718749999317200405 ) ) ;
#302 = CARTESIAN_POINT ( 'NONE',  ( -1.520632937499998283, 0.8779378358042350117, -4.197916665983867368 ) ) ;
#303 = CARTESIAN_POINT ( 'NONE',  ( 2.651438096812262973E-16, -1.443375672974062107, -8.374999999999996447 ) ) ;
#304 = CARTESIAN_POINT ( 'NONE',  ( 0.6249999999999986677, 1.082531754730546858, -0.1666666666666640206 ) ) ;
#305 = CARTESIAN_POINT ( 'NONE',  ( -1.520632937499998061, 0.000000000000000000, -9.718749999317200405 ) ) ;
#306 = CARTESIAN_POINT ( 'NONE',  ( 0.6249999999999995559, -1.082531754730546414, -8.833333333333330373 ) ) ;
#307 = MANIFOLD_SOLID_BREP ( 'Thread1', #2233 ) ;
#308 = EDGE_CURVE ( 'NONE', #6241, #2035, #5473, .T. ) ;
#309 = VERTEX_POINT ( 'NONE', #3412 ) ;
#310 = CARTESIAN_POINT ( 'NONE',  ( -1.249999999999997558, -0.7216878364870317197, -11.83333333196773651 ) ) ;
#311 = CARTESIAN_POINT ( 'NONE',  ( 0.000000000000000000, 0.000000000000000000, 0.000000000000000000 ) ) ;
#312 = CARTESIAN_POINT ( 'NONE',  ( -1.075163760468011098E-16, 1.755875671608470467, -11.84374999931720041 ) ) ;
#313 = CARTESIAN_POINT ( 'NONE',  ( 1.520632937499998061, 1.862238259587409655E-16, -12.90624999931720041 ) ) ;
#314 = CARTESIAN_POINT ( 'NONE',  ( -1.520632937499998061, 0.000000000000000000, -2.218749999317200849 ) ) ;
#315 = CARTESIAN_POINT ( 'NONE',  ( -0.7603164687499992525, 1.316906753706352795, -0.3020833326505339422 ) ) ;
#316 = ORIENTED_EDGE ( 'NONE', *, *, #2886, .T. ) ;
#317 = CARTESIAN_POINT ( 'NONE',  ( 1.249999999999998002, 1.530808498934189105E-16, -12.24999999999999645 ) ) ;
#318 = ORIENTED_EDGE ( 'NONE', *, *, #5754, .F. ) ;
#319 = CARTESIAN_POINT ( 'NONE',  ( -1.520632937499997617, -0.8779378358042361219, -17.11458333265053611 ) ) ;
#320 = CARTESIAN_POINT ( 'NONE',  ( -1.249999999999997780, -0.7216878364870316087, -7.833333331967736513 ) ) ;
#321 = CARTESIAN_POINT ( 'NONE',  ( 1.520632937499998061, 1.862238259587409655E-16, -3.968749999317199961 ) ) ;
#322 = CARTESIAN_POINT ( 'NONE',  ( 1.249999999999998002, 1.530808498934189105E-16, -0.6249999986344038083 ) ) ;
#323 = CARTESIAN_POINT ( 'NONE',  ( -1.249999999999998002, 0.000000000000000000, -9.999999999999996447 ) ) ;
#324 = VERTEX_POINT ( 'NONE', #4945 ) ;
#325 = DIRECTION ( 'NONE',  ( -0.000000000000000000, -0.000000000000000000, 1.000000000000000000 ) ) ;
#326 = ORIENTED_EDGE ( 'NONE', *, *, #2685, .F. ) ;
#327 = CARTESIAN_POINT ( 'NONE',  ( -1.075163760468011098E-16, 1.755875671608470467, -7.781249999317201294 ) ) ;
#328 = CARTESIAN_POINT ( 'NONE',  ( 1.520632937499997617, 0.8779378358042356778, -16.92708333265053611 ) ) ;
#329 = CARTESIAN_POINT ( 'NONE',  ( -1.075163760468011098E-16, 1.755875671608470467, -13.28124999931720218 ) ) ;
#330 = CARTESIAN_POINT ( 'NONE',  ( 1.249999999999998002, 1.530808498934189105E-16, -9.249999999999998224 ) ) ;
#331 = CARTESIAN_POINT ( 'NONE',  ( 1.520632937499998727, -0.8779378358042346786, -7.947916665983865592 ) ) ;
#332 = CARTESIAN_POINT ( 'NONE',  ( 2.651438096812262973E-16, -1.443375672974062107, -10.37499999999999645 ) ) ;
#333 = CARTESIAN_POINT ( 'NONE',  ( -0.9386373979299560411, 1.213326272206908918, -17.77063293749999673 ) ) ;
#334 = CARTESIAN_POINT ( 'NONE',  ( -1.520632937499998727, 0.8779378358042350117, -17.69791666598386826 ) ) ;
#335 = CARTESIAN_POINT ( 'NONE',  ( 1.520632937499998061, 1.862238259587409655E-16, -0.4062499993172006829 ) ) ;
#336 = CARTESIAN_POINT ( 'NONE',  ( 1.520632937499998283, -0.8779378358042346786, -9.510416665983864704 ) ) ;
#337 = CARTESIAN_POINT ( 'NONE',  ( -1.520632937499998061, 0.000000000000000000, -3.656249999317200849 ) ) ;
#338 = CYLINDRICAL_SURFACE ( 'NONE', #6680, 1.249999999999998002 ) ;
#339 = CARTESIAN_POINT ( 'NONE',  ( -8.838126989374211143E-17, 1.443375672974062107, -2.124999999999996891 ) ) ;
#340 = CARTESIAN_POINT ( 'NONE',  ( -0.7603164687499992525, 1.316906753706352795, -10.80208333265053255 ) ) ;
#341 = FACE_OUTER_BOUND ( 'NONE', #6888, .T. ) ;
#342 = EDGE_LOOP ( 'NONE', ( #4944, #5520, #5299, #2009 ) ) ;
#343 = CARTESIAN_POINT ( 'NONE',  ( -1.520632937499998283, 0.8779378358042350117, -2.260416665983867368 ) ) ;
#344 = LINE ( 'NONE', #5119, #7030 ) ;
#345 = CARTESIAN_POINT ( 'NONE',  ( 0.6249999999999986677, 1.082531754730546858, -16.04166666530107221 ) ) ;
#346 = CARTESIAN_POINT ( 'NONE',  ( -1.520632937499998061, 0.000000000000000000, -11.71874999931720041 ) ) ;
#347 = CARTESIAN_POINT ( 'NONE',  ( 1.520632937499998061, 1.862238259587409655E-16, -13.90624999931719863 ) ) ;
#348 = CARTESIAN_POINT ( 'NONE',  ( -0.7603164687499980312, -1.316906753706353461, -1.635416665983867146 ) ) ;
#349 = CARTESIAN_POINT ( 'NONE',  ( -1.520632937499998061, 0.000000000000000000, -1.218749999317200627 ) ) ;
#350 = CARTESIAN_POINT ( 'NONE',  ( 2.651438096812262973E-16, -1.443375672974062107, -13.74999999863440259 ) ) ;
#351 = ORIENTED_EDGE ( 'NONE', *, *, #4575, .F. ) ;
#352 = CARTESIAN_POINT ( 'NONE',  ( -8.838126989374211143E-17, 1.443375672974062107, -7.624999999999998224 ) ) ;
#353 = VERTEX_POINT ( 'NONE', #3869 ) ;
#354 = CARTESIAN_POINT ( 'NONE',  ( 1.249999999999998224, -0.7216878364870306095, -6.666666665301071326 ) ) ;
#355 = CARTESIAN_POINT ( 'NONE',  ( -0.7603164687499980312, -1.316906753706353461, -3.135416665983867368 ) ) ;
#356 = CARTESIAN_POINT ( 'NONE',  ( -1.249999999999998002, 0.000000000000000000, -5.874999998634404363 ) ) ;
#357 = CARTESIAN_POINT ( 'NONE',  ( 1.520632937499998283, -0.8779378358042346786, -18.01041666598386826 ) ) ;
#358 = EDGE_CURVE ( 'NONE', #3514, #5554, #2810, .T. ) ;
#359 = CARTESIAN_POINT ( 'NONE',  ( 0.09731368788389861690, 1.487290890570602153, -0.2657078581373044091 ) ) ;
#360 = ORIENTED_EDGE ( 'NONE', *, *, #1660, .T. ) ;
#361 = CARTESIAN_POINT ( 'NONE',  ( -1.520632937499998283, 0.8779378358042350117, -9.197916665983866480 ) ) ;
#362 = CARTESIAN_POINT ( 'NONE',  ( -1.520632937499998283, 0.8779378358042350117, -17.26041666598386826 ) ) ;
#363 = CARTESIAN_POINT ( 'NONE',  ( -1.075163760468011098E-16, 1.755875671608470467, -15.28124999931720041 ) ) ;
#364 = LINE ( 'NONE', #4208, #6924 ) ;
#365 = CARTESIAN_POINT ( 'NONE',  ( -1.075163760468011222E-16, 1.755875671608470023, -7.281249999317199517 ) ) ;
#366 = AXIS2_PLACEMENT_3D ( 'NONE', #5123, #4511, #1741 ) ;
#367 = CARTESIAN_POINT ( 'NONE',  ( 1.249999999999998224, -0.7216878364870306095, -10.29166666666666607 ) ) ;
#369 = ADVANCED_FACE ( 'NONE', ( #2877 ), #3376, .F. ) ;
#368 = CARTESIAN_POINT ( 'NONE',  ( 1.520632937499997617, 0.8779378358042356778, -17.42708333265053611 ) ) ;
#370 = CARTESIAN_POINT ( 'NONE',  ( -1.520632937499997617, -0.8779378358042360109, -16.61458333265053255 ) ) ;
#371 = VECTOR ( 'NONE', #4684, 1000.000000000000000 ) ;
#372 = CARTESIAN_POINT ( 'NONE',  ( 3.225491281404032925E-16, -1.755875671608470467, -1.031249999317200627 ) ) ;
#373 = CARTESIAN_POINT ( 'NONE',  ( -1.520632937499998283, 0.8779378358042350117, -9.260416665983866480 ) ) ;
#374 = CARTESIAN_POINT ( 'NONE',  ( 1.520632937499998283, -0.8779378358042346786, -6.447916665983867368 ) ) ;
#375 = CARTESIAN_POINT ( 'NONE',  ( -0.7603164687499980312, -1.316906753706353461, -0.5729166659838673681 ) ) ;
#376 = CARTESIAN_POINT ( 'NONE',  ( 2.651438096812262973E-16, -1.443375672974062107, -1.374999999999997335 ) ) ;
#377 = CARTESIAN_POINT ( 'NONE',  ( -1.075163760468011222E-16, 1.755875671608470023, -9.343749999317200405 ) ) ;
#378 =( GEOMETRIC_REPRESENTATION_CONTEXT ( 3 ) GLOBAL_UNCERTAINTY_ASSIGNED_CONTEXT ( ( #5911 ) ) GLOBAL_UNIT_ASSIGNED_CONTEXT ( ( #5899, #6485, #3159 ) ) REPRESENTATION_CONTEXT ( 'NONE', 'WORKASPACE' ) );
#379 = CYLINDRICAL_SURFACE ( 'NONE', #1162, 1.249999999999998002 ) ;
#380 =( BOUNDED_CURVE ( )  B_SPLINE_CURVE ( 2, ( #6003, #3784, #2625, #2696, #7065, #3752, #2091 ),
 .UNSPECIFIED., .F., .T. ) 
 B_SPLINE_CURVE_WITH_KNOTS ( ( 3, 2, 2, 3 ),
 ( 0.9189189189189187479, 0.9234234234234232064, 0.9279279279279277759, 0.9324324324324323454 ),
 .UNSPECIFIED. ) 
 CURVE ( )  GEOMETRIC_REPRESENTATION_ITEM ( )  RATIONAL_B_SPLINE_CURVE ( ( 1.000000000000006661, 0.8660254037844321573, 1.000000000000000000, 0.8660254037844387076, 1.000000000000000000, 0.8660254037844420383, 0.9999999999999966693 ) ) 
 REPRESENTATION_ITEM ( '' )  );
#381 = ORIENTED_EDGE ( 'NONE', *, *, #2665, .T. ) ;
#382 = CYLINDRICAL_SURFACE ( 'NONE', #173, 1.249999999999998002 ) ;
#383 = CARTESIAN_POINT ( 'NONE',  ( -0.6249999999999991118, 1.082531754730546636, -16.45833333196773651 ) ) ;
#384 = CARTESIAN_POINT ( 'NONE',  ( -1.520632937499998283, 0.8779378358042350117, -11.26041666598386826 ) ) ;
#385 = CARTESIAN_POINT ( 'NONE',  ( -0.7603164687499992525, 1.316906753706352795, -13.73958333265053433 ) ) ;
#386 = CARTESIAN_POINT ( 'NONE',  ( 1.520632937499998727, -0.8779378358042346786, -2.010416665983866924 ) ) ;
#387 = CARTESIAN_POINT ( 'NONE',  ( -1.520632937499997617, -0.8779378358042361219, -0.6770833326505339977 ) ) ;
#388 = ORIENTED_EDGE ( 'NONE', *, *, #1802, .T. ) ;
#389 = ORIENTED_EDGE ( 'NONE', *, *, #3702, .T. ) ;
#390 = CARTESIAN_POINT ( 'NONE',  ( -1.249999999999998002, 0.000000000000000000, -10.49999999999999645 ) ) ;
#391 = CARTESIAN_POINT ( 'NONE',  ( 1.520632937499998061, 1.862238259587409655E-16, -14.90624999931720041 ) ) ;
#392 = CARTESIAN_POINT ( 'NONE',  ( 2.651438096812262973E-16, -1.443375672974062107, -9.749999998634402587 ) ) ;
#393 = CARTESIAN_POINT ( 'NONE',  ( 1.520632937499998061, 1.862238259587409655E-16, -2.468749999317200405 ) ) ;
#394 = CARTESIAN_POINT ( 'NONE',  ( -0.7603164687499992525, 1.316906753706352795, -17.80208333265053611 ) ) ;
#395 = CARTESIAN_POINT ( 'NONE',  ( 1.249999999999998002, 1.530808498934189105E-16, -4.624999998634403475 ) ) ;
#396 = DIRECTION ( 'NONE',  ( -0.000000000000000000, -0.000000000000000000, 1.000000000000000000 ) ) ;
#397 = EDGE_CURVE ( 'NONE', #3777, #2703, #5746, .T. ) ;
#398 = ORIENTED_EDGE ( 'NONE', *, *, #3327, .T. ) ;
#399 = CARTESIAN_POINT ( 'NONE',  ( 0.7603164687499996965, -1.316906753706352573, -9.489583332650532554 ) ) ;
#400 = CARTESIAN_POINT ( 'NONE',  ( 0.6249999999999995559, -1.082531754730546414, -0.2083333319677371231 ) ) ;
#401 = CARTESIAN_POINT ( 'NONE',  ( -0.7603164687499980312, -1.316906753706353461, -14.07291666598386648 ) ) ;
#402 = AXIS2_PLACEMENT_3D ( 'NONE', #3903, #99, #567 ) ;
#403 = CARTESIAN_POINT ( 'NONE',  ( 0.6249999999999995559, -1.082531754730546414, -11.83333333333333037 ) ) ;
#404 = CARTESIAN_POINT ( 'NONE',  ( -1.213761804399877020, 0.9160277358190782593, -17.77063293750000383 ) ) ;
#405 = VECTOR ( 'NONE', #3776, 1000.000000000000000 ) ;
#406 = CARTESIAN_POINT ( 'NONE',  ( 0.6249999999999986677, 1.082531754730546858, -14.16666666666666430 ) ) ;
#407 = CARTESIAN_POINT ( 'NONE',  ( -1.520632937499998283, 0.8779378358042350117, -0.6979166659838672571 ) ) ;
#408 = CARTESIAN_POINT ( 'NONE',  ( 0.7603164687499986973, 1.316906753706353017, -10.38541666598386648 ) ) ;
#409 = CARTESIAN_POINT ( 'NONE',  ( -0.7603164687499980312, -1.316906753706353461, -6.572916665983866480 ) ) ;
#410 = CARTESIAN_POINT ( 'NONE',  ( -0.7603164687499992525, 1.316906753706352795, -1.239583332650533887 ) ) ;
#411 =( BOUNDED_CURVE ( )  B_SPLINE_CURVE ( 2, ( #3696, #5837, #2570, #350, #461, #2070, #4121 ),
 .UNSPECIFIED., .F., .T. ) 
 B_SPLINE_CURVE_WITH_KNOTS ( ( 3, 2, 2, 3 ),
 ( 0.7432432432432433123, 0.7477477477477478818, 0.7522522522522522292, 0.7567567567567567988 ),
 .UNSPECIFIED. ) 
 CURVE ( )  GEOMETRIC_REPRESENTATION_ITEM ( )  RATIONAL_B_SPLINE_CURVE ( ( 0.9999999999999966693, 0.8660254037844420383, 1.000000000000000000, 0.8660254037844387076, 1.000000000000000000, 0.8660254037844387076, 1.000000000000000000 ) ) 
 REPRESENTATION_ITEM ( '' )  );
#412 = CARTESIAN_POINT ( 'NONE',  ( 1.249999999999998002, 1.530808498934189105E-16, -3.249999999999997335 ) ) ;
#413 = CARTESIAN_POINT ( 'NONE',  ( 3.225491281404033418E-16, -1.755875671608470023, -10.09374999931719685 ) ) ;
#414 = CARTESIAN_POINT ( 'NONE',  ( -1.249999999999997780, -0.7216878364870316087, -14.33333333196773474 ) ) ;
#415 = DIRECTION ( 'NONE',  ( -1.000000000000000000, 0.000000000000000000, 0.000000000000000000 ) ) ;
#416 = ORIENTED_EDGE ( 'NONE', *, *, #1009, .F. ) ;
#417 = CARTESIAN_POINT ( 'NONE',  ( -0.7603164687499980312, -1.316906753706353461, -2.635416665983866924 ) ) ;
#418 = CARTESIAN_POINT ( 'NONE',  ( -0.6249999999999982236, -1.082531754730547302, -7.916666666666664298 ) ) ;
#419 = FACE_OUTER_BOUND ( 'NONE', #3105, .T. ) ;
#420 = CARTESIAN_POINT ( 'NONE',  ( -1.520632937499998061, 0.000000000000000000, -12.71874999931720041 ) ) ;
#421 = CARTESIAN_POINT ( 'NONE',  ( -1.075163760468011222E-16, 1.755875671608470023, -16.28124999931720396 ) ) ;
#422 = CARTESIAN_POINT ( 'NONE',  ( 1.249999999999998002, 0.000000000000000000, 0.000000000000000000 ) ) ;
#423 = DIRECTION ( 'NONE',  ( 1.000000000000000000, 0.000000000000000000, 0.000000000000000000 ) ) ;
#424 =( BOUNDED_CURVE ( )  B_SPLINE_CURVE ( 2, ( #1421, #2994, #3139, #4201, #4626, #5306, #2508 ),
 .UNSPECIFIED., .F., .T. ) 
 B_SPLINE_CURVE_WITH_KNOTS ( ( 3, 2, 2, 3 ),
 ( 0.2837837837837837718, 0.2882882882882882858, 0.2927927927927927998, 0.2972972972972973138 ),
 .UNSPECIFIED. ) 
 CURVE ( )  GEOMETRIC_REPRESENTATION_ITEM ( )  RATIONAL_B_SPLINE_CURVE ( ( 1.000000000000000000, 0.8660254037844387076, 1.000000000000000000, 0.8660254037844387076, 1.000000000000000000, 0.8660254037844387076, 1.000000000000000000 ) ) 
 REPRESENTATION_ITEM ( '' )  );
#425 = CARTESIAN_POINT ( 'NONE',  ( 0.000000000000000000, 0.000000000000000000, 0.000000000000000000 ) ) ;
#426 = VERTEX_POINT ( 'NONE', #634 ) ;
#427 = ORIENTED_EDGE ( 'NONE', *, *, #4973, .T. ) ;
#428 = CARTESIAN_POINT ( 'NONE',  ( -1.520632937499998283, 0.8779378358042350117, -17.19791666598386826 ) ) ;
#429 = CARTESIAN_POINT ( 'NONE',  ( -0.6249999999999991118, 1.082531754730546636, -9.958333331967736513 ) ) ;
#430 = CARTESIAN_POINT ( 'NONE',  ( -1.520632937499998283, 0.8779378358042350117, -4.260416665983867368 ) ) ;
#431 = DIRECTION ( 'NONE',  ( -0.000000000000000000, -0.000000000000000000, 1.000000000000000000 ) ) ;
#432 = CARTESIAN_POINT ( 'NONE',  ( -1.520632937499997617, -0.8779378358042361219, -16.17708333265053611 ) ) ;
#433 = CARTESIAN_POINT ( 'NONE',  ( -1.249999999999998002, 0.000000000000000000, -5.874999998634404363 ) ) ;
#434 = ORIENTED_EDGE ( 'NONE', *, *, #624, .F. ) ;
#435 = CARTESIAN_POINT ( 'NONE',  ( 1.520632937499997617, 0.8779378358042356778, -7.864583332650533443 ) ) ;
#436 = CARTESIAN_POINT ( 'NONE',  ( 0.6249999999999986677, 1.082531754730546858, -1.041666665301070438 ) ) ;
#437 = CARTESIAN_POINT ( 'NONE',  ( 1.520632937499998283, -0.8779378358042346786, -13.44791666598386470 ) ) ;
#438 = LINE ( 'NONE', #4743, #2913 ) ;
#439 = CARTESIAN_POINT ( 'NONE',  ( -1.249999999999997780, -0.7216878364870316087, -12.95833333333333215 ) ) ;
#440 = DIRECTION ( 'NONE',  ( -0.000000000000000000, -0.000000000000000000, 1.000000000000000000 ) ) ;
#441 = ADVANCED_FACE ( 'NONE', ( #5441 ), #4979, .F. ) ;
#442 = CARTESIAN_POINT ( 'NONE',  ( 0.000000000000000000, 0.000000000000000000, 0.000000000000000000 ) ) ;
#443 = CARTESIAN_POINT ( 'NONE',  ( 0.7603164687499996965, -1.316906753706352573, -1.989583332650533887 ) ) ;
#444 = CARTESIAN_POINT ( 'NONE',  ( 3.225491281404032925E-16, -1.755875671608470467, -11.59374999931720218 ) ) ;
#445 = CARTESIAN_POINT ( 'NONE',  ( 0.7603164687499986973, 1.316906753706353017, -6.822916665983867368 ) ) ;
#446 = CARTESIAN_POINT ( 'NONE',  ( 1.249999999999998002, 1.530808498934189105E-16, -7.124999998634403475 ) ) ;
#447 = CARTESIAN_POINT ( 'NONE',  ( 2.651438096812262973E-16, -1.443375672974062107, -4.374999999999997335 ) ) ;
#448 = CARTESIAN_POINT ( 'NONE',  ( -0.7603164687499992525, 1.316906753706352795, -8.302083332650534331 ) ) ;
#449 = EDGE_CURVE ( 'NONE', #6543, #1811, #612, .T. ) ;
#450 = EDGE_CURVE ( 'NONE', #1380, #3285, #2080, .T. ) ;
#451 = ORIENTED_EDGE ( 'NONE', *, *, #501, .F. ) ;
#452 = CARTESIAN_POINT ( 'NONE',  ( 3.225491281404032925E-16, -1.755875671608470467, -2.093749999317200849 ) ) ;
#453 = CARTESIAN_POINT ( 'NONE',  ( 1.249999999999989120, -0.7216878364870357165, -7.291666666666663410 ) ) ;
#454 = CARTESIAN_POINT ( 'NONE',  ( 2.651438096812262973E-16, -1.443375672974062107, -2.749999998634404363 ) ) ;
#455 = CARTESIAN_POINT ( 'NONE',  ( -1.075163760468011098E-16, 1.755875671608470467, -12.84374999931720041 ) ) ;
#456 = CARTESIAN_POINT ( 'NONE',  ( -1.520632937499998727, 0.8779378358042350117, -15.19791666598386648 ) ) ;
#457 = CARTESIAN_POINT ( 'NONE',  ( 0.6249999999999986677, 1.082531754730546858, -14.04166666530106866 ) ) ;
#458 = CARTESIAN_POINT ( 'NONE',  ( -0.7603164687499992525, 1.316906753706352795, -0.8020833326505339977 ) ) ;
#459 = PERSON_AND_ORGANIZATION_ROLE ( 'classification_officer' ) ;
#460 = ADVANCED_FACE ( 'NONE', ( #4578 ), #3809, .T. ) ;
#461 = CARTESIAN_POINT ( 'NONE',  ( -0.6249999999999982236, -1.082531754730547302, -13.79166666530106866 ) ) ;
#462 = VERTEX_POINT ( 'NONE', #5680 ) ;
#463 = CARTESIAN_POINT ( 'NONE',  ( 3.225491281404032925E-16, -1.755875671608470467, -2.031249999317200849 ) ) ;
#464 = CARTESIAN_POINT ( 'NONE',  ( -1.249999999999998002, 0.7216878364870310536, -10.54166666666666430 ) ) ;
#465 = CARTESIAN_POINT ( 'NONE',  ( 1.520632937499998061, 1.862238259587409655E-16, -17.40624999931720041 ) ) ;
#466 = CARTESIAN_POINT ( 'NONE',  ( -1.249999999999998224, 0.7216878364870308316, -9.416666665301070438 ) ) ;
#467 = CARTESIAN_POINT ( 'NONE',  ( -1.520632937499997617, -0.8779378358042361219, -2.677083332650533887 ) ) ;
#468 = CARTESIAN_POINT ( 'NONE',  ( -0.6249999999999982236, -1.082531754730547302, -0.7916666653010704380 ) ) ;
#469 = CARTESIAN_POINT ( 'NONE',  ( 0.7603164687499986973, 1.316906753706353017, -16.88541666598386826 ) ) ;
#470 = CARTESIAN_POINT ( 'NONE',  ( -8.838126989374211143E-17, 1.443375672974062107, -5.999999998634404363 ) ) ;
#471 = ORIENTED_EDGE ( 'NONE', *, *, #4879, .T. ) ;
#472 = CARTESIAN_POINT ( 'NONE',  ( 0.7603164687499986973, 1.316906753706353017, -11.82291666598386648 ) ) ;
#473 = CARTESIAN_POINT ( 'NONE',  ( -1.249999999999998002, 0.000000000000000000, -1.874999998634403697 ) ) ;
#474 = CARTESIAN_POINT ( 'NONE',  ( -1.520632937499998283, 0.8779378358042350117, -15.19791666598386648 ) ) ;
#475 = CARTESIAN_POINT ( 'NONE',  ( 1.249999999999998002, 0.000000000000000000, 0.000000000000000000 ) ) ;
#476 = CARTESIAN_POINT ( 'NONE',  ( 1.249999999999998002, 1.530808498934189105E-16, -12.24999999999999645 ) ) ;
#477 = DIRECTION ( 'NONE',  ( -0.000000000000000000, -0.000000000000000000, 1.000000000000000000 ) ) ;
#478 =( BOUNDED_CURVE ( )  B_SPLINE_CURVE ( 2, ( #205, #1769, #2312, #6668, #662, #5506, #6120 ),
 .UNSPECIFIED., .F., .T. ) 
 B_SPLINE_CURVE_WITH_KNOTS ( ( 3, 2, 2, 3 ),
 ( 0.1891891891891891997, 0.1936936936936936859, 0.1981981981981981999, 0.2027027027027027140 ),
 .UNSPECIFIED. ) 
 CURVE ( )  GEOMETRIC_REPRESENTATION_ITEM ( )  RATIONAL_B_SPLINE_CURVE ( ( 1.000000000000000000, 0.8660254037844387076, 1.000000000000000000, 0.8660254037844387076, 1.000000000000000000, 0.8660254037844387076, 1.000000000000000000 ) ) 
 REPRESENTATION_ITEM ( '' )  );
#479 = LINE ( 'NONE', #4821, #3361 ) ;
#480 = CARTESIAN_POINT ( 'NONE',  ( 0.7603164687499996965, -1.316906753706352573, -3.489583332650533887 ) ) ;
#481 = CARTESIAN_POINT ( 'NONE',  ( -0.7603164687499992525, 1.316906753706352795, -12.80208333265053255 ) ) ;
#482 = CARTESIAN_POINT ( 'NONE',  ( -1.520632937499998283, 0.8779378358042350117, -6.697916665983866480 ) ) ;
#483 = AXIS2_PLACEMENT_3D ( 'NONE', #4408, #638, #2881 ) ;
#484 = ADVANCED_FACE ( 'NONE', ( #6745 ), #6912, .F. ) ;
#485 = CARTESIAN_POINT ( 'NONE',  ( 0.7603164687499986973, 1.316906753706353017, -1.322916665983867146 ) ) ;
#486 = CARTESIAN_POINT ( 'NONE',  ( 0.6249999999999986677, 1.082531754730546858, -3.166666666666663854 ) ) ;
#487 = CARTESIAN_POINT ( 'NONE',  ( 1.520632937499998727, -0.8779378358042346786, -13.51041666598386648 ) ) ;
#488 = ORIENTED_EDGE ( 'NONE', *, *, #7008, .T. ) ;
#489 = CARTESIAN_POINT ( 'NONE',  ( 1.520632937499998283, -0.8779378358042346786, -3.010416665983866924 ) ) ;
#490 = ADVANCED_FACE ( 'NONE', ( #6307 ), #4258, .T. ) ;
#491 = CARTESIAN_POINT ( 'NONE',  ( 0.000000000000000000, 0.000000000000000000, 0.000000000000000000 ) ) ;
#492 = CARTESIAN_POINT ( 'NONE',  ( 1.249999999999998002, 1.530808498934189105E-16, -4.624999998634403475 ) ) ;
#493 = CARTESIAN_POINT ( 'NONE',  ( 0.7603164687499986973, 1.316906753706353017, -14.88541666598386648 ) ) ;
#494 = CARTESIAN_POINT ( 'NONE',  ( 3.225491281404033418E-16, -1.755875671608470023, -16.03124999931720396 ) ) ;
#495 = CARTESIAN_POINT ( 'NONE',  ( 0.000000000000000000, 0.000000000000000000, 0.000000000000000000 ) ) ;
#496 = CARTESIAN_POINT ( 'NONE',  ( -1.075163760468011222E-16, 1.755875671608470023, -3.343749999317200405 ) ) ;
#497 = PERSON_AND_ORGANIZATION_ROLE ( 'creator' ) ;
#498 = DIRECTION ( 'NONE',  ( -0.000000000000000000, -0.000000000000000000, 1.000000000000000000 ) ) ;
#499 = ORIENTED_EDGE ( 'NONE', *, *, #5315, .F. ) ;
#500 = CARTESIAN_POINT ( 'NONE',  ( 0.7603164687499986973, 1.316906753706353017, -2.322916665983867368 ) ) ;
#501 = EDGE_CURVE ( 'NONE', #4722, #4064, #6331, .T. ) ;
#502 = ORIENTED_EDGE ( 'NONE', *, *, #4002, .F. ) ;
#503 = CARTESIAN_POINT ( 'NONE',  ( 1.249999999999998002, 0.000000000000000000, 0.000000000000000000 ) ) ;
#504 = CARTESIAN_POINT ( 'NONE',  ( 1.249999999999998224, -0.7216878364870306095, -8.666666665301068662 ) ) ;
#505 = CARTESIAN_POINT ( 'NONE',  ( 1.520632937499998283, -0.8779378358042346786, -5.510416665983867368 ) ) ;
#506 = CARTESIAN_POINT ( 'NONE',  ( -0.7603164687499980312, -1.316906753706353461, -7.072916665983866480 ) ) ;
#507 = CARTESIAN_POINT ( 'NONE',  ( 1.249999999999998002, 1.530808498934189105E-16, -2.749999999999997335 ) ) ;
#508 = CARTESIAN_POINT ( 'NONE',  ( 0.7603164687499996965, -1.316906753706352573, -15.55208333265053078 ) ) ;
#509 = CARTESIAN_POINT ( 'NONE',  ( -1.249999999999988676, -0.7216878364870368268, -5.958333333333331261 ) ) ;
#510 = ORIENTED_EDGE ( 'NONE', *, *, #7018, .T. ) ;
#511 = CARTESIAN_POINT ( 'NONE',  ( 1.520632937499998283, -0.8779378358042346786, -10.94791666598386648 ) ) ;
#512 = CARTESIAN_POINT ( 'NONE',  ( 1.249999999999998224, -0.7216878364870306095, -1.166666665301070660 ) ) ;
#513 = CARTESIAN_POINT ( 'NONE',  ( -1.075163760468011098E-16, 1.755875671608470467, -17.78124999931720041 ) ) ;
#514 = CARTESIAN_POINT ( 'NONE',  ( 1.249999999999980460, -0.7216878364870409346, -16.66666666530107221 ) ) ;
#515 = CARTESIAN_POINT ( 'NONE',  ( -0.6249999999999991118, 1.082531754730546636, -13.08333333333333037 ) ) ;
#516 = CARTESIAN_POINT ( 'NONE',  ( 1.249999999999998002, 1.530808498934189105E-16, -4.124999998634403475 ) ) ;
#517 = CARTESIAN_POINT ( 'NONE',  ( -1.075163760468011098E-16, 1.755875671608470467, -4.781249999317200405 ) ) ;
#518 = VECTOR ( 'NONE', #6159, 1000.000000000000000 ) ;
#519 = CARTESIAN_POINT ( 'NONE',  ( -1.520632937499997617, -0.8779378358042361219, -11.17708333265053255 ) ) ;
#520 = CARTESIAN_POINT ( 'NONE',  ( -1.075163760468011098E-16, 1.755875671608470467, -6.781249999317201294 ) ) ;
#521 = CARTESIAN_POINT ( 'NONE',  ( 0.7603164687499986973, 1.316906753706353017, -2.822916665983867368 ) ) ;
#522 = CARTESIAN_POINT ( 'NONE',  ( 1.249999999999998224, -0.7216878364870306095, -4.791666666666665186 ) ) ;
#523 = CARTESIAN_POINT ( 'NONE',  ( 3.225491281404033418E-16, -1.755875671608470023, -13.59374999931720041 ) ) ;
#524 =( BOUNDED_CURVE ( )  B_SPLINE_CURVE ( 2, ( #3670, #1572, #5415, #4307, #3103, #5883, #5273 ),
 .UNSPECIFIED., .F., .T. ) 
 B_SPLINE_CURVE_WITH_KNOTS ( ( 3, 2, 2, 3 ),
 ( 0.8783783783783783994, 0.8828828828828828579, 0.8873873873873874274, 0.8918918918918918859 ),
 .UNSPECIFIED. ) 
 CURVE ( )  GEOMETRIC_REPRESENTATION_ITEM ( )  RATIONAL_B_SPLINE_CURVE ( ( 1.000000000000000000, 0.8660254037844387076, 1.000000000000000000, 0.8660254037844387076, 1.000000000000000000, 0.8660254037844387076, 1.000000000000000000 ) ) 
 REPRESENTATION_ITEM ( '' )  );
#525 = VECTOR ( 'NONE', #4316, 1000.000000000000000 ) ;
#526 = VERTEX_POINT ( 'NONE', #4687 ) ;
#527 = CARTESIAN_POINT ( 'NONE',  ( 1.520632937499998061, 1.862238259587409655E-16, -3.468749999317200405 ) ) ;
#528 = CARTESIAN_POINT ( 'NONE',  ( -1.249999999999998002, 1.530808498934189105E-16, 0.000000000000000000 ) ) ;
#529 = CARTESIAN_POINT ( 'NONE',  ( 1.249999999999998002, 1.530808498934189105E-16, -9.749999999999998224 ) ) ;
#530 = VECTOR ( 'NONE', #4397, 999.9999999999998863 ) ;
#531 = CARTESIAN_POINT ( 'NONE',  ( 1.520632937499998283, -0.8779378358042346786, -13.01041666598386648 ) ) ;
#532 = CARTESIAN_POINT ( 'NONE',  ( -1.249999999999998002, 1.530808498934189105E-16, 0.000000000000000000 ) ) ;
#533 = CARTESIAN_POINT ( 'NONE',  ( 0.7603164687499986973, 1.316906753706353017, -3.385416665983867368 ) ) ;
#534 = ADVANCED_FACE ( 'NONE', ( #1917, #3482 ), #6233, .F. ) ;
#535 = CARTESIAN_POINT ( 'NONE',  ( -0.6249999999999991118, 1.082531754730546636, -9.083333333333330373 ) ) ;
#536 = VERTEX_POINT ( 'NONE', #803 ) ;
#537 = CARTESIAN_POINT ( 'NONE',  ( 2.651438096812262973E-16, -1.443375672974062107, -3.249999998634403919 ) ) ;
#538 = CARTESIAN_POINT ( 'NONE',  ( -1.520632937499997617, -0.8779378358042361219, -17.61458333265053611 ) ) ;
#539 = CARTESIAN_POINT ( 'NONE',  ( -0.7603164687499980312, -1.316906753706353461, -5.635416665983866480 ) ) ;
#540 = CARTESIAN_POINT ( 'NONE',  ( 3.225491281404033418E-16, -1.755875671608470023, -9.031249999317200405 ) ) ;
#541 = CARTESIAN_POINT ( 'NONE',  ( -1.249999999999997558, -0.7216878364870317197, -0.8333333319677371787 ) ) ;
#542 = CARTESIAN_POINT ( 'NONE',  ( -0.6249999999999982236, -1.082531754730547302, -10.79166666530106866 ) ) ;
#543 = EDGE_CURVE ( 'NONE', #4342, #7019, #6260, .T. ) ;
#544 = VERTEX_POINT ( 'NONE', #5613 ) ;
#545 = LINE ( 'NONE', #1033, #5747 ) ;
#546 = ORIENTED_EDGE ( 'NONE', *, *, #1520, .T. ) ;
#547 = CARTESIAN_POINT ( 'NONE',  ( 1.249999999999998002, 0.7216878364870314977, -3.083333331967736957 ) ) ;
#548 = CARTESIAN_POINT ( 'NONE',  ( 1.520632937499998061, 1.862238259587409655E-16, -17.90624999931720041 ) ) ;
#549 = CARTESIAN_POINT ( 'NONE',  ( -1.249999999999962030, -0.7216878364870522589, -16.83333333196773651 ) ) ;
#550 = CARTESIAN_POINT ( 'NONE',  ( -8.838126989374211143E-17, 1.443375672974062107, -1.624999999999997113 ) ) ;
#551 = CARTESIAN_POINT ( 'NONE',  ( -8.838126989374211143E-17, 1.443375672974062107, -15.49999999863440436 ) ) ;
#552 = CARTESIAN_POINT ( 'NONE',  ( 0.9406073138114252608, -0.9956486679730163214, -0.3830629113788656115 ) ) ;
#553 = CARTESIAN_POINT ( 'NONE',  ( 0.7603164687499986973, 1.316906753706353017, -4.322916665983866480 ) ) ;
#554 = CARTESIAN_POINT ( 'NONE',  ( -0.7603164687499980312, -1.316906753706353461, -12.13541666598386648 ) ) ;
#555 = CARTESIAN_POINT ( 'NONE',  ( 3.225491281404032925E-16, -1.755875671608470467, -9.531249999317202182 ) ) ;
#556 = CARTESIAN_POINT ( 'NONE',  ( -1.520632937499998061, 0.000000000000000000, -1.656249999317200627 ) ) ;
#557 = CARTESIAN_POINT ( 'NONE',  ( -1.249999999999998002, 0.000000000000000000, -4.499999999999997335 ) ) ;
#558 = CARTESIAN_POINT ( 'NONE',  ( -1.520632937499998061, 0.000000000000000000, -11.21874999931720041 ) ) ;
#559 = EDGE_LOOP ( 'NONE', ( #2468, #1406, #4309, #5720 ) ) ;
#560 = CARTESIAN_POINT ( 'NONE',  ( -1.520632937499997617, -0.8779378358042361219, -4.177083332650534331 ) ) ;
#561 = CARTESIAN_POINT ( 'NONE',  ( 1.249999999999997780, 0.7216878364870316087, -10.20833333333333393 ) ) ;
#562 = CARTESIAN_POINT ( 'NONE',  ( 1.249999999999998002, 1.530808498934189105E-16, -2.249999999999997335 ) ) ;
#563 = DIRECTION ( 'NONE',  ( -0.000000000000000000, -0.000000000000000000, 1.000000000000000000 ) ) ;
#564 = CARTESIAN_POINT ( 'NONE',  ( -1.520632937499997617, -0.8779378358042360109, -4.677083332650533443 ) ) ;
#565 = DIRECTION ( 'NONE',  ( -0.000000000000000000, -0.000000000000000000, 1.000000000000000000 ) ) ;
#566 = VERTEX_POINT ( 'NONE', #1847 ) ;
#567 = DIRECTION ( 'NONE',  ( 1.000000000000000000, 0.000000000000000000, 0.000000000000000000 ) ) ;
#568 = CARTESIAN_POINT ( 'NONE',  ( 1.249999999999998002, 1.530808498934189105E-16, -3.624999998634403919 ) ) ;
#569 = CARTESIAN_POINT ( 'NONE',  ( -1.520632937499997617, -0.8779378358042361219, -6.177083332650533443 ) ) ;
#570 = CARTESIAN_POINT ( 'NONE',  ( -1.075163760468011222E-16, 1.755875671608470023, -8.281249999317198629 ) ) ;
#571 = CARTESIAN_POINT ( 'NONE',  ( -0.6249999999999991118, 1.082531754730546636, -4.583333333333329485 ) ) ;
#572 = LINE ( 'NONE', #6501, #6061 ) ;
#573 = ORIENTED_EDGE ( 'NONE', *, *, #4281, .F. ) ;
#574 = CARTESIAN_POINT ( 'NONE',  ( -1.249999999999997558, -0.7216878364870317197, -4.833333331967736513 ) ) ;
#575 = ORIENTED_EDGE ( 'NONE', *, *, #195, .T. ) ;
#576 = CARTESIAN_POINT ( 'NONE',  ( -1.520632937499998283, 0.8779378358042350117, -11.69791666598386470 ) ) ;
#577 = CARTESIAN_POINT ( 'NONE',  ( 1.249999999999998002, 1.530808498934189105E-16, -0.6249999986344038083 ) ) ;
#578 = CARTESIAN_POINT ( 'NONE',  ( 1.520632937499998283, -0.8779378358042346786, -15.44791666598386470 ) ) ;
#579 = CYLINDRICAL_SURFACE ( 'NONE', #4683, 1.249999999999998002 ) ;
#580 = EDGE_CURVE ( 'NONE', #2703, #1241, #4646, .T. ) ;
#581 = CARTESIAN_POINT ( 'NONE',  ( 1.249999999999998002, 1.530808498934189105E-16, -1.749999999999997113 ) ) ;
#582 = CARTESIAN_POINT ( 'NONE',  ( 1.249999999999998002, 1.530808498934189105E-16, -15.62499999863440259 ) ) ;
#583 = CARTESIAN_POINT ( 'NONE',  ( -0.2847570651489808591, -1.298476553538034040, -0.4321355960978206512 ) ) ;
#584 = CARTESIAN_POINT ( 'NONE',  ( 1.520632937499997617, 0.8779378358042356778, -2.364583332650534331 ) ) ;
#585 = CARTESIAN_POINT ( 'NONE',  ( 3.225491281404032925E-16, -1.755875671608470467, -12.09374999931719863 ) ) ;
#586 = CARTESIAN_POINT ( 'NONE',  ( -1.520632937499997617, -0.8779378358042361219, -9.614583332650532554 ) ) ;
#587 = EDGE_CURVE ( 'NONE', #4695, #2324, #6852, .T. ) ;
#588 = CARTESIAN_POINT ( 'NONE',  ( -1.520632937499998727, 0.8779378358042350117, -1.697916665983867146 ) ) ;
#589 = CARTESIAN_POINT ( 'NONE',  ( -0.6249999999999991118, 1.082531754730546636, -6.083333333333331261 ) ) ;
#590 = CARTESIAN_POINT ( 'NONE',  ( 1.520632937499998727, -0.8779378358042346786, -13.01041666598386648 ) ) ;
#591 = CIRCLE ( 'NONE', #4564, 4.900000000000000355 ) ;
#592 = ORIENTED_EDGE ( 'NONE', *, *, #1924, .T. ) ;
#593 = CARTESIAN_POINT ( 'NONE',  ( -1.520632937499998283, 0.8779378358042350117, -3.760416665983866924 ) ) ;
#594 = CARTESIAN_POINT ( 'NONE',  ( 0.6249999999999986677, 1.082531754730546858, -7.541666665301070438 ) ) ;
#595 = CARTESIAN_POINT ( 'NONE',  ( -1.249999999999998002, 0.000000000000000000, -5.499999999999998224 ) ) ;
#596 = CARTESIAN_POINT ( 'NONE',  ( 1.520632937499997617, 0.8779378358042356778, -14.42708333265053433 ) ) ;
#597 = CARTESIAN_POINT ( 'NONE',  ( 1.249999999999998002, 1.530808498934189105E-16, 0.2500000000000026090 ) ) ;
#598 = CARTESIAN_POINT ( 'NONE',  ( -0.7603164687499992525, 1.316906753706352795, -3.302083332650533887 ) ) ;
#599 = VECTOR ( 'NONE', #4872, 1000.000000000000000 ) ;
#600 = CARTESIAN_POINT ( 'NONE',  ( -0.6249999999999991118, 1.082531754730546636, -3.958333331967736957 ) ) ;
#601 = ORIENTED_EDGE ( 'NONE', *, *, #5534, .F. ) ;
#602 = CARTESIAN_POINT ( 'NONE',  ( -0.6249999999999991118, 1.082531754730546636, -15.08333333333333037 ) ) ;
#603 = CARTESIAN_POINT ( 'NONE',  ( -1.249999999999998002, 0.000000000000000000, -16.49999999999999289 ) ) ;
#604 = CARTESIAN_POINT ( 'NONE',  ( -1.520632937499998283, 0.8779378358042350117, -5.760416665983867368 ) ) ;
#605 = CARTESIAN_POINT ( 'NONE',  ( -1.520632937499998727, 0.8779378358042350117, -10.69791666598386648 ) ) ;
#606 = DIRECTION ( 'NONE',  ( -0.000000000000000000, -0.000000000000000000, 1.000000000000000000 ) ) ;
#607 = DIRECTION ( 'NONE',  ( -0.000000000000000000, -0.000000000000000000, 1.000000000000000000 ) ) ;
#608 = ORIENTED_EDGE ( 'NONE', *, *, #1170, .T. ) ;
#609 = CARTESIAN_POINT ( 'NONE',  ( -0.6249999999999991118, 1.082531754730546636, -17.45833333196773651 ) ) ;
#610 =( BOUNDED_CURVE ( )  B_SPLINE_CURVE ( 2, ( #4336, #6573, #571, #6424, #2683, #3701, #2777 ),
 .UNSPECIFIED., .F., .T. ) 
 B_SPLINE_CURVE_WITH_KNOTS ( ( 3, 2, 2, 3 ),
 ( 0.2702702702702702298, 0.2747747747747747438, 0.2792792792792792578, 0.2837837837837837718 ),
 .UNSPECIFIED. ) 
 CURVE ( )  GEOMETRIC_REPRESENTATION_ITEM ( )  RATIONAL_B_SPLINE_CURVE ( ( 1.000000000000001554, 0.8660254037844369313, 1.000000000000000000, 0.8660254037844387076, 1.000000000000000000, 0.8660254037844387076, 1.000000000000000000 ) ) 
 REPRESENTATION_ITEM ( '' )  );
#611 = VERTEX_POINT ( 'NONE', #1339 ) ;
#612 =( BOUNDED_CURVE ( )  B_SPLINE_CURVE ( 2, ( #1198, #34, #2744, #6672, #4909, #3940, #6124 ),
 .UNSPECIFIED., .F., .T. ) 
 B_SPLINE_CURVE_WITH_KNOTS ( ( 3, 2, 2, 3 ),
 ( 0.05405405405405405705, 0.05855855855855856412, 0.06306306306306307119, 0.06756756756756758520 ),
 .UNSPECIFIED. ) 
 CURVE ( )  GEOMETRIC_REPRESENTATION_ITEM ( )  RATIONAL_B_SPLINE_CURVE ( ( 1.000000000000000000, 0.8660254037844387076, 1.000000000000000000, 0.8660254037844387076, 1.000000000000000000, 0.8660254037844382635, 1.000000000000000444 ) ) 
 REPRESENTATION_ITEM ( '' )  );
#613 = CARTESIAN_POINT ( 'NONE',  ( -0.6249999999999982236, -1.082531754730547302, -4.791666665301070438 ) ) ;
#614 = CARTESIAN_POINT ( 'NONE',  ( -1.520632937499998061, 0.000000000000000000, -16.15624999931720396 ) ) ;
#615 = CARTESIAN_POINT ( 'NONE',  ( 2.651438096812262973E-16, -1.443375672974062107, -11.24999999863440259 ) ) ;
#616 = CARTESIAN_POINT ( 'NONE',  ( 2.651438096812262973E-16, -1.443375672974062107, -14.24999999863440081 ) ) ;
#617 = EDGE_CURVE ( 'NONE', #5803, #6030, #5431, .T. ) ;
#618 = DIRECTION ( 'NONE',  ( 1.000000000000000000, 0.000000000000000000, 0.000000000000000000 ) ) ;
#619 = CARTESIAN_POINT ( 'NONE',  ( 3.225491281404032925E-16, -1.755875671608470467, -2.531249999317200849 ) ) ;
#620 = CARTESIAN_POINT ( 'NONE',  ( 0.7603164687499996965, -1.316906753706352573, -15.55208333265053078 ) ) ;
#621 = CARTESIAN_POINT ( 'NONE',  ( 1.520632937499998061, 1.862238259587409655E-16, -1.906249999317200405 ) ) ;
#622 = CARTESIAN_POINT ( 'NONE',  ( 1.249999999999998002, 0.7216878364870314977, -6.208333333333331261 ) ) ;
#623 = CARTESIAN_POINT ( 'NONE',  ( 3.225491281404033418E-16, -1.755875671608470023, -13.09374999931720041 ) ) ;
#624 = EDGE_CURVE ( 'NONE', #4230, #633, #344, .T. ) ;
#625 = CARTESIAN_POINT ( 'NONE',  ( 0.7603164687499986973, 1.316906753706353017, -4.385416665983866480 ) ) ;
#626 = CARTESIAN_POINT ( 'NONE',  ( -0.7603164687499980312, -1.316906753706353461, -1.072916665983867146 ) ) ;
#627 = CARTESIAN_POINT ( 'NONE',  ( 1.249999999999998002, 1.530808498934189105E-16, -7.624999998634403475 ) ) ;
#628 = CARTESIAN_POINT ( 'NONE',  ( -0.6249999999999982236, -1.082531754730547302, -8.791666665301068662 ) ) ;
#629 = CYLINDRICAL_SURFACE ( 'NONE', #5412, 1.249999999999998002 ) ;
#630 = CARTESIAN_POINT ( 'NONE',  ( -1.249999999999998002, 0.000000000000000000, -13.49999999999999822 ) ) ;
#631 = CARTESIAN_POINT ( 'NONE',  ( -1.075163760468011222E-16, 1.755875671608470023, -4.343749999317200405 ) ) ;
#632 = FACE_OUTER_BOUND ( 'NONE', #1859, .T. ) ;
#633 = VERTEX_POINT ( 'NONE', #2979 ) ;
#634 = CARTESIAN_POINT ( 'NONE',  ( 4.900000000000000355, 0.000000000000000000, -1.750000000000003331 ) ) ;
#635 = CARTESIAN_POINT ( 'NONE',  ( 1.249999999999997780, 0.7216878364870316087, -14.58333333196773651 ) ) ;
#636 = CARTESIAN_POINT ( 'NONE',  ( -1.075163760468011098E-16, 1.755875671608470467, -5.843749999317199517 ) ) ;
#637 = CARTESIAN_POINT ( 'NONE',  ( -1.075163760468011222E-16, 1.755875671608470023, -10.28124999931719685 ) ) ;
#638 = DIRECTION ( 'NONE',  ( -0.000000000000000000, -0.000000000000000000, 1.000000000000000000 ) ) ;
#639 = CARTESIAN_POINT ( 'NONE',  ( -1.249999999999998002, 1.530808498934189105E-16, 0.000000000000000000 ) ) ;
#640 = CARTESIAN_POINT ( 'NONE',  ( -0.6249999999999991118, 1.082531754730546636, -14.58333333333333037 ) ) ;
#641 = ORIENTED_EDGE ( 'NONE', *, *, #6105, .F. ) ;
#642 = CARTESIAN_POINT ( 'NONE',  ( -1.249999999999998002, 0.000000000000000000, -1.874999998634403697 ) ) ;
#643 = ORIENTED_EDGE ( 'NONE', *, *, #4053, .T. ) ;
#644 = CARTESIAN_POINT ( 'NONE',  ( 1.520632937499998283, -0.8779378358042346786, -14.44791666598386648 ) ) ;
#645 = CARTESIAN_POINT ( 'NONE',  ( 1.249999999999998224, -0.7216878364870306095, -3.666666665301070438 ) ) ;
#646 = CARTESIAN_POINT ( 'NONE',  ( 0.7603164687499996965, -1.316906753706352573, -17.48958333265053611 ) ) ;
#647 = CARTESIAN_POINT ( 'NONE',  ( 1.249999999999998002, 1.530808498934189105E-16, -13.24999999999999822 ) ) ;
#648 = CARTESIAN_POINT ( 'NONE',  ( -1.249999999999998002, 0.000000000000000000, -15.87499999863440436 ) ) ;
#649 = CARTESIAN_POINT ( 'NONE',  ( 1.249999999999988898, 0.7216878364870367157, -8.208333333333332149 ) ) ;
#650 = CARTESIAN_POINT ( 'NONE',  ( 1.520632937499998283, -0.8779378358042346786, -5.447916665983866480 ) ) ;
#651 = CARTESIAN_POINT ( 'NONE',  ( 0.7603164687499996965, -1.316906753706352573, -16.05208333265053255 ) ) ;
#652 = CARTESIAN_POINT ( 'NONE',  ( -0.7603164687499992525, 1.316906753706352795, -10.23958333265053433 ) ) ;
#653 = CARTESIAN_POINT ( 'NONE',  ( -0.7603164687499992525, 1.316906753706352795, -1.739583332650533887 ) ) ;
#654 = CARTESIAN_POINT ( 'NONE',  ( 1.249999999999998224, -0.7216878364870306095, -5.791666666666663410 ) ) ;
#655 = EDGE_CURVE ( 'NONE', #1067, #2208, #5153, .T. ) ;
#656 = CARTESIAN_POINT ( 'NONE',  ( 1.520632937499998727, -0.8779378358042346786, -14.51041666598386648 ) ) ;
#657 = CARTESIAN_POINT ( 'NONE',  ( -1.520632937499998283, 0.8779378358042350117, -5.760416665983867368 ) ) ;
#658 = CARTESIAN_POINT ( 'NONE',  ( 1.520632937499998061, 1.862238259587409655E-16, -2.406249999317200849 ) ) ;
#659 = CARTESIAN_POINT ( 'NONE',  ( -1.249999999999998002, 0.000000000000000000, -9.999999999999996447 ) ) ;
#660 = CARTESIAN_POINT ( 'NONE',  ( -1.249999999999998224, 0.7216878364870308316, -11.91666666530106689 ) ) ;
#661 = CARTESIAN_POINT ( 'NONE',  ( -1.249999999999998002, 1.530808498934189105E-16, 0.000000000000000000 ) ) ;
#662 = CARTESIAN_POINT ( 'NONE',  ( 0.6249999999999986677, 1.082531754730546858, -3.166666666666663854 ) ) ;
#663 = EDGE_CURVE ( 'NONE', #2241, #4873, #3622, .T. ) ;
#664 = CARTESIAN_POINT ( 'NONE',  ( -0.7603164687499992525, 1.316906753706352795, -6.802083332650533443 ) ) ;
#665 = EDGE_CURVE ( 'NONE', #7080, #2027, #6493, .T. ) ;
#666 = CARTESIAN_POINT ( 'NONE',  ( 2.651438096812262973E-16, -1.443375672974062107, -6.249999998634403475 ) ) ;
#667 = ORIENTED_EDGE ( 'NONE', *, *, #1441, .F. ) ;
#668 = CARTESIAN_POINT ( 'NONE',  ( 1.249999999999998002, 1.530808498934189105E-16, -15.74999999999999645 ) ) ;
#669 = CARTESIAN_POINT ( 'NONE',  ( 0.6249999999999986677, 1.082531754730546858, -3.541666665301070438 ) ) ;
#670 = CARTESIAN_POINT ( 'NONE',  ( 0.7603164687499996965, -1.316906753706352573, -8.552083332650534331 ) ) ;
#671 = CARTESIAN_POINT ( 'NONE',  ( -1.520632937499997617, -0.8779378358042360109, -10.11458333265053433 ) ) ;
#672 = CARTESIAN_POINT ( 'NONE',  ( 1.249999999999998002, 1.530808498934189105E-16, -13.74999999999999645 ) ) ;
#673 = EDGE_CURVE ( 'NONE', #6375, #4375, #4471, .T. ) ;
#674 = CARTESIAN_POINT ( 'NONE',  ( -0.9913139309090461815, -1.056782011869933813, -17.69600389430226528 ) ) ;
#675 = CARTESIAN_POINT ( 'NONE',  ( 1.249999999999998002, 1.530808498934189105E-16, -14.24999999999999645 ) ) ;
#676 = ORIENTED_EDGE ( 'NONE', *, *, #6019, .T. ) ;
#677 = CARTESIAN_POINT ( 'NONE',  ( -1.249999999999997558, -0.7216878364870317197, -1.833333331967737179 ) ) ;
#678 = ORIENTED_EDGE ( 'NONE', *, *, #4356, .F. ) ;
#679 = CARTESIAN_POINT ( 'NONE',  ( 3.225491281404032925E-16, -1.755875671608470467, -12.53124999931720041 ) ) ;
#680 = CARTESIAN_POINT ( 'NONE',  ( 1.249999999999998002, 1.530808498934189105E-16, -4.124999998634403475 ) ) ;
#681 = CARTESIAN_POINT ( 'NONE',  ( 1.520632937499998061, 1.862238259587409655E-16, -0.4687499993172006829 ) ) ;
#682 = CARTESIAN_POINT ( 'NONE',  ( 0.000000000000000000, 0.000000000000000000, 0.000000000000000000 ) ) ;
#683 = CARTESIAN_POINT ( 'NONE',  ( 1.249999999999998002, 1.530808498934189105E-16, -9.749999999999998224 ) ) ;
#684 = CARTESIAN_POINT ( 'NONE',  ( 1.249999999999998002, 1.530808498934189105E-16, -1.124999998634403919 ) ) ;
#685 = CARTESIAN_POINT ( 'NONE',  ( -1.075163760468011098E-16, 1.755875671608470467, -5.281249999317199517 ) ) ;
#686 = CARTESIAN_POINT ( 'NONE',  ( -1.520632937499997617, -0.8779378358042361219, -14.17708333265053255 ) ) ;
#687 = CARTESIAN_POINT ( 'NONE',  ( 3.225491281404032925E-16, -1.755875671608470467, -9.031249999317200405 ) ) ;
#688 = CARTESIAN_POINT ( 'NONE',  ( 1.520632937499998061, 1.862238259587409655E-16, -5.906249999317199517 ) ) ;
#689 = CARTESIAN_POINT ( 'NONE',  ( -0.6249999999999982236, -1.082531754730547302, -6.916666666666663410 ) ) ;
#690 = CARTESIAN_POINT ( 'NONE',  ( -1.520632937499997617, -0.8779378358042360109, -15.67708333265053433 ) ) ;
#691 = CARTESIAN_POINT ( 'NONE',  ( 1.249999999999998224, -0.7216878364870306095, -16.29166666666666430 ) ) ;
#692 = CARTESIAN_POINT ( 'NONE',  ( 1.520632937499997617, 0.8779378358042356778, -6.927083332650534331 ) ) ;
#693 = CARTESIAN_POINT ( 'NONE',  ( 1.520632937499998283, -0.8779378358042346786, -1.947916665983867368 ) ) ;
#694 = DIRECTION ( 'NONE',  ( -0.000000000000000000, -0.000000000000000000, 1.000000000000000000 ) ) ;
#695 = CARTESIAN_POINT ( 'NONE',  ( -1.249999999999998224, 0.7216878364870308316, -12.91666666530106866 ) ) ;
#696 = CARTESIAN_POINT ( 'NONE',  ( -0.6249999999999991118, 1.082531754730546636, -10.45833333196773651 ) ) ;
#697 = CARTESIAN_POINT ( 'NONE',  ( 0.7603164687499996965, -1.316906753706352573, -6.552083332650533443 ) ) ;
#698 =( BOUNDED_CURVE ( )  B_SPLINE_CURVE ( 2, ( #6421, #4805, #7012, #6534, #4910, #1636, #3735 ),
 .UNSPECIFIED., .F., .T. ) 
 B_SPLINE_CURVE_WITH_KNOTS ( ( 3, 2, 2, 3 ),
 ( 0.8108108108108108558, 0.8153153153153153143, 0.8198198198198197728, 0.8243243243243243423 ),
 .UNSPECIFIED. ) 
 CURVE ( )  GEOMETRIC_REPRESENTATION_ITEM ( )  RATIONAL_B_SPLINE_CURVE ( ( 1.000000000000000000, 0.8660254037844387076, 1.000000000000000000, 0.8660254037844387076, 1.000000000000000000, 0.8660254037844387076, 1.000000000000000000 ) ) 
 REPRESENTATION_ITEM ( '' )  );
#699 = CARTESIAN_POINT ( 'NONE',  ( -1.249999999999998002, 0.000000000000000000, -6.374999998634403475 ) ) ;
#700 = ORIENTED_EDGE ( 'NONE', *, *, #6194, .T. ) ;
#701 = CARTESIAN_POINT ( 'NONE',  ( -1.249999999999998002, 1.530808498934189105E-16, 0.000000000000000000 ) ) ;
#702 = CARTESIAN_POINT ( 'NONE',  ( -8.838126989374211143E-17, 1.443375672974062107, -3.499999998634403475 ) ) ;
#703 = CARTESIAN_POINT ( 'NONE',  ( -1.075163760468011098E-16, 1.755875671608470467, -8.343749999317198629 ) ) ;
#704 = VECTOR ( 'NONE', #139, 1000.000000000000000 ) ;
#705 = CARTESIAN_POINT ( 'NONE',  ( -0.7603164687499980312, -1.316906753706353461, -10.57291666598386648 ) ) ;
#706 = CARTESIAN_POINT ( 'NONE',  ( -0.6249999999999982236, -1.082531754730547302, -7.791666665301069550 ) ) ;
#707 = CARTESIAN_POINT ( 'NONE',  ( 1.249999999999998224, -0.7216878364870306095, -14.29166666666666430 ) ) ;
#708 = VECTOR ( 'NONE', #6743, 1000.000000000000000 ) ;
#709 = EDGE_CURVE ( 'NONE', #5679, #6927, #1801, .T. ) ;
#710 = ORIENTED_EDGE ( 'NONE', *, *, #5793, .T. ) ;
#711 = LINE ( 'NONE', #2850, #6568 ) ;
#712 = ORIENTED_EDGE ( 'NONE', *, *, #4703, .F. ) ;
#713 = CARTESIAN_POINT ( 'NONE',  ( -0.7603164687499992525, 1.316906753706352795, -13.23958333265053255 ) ) ;
#714 = CARTESIAN_POINT ( 'NONE',  ( 1.249999999999998224, -0.7216878364870306095, -4.666666665301069550 ) ) ;
#715 = CARTESIAN_POINT ( 'NONE',  ( 1.520632937499998061, 1.862238259587409655E-16, -0.9687499993172007384 ) ) ;
#716 = FACE_OUTER_BOUND ( 'NONE', #4559, .T. ) ;
#717 = AXIS2_PLACEMENT_3D ( 'NONE', #3014, #3549, #271 ) ;
#718 = CARTESIAN_POINT ( 'NONE',  ( -0.6249999999999982236, -1.082531754730547302, -9.916666666666664298 ) ) ;
#719 = CARTESIAN_POINT ( 'NONE',  ( -1.249999999999997558, -0.7216878364870317197, -3.458333333333330373 ) ) ;
#720 = ORIENTED_EDGE ( 'NONE', *, *, #2167, .F. ) ;
#721 = CARTESIAN_POINT ( 'NONE',  ( -1.075163760468011098E-16, 1.755875671608470467, -5.781249999317198629 ) ) ;
#722 = CARTESIAN_POINT ( 'NONE',  ( -1.520632937499998283, 0.8779378358042350117, -13.76041666598386648 ) ) ;
#723 = CARTESIAN_POINT ( 'NONE',  ( -1.075163760468011098E-16, 1.755875671608470467, -12.28124999931720396 ) ) ;
#724 = CARTESIAN_POINT ( 'NONE',  ( 1.520632937499997617, 0.8779378358042356778, -6.864583332650533443 ) ) ;
#725 = CARTESIAN_POINT ( 'NONE',  ( -0.6249999999999991118, 1.082531754730546636, -7.583333333333330373 ) ) ;
#726 = CARTESIAN_POINT ( 'NONE',  ( -1.520632937499997617, -0.8779378358042360109, -13.67708333265053433 ) ) ;
#727 = CARTESIAN_POINT ( 'NONE',  ( -0.6249999999999982236, -1.082531754730547302, -17.91666666666666075 ) ) ;
#728 = CARTESIAN_POINT ( 'NONE',  ( 1.520632937499997617, 0.8779378358042356778, -7.427083332650533443 ) ) ;
#729 = CARTESIAN_POINT ( 'NONE',  ( -1.520632937499997617, -0.8779378358042361219, -4.614583332650533443 ) ) ;
#730 = CARTESIAN_POINT ( 'NONE',  ( 0.6550456539502585995, 1.109119598118984751, -17.52712964230817150 ) ) ;
#731 = CARTESIAN_POINT ( 'NONE',  ( 0.6249999999999995559, -1.082531754730546414, -12.20833333196773651 ) ) ;
#732 = CARTESIAN_POINT ( 'NONE',  ( 0.000000000000000000, 0.000000000000000000, 0.000000000000000000 ) ) ;
#733 = CARTESIAN_POINT ( 'NONE',  ( 1.520632937499998727, -0.8779378358042346786, -6.010416665983867368 ) ) ;
#734 = CARTESIAN_POINT ( 'NONE',  ( -8.838126989374211143E-17, 1.443375672974062107, -9.999999998634402587 ) ) ;
#735 = ORIENTED_EDGE ( 'NONE', *, *, #1134, .F. ) ;
#736 = CARTESIAN_POINT ( 'NONE',  ( 2.651438096812262973E-16, -1.443375672974062107, -15.37499999999999645 ) ) ;
#737 = CARTESIAN_POINT ( 'NONE',  ( -1.249999999999998002, 0.000000000000000000, -12.87499999863440259 ) ) ;
#738 = AXIS2_PLACEMENT_3D ( 'NONE', #4010, #210, #3052 ) ;
#739 = CARTESIAN_POINT ( 'NONE',  ( 0.7603164687499996965, -1.316906753706352573, -7.552083332650533443 ) ) ;
#740 = CARTESIAN_POINT ( 'NONE',  ( -1.520632937499998061, 0.000000000000000000, -12.15624999931719863 ) ) ;
#741 = CARTESIAN_POINT ( 'NONE',  ( -0.6852882945524673142, -1.262735379859081686, -17.68375194810375461 ) ) ;
#742 = EDGE_CURVE ( 'NONE', #2574, #4919, #5203, .T. ) ;
#743 =( BOUNDED_CURVE ( )  B_SPLINE_CURVE ( 2, ( #6190, #3109, #6329, #4005, #5780, #5279, #1978 ),
 .UNSPECIFIED., .F., .T. ) 
 B_SPLINE_CURVE_WITH_KNOTS ( ( 3, 2, 2, 3 ),
 ( 0.7972972972972972583, 0.8018018018018018278, 0.8063063063063062863, 0.8108108108108108558 ),
 .UNSPECIFIED. ) 
 CURVE ( )  GEOMETRIC_REPRESENTATION_ITEM ( )  RATIONAL_B_SPLINE_CURVE ( ( 1.000000000000000000, 0.8660254037844387076, 1.000000000000000000, 0.8660254037844387076, 1.000000000000000000, 0.8660254037844387076, 1.000000000000000000 ) ) 
 REPRESENTATION_ITEM ( '' )  );
#744 = VECTOR ( 'NONE', #6798, 1000.000000000000000 ) ;
#745 = ORIENTED_EDGE ( 'NONE', *, *, #3972, .T. ) ;
#746 = CARTESIAN_POINT ( 'NONE',  ( 1.250000000000006439, 0.7216878364870263907, -5.583333331967738289 ) ) ;
#747 = VERTEX_POINT ( 'NONE', #5255 ) ;
#748 = CARTESIAN_POINT ( 'NONE',  ( 1.520632937499997617, 0.8779378358042356778, -12.86458333265053255 ) ) ;
#749 = CARTESIAN_POINT ( 'NONE',  ( 1.249999999999998002, 1.530808498934189105E-16, -5.624999998634403475 ) ) ;
#750 = CARTESIAN_POINT ( 'NONE',  ( -0.7603164687499992525, 1.316906753706352795, -0.8020833326505339977 ) ) ;
#751 = DIRECTION ( 'NONE',  ( -0.000000000000000000, -0.000000000000000000, 1.000000000000000000 ) ) ;
#752 = CONICAL_SURFACE ( 'NONE', #2799, 1.249999999999998002, 0.7853981633974509435 ) ;
#753 = ADVANCED_FACE ( 'NONE', ( #5940 ), #382, .F. ) ;
#754 = CARTESIAN_POINT ( 'NONE',  ( 1.249999999999998002, 0.7216878364870314977, -16.08333333196773651 ) ) ;
#755 = ORIENTED_EDGE ( 'NONE', *, *, #4444, .T. ) ;
#756 = CARTESIAN_POINT ( 'NONE',  ( 3.225491281404032925E-16, -1.755875671608470467, -6.031249999317199517 ) ) ;
#757 = CARTESIAN_POINT ( 'NONE',  ( -1.520632937499997617, -0.8779378358042361219, -15.17708333265053433 ) ) ;
#758 = CARTESIAN_POINT ( 'NONE',  ( 3.225491281404032925E-16, -1.755875671608470467, -12.53124999931720041 ) ) ;
#759 = CARTESIAN_POINT ( 'NONE',  ( 1.520632937499998727, -0.8779378358042346786, -4.947916665983867368 ) ) ;
#760 = CARTESIAN_POINT ( 'NONE',  ( 0.6249999999999986677, 1.082531754730546858, -8.166666666666664298 ) ) ;
#761 = CARTESIAN_POINT ( 'NONE',  ( 1.520632937499998727, -0.8779378358042346786, -15.01041666598386826 ) ) ;
#762 = CARTESIAN_POINT ( 'NONE',  ( -1.249999999999998224, 0.7216878364870308316, -15.54166666666666252 ) ) ;
#763 = CARTESIAN_POINT ( 'NONE',  ( 0.7603164687499986973, 1.316906753706353017, -6.385416665983866480 ) ) ;
#764 = FACE_OUTER_BOUND ( 'NONE', #4987, .T. ) ;
#765 = CARTESIAN_POINT ( 'NONE',  ( -0.6249999999999982236, -1.082531754730547302, -12.79166666530107044 ) ) ;
#766 = CARTESIAN_POINT ( 'NONE',  ( -0.6249999999999982236, -1.082531754730547302, -1.916666666666664076 ) ) ;
#767 = CARTESIAN_POINT ( 'NONE',  ( -1.075163760468011222E-16, 1.755875671608470023, -7.343749999317199517 ) ) ;
#768 = CARTESIAN_POINT ( 'NONE',  ( -1.249999999999998002, 0.000000000000000000, -12.99999999999999822 ) ) ;
#769 = ORIENTED_EDGE ( 'NONE', *, *, #1892, .T. ) ;
#770 = CARTESIAN_POINT ( 'NONE',  ( 0.6249999999999986677, 1.082531754730546858, -8.041666665301068662 ) ) ;
#771 = CARTESIAN_POINT ( 'NONE',  ( -8.838126989374211143E-17, 1.443375672974062107, -15.99999999863440436 ) ) ;
#772 = CARTESIAN_POINT ( 'NONE',  ( 1.520632937499998061, 1.862238259587409655E-16, -9.968749999317200405 ) ) ;
#773 = CARTESIAN_POINT ( 'NONE',  ( 3.225491281404033418E-16, -1.755875671608470023, -13.03124999931720041 ) ) ;
#774 = CARTESIAN_POINT ( 'NONE',  ( -0.6249999999999991118, 1.082531754730546636, -6.083333333333331261 ) ) ;
#775 = CARTESIAN_POINT ( 'NONE',  ( 2.651438096812262973E-16, -1.443375672974062107, -0.8749999999999973355 ) ) ;
#776 = ORIENTED_EDGE ( 'NONE', *, *, #973, .F. ) ;
#777 = CARTESIAN_POINT ( 'NONE',  ( 1.249999999999997780, 0.7216878364870316087, -2.083333331967737401 ) ) ;
#778 = EDGE_LOOP ( 'NONE', ( #3383, #6280, #3876, #2600 ) ) ;
#779 = CARTESIAN_POINT ( 'NONE',  ( 1.520632937499998283, -0.8779378358042346786, -13.44791666598386470 ) ) ;
#780 = CARTESIAN_POINT ( 'NONE',  ( 0.6249999999999995559, -1.082531754730546414, -8.208333331967736513 ) ) ;
#781 = CARTESIAN_POINT ( 'NONE',  ( -1.520632937499997617, -0.8779378358042361219, -1.677083332650533887 ) ) ;
#782 = CARTESIAN_POINT ( 'NONE',  ( -1.249999999999998002, 0.000000000000000000, -3.999999999999996447 ) ) ;
#783 = CARTESIAN_POINT ( 'NONE',  ( -0.6249999999999982236, -1.082531754730547302, -16.79166666530107221 ) ) ;
#784 = DIRECTION ( 'NONE',  ( -0.000000000000000000, -0.000000000000000000, 1.000000000000000000 ) ) ;
#785 = ADVANCED_FACE ( 'NONE', ( #1591 ), #6447, .T. ) ;
#786 = ORIENTED_EDGE ( 'NONE', *, *, #5219, .F. ) ;
#787 = CARTESIAN_POINT ( 'NONE',  ( -1.520632937499998061, 0.000000000000000000, -6.656249999317200405 ) ) ;
#788 = CARTESIAN_POINT ( 'NONE',  ( -1.075163760468011098E-16, 1.755875671608470467, -17.34374999931720041 ) ) ;
#789 = CARTESIAN_POINT ( 'NONE',  ( -0.7603164687499992525, 1.316906753706352795, -12.23958333265053433 ) ) ;
#790 = CARTESIAN_POINT ( 'NONE',  ( 0.7603164687499986973, 1.316906753706353017, -5.322916665983866480 ) ) ;
#791 = CARTESIAN_POINT ( 'NONE',  ( 2.651438096812262973E-16, -1.443375672974062107, -8.374999999999996447 ) ) ;
#792 = CARTESIAN_POINT ( 'NONE',  ( 0.7603164687499996965, -1.316906753706352573, -17.55208333265053611 ) ) ;
#793 = CARTESIAN_POINT ( 'NONE',  ( -1.520632937499998727, 0.8779378358042350117, -16.69791666598386826 ) ) ;
#794 = ADVANCED_FACE ( 'NONE', ( #2668 ), #1481, .F. ) ;
#795 = CARTESIAN_POINT ( 'NONE',  ( -8.838126989374211143E-17, 1.443375672974062107, -16.62499999999999289 ) ) ;
#796 = CARTESIAN_POINT ( 'NONE',  ( 1.520632937499997617, 0.8779378358042356778, -6.427083332650533443 ) ) ;
#797 = CARTESIAN_POINT ( 'NONE',  ( 0.7603164687499986973, 1.316906753706353017, -4.322916665983866480 ) ) ;
#798 = CARTESIAN_POINT ( 'NONE',  ( 0.1704119769694814324, 1.257202453955974963, -17.50720245674856912 ) ) ;
#799 = CARTESIAN_POINT ( 'NONE',  ( 2.651438096812262973E-16, -1.443375672974062107, -2.374999999999997335 ) ) ;
#800 = CARTESIAN_POINT ( 'NONE',  ( -1.520632937499998727, 0.8779378358042350117, -8.260416665983866480 ) ) ;
#801 = CARTESIAN_POINT ( 'NONE',  ( 1.249999999999988898, 0.7216878364870367157, -3.708333333333329929 ) ) ;
#802 = ORIENTED_EDGE ( 'NONE', *, *, #5219, .T. ) ;
#803 = CARTESIAN_POINT ( 'NONE',  ( -1.249999999999998002, 0.000000000000000000, -12.49999999999999645 ) ) ;
#804 = CARTESIAN_POINT ( 'NONE',  ( -0.6249999999999991118, 1.082531754730546636, -4.458333331967737401 ) ) ;
#805 = CARTESIAN_POINT ( 'NONE',  ( -1.075163760468011098E-16, 1.755875671608470467, -8.843749999317198629 ) ) ;
#806 = CARTESIAN_POINT ( 'NONE',  ( 3.225491281404033418E-16, -1.755875671608470023, -12.53124999931720041 ) ) ;
#807 = CARTESIAN_POINT ( 'NONE',  ( -0.7603164687499992525, 1.316906753706352795, -2.802083332650534331 ) ) ;
#808 = CARTESIAN_POINT ( 'NONE',  ( -1.476346227756935914, -0.3705027947289578072, -17.72634622775678181 ) ) ;
#809 = CARTESIAN_POINT ( 'NONE',  ( 1.520632937499998283, -0.8779378358042346786, 0.05208333401613270824 ) ) ;
#810 = VERTEX_POINT ( 'NONE', #6411 ) ;
#811 = CIRCLE ( 'NONE', #3548, 1.249999999999998002 ) ;
#812 = ORIENTED_EDGE ( 'NONE', *, *, #1404, .F. ) ;
#813 = CARTESIAN_POINT ( 'NONE',  ( -0.7603164687499980312, -1.316906753706353461, -16.07291666598386826 ) ) ;
#814 = CARTESIAN_POINT ( 'NONE',  ( -8.838126989374211143E-17, 1.443375672974062107, -6.999999998634403475 ) ) ;
#815 = CARTESIAN_POINT ( 'NONE',  ( 1.520632937499997617, 0.8779378358042356778, -1.427083332650533665 ) ) ;
#816 = CARTESIAN_POINT ( 'NONE',  ( -8.838126989374211143E-17, 1.443375672974062107, -12.99999999863440081 ) ) ;
#817 = CARTESIAN_POINT ( 'NONE',  ( 1.520632937499998283, -0.8779378358042346786, -15.01041666598386826 ) ) ;
#818 = AXIS2_PLACEMENT_3D ( 'NONE', #4257, #1998, #423 ) ;
#819 = CARTESIAN_POINT ( 'NONE',  ( 1.249999999999998002, 1.530808498934189105E-16, -18.12499999863440436 ) ) ;
#820 = CARTESIAN_POINT ( 'NONE',  ( 0.000000000000000000, 0.000000000000000000, -2.000000000000000000 ) ) ;
#821 = VERTEX_POINT ( 'NONE', #4293 ) ;
#822 = CARTESIAN_POINT ( 'NONE',  ( 1.520632937499998283, -0.8779378358042346786, -8.447916665983866480 ) ) ;
#823 = CARTESIAN_POINT ( 'NONE',  ( 0.7603164687499986973, 1.316906753706353017, -17.88541666598386826 ) ) ;
#824 = CARTESIAN_POINT ( 'NONE',  ( -1.520632937499997617, -0.8779378358042361219, -11.61458333265053433 ) ) ;
#825 = SECURITY_CLASSIFICATION ( '', '', #4871 ) ;
#826 = CARTESIAN_POINT ( 'NONE',  ( -1.075163760468011222E-16, 1.755875671608470023, -5.781249999317200405 ) ) ;
#827 = CARTESIAN_POINT ( 'NONE',  ( 1.249999999999998224, -0.7216878364870306095, -9.791666666666664298 ) ) ;
#828 = CARTESIAN_POINT ( 'NONE',  ( -1.520632937499998061, 0.000000000000000000, -17.21874999931720041 ) ) ;
#829 = EDGE_CURVE ( 'NONE', #1786, #1378, #3130, .T. ) ;
#830 = CARTESIAN_POINT ( 'NONE',  ( 1.520632937499997617, 0.8779378358042356778, -16.86458333265053611 ) ) ;
#831 = CARTESIAN_POINT ( 'NONE',  ( -1.249999999999997780, -0.7216878364870316087, -16.95833333333332860 ) ) ;
#832 = CARTESIAN_POINT ( 'NONE',  ( 1.520632937499997617, 0.8779378358042356778, -8.427083332650534331 ) ) ;
#833 = CARTESIAN_POINT ( 'NONE',  ( -1.520632937499998283, 0.8779378358042350117, -3.697916665983867368 ) ) ;
#834 = CARTESIAN_POINT ( 'NONE',  ( 1.249757251921568502, 0.4131789479326164471, -17.56358060770637053 ) ) ;
#835 = CARTESIAN_POINT ( 'NONE',  ( 1.249999999999998002, 1.530808498934189105E-16, -0.7499999999999974465 ) ) ;
#836 = CARTESIAN_POINT ( 'NONE',  ( -1.520632937499998727, 0.8779378358042350117, -8.760416665983866480 ) ) ;
#837 = CARTESIAN_POINT ( 'NONE',  ( 1.249999999999998002, 1.530808498934189105E-16, -11.24999999999999822 ) ) ;
#838 = ORIENTED_EDGE ( 'NONE', *, *, #358, .T. ) ;
#839 = CARTESIAN_POINT ( 'NONE',  ( -0.6249999999999982236, -1.082531754730547302, -15.41666666666666430 ) ) ;
#840 = CARTESIAN_POINT ( 'NONE',  ( 1.249999999999998002, 1.530808498934189105E-16, -3.749999999999996891 ) ) ;
#841 = CARTESIAN_POINT ( 'NONE',  ( -1.075163760468011098E-16, 1.755875671608470467, -12.34374999931720041 ) ) ;
#842 = CARTESIAN_POINT ( 'NONE',  ( 0.7603164687499986973, 1.316906753706353017, -14.32291666598386648 ) ) ;
#843 = CARTESIAN_POINT ( 'NONE',  ( 3.225491281404033418E-16, -1.755875671608470023, -2.093749999317200849 ) ) ;
#844 = CARTESIAN_POINT ( 'NONE',  ( 1.520632937499998283, -0.8779378358042346786, -0.01041666598386730043 ) ) ;
#845 = CYLINDRICAL_SURFACE ( 'NONE', #941, 1.249999999999998002 ) ;
#846 = VECTOR ( 'NONE', #5112, 1000.000000000000000 ) ;
#847 = ORIENTED_EDGE ( 'NONE', *, *, #5270, .F. ) ;
#848 = CARTESIAN_POINT ( 'NONE',  ( 0.6249999999999986677, 1.082531754730546858, -9.541666665301070438 ) ) ;
#849 = ORIENTED_EDGE ( 'NONE', *, *, #1178, .F. ) ;
#850 = CARTESIAN_POINT ( 'NONE',  ( 3.225491281404032925E-16, -1.755875671608470467, -17.03124999931720041 ) ) ;
#851 = CARTESIAN_POINT ( 'NONE',  ( 1.249999999999998002, 0.7216878364870314977, -6.583333331967737401 ) ) ;
#852 = CARTESIAN_POINT ( 'NONE',  ( -1.520632937499997617, -0.8779378358042361219, -3.677083332650533443 ) ) ;
#853 = CARTESIAN_POINT ( 'NONE',  ( 1.249999999999989120, -0.7216878364870357165, -5.666666665301070438 ) ) ;
#854 = VECTOR ( 'NONE', #1248, 1000.000000000000000 ) ;
#855 = CARTESIAN_POINT ( 'NONE',  ( 1.249999999999997780, 0.7216878364870316087, -12.20833333333333215 ) ) ;
#856 = CARTESIAN_POINT ( 'NONE',  ( -1.461931348836000844, 0.3771831341721157416, -0.2494371149314862368 ) ) ;
#857 = ORIENTED_EDGE ( 'NONE', *, *, #3193, .T. ) ;
#858 = CARTESIAN_POINT ( 'NONE',  ( -1.520632937499998283, 0.8779378358042350117, -10.19791666598386648 ) ) ;
#859 = AXIS2_PLACEMENT_3D ( 'NONE', #6853, #1918, #4047 ) ;
#860 = CARTESIAN_POINT ( 'NONE',  ( -1.520632937499997617, -0.8779378358042361219, -16.67708333265053611 ) ) ;
#861 = CARTESIAN_POINT ( 'NONE',  ( -1.249999999999997558, -0.7216878364870317197, -5.458333333333329485 ) ) ;
#862 = CARTESIAN_POINT ( 'NONE',  ( -1.075163760468011222E-16, 1.755875671608470023, -9.281249999317200405 ) ) ;
#863 = CARTESIAN_POINT ( 'NONE',  ( -0.6249999999999991118, 1.082531754730546636, -10.08333333333333215 ) ) ;
#864 = CARTESIAN_POINT ( 'NONE',  ( 1.520632937499998727, -0.8779378358042346786, -17.51041666598386826 ) ) ;
#865 = CARTESIAN_POINT ( 'NONE',  ( 1.249999999999998002, 1.530808498934189105E-16, -17.24999999999999289 ) ) ;
#866 = CARTESIAN_POINT ( 'NONE',  ( -0.7603164687499992525, 1.316906753706352795, -1.239583332650533887 ) ) ;
#867 = CARTESIAN_POINT ( 'NONE',  ( 0.7603164687499986973, 1.316906753706353017, -9.885416665983866480 ) ) ;
#868 = CARTESIAN_POINT ( 'NONE',  ( 0.7603164687499986973, 1.316906753706353017, -4.822916665983867368 ) ) ;
#869 = EDGE_CURVE ( 'NONE', #6790, #4204, #951, .T. ) ;
#870 = LINE ( 'NONE', #4607, #846 ) ;
#871 = CARTESIAN_POINT ( 'NONE',  ( 0.6249999999999995559, -1.082531754730546414, -2.333333333333330373 ) ) ;
#872 = CARTESIAN_POINT ( 'NONE',  ( -1.520632937499997617, -0.8779378358042360109, -9.177083332650532554 ) ) ;
#873 = CARTESIAN_POINT ( 'NONE',  ( -0.6249999999999991118, 1.082531754730546636, -3.583333333333330373 ) ) ;
#874 =( BOUNDED_CURVE ( )  B_SPLINE_CURVE ( 2, ( #1397, #2519, #3113, #3540, #5748, #5784, #903 ),
 .UNSPECIFIED., .F., .T. ) 
 B_SPLINE_CURVE_WITH_KNOTS ( ( 3, 2, 2, 3 ),
 ( 0.3243243243243243423, 0.3288288288288288563, 0.3333333333333332593, 0.3378378378378377733 ),
 .UNSPECIFIED. ) 
 CURVE ( )  GEOMETRIC_REPRESENTATION_ITEM ( )  RATIONAL_B_SPLINE_CURVE ( ( 1.000000000000000000, 0.8660254037844387076, 1.000000000000000000, 0.8660254037844387076, 1.000000000000000000, 0.8660254037844403729, 0.9999999999999983347 ) ) 
 REPRESENTATION_ITEM ( '' )  );
#875 = ORIENTED_EDGE ( 'NONE', *, *, #4664, .F. ) ;
#876 = CARTESIAN_POINT ( 'NONE',  ( -1.520632937499998061, 0.000000000000000000, -2.218749999317200849 ) ) ;
#877 = EDGE_CURVE ( 'NONE', #3946, #5679, #7005, .T. ) ;
#878 = DIRECTION ( 'NONE',  ( -1.000000000000000000, 0.000000000000000000, 0.000000000000000000 ) ) ;
#879 = CARTESIAN_POINT ( 'NONE',  ( 1.249999999999998002, 1.530808498934189105E-16, -13.12499999863440259 ) ) ;
#880 = ADVANCED_FACE ( 'NONE', ( #26 ), #6665, .F. ) ;
#881 = CARTESIAN_POINT ( 'NONE',  ( -0.7603164687499992525, 1.316906753706352795, -11.30208333265053255 ) ) ;
#882 = CARTESIAN_POINT ( 'NONE',  ( -1.520632937499998061, 0.000000000000000000, -12.65624999931720041 ) ) ;
#883 = CARTESIAN_POINT ( 'NONE',  ( 1.520632937499998061, 1.862238259587409655E-16, -1.468749999317200627 ) ) ;
#884 = CARTESIAN_POINT ( 'NONE',  ( -1.075163760468011098E-16, 1.755875671608470467, -0.8437499993172006274 ) ) ;
#885 = ORIENTED_EDGE ( 'NONE', *, *, #5188, .F. ) ;
#886 = CARTESIAN_POINT ( 'NONE',  ( -1.249999999999998002, 0.000000000000000000, -1.999999999999997335 ) ) ;
#887 = ADVANCED_FACE ( 'NONE', ( #3403 ), #59, .F. ) ;
#888 = EDGE_LOOP ( 'NONE', ( #2074, #710, #3051, #1926 ) ) ;
#889 = CARTESIAN_POINT ( 'NONE',  ( -1.075163760468011098E-16, 1.755875671608470467, -16.28124999931720396 ) ) ;
#890 = CARTESIAN_POINT ( 'NONE',  ( -0.6249999999999991118, 1.082531754730546636, -6.458333331967737401 ) ) ;
#891 = CARTESIAN_POINT ( 'NONE',  ( -1.520632937499997617, -0.8779378358042361219, -3.177083332650533887 ) ) ;
#892 = DIRECTION ( 'NONE',  ( 1.000000000000000000, 0.000000000000000000, 0.000000000000000000 ) ) ;
#893 = CARTESIAN_POINT ( 'NONE',  ( 1.520632937499998061, 1.862238259587409655E-16, -16.96874999931720041 ) ) ;
#894 = CARTESIAN_POINT ( 'NONE',  ( -0.7019817812339326224, 1.346382643631176323, -0.2377230085325889586 ) ) ;
#895 = VERTEX_POINT ( 'NONE', #2210 ) ;
#896 = CARTESIAN_POINT ( 'NONE',  ( 1.520632937499998283, -0.8779378358042346786, -8.947916665983868256 ) ) ;
#897 = CARTESIAN_POINT ( 'NONE',  ( 1.520632937499998283, -0.8779378358042346786, -16.51041666598386826 ) ) ;
#898 = CARTESIAN_POINT ( 'NONE',  ( -1.520632937499998061, 0.000000000000000000, -14.65624999931720041 ) ) ;
#899 = CARTESIAN_POINT ( 'NONE',  ( 1.249999999999998002, 1.530808498934189105E-16, -5.249999999999997335 ) ) ;
#900 = CARTESIAN_POINT ( 'NONE',  ( -1.075163760468011222E-16, 1.755875671608470023, -8.781249999317200405 ) ) ;
#901 = CARTESIAN_POINT ( 'NONE',  ( -1.249999999999997780, -0.7216878364870316087, -8.458333333333332149 ) ) ;
#902 = CARTESIAN_POINT ( 'NONE',  ( 0.7603164687499996965, -1.316906753706352573, -16.55208333265053255 ) ) ;
#903 = CARTESIAN_POINT ( 'NONE',  ( 1.249999999999998002, 1.530808498934189105E-16, -5.749999999999996447 ) ) ;
#904 = CARTESIAN_POINT ( 'NONE',  ( 1.520632937499998283, -0.8779378358042346786, -1.947916665983867368 ) ) ;
#905 = CARTESIAN_POINT ( 'NONE',  ( -1.520632937499997617, -0.8779378358042361219, -8.677083332650534331 ) ) ;
#906 = CARTESIAN_POINT ( 'NONE',  ( 1.520632937499998061, 1.862238259587409655E-16, -6.406249999317200405 ) ) ;
#907 = CARTESIAN_POINT ( 'NONE',  ( 1.249999999999998002, 1.530808498934189105E-16, -15.24999999999999822 ) ) ;
#908 = CARTESIAN_POINT ( 'NONE',  ( -0.6249999999999982236, -1.082531754730547302, -0.9166666666666639651 ) ) ;
#909 = CARTESIAN_POINT ( 'NONE',  ( 0.7603164687499986973, 1.316906753706353017, -10.88541666598386648 ) ) ;
#910 = DIRECTION ( 'NONE',  ( 1.000000000000000000, 0.000000000000000000, 0.000000000000000000 ) ) ;
#911 = ORIENTED_EDGE ( 'NONE', *, *, #1094, .F. ) ;
#912 = CARTESIAN_POINT ( 'NONE',  ( 0.6249999999999986677, 1.082531754730546858, -12.54166666530106866 ) ) ;
#913 = FACE_OUTER_BOUND ( 'NONE', #4667, .T. ) ;
#914 = CARTESIAN_POINT ( 'NONE',  ( -1.520632937499998061, 0.000000000000000000, -12.21874999931719863 ) ) ;
#915 = CARTESIAN_POINT ( 'NONE',  ( -1.520632937499998061, 0.000000000000000000, -13.15624999931720041 ) ) ;
#916 = CARTESIAN_POINT ( 'NONE',  ( 1.520632937499997617, 0.8779378358042356778, -2.427083332650533887 ) ) ;
#917 = CARTESIAN_POINT ( 'NONE',  ( 0.7603164687499996965, -1.316906753706352573, -0.5520833326505338867 ) ) ;
#918 =( BOUNDED_CURVE ( )  B_SPLINE_CURVE ( 2, ( #1306, #3486, #4191, #6933, #5295, #5725, #1921, #1411, #4692, #1889, #4050, #3626, #5799, #3519, #5835, #6311, #2498, #2569, #4119, #5226, #2033, #5194, #2426, #4729, #6821, #6381, #2534, #955, #3556, #277, #883, #3660, #5260, #3128, #348, #3021, #1375, #4083, #1485, #6348, #6894, #6856, #2462, #386, #4618, #843, #4582, #1997, #314, #4650, #6786, #4155, #6237, #916, #3055, #1343, #3591, #1449, #6273, #5762, #5684, #3088, #807, #2984, #5157, #1960, #6017, #2708, #3304, #1091, #3866, #3765, #4941, #6565, #598, #496, #533, #2673, #4870, #4364, #7077, #1123, #3729, #3799, #5981, #1665, #4834, #3339, #5944, #6600, #6633, #2179, #1630, #4432, #3273, #4329, #5907, #5437, #4906, #631, #5471, #6051, #2281, #6529, #2771, #5507, #30, #564, #2741, #2213, #1055, #3834, #2143, #62, #2249, #4400, #1698, #1158, #7044, #2806, #4974, #96, #1023, #3202, #5364, #4297, #6491, #1594, #3238, #5402, #6192, #3937, #3900, #206, #6707, #2313, #5541, #6230, #2839, #733, #5006, #2385, #1880, #2944, #1732, #5043, #6085, #5149, #2348, #2976, #1809, #6121, #697, #4540, #2452, #3971, #1226, #270, #664, #6741, #2872, #168, #1843, #3408, #130, #1298, #4041, #3478, #5645, #4007, #1336, #767, #5609, #4505, #6156, #1264, #4470, #3512, #6669, #2911, #1770, #5116, #5677, #236, #1193, #3444, #3373, #4610, #5081, #5575, #2419, #4576, #6777, #800, #448, #1989, #4110, #5322, #5717, #2563, #5755, #3547, #3081, #1477, #4076, #836, #2058, #2632, #6923, #6303, #4642, #1368, #3012, #4719, #2024, #872, #4184, #6813, #947, #377, #984, #2526, #5863, #6373, #3652, #6887, #3120, #5185, #305, #2489, #3158, #5826, #3048, #5287, #4148, #6958, #6849, #413, #2596, #4754, #1952, #4217, #6406, #5791, #1914, #6340, #1510, #6266, #1442, #3619, #3684, #1403, #3583, #5218, #340, #4682, #909, #5252, #5500, #2170, #1587, #4862, #4934, #6519, #558, #2239, #54, #3330, #1048, #6558, #4390, #1081, #1623, #3791, #7071, #4827, #5973, #3192, #3757, #3266, #5430, #5934, #2136, #6590, #1656, #4899, #2702, #4322, #6992, #21, #6441, #6009, #2735, #5464, #2098, #2205, #7035, #4249, #4355, #3826, #5356, #6484, #3230, #1116, #1689, #3298, #5395, #590, #2765, #623, #3858, #6043, #1149, #4788, #1549, #3722, #4289, #5898, #1015, #487, #2664, #523, #1219, #726, #4461, #1185, #2376, #5107, #198, #6732, #2903, #230, #5072, #6699, #3399, #5034, #2863, #3893, #3962, #6147, #1761, #1800, #5601, #656, #4497, #4032, #1834, #4532, #1255, #3997, #1724, #6184, #162, #6661, #2831, #761, #2797, #3437, #4966, #2272, #5533, #3927, #6077, #6112, #1289, #5566, #5670, #122, #4566, #2411, #88, #690, #2304, #3471, #5639, #4425, #6626, #2937, #6769, #3366, #6222, #4999, #2338, #1873, #1327, #3504, #6879, #3575, #3677, #3111, #5176, #4745, #902, #4210, #1944, #5707, #6333, #2051, #3645, #6399, #5783, #5819, #4139, #1908, #4674, #4636, #939, #5212, #828, #5281, #3005, #6842, #1503, #368, #5744, #864, #792, #4102, #2968, #1434, #4601, #6806, #404 ),
 .UNSPECIFIED., .F., .T. ) 
 B_SPLINE_CURVE_WITH_KNOTS ( ( 3, 2, 2, 2, 2, 2, 2, 2, 2, 2, 2, 2, 2, 2, 2, 2, 2, 2, 2, 2, 2, 2, 2, 2, 2, 2, 2, 2, 2, 2, 2, 2, 2, 2, 2, 2, 2, 2, 2, 2, 2, 2, 2, 2, 2, 2, 2, 2, 2, 2, 2, 2, 2, 2, 2, 2, 2, 2, 2, 2, 2, 2, 2, 2, 2, 2, 2, 2, 2, 2, 2, 2, 2, 2, 2, 2, 2, 2, 2, 2, 2, 2, 2, 2, 2, 2, 2, 2, 2, 2, 2, 2, 2, 2, 2, 2, 2, 2, 2, 2, 2, 2, 2, 2, 2, 2, 2, 2, 2, 2, 2, 2, 2, 2, 2, 2, 2, 2, 2, 2, 2, 2, 2, 2, 2, 2, 2, 2, 2, 2, 2, 2, 2, 2, 2, 2, 2, 2, 2, 2, 2, 2, 2, 2, 2, 2, 2, 2, 2, 2, 2, 2, 2, 2, 2, 2, 2, 2, 2, 2, 2, 2, 2, 2, 2, 2, 2, 2, 2, 2, 2, 2, 2, 2, 2, 2, 2, 2, 2, 2, 2, 2, 2, 2, 2, 2, 2, 2, 2, 2, 2, 2, 2, 2, 2, 2, 2, 2, 2, 2, 2, 2, 2, 2, 2, 2, 2, 2, 2, 2, 2, 3 ),
 ( 0.02765486718846620409, 0.03153153153153152866, 0.03603603603603603572, 0.04054054054054054279, 0.04504504504504504292, 0.04954954954954954999, 0.05405405405405405705, 0.05855855855855855718, 0.06306306306306305731, 0.06756756756756757132, 0.07207207207207207145, 0.07657657657657657158, 0.08108108108108108558, 0.08558558558558558571, 0.09009009009009008584, 0.09459459459459459985, 0.09909909909909909997, 0.1036036036036036001, 0.1081081081081081141, 0.1126126126126126142, 0.1171171171171171144, 0.1216216216216216284, 0.1261261261261261146, 0.1306306306306306286, 0.1351351351351351426, 0.1396396396396396289, 0.1441441441441441429, 0.1486486486486486569, 0.1531531531531531432, 0.1576576576576576572, 0.1621621621621621712, 0.1666666666666666574, 0.1711711711711711714, 0.1756756756756756854, 0.1801801801801801717, 0.1846846846846846857, 0.1891891891891891997, 0.1936936936936936859, 0.1981981981981981999, 0.2027027027027027140, 0.2072072072072072002, 0.2117117117117117142, 0.2162162162162162282, 0.2207207207207207145, 0.2252252252252252285, 0.2297297297297297702, 0.2342342342342342287, 0.2387387387387387427, 0.2432432432432432567, 0.2477477477477477430, 0.2522522522522522292, 0.2567567567567567433, 0.2612612612612612573, 0.2657657657657657713, 0.2702702702702702298, 0.2747747747747747993, 0.2792792792792792578, 0.2837837837837837718, 0.2882882882882882858, 0.2927927927927927998, 0.2972972972972973138, 0.3018018018018018278, 0.3063063063063062863, 0.3108108108108108003, 0.3153153153153153143, 0.3198198198198198838, 0.3243243243243243423, 0.3288288288288288563, 0.3333333333333333148, 0.3378378378378378288, 0.3423423423423423428, 0.3468468468468468568, 0.3513513513513513709, 0.3558558558558558294, 0.3603603603603603434, 0.3648648648648648574, 0.3693693693693693714, 0.3738738738738738854, 0.3783783783783783994, 0.3828828828828828579, 0.3873873873873873719, 0.3918918918918918859, 0.3963963963963963999, 0.4009009009009008584, 0.4054054054054054279, 0.4099099099099098864, 0.4144144144144144004, 0.4189189189189189144, 0.4234234234234234284, 0.4279279279279279424, 0.4324324324324324564, 0.4369369369369369149, 0.4414414414414414289, 0.4459459459459459429, 0.4504504504504504570, 0.4549549549549549710, 0.4594594594594595405, 0.4639639639639639435, 0.4684684684684684575, 0.4729729729729729715, 0.4774774774774774855, 0.4819819819819819995, 0.4864864864864865135, 0.4909909909909909720, 0.4954954954954954860, 0.5000000000000000000, 0.5045045045045044585, 0.5090090090090090280, 0.5135135135135134865, 0.5180180180180180560, 0.5225225225225225145, 0.5270270270270269730, 0.5315315315315315425, 0.5360360360360360010, 0.5405405405405405705, 0.5450450450450450290, 0.5495495495495495986, 0.5540540540540540571, 0.5585585585585585155, 0.5630630630630630851, 0.5675675675675675436, 0.5720720720720721131, 0.5765765765765765716, 0.5810810810810811411, 0.5855855855855855996, 0.5900900900900900581, 0.5945945945945946276, 0.5990990990990990861, 0.6036036036036036556, 0.6081081081081081141, 0.6126126126126125726, 0.6171171171171171421, 0.6216216216216216006, 0.6261261261261261701, 0.6306306306306306286, 0.6351351351351350871, 0.6396396396396396566, 0.6441441441441441151, 0.6486486486486486847, 0.6531531531531531432, 0.6576576576576577127, 0.6621621621621621712, 0.6666666666666666297, 0.6711711711711711992, 0.6756756756756756577, 0.6801801801801802272, 0.6846846846846846857, 0.6891891891891891442, 0.6936936936936937137, 0.6981981981981981722, 0.7027027027027027417, 0.7072072072072072002, 0.7117117117117116587, 0.7162162162162162282, 0.7207207207207207977, 0.7252252252252252562, 0.7297297297297297147, 0.7342342342342342842, 0.7387387387387387427, 0.7432432432432430902, 0.7477477477477477708, 0.7522522522522522292, 0.7567567567567567988, 0.7612612612612612573, 0.7657657657657657158, 0.7702702702702702853, 0.7747747747747747438, 0.7792792792792793133, 0.7837837837837837718, 0.7882882882882883413, 0.7927927927927927998, 0.7972972972972972583, 0.8018018018018018278, 0.8063063063063062863, 0.8108108108108108558, 0.8153153153153153143, 0.8198198198198197728, 0.8243243243243243423, 0.8288288288288288008, 0.8333333333333333703, 0.8378378378378378288, 0.8423423423423422873, 0.8468468468468468568, 0.8513513513513513153, 0.8558558558558558849, 0.8603603603603604544, 0.8648648648648649129, 0.8693693693693693714, 0.8738738738738738299, 0.8783783783783783994, 0.8828828828828827469, 0.8873873873873874274, 0.8918918918918918859, 0.8963963963963963444, 0.9009009009009009139, 0.9054054054054053724, 0.9099099099099099419, 0.9144144144144144004, 0.9189189189189189699, 0.9234234234234234284, 0.9279279279279278869, 0.9324324324324324564, 0.9369369369369369149, 0.9414414414414414845, 0.9459459459459459429, 0.9504504504504504014, 0.9549549549549549710, 0.9594594594594594295, 0.9639639639639639990, 0.9684684684684684575, 0.9729729729729730270, 0.9757424143055305477 ),
 .UNSPECIFIED. ) 
 CURVE ( )  GEOMETRIC_REPRESENTATION_ITEM ( )  RATIONAL_B_SPLINE_CURVE ( ( 0.9678585330616242821, 0.8846988521143519524, 1.000000000000000000, 0.8660254037844387076, 1.000000000000000000, 0.8660254037844387076, 1.000000000000000000, 0.8660254037844387076, 1.000000000000000000, 0.8660254037844387076, 1.000000000000000000, 0.8660254037844387076, 1.000000000000000000, 0.8660254037844387076, 1.000000000000000000, 0.8660254037844387076, 1.000000000000000000, 0.8660254037844387076, 1.000000000000000000, 0.8660254037844387076, 1.000000000000000000, 0.8660254037844387076, 1.000000000000000000, 0.8660254037844387076, 1.000000000000000000, 0.8660254037844387076, 1.000000000000000000, 0.8660254037844387076, 1.000000000000000000, 0.8660254037844387076, 1.000000000000000000, 0.8660254037844387076, 1.000000000000000000, 0.8660254037844387076, 1.000000000000000000, 0.8660254037844387076, 1.000000000000000000, 0.8660254037844387076, 1.000000000000000000, 0.8660254037844387076, 1.000000000000000000, 0.8660254037844387076, 1.000000000000000000, 0.8660254037844387076, 1.000000000000000000, 0.8660254037844387076, 1.000000000000000000, 0.8660254037844387076, 1.000000000000000000, 0.8660254037844387076, 1.000000000000000000, 0.8660254037844387076, 1.000000000000000000, 0.8660254037844387076, 1.000000000000000000, 0.8660254037844387076, 1.000000000000000000, 0.8660254037844387076, 1.000000000000000000, 0.8660254037844387076, 1.000000000000000000, 0.8660254037844387076, 1.000000000000000000, 0.8660254037844387076, 1.000000000000000000, 0.8660254037844387076, 1.000000000000000000, 0.8660254037844387076, 1.000000000000000000, 0.8660254037844387076, 1.000000000000000000, 0.8660254037844387076, 1.000000000000000000, 0.8660254037844387076, 1.000000000000000000, 0.8660254037844387076, 1.000000000000000000, 0.8660254037844387076, 1.000000000000000000, 0.8660254037844387076, 1.000000000000000000, 0.8660254037844387076, 1.000000000000000000, 0.8660254037844387076, 1.000000000000000000, 0.8660254037844387076, 1.000000000000000000, 0.8660254037844387076, 1.000000000000000000, 0.8660254037844387076, 1.000000000000000000, 0.8660254037844387076, 1.000000000000000000, 0.8660254037844387076, 1.000000000000000000, 0.8660254037844387076, 1.000000000000000000, 0.8660254037844387076, 1.000000000000000000, 0.8660254037844387076, 1.000000000000000000, 0.8660254037844387076, 1.000000000000000000, 0.8660254037844387076, 1.000000000000000000, 0.8660254037844387076, 1.000000000000000000, 0.8660254037844387076, 1.000000000000000000, 0.8660254037844387076, 1.000000000000000000, 0.8660254037844387076, 1.000000000000000000, 0.8660254037844387076, 1.000000000000000000, 0.8660254037844387076, 1.000000000000000000, 0.8660254037844387076, 1.000000000000000000, 0.8660254037844387076, 1.000000000000000000, 0.8660254037844387076, 1.000000000000000000, 0.8660254037844387076, 1.000000000000000000, 0.8660254037844387076, 1.000000000000000000, 0.8660254037844387076, 1.000000000000000000, 0.8660254037844387076, 1.000000000000000000, 0.8660254037844387076, 1.000000000000000000, 0.8660254037844387076, 1.000000000000000000, 0.8660254037844387076, 1.000000000000000000, 0.8660254037844387076, 1.000000000000000000, 0.8660254037844387076, 1.000000000000000000, 0.8660254037844387076, 1.000000000000000000, 0.8660254037844387076, 1.000000000000000000, 0.8660254037844387076, 1.000000000000000000, 0.8660254037844387076, 1.000000000000000000, 0.8660254037844387076, 1.000000000000000000, 0.8660254037844387076, 1.000000000000000000, 0.8660254037844387076, 1.000000000000000000, 0.8660254037844387076, 1.000000000000000000, 0.8660254037844387076, 1.000000000000000000, 0.8660254037844387076, 1.000000000000000000, 0.8660254037844387076, 1.000000000000000000, 0.8660254037844387076, 1.000000000000000000, 0.8660254037844387076, 1.000000000000000000, 0.8660254037844387076, 1.000000000000000000, 0.8660254037844387076, 1.000000000000000000, 0.8660254037844387076, 1.000000000000000000, 0.8660254037844387076, 1.000000000000000000, 0.8660254037844387076, 1.000000000000000000, 0.8660254037844387076, 1.000000000000000000, 0.8660254037844387076, 1.000000000000000000, 0.8660254037844387076, 1.000000000000000000, 0.8660254037844387076, 1.000000000000000000, 0.8660254037844387076, 1.000000000000000000, 0.8660254037844387076, 1.000000000000000000, 0.8660254037844387076, 1.000000000000000000, 0.8660254037844387076, 1.000000000000000000, 0.8660254037844387076, 1.000000000000000000, 0.8660254037844387076, 1.000000000000000000, 0.8660254037844387076, 1.000000000000000000, 0.8660254037844387076, 1.000000000000000000, 0.8660254037844387076, 1.000000000000000000, 0.8660254037844387076, 1.000000000000000000, 0.8660254037844387076, 1.000000000000000000, 0.8660254037844387076, 1.000000000000000000, 0.8660254037844387076, 1.000000000000000000, 0.8660254037844387076, 1.000000000000000000, 0.8660254037844387076, 1.000000000000000000, 0.8660254037844387076, 1.000000000000000000, 0.8660254037844387076, 1.000000000000000000, 0.8660254037844387076, 1.000000000000000000, 0.8660254037844387076, 1.000000000000000000, 0.8660254037844387076, 1.000000000000000000, 0.8660254037844387076, 1.000000000000000000, 0.8660254037844387076, 1.000000000000000000, 0.8660254037844387076, 1.000000000000000000, 0.8660254037844387076, 1.000000000000000000, 0.8660254037844387076, 1.000000000000000000, 0.8660254037844387076, 1.000000000000000000, 0.8660254037844387076, 1.000000000000000000, 0.8660254037844387076, 1.000000000000000000, 0.8660254037844387076, 1.000000000000000000, 0.8660254037844387076, 1.000000000000000000, 0.8660254037844387076, 1.000000000000000000, 0.8660254037844387076, 1.000000000000000000, 0.8660254037844387076, 1.000000000000000000, 0.8660254037844387076, 1.000000000000000000, 0.8660254037844387076, 1.000000000000000000, 0.8660254037844387076, 1.000000000000000000, 0.8660254037844387076, 1.000000000000000000, 0.8660254037844387076, 1.000000000000000000, 0.8660254037844387076, 1.000000000000000000, 0.8660254037844387076, 1.000000000000000000, 0.8660254037844387076, 1.000000000000000000, 0.8660254037844387076, 1.000000000000000000, 0.8660254037844387076, 1.000000000000000000, 0.8660254037844387076, 1.000000000000000000, 0.8660254037844387076, 1.000000000000000000, 0.8660254037844387076, 1.000000000000000000, 0.8660254037844387076, 1.000000000000000000, 0.8660254037844387076, 1.000000000000000000, 0.8660254037844387076, 1.000000000000000000, 0.8660254037844387076, 1.000000000000000000, 0.8660254037844387076, 1.000000000000000000, 0.8660254037844387076, 1.000000000000000000, 0.8660254037844387076, 1.000000000000000000, 0.8660254037844387076, 1.000000000000000000, 0.8660254037844387076, 1.000000000000000000, 0.8660254037844387076, 1.000000000000000000, 0.8660254037844387076, 1.000000000000000000, 0.8660254037844387076, 1.000000000000000000, 0.8660254037844387076, 1.000000000000000000, 0.8660254037844387076, 1.000000000000000000, 0.8660254037844387076, 1.000000000000000000, 0.8660254037844387076, 1.000000000000000000, 0.8660254037844387076, 1.000000000000000000, 0.8660254037844387076, 1.000000000000000000, 0.8660254037844387076, 1.000000000000000000, 0.8660254037844387076, 1.000000000000000000, 0.8660254037844387076, 1.000000000000000000, 0.8660254037844387076, 1.000000000000000000, 0.8660254037844387076, 1.000000000000000000, 0.8660254037844387076, 1.000000000000000000, 0.8660254037844387076, 1.000000000000000000, 0.8660254037844387076, 1.000000000000000000, 0.8660254037844387076, 1.000000000000000000, 0.8660254037844387076, 1.000000000000000000, 0.8660254037844387076, 1.000000000000000000, 0.8660254037844387076, 1.000000000000000000, 0.8660254037844387076, 1.000000000000000000, 0.8660254037844387076, 1.000000000000000000, 0.8660254037844387076, 1.000000000000000000, 0.8660254037844387076, 1.000000000000000000, 0.8660254037844387076, 1.000000000000000000, 0.8660254037844387076, 1.000000000000000000, 0.8660254037844387076, 1.000000000000000000, 0.8660254037844387076, 1.000000000000000000, 0.8660254037844387076, 1.000000000000000000, 0.8660254037844387076, 1.000000000000000000, 0.8660254037844387076, 1.000000000000000000, 0.8660254037844387076, 1.000000000000000000, 0.8660254037844387076, 1.000000000000000000, 0.8660254037844387076, 1.000000000000000000, 0.8660254037844387076, 1.000000000000000000, 0.8660254037844387076, 1.000000000000000000, 0.8660254037844387076, 1.000000000000000000, 0.8660254037844387076, 1.000000000000000000, 0.8660254037844387076, 1.000000000000000000, 0.8660254037844387076, 1.000000000000000000, 0.8660254037844387076, 1.000000000000000000, 0.8660254037844387076, 1.000000000000000000, 0.8660254037844387076, 1.000000000000000000, 0.8660254037844387076, 1.000000000000000000, 0.8660254037844387076, 1.000000000000000000, 0.8660254037844387076, 1.000000000000000000, 0.8660254037844387076, 1.000000000000000000, 0.8660254037844387076, 1.000000000000000000, 0.8660254037844387076, 1.000000000000000000, 0.8660254037844387076, 1.000000000000000000, 0.8660254037844387076, 1.000000000000000000, 0.8660254037844387076, 1.000000000000000000, 0.8660254037844387076, 1.000000000000000000, 0.8660254037844387076, 1.000000000000000000, 0.8660254037844387076, 1.000000000000000000, 0.8660254037844387076, 1.000000000000000000, 0.8660254037844387076, 1.000000000000000000, 0.8660254037844387076, 1.000000000000000000, 0.8660254037844387076, 1.000000000000000000, 0.8660254037844387076, 1.000000000000000000, 0.8660254037844387076, 1.000000000000000000, 0.8660254037844387076, 1.000000000000000000, 0.9176302778915974567, 0.9365449979366753386 ) ) 
 REPRESENTATION_ITEM ( '' )  );
#919 = ADVANCED_FACE ( 'NONE', ( #4361 ), #6563, .F. ) ;
#920 = EDGE_LOOP ( 'NONE', ( #4731, #6419, #5309, #4585 ) ) ;
#921 = ORIENTED_EDGE ( 'NONE', *, *, #6074, .F. ) ;
#922 = ORIENTED_EDGE ( 'NONE', *, *, #5845, .T. ) ;
#923 = CARTESIAN_POINT ( 'NONE',  ( -0.7603164687499992525, 1.316906753706352795, -15.73958333265053433 ) ) ;
#924 = CARTESIAN_POINT ( 'NONE',  ( 1.249999999999998002, 0.7216878364870314977, -7.083333331967736513 ) ) ;
#925 = CARTESIAN_POINT ( 'NONE',  ( -0.7603164687499992525, 1.316906753706352795, -2.302083332650533887 ) ) ;
#926 = CARTESIAN_POINT ( 'NONE',  ( 0.000000000000000000, 0.000000000000000000, 0.000000000000000000 ) ) ;
#927 = CARTESIAN_POINT ( 'NONE',  ( 3.225491281404032925E-16, -1.755875671608470467, -15.59374999931720041 ) ) ;
#928 = EDGE_CURVE ( 'NONE', #6030, #1884, #6170, .T. ) ;
#929 = CARTESIAN_POINT ( 'NONE',  ( -0.8213158701246298099, 1.281882433281791966, -0.2337884230131225816 ) ) ;
#930 =( BOUNDED_CURVE ( )  B_SPLINE_CURVE ( 2, ( #172, #1738, #4474, #6673, #4011, #6710, #2354 ),
 .UNSPECIFIED., .F., .T. ) 
 B_SPLINE_CURVE_WITH_KNOTS ( ( 3, 2, 2, 3 ),
 ( 0.6216216216216217116, 0.6261261261261262812, 0.6306306306306307397, 0.6351351351351351981 ),
 .UNSPECIFIED. ) 
 CURVE ( )  GEOMETRIC_REPRESENTATION_ITEM ( )  RATIONAL_B_SPLINE_CURVE ( ( 0.9999999999999966693, 0.8660254037844420383, 1.000000000000000000, 0.8660254037844387076, 1.000000000000000000, 0.8660254037844353769, 1.000000000000003331 ) ) 
 REPRESENTATION_ITEM ( '' )  );
#931 = EDGE_LOOP ( 'NONE', ( #2252, #5484, #1902, #4526 ) ) ;
#932 = CARTESIAN_POINT ( 'NONE',  ( -1.075163760468011098E-16, 1.755875671608470467, -8.781249999317200405 ) ) ;
#933 = CARTESIAN_POINT ( 'NONE',  ( 1.249999999999998224, -0.7216878364870306095, -0.1666666653010704380 ) ) ;
#934 = CARTESIAN_POINT ( 'NONE',  ( 0.7603164687499986973, 1.316906753706353017, -13.82291666598386648 ) ) ;
#935 = CARTESIAN_POINT ( 'NONE',  ( 2.651438096812262973E-16, -1.443375672974062107, -5.374999999999998224 ) ) ;
#936 = CARTESIAN_POINT ( 'NONE',  ( 1.520632937499997617, 0.8779378358042356778, -7.364583332650533443 ) ) ;
#937 = AXIS2_PLACEMENT_3D ( 'NONE', #5125, #245, #5584 ) ;
#938 = CARTESIAN_POINT ( 'NONE',  ( 1.249999999999998224, -0.7216878364870306095, -12.29166666666666430 ) ) ;
#939 = CARTESIAN_POINT ( 'NONE',  ( -0.7603164687499980312, -1.316906753706353461, -17.13541666598386826 ) ) ;
#940 = CARTESIAN_POINT ( 'NONE',  ( 3.225491281404033418E-16, -1.755875671608470023, -17.03124999931720041 ) ) ;
#941 = AXIS2_PLACEMENT_3D ( 'NONE', #425, #5195, #6314 ) ;
#942 = CARTESIAN_POINT ( 'NONE',  ( -1.520632937499998061, 0.000000000000000000, -1.156249999317200627 ) ) ;
#943 = CARTESIAN_POINT ( 'NONE',  ( 1.520632937499997617, 0.8779378358042356778, -8.927083332650532554 ) ) ;
#944 = CARTESIAN_POINT ( 'NONE',  ( -1.520632937499998061, 0.000000000000000000, -7.656249999317200405 ) ) ;
#945 = CARTESIAN_POINT ( 'NONE',  ( 0.6249999999999986677, 1.082531754730546858, -7.166666666666663410 ) ) ;
#946 = CARTESIAN_POINT ( 'NONE',  ( -8.838126989374211143E-17, 1.443375672974062107, -3.624999999999997335 ) ) ;
#947 = CARTESIAN_POINT ( 'NONE',  ( -0.7603164687499992525, 1.316906753706352795, -9.302083332650532554 ) ) ;
#948 = LINE ( 'NONE', #4611, #371 ) ;
#949 = ORIENTED_EDGE ( 'NONE', *, *, #3751, .T. ) ;
#950 = CARTESIAN_POINT ( 'NONE',  ( 1.520632937499998061, 1.862238259587409655E-16, -2.468749999317200405 ) ) ;
#951 = LINE ( 'NONE', #528, #4599 ) ;
#952 = CARTESIAN_POINT ( 'NONE',  ( -0.6249999999999982236, -1.082531754730547302, -2.791666665301070438 ) ) ;
#953 = CARTESIAN_POINT ( 'NONE',  ( 0.7603164687499986973, 1.316906753706353017, -12.38541666598386648 ) ) ;
#954 = CARTESIAN_POINT ( 'NONE',  ( 3.225491281404033418E-16, -1.755875671608470023, -15.03124999931719863 ) ) ;
#955 = CARTESIAN_POINT ( 'NONE',  ( -1.075163760468011222E-16, 1.755875671608470023, -1.343749999317200627 ) ) ;
#956 = CARTESIAN_POINT ( 'NONE',  ( -1.075163760468011098E-16, 1.755875671608470467, -1.343749999317200627 ) ) ;
#957 = ORIENTED_EDGE ( 'NONE', *, *, #55, .F. ) ;
#958 = ORIENTED_EDGE ( 'NONE', *, *, #3837, .T. ) ;
#959 = CARTESIAN_POINT ( 'NONE',  ( 0.6249999999999986677, 1.082531754730546858, -5.166666666666663410 ) ) ;
#960 = CARTESIAN_POINT ( 'NONE',  ( 3.225491281404032925E-16, -1.755875671608470467, -15.03124999931719863 ) ) ;
#961 = CARTESIAN_POINT ( 'NONE',  ( -8.838126989374211143E-17, 1.443375672974062107, -9.999999998634402587 ) ) ;
#962 = CARTESIAN_POINT ( 'NONE',  ( 1.520632937499998061, 1.862238259587409655E-16, -3.468749999317200405 ) ) ;
#963 = CARTESIAN_POINT ( 'NONE',  ( 2.651438096812262973E-16, -1.443375672974062107, -10.37499999999999645 ) ) ;
#964 = EDGE_CURVE ( 'NONE', #4774, #109, #4976, .T. ) ;
#965 = CARTESIAN_POINT ( 'NONE',  ( 1.520632937499998061, 1.862238259587409655E-16, -16.46874999931720396 ) ) ;
#966 = AXIS2_PLACEMENT_3D ( 'NONE', #6047, #2309, #126 ) ;
#967 = FACE_OUTER_BOUND ( 'NONE', #3448, .T. ) ;
#968 = ORIENTED_EDGE ( 'NONE', *, *, #1529, .F. ) ;
#969 = CARTESIAN_POINT ( 'NONE',  ( 1.520632937499998283, -0.8779378358042346786, -9.947916665983866480 ) ) ;
#970 = CARTESIAN_POINT ( 'NONE',  ( 1.249999999999998002, 0.7216878364870314977, -2.083333331967737401 ) ) ;
#971 = CARTESIAN_POINT ( 'NONE',  ( -0.7603164687499980312, -1.316906753706353461, -14.57291666598386648 ) ) ;
#972 = CARTESIAN_POINT ( 'NONE',  ( 2.651438096812262973E-16, -1.443375672974062107, -10.24999999863440259 ) ) ;
#973 = EDGE_CURVE ( 'NONE', #4064, #4722, #2571, .T. ) ;
#974 = CARTESIAN_POINT ( 'NONE',  ( 0.6249999999999986677, 1.082531754730546858, -11.16666666666666252 ) ) ;
#975 = CARTESIAN_POINT ( 'NONE',  ( -1.249999999999998002, 0.000000000000000000, -2.874999998634403919 ) ) ;
#976 =( BOUNDED_CURVE ( )  B_SPLINE_CURVE ( 2, ( #5774, #2404, #2511, #1320, #6762, #1387, #6250 ),
 .UNSPECIFIED., .F., .T. ) 
 B_SPLINE_CURVE_WITH_KNOTS ( ( 3, 2, 2, 3 ),
 ( 0.8243243243243243423, 0.8288288288288288008, 0.8333333333333334814, 0.8378378378378379399 ),
 .UNSPECIFIED. ) 
 CURVE ( )  GEOMETRIC_REPRESENTATION_ITEM ( )  RATIONAL_B_SPLINE_CURVE ( ( 1.000000000000000000, 0.8660254037844387076, 1.000000000000000000, 0.8660254037844387076, 1.000000000000000000, 0.8660254037844353769, 1.000000000000003331 ) ) 
 REPRESENTATION_ITEM ( '' )  );
#977 = VECTOR ( 'NONE', #6412, 1000.000000000000000 ) ;
#978 = CARTESIAN_POINT ( 'NONE',  ( 1.249999999999998002, 1.530808498934189105E-16, -1.249999999999997335 ) ) ;
#979 = CARTESIAN_POINT ( 'NONE',  ( 3.225491281404032925E-16, -1.755875671608470467, -2.031249999317200849 ) ) ;
#980 = CARTESIAN_POINT ( 'NONE',  ( -1.520632937499998061, 0.000000000000000000, -12.21874999931719863 ) ) ;
#981 = CARTESIAN_POINT ( 'NONE',  ( 1.520632937499997617, 0.8779378358042356778, -5.864583332650533443 ) ) ;
#982 = CARTESIAN_POINT ( 'NONE',  ( 1.520632937499998727, -0.8779378358042346786, -0.9479166659838672571 ) ) ;
#983 = CARTESIAN_POINT ( 'NONE',  ( 1.249999999999998002, 1.530808498934189105E-16, -4.749999999999997335 ) ) ;
#984 = CARTESIAN_POINT ( 'NONE',  ( 0.7603164687499986973, 1.316906753706353017, -9.385416665983868256 ) ) ;
#985 = ORIENTED_EDGE ( 'NONE', *, *, #5486, .T. ) ;
#986 = CARTESIAN_POINT ( 'NONE',  ( 1.249999999999998002, -0.7216878364870306095, -6.291666666666665186 ) ) ;
#987 = DIRECTION ( 'NONE',  ( -0.000000000000000000, -0.000000000000000000, 1.000000000000000000 ) ) ;
#988 = CARTESIAN_POINT ( 'NONE',  ( 1.520632937499998283, -0.8779378358042346786, -12.01041666598386648 ) ) ;
#989 = CARTESIAN_POINT ( 'NONE',  ( 1.520632937499997617, 0.8779378358042356778, -14.86458333265053255 ) ) ;
#990 = DIRECTION ( 'NONE',  ( 1.000000000000000000, 0.000000000000000000, 0.000000000000000000 ) ) ;
#991 = CARTESIAN_POINT ( 'NONE',  ( -1.520632937499998061, 0.000000000000000000, -0.2187499993172006829 ) ) ;
#992 = DIRECTION ( 'NONE',  ( -0.000000000000000000, -0.000000000000000000, 1.000000000000000000 ) ) ;
#993 = ORIENTED_EDGE ( 'NONE', *, *, #5542, .F. ) ;
#994 = DIRECTION ( 'NONE',  ( -0.000000000000000000, -0.000000000000000000, 1.000000000000000000 ) ) ;
#995 = CARTESIAN_POINT ( 'NONE',  ( 1.520632937499998283, -0.8779378358042346786, -17.44791666598386826 ) ) ;
#996 = CARTESIAN_POINT ( 'NONE',  ( 1.249999999999998002, 1.530808498934189105E-16, -11.12499999863440259 ) ) ;
#997 = CARTESIAN_POINT ( 'NONE',  ( 1.520632937499998283, -0.8779378358042346786, -4.010416665983867368 ) ) ;
#998 = CARTESIAN_POINT ( 'NONE',  ( 1.249999999999998002, 1.530808498934189105E-16, -11.12499999863440259 ) ) ;
#999 = CARTESIAN_POINT ( 'NONE',  ( 0.7603164687499986973, 1.316906753706353017, -15.88541666598386826 ) ) ;
#1000 = EDGE_CURVE ( 'NONE', #5263, #6945, #5698, .T. ) ;
#1001 = DIRECTION ( 'NONE',  ( 1.000000000000000000, 0.000000000000000000, 0.000000000000000000 ) ) ;
#1002 = ORIENTED_EDGE ( 'NONE', *, *, #2807, .F. ) ;
#1003 = CARTESIAN_POINT ( 'NONE',  ( -0.7603164687499992525, 1.316906753706352795, -10.23958333265053433 ) ) ;
#1004 = CARTESIAN_POINT ( 'NONE',  ( 1.249999999999998002, 0.7216878364870314977, -1.083333331967737401 ) ) ;
#1005 = CARTESIAN_POINT ( 'NONE',  ( 1.520632937499997617, 0.8779378358042356778, -14.36458333265053255 ) ) ;
#1006 = CARTESIAN_POINT ( 'NONE',  ( -0.6249999999999982236, -1.082531754730547302, -9.416666666666664298 ) ) ;
#1007 = CARTESIAN_POINT ( 'NONE',  ( -8.838126989374211143E-17, 1.443375672974062107, -12.12499999999999645 ) ) ;
#1008 = CARTESIAN_POINT ( 'NONE',  ( 1.249999999999998002, 1.530808498934189105E-16, -1.249999999999997335 ) ) ;
#1009 = EDGE_CURVE ( 'NONE', #6718, #1884, #1086, .T. ) ;
#1010 = CARTESIAN_POINT ( 'NONE',  ( -1.225963397530928756, -0.3515538747557533927, -0.4864438166786937412 ) ) ;
#1011 = CARTESIAN_POINT ( 'NONE',  ( 1.520632937499997617, 0.8779378358042356778, -2.864583332650533887 ) ) ;
#1012 = CARTESIAN_POINT ( 'NONE',  ( -0.7603164687499980312, -1.316906753706353461, -13.13541666598386826 ) ) ;
#1013 = CARTESIAN_POINT ( 'NONE',  ( 3.225491281404032925E-16, -1.755875671608470467, -5.531249999317200405 ) ) ;
#1014 = CARTESIAN_POINT ( 'NONE',  ( -1.249999999999997780, -0.7216878364870316087, -3.958333333333330817 ) ) ;
#1015 = CARTESIAN_POINT ( 'NONE',  ( 1.520632937499998061, 1.862238259587409655E-16, -13.46874999931720041 ) ) ;
#1016 = EDGE_CURVE ( 'NONE', #1821, #1067, #5937, .T. ) ;
#1017 = ORIENTED_EDGE ( 'NONE', *, *, #4444, .F. ) ;
#1018 = CARTESIAN_POINT ( 'NONE',  ( -0.7603164687499980312, -1.316906753706353461, -3.135416665983867368 ) ) ;
#1019 = CARTESIAN_POINT ( 'NONE',  ( 0.000000000000000000, 4.900000000000000355, -2.000000000000000000 ) ) ;
#1020 = CARTESIAN_POINT ( 'NONE',  ( -0.7603164687499980312, -1.316906753706353461, -14.63541666598386648 ) ) ;
#1021 = CARTESIAN_POINT ( 'NONE',  ( -0.7603164687499992525, 1.316906753706352795, -15.23958333265053255 ) ) ;
#1022 = CARTESIAN_POINT ( 'NONE',  ( 3.300000000000002487, 0.000000000000000000, -2.000000000000000000 ) ) ;
#1023 = CARTESIAN_POINT ( 'NONE',  ( -0.7603164687499992525, 1.316906753706352795, -5.302083332650533443 ) ) ;
#1024 = APPROVAL_DATE_TIME ( #1092, #1246 ) ;
#1025 = FACE_OUTER_BOUND ( 'NONE', #2608, .T. ) ;
#1026 = ORIENTED_EDGE ( 'NONE', *, *, #2969, .T. ) ;
#1027 = CARTESIAN_POINT ( 'NONE',  ( -1.520632937499997617, -0.8779378358042361219, -1.114583332650533887 ) ) ;
#1028 = CARTESIAN_POINT ( 'NONE',  ( -1.249999999999998002, 0.000000000000000000, -10.37499999863440259 ) ) ;
#1029 = CARTESIAN_POINT ( 'NONE',  ( 1.520632937499998061, 1.862238259587409655E-16, -5.468749999317200405 ) ) ;
#1030 = CARTESIAN_POINT ( 'NONE',  ( 0.000000000000000000, 0.000000000000000000, -0.4999999999999973910 ) ) ;
#1031 = CARTESIAN_POINT ( 'NONE',  ( 1.520632937499998061, 1.862238259587409655E-16, -15.96874999931720218 ) ) ;
#1032 = ORIENTED_EDGE ( 'NONE', *, *, #1983, .F. ) ;
#1033 = CARTESIAN_POINT ( 'NONE',  ( 1.249999999999998002, 0.000000000000000000, 0.000000000000000000 ) ) ;
#1034 = VERTEX_POINT ( 'NONE', #1766 ) ;
#1035 = CARTESIAN_POINT ( 'NONE',  ( -1.249999999999998002, 0.000000000000000000, -0.8749999986344038083 ) ) ;
#1036 = CARTESIAN_POINT ( 'NONE',  ( 1.520632937499997617, 0.8779378358042356778, -12.86458333265053255 ) ) ;
#1037 = CARTESIAN_POINT ( 'NONE',  ( -1.249999999999997558, -0.7216878364870317197, -17.45833333333332860 ) ) ;
#1038 = CARTESIAN_POINT ( 'NONE',  ( 2.651438096812262973E-16, -1.443375672974062107, -11.87499999999999645 ) ) ;
#1039 = CARTESIAN_POINT ( 'NONE',  ( -0.1937358467757754610, 1.508241012664735647, -17.77063293750047634 ) ) ;
#1040 = DIRECTION ( 'NONE',  ( 1.000000000000000000, 0.000000000000000000, 0.000000000000000000 ) ) ;
#1041 = CARTESIAN_POINT ( 'NONE',  ( -1.520632937499998061, 0.000000000000000000, -4.656249999317200405 ) ) ;
#1042 = CARTESIAN_POINT ( 'NONE',  ( -1.520632937499997617, -0.8779378358042361219, -11.67708333265053255 ) ) ;
#1043 = CARTESIAN_POINT ( 'NONE',  ( -1.520632937499998061, 0.000000000000000000, -7.156249999317200405 ) ) ;
#1044 = AXIS2_PLACEMENT_3D ( 'NONE', #6651, #150, #2330 ) ;
#1045 = CARTESIAN_POINT ( 'NONE',  ( 1.520632937499998727, -0.8779378358042346786, -0.4479166659838673126 ) ) ;
#1046 = CARTESIAN_POINT ( 'NONE',  ( -0.6249999999999982236, -1.082531754730547302, -3.916666666666663854 ) ) ;
#1047 = EDGE_CURVE ( 'NONE', #2466, #3533, #6921, .T. ) ;
#1048 = CARTESIAN_POINT ( 'NONE',  ( 0.7603164687499986973, 1.316906753706353017, -11.38541666598386648 ) ) ;
#1049 = ORIENTED_EDGE ( 'NONE', *, *, #2377, .T. ) ;
#1050 = CARTESIAN_POINT ( 'NONE',  ( -1.520632937499998061, 0.000000000000000000, -4.718749999317200405 ) ) ;
#1051 = CARTESIAN_POINT ( 'NONE',  ( -1.249999999999998002, 0.000000000000000000, -7.499999999999998224 ) ) ;
#1052 = CARTESIAN_POINT ( 'NONE',  ( -1.249999999999998002, 0.000000000000000000, -10.99999999999999822 ) ) ;
#1053 = CARTESIAN_POINT ( 'NONE',  ( 1.520632937499997617, 0.8779378358042356778, -12.92708333265053433 ) ) ;
#1054 = DIRECTION ( 'NONE',  ( -0.000000000000000000, -0.000000000000000000, 1.000000000000000000 ) ) ;
#1055 = CARTESIAN_POINT ( 'NONE',  ( -0.7603164687499992525, 1.316906753706352795, -4.802083332650533443 ) ) ;
#1056 = PERSON_AND_ORGANIZATION ( #4357, #1856 ) ;
#1057 = CARTESIAN_POINT ( 'NONE',  ( 0.000000000000000000, 0.000000000000000000, -18.00000000000000355 ) ) ;
#1058 = ORIENTED_EDGE ( 'NONE', *, *, #4228, .T. ) ;
#1059 = CARTESIAN_POINT ( 'NONE',  ( -1.249999999999998002, 0.000000000000000000, -4.999999999999997335 ) ) ;
#1060 = CARTESIAN_POINT ( 'NONE',  ( 0.7603164687499986973, 1.316906753706353017, -17.82291666598386826 ) ) ;
#1061 = CARTESIAN_POINT ( 'NONE',  ( -1.520632937499997617, -0.8779378358042361219, -7.177083332650533443 ) ) ;
#1062 = CARTESIAN_POINT ( 'NONE',  ( -1.520632937499998727, 0.8779378358042350117, -7.697916665983866480 ) ) ;
#1063 = CARTESIAN_POINT ( 'NONE',  ( -1.249999999999998002, 0.000000000000000000, -7.999999999999996447 ) ) ;
#1064 = CARTESIAN_POINT ( 'NONE',  ( 1.249999999999998002, 1.530808498934189105E-16, -9.624999998634402587 ) ) ;
#1065 = ORIENTED_EDGE ( 'NONE', *, *, #3837, .F. ) ;
#1066 = CARTESIAN_POINT ( 'NONE',  ( 1.249999999999998002, 1.530808498934189105E-16, -10.12499999863440259 ) ) ;
#1067 = VERTEX_POINT ( 'NONE', #3440 ) ;
#1068 = CARTESIAN_POINT ( 'NONE',  ( -1.520632937499998283, 0.8779378358042350117, -12.19791666598386648 ) ) ;
#1069 = CARTESIAN_POINT ( 'NONE',  ( -1.249999999999998002, 0.000000000000000000, -2.874999998634403919 ) ) ;
#1070 = CARTESIAN_POINT ( 'NONE',  ( 0.7603164687499986973, 1.316906753706353017, -17.32291666598386826 ) ) ;
#1071 = LINE ( 'NONE', #3289, #1496 ) ;
#1072 = CARTESIAN_POINT ( 'NONE',  ( -1.249999999999998224, 0.7216878364870308316, -11.54166666666666252 ) ) ;
#1073 = CARTESIAN_POINT ( 'NONE',  ( 0.6249999999999986677, 1.082531754730546858, -3.041666665301070438 ) ) ;
#1074 = CARTESIAN_POINT ( 'NONE',  ( -1.249999999999997780, -0.7216878364870316087, -13.83333333196773651 ) ) ;
#1075 = CARTESIAN_POINT ( 'NONE',  ( 1.402873386597873528, -0.1730175860684352585, -0.3471266134021221417 ) ) ;
#1076 = CARTESIAN_POINT ( 'NONE',  ( 0.7603164687499986973, 1.316906753706353017, -3.322916665983867368 ) ) ;
#1077 = CARTESIAN_POINT ( 'NONE',  ( 3.225491281404032925E-16, -1.755875671608470467, -11.09374999931720041 ) ) ;
#1078 = CARTESIAN_POINT ( 'NONE',  ( 1.520632937499997617, 0.8779378358042356778, -10.36458333265053255 ) ) ;
#1079 = CARTESIAN_POINT ( 'NONE',  ( 1.520632937499998061, 1.862238259587409655E-16, -2.906249999317200849 ) ) ;
#1080 = CARTESIAN_POINT ( 'NONE',  ( 1.249999999999998002, 0.7216878364870314977, -4.208333333333331261 ) ) ;
#1081 = CARTESIAN_POINT ( 'NONE',  ( 1.520632937499998727, -0.8779378358042346786, -11.51041666598386648 ) ) ;
#1082 = AXIS2_PLACEMENT_3D ( 'NONE', #4593, #1424, #4666 ) ;
#1083 = CARTESIAN_POINT ( 'NONE',  ( 1.249999999999998002, 0.000000000000000000, 0.000000000000000000 ) ) ;
#1084 = EDGE_LOOP ( 'NONE', ( #32, #4908, #2712, #3122 ) ) ;
#1085 = CARTESIAN_POINT ( 'NONE',  ( -0.7603164687499980312, -1.316906753706353461, -3.635416665983866924 ) ) ;
#1086 = LINE ( 'NONE', #4969, #1881 ) ;
#1087 = CARTESIAN_POINT ( 'NONE',  ( 0.6249999999999986677, 1.082531754730546858, -2.166666666666663854 ) ) ;
#1088 = VECTOR ( 'NONE', #2878, 1000.000000000000000 ) ;
#1089 = CARTESIAN_POINT ( 'NONE',  ( 1.520632937499998061, 1.862238259587409655E-16, -14.46874999931720041 ) ) ;
#1090 = CARTESIAN_POINT ( 'NONE',  ( -0.6249999999999991118, 1.082531754730546636, -13.95833333196773651 ) ) ;
#1091 = CARTESIAN_POINT ( 'NONE',  ( 3.225491281404033418E-16, -1.755875671608470023, -3.093749999317200849 ) ) ;
#1092 = DATE_AND_TIME ( #3168, #5262 ) ;
#1093 = DIRECTION ( 'NONE',  ( 1.000000000000000000, 0.000000000000000000, 0.000000000000000000 ) ) ;
#1094 = EDGE_CURVE ( 'NONE', #1954, #5230, #6566, .T. ) ;
#1095 = EDGE_LOOP ( 'NONE', ( #6158, #2226, #3792, #2955 ) ) ;
#1096 = LINE ( 'NONE', #5950, #2119 ) ;
#1097 = CARTESIAN_POINT ( 'NONE',  ( 1.249999999999997780, 0.7216878364870316087, -0.7083333333333307058 ) ) ;
#1098 = CARTESIAN_POINT ( 'NONE',  ( 1.520632937499997617, 0.8779378358042356778, -4.927083332650532554 ) ) ;
#1099 = CARTESIAN_POINT ( 'NONE',  ( 0.7603164687499986973, 1.316906753706353017, -7.322916665983866480 ) ) ;
#1100 = CARTESIAN_POINT ( 'NONE',  ( -1.249999999999998002, 1.530808498934189105E-16, 0.000000000000000000 ) ) ;
#1101 = CARTESIAN_POINT ( 'NONE',  ( -0.6249999999999982236, -1.082531754730547302, -9.791666665301068662 ) ) ;
#1102 = CARTESIAN_POINT ( 'NONE',  ( 1.249999999999989120, -0.7216878364870357165, -4.666666665301071326 ) ) ;
#1103 = EDGE_LOOP ( 'NONE', ( #4220, #3351, #957, #4150 ) ) ;
#1104 = CARTESIAN_POINT ( 'NONE',  ( 1.520632937499998061, 1.862238259587409655E-16, -11.40624999931720041 ) ) ;
#1105 = CARTESIAN_POINT ( 'NONE',  ( 1.249999999999998224, -0.7216878364870306095, -2.666666665301070438 ) ) ;
#1106 = CARTESIAN_POINT ( 'NONE',  ( -0.7603164687499992525, 1.316906753706352795, -15.73958333265053433 ) ) ;
#1107 = CARTESIAN_POINT ( 'NONE',  ( 2.651438096812262973E-16, -1.443375672974062107, -16.74999999863440436 ) ) ;
#1108 = CARTESIAN_POINT ( 'NONE',  ( -8.838126989374211143E-17, 1.443375672974062107, -14.62499999999999645 ) ) ;
#1109 = CARTESIAN_POINT ( 'NONE',  ( -0.6249999999999982236, -1.082531754730547302, -14.29166666530106866 ) ) ;
#1110 = CARTESIAN_POINT ( 'NONE',  ( 0.6523561210988725323, -1.190478523978479419, -0.3953051484358277023 ) ) ;
#1111 = CARTESIAN_POINT ( 'NONE',  ( 1.520632937499997617, 0.8779378358042356778, -3.864583332650533443 ) ) ;
#1112 = CARTESIAN_POINT ( 'NONE',  ( 1.520632937499997617, 0.8779378358042356778, -13.42708333265053255 ) ) ;
#1113 = CARTESIAN_POINT ( 'NONE',  ( 0.7603164687499986973, 1.316906753706353017, -8.322916665983866480 ) ) ;
#1114 = CARTESIAN_POINT ( 'NONE',  ( -0.7603164687499992525, 1.316906753706352795, -3.739583332650533887 ) ) ;
#1115 = CARTESIAN_POINT ( 'NONE',  ( -8.838126989374211143E-17, 1.443375672974062107, -6.124999999999997335 ) ) ;
#1116 = CARTESIAN_POINT ( 'NONE',  ( -1.075163760468011222E-16, 1.755875671608470023, -12.84374999931720396 ) ) ;
#1117 = VERTEX_POINT ( 'NONE', #267 ) ;
#1118 = CARTESIAN_POINT ( 'NONE',  ( -1.075163760468011098E-16, 1.755875671608470467, -4.843749999317201294 ) ) ;
#1119 = CARTESIAN_POINT ( 'NONE',  ( -0.6249999999999991118, 1.082531754730546636, -10.08333333333333215 ) ) ;
#1120 = CARTESIAN_POINT ( 'NONE',  ( -0.6249999999999991118, 1.082531754730546636, -17.08333333333332860 ) ) ;
#1121 = CARTESIAN_POINT ( 'NONE',  ( -1.075163760468011098E-16, 1.755875671608470467, -13.84374999931720041 ) ) ;
#1122 = CARTESIAN_POINT ( 'NONE',  ( -1.249999999999998002, 1.530808498934189105E-16, 0.000000000000000000 ) ) ;
#1123 = CARTESIAN_POINT ( 'NONE',  ( 3.225491281404033418E-16, -1.755875671608470023, -3.593749999317200405 ) ) ;
#1124 = APPROVAL_DATE_TIME ( #7004, #4292 ) ;
#1125 = DIRECTION ( 'NONE',  ( 1.000000000000000000, 0.000000000000000000, 0.000000000000000000 ) ) ;
#1126 = EDGE_LOOP ( 'NONE', ( #209, #6277, #2362, #3759 ) ) ;
#1127 = CARTESIAN_POINT ( 'NONE',  ( 1.249999999999998002, 1.530808498934189105E-16, -2.749999999999997335 ) ) ;
#1128 = CARTESIAN_POINT ( 'NONE',  ( -1.249999999999998002, 1.530808498934189105E-16, 0.000000000000000000 ) ) ;
#1129 = CARTESIAN_POINT ( 'NONE',  ( -0.7603164687499980312, -1.316906753706353461, -5.135416665983867368 ) ) ;
#1130 = CARTESIAN_POINT ( 'NONE',  ( 0.7603164687499996965, -1.316906753706352573, -10.48958333265053433 ) ) ;
#1131 = CARTESIAN_POINT ( 'NONE',  ( -1.249999999999998002, 0.7216878364870310536, -10.91666666530107044 ) ) ;
#1132 = CARTESIAN_POINT ( 'NONE',  ( -1.249999999999998002, 0.000000000000000000, -12.49999999999999645 ) ) ;
#1133 =( BOUNDED_CURVE ( )  B_SPLINE_CURVE ( 2, ( #6305, #3585, #306, #2599, #4185, #1478, #5756 ),
 .UNSPECIFIED., .F., .T. ) 
 B_SPLINE_CURVE_WITH_KNOTS ( ( 3, 2, 2, 3 ),
 ( 0.5000000000000000000, 0.5045045045045044585, 0.5090090090090091390, 0.5135135135135135975 ),
 .UNSPECIFIED. ) 
 CURVE ( )  GEOMETRIC_REPRESENTATION_ITEM ( )  RATIONAL_B_SPLINE_CURVE ( ( 1.000000000000000000, 0.8660254037844387076, 1.000000000000000000, 0.8660254037844387076, 1.000000000000000000, 0.8660254037844353769, 1.000000000000003331 ) ) 
 REPRESENTATION_ITEM ( '' )  );
#1134 = EDGE_CURVE ( 'NONE', #821, #5920, #6227, .T. ) ;
#1135 = ORIENTED_EDGE ( 'NONE', *, *, #2412, .T. ) ;
#1136 = CARTESIAN_POINT ( 'NONE',  ( 1.249999999999998002, 1.530808498934189105E-16, -1.624999998634403919 ) ) ;
#1137 = ORIENTED_EDGE ( 'NONE', *, *, #1699, .F. ) ;
#1138 = CARTESIAN_POINT ( 'NONE',  ( -0.6249999999999982236, -1.082531754730547302, -3.791666665301070438 ) ) ;
#1139 = CARTESIAN_POINT ( 'NONE',  ( 1.520632937499998283, -0.8779378358042346786, -16.44791666598386826 ) ) ;
#1140 =( BOUNDED_SURFACE ( )  B_SPLINE_SURFACE ( 1, 2, ( 
 ( #4693, #6452, #5296, #1451, #3627, #5726, #6349, #844, #2034, #2499, #5800, #6857, #991, #3022, #315, #1961, #4193, #3167, #6969, #4120, #917, #6312, #3089, #387, #6416, #5331, #458, #884, #1412, #5261, #4730, #5227, #3592, #5764, #1486, #6934, #349, #3661, #5836, #956, #3129, #2604, #2638, #4763, #2069, #4227, #4796, #1518, #3693, #7003, #2106, #3342, #1735, #1955, #4723, #5325, #6963, #452, #6928, #2529, #876, #343, #4221, #5830, #2028, #6889, #950, #2493, #3123, #4113, #417, #2062, #6410, #4686, #3687, #1992, #5866, #5433, #4865, #489, #3724, #4393, #1018, #5975, #3196, #1590, #3760, #2738, #6595, #25, #527, #6996, #1692, #5939, #1085, #5358, #1626, #593, #3332, #6446, #2138, #2209, #5466, #3793, #3268, #6524, #5901, #560, #1658, #4251, #2667, #2242, #625, #4360, #4291, #4829, #1552, #7038, #4901, #6562, #1050, #3828, #2800, #1118, #6012, #1151, #3300, #2768, #6487, #4936, #5501, #57, #3860, #6045, #2100, #3232, #5398, #7073, #2704, #2173, #4324, #4967, #1257, #89, #4426, #657, #5000, #232, #5075, #3965, #5673, #5037, #201, #2275, #164, #2341, #2905, #3895, #4570, #124, #763, #796, #1764, #2866, #6627, #4499, #3931, #1726, #6702, #6149, #1875, #2379, #5603, #692, #6080, #2414, #2307, #4036, #4534, #1330, #6114, #4464, #6735, #3473, #1804, #728, #1836, #1187, #4000, #6186, #3368, #5535, #6771, #2832, #1292, #6663, #1222, #3401, #5569, #5641, #2939, #5110, #6225, #3507, #4179, #3614, #4213, #6883, #5786, #832, #4678, #6401, #6918, #5249, #1985, #905, #1910, #3077, #3044, #6845, #3008, #943, #2973, #6337, #5145, #2447, #5713, #5180, #5284, #373, #4144, #3680, #5215, #2559, #265, #336, #2521, #4715, #4072, #2592, #301, #5822, #5859, #1948, #867, #4605, #1437, #4105, #6809, #2020, #6369, #6954, #1474, #3648, #5750, #6263, #408, #2485, #2054, #3115, #1506, #6299, #4639, #4750, #1364, #3543, #1399, #3579, #1583, #7031, #5351, #3294, #4894, #1077, #5930, #519, #3154, #3262, #2627, #2201, #2165, #1652, #5318, #5426, #3188, #444, #6515, #1042, #1545, #4783, #5460, #2094, #7067, #4245, #2661, #4823, #3786, #585, #554, #3754, #980, #2760, #2132, #4318, #6437, #2698, #3822, #4386, #6988, #3717, #4284, #1618, #6478, #3854, #481, #4930, #50, #5894, #3226, #5391, #5969, #2731, #1012, #4858, #4351, #6553, #17, #6586, #6005, #1112, #2234, #1685, #1796, #3467, #6179, #4561, #2300, #722, #5634, #2334, #2859, #5029, #1215, #6072, #158, #4421, #4995, #686, #4493, #1830, #6695, #84, #3958, #2827, #1286, #3394, #3888, #3993, #1181, #118, #6765, #5596, #1756, #3923, #1870, #4456, #6039, #6142, #2793, #6657, #4962, #757, #1145, #3324, #2268, #1251, #2933, #193, #5496, #6108, #620, #5562, #3433, #6728, #5103, #226, #3362, #6622, #2899, #5068, #5529, #1720, #651, #2372, #4528, #2407, #2479, #1976, #5702, #2441, #3607, #6361, #1428, #897, #4134, #1465, #6327, #860, #4632, #6289, #4098, #5137, #5207, #328, #3000, #3036, #6839, #3107, #5778, #4669, #1390, #362, #258, #788, #5666, #5277, #3069, #5171, #5240, #3570, #4171, #4066, #2551, #6873, #4706, #2965, #823, #4596, #6908, #5739, #295, #1904, #2012, #4028, #2514 ),
 ( #6947, #1941, #3535, #3641, #5814, #3500, #6802, #933, #400, #6253, #2585, #4741, #6218, #1323, #1356, #4851, #6545, #2193, #577, #5344, #3778, #1643, #5383, #5922, #1035, #4276, #2086, #3217, #436, #1004, #3745, #512, #4885, #2690, #3146, #7058, #5887, #4344, #6469, #6982, #11, #4239, #3180, #2752, #1610, #4815, #7023, #4921, #473, #2047, #2156, #5850, #2654, #970, #3814, #4206, #6396, #5311, #4311, #5998, #3253, #1499, #2125, #3673, #1576, #6506, #2723, #1105, #3287, #6430, #2620, #5961, #1069, #1535, #4776, #3708, #5418, #547, #5452, #5522, #5023, #1713, #5489, #6686, #2364, #4484, #3950, #148, #4520, #2328, #3914, #645, #2296, #112, #1138, #1209, #3387, #6066, #6100, #2821, #6171, #1788, #680, #4449, #3425, #3317, #3848, #6136, #1173, #1243, #6649, #184, #78, #5589, #2853, #714, #6032, #3880, #613, #3353, #2891, #4989, #2925, #4415, #1823, #6720, #44, #1749, #6615, #5556, #5060, #6579, #1679, #3986, #1279, #2784, #3460, #5625, #749, #2227, #4377, #4955, #2262, #5232, #3633, #1349, #6863, #4698, #1382, #1930, #4090, #286, #5130, #6282, #3493, #4058, #6830, #3563, #890, #5731, #6208, #851, #1897, #354, #2470, #2957, #3061, #251, #6244, #5806, #4658, #814, #2992, #924, #3527, #5095, #3028, #1861, #5691, #4021, #2543, #217, #2399, #1315, #5201, #6900, #6319, #4553, #5164, #6757, #4624, #320, #5770, #2005, #4162, #2432, #5659, #2506, #1968, #4589, #780, #6794, #4126, #1419, #3600, #6354, #1457, #4768, #1492, #2680, #5504, #504, #7049, #3209, #628, #5373, #7013, #3699, #5337, #3173, #4199, #4266, #6459, #2076, #2115, #5878, #2278, #4842, #3736, #466, #6497, #6389, #6940, #4734, #4429, #1565, #2147, #392, #2040, #2803, #3898, #4301, #429, #961, #3666, #5840, #5914, #1600, #4234, #3768, #6082, #5952, #1028, #6630, #1154, #3336, #3137, #4806, #1729, #4970, #93, #3096, #5267, #5304, #2576, #2644, #6974, #2611, #6422, #1525, #996, #3371, #5538, #6666, #1767, #2942, #203, #1261, #6228, #4502, #2382, #1190, #3968, #6152, #4537, #2310, #6775, #5573, #5113, #660, #166, #3441, #2836, #5606, #2344, #127, #731, #6738, #1333, #6189, #5078, #2908, #5003, #4467, #1806, #3934, #234, #6117, #1839, #6705, #765, #1224, #3404, #695, #1878, #4004, #1295, #3476, #2869, #5040, #5643, #2417, #4573, #4039, #2789, #2059, #1717, #1682, #1176, #4755, #4959, #2728, #2598, #6036, #5457, #1074, #4315, #4992, #1616, #6583, #3783, #2197, #4348, #3322, #115, #616, #1109, #414, #2298, #6550, #3851, #5966, #2230, #3357, #3917, #6959, #4891, #81, #6070, #4383, #1141, #48, #6511, #5526, #2824, #4453, #14, #3258, #1648, #2757, #3819, #6104, #5423, #5492, #6002, #551, #3291, #2265, #582, #4926, #4418, #6654, #6618, #3885, #648, #1753, #1212, #3391, #6175, #754, #5629, #6690, #6761, #1866, #4523, #2403, #1282, #4628, #5133, #6213, #2929, #1900, #1792, #2331, #154, #6835, #783, #6724, #254, #5098, #5696, #5592, #6797, #1319, #2436, #4489, #2367, #3955, #1826, #3497, #3989, #1385, #2895, #289, #2996, #5559, #3463, #5063, #4557, #2960, #5026, #6139, #4062, #6249, #1247, #1936, #4024, #221, #819, #5663, #4592, #5167, #2475, #4094, #1352 ) ),
 .UNSPECIFIED., .F., .F., .F. ) 
 B_SPLINE_SURFACE_WITH_KNOTS ( ( 2, 2 ),
 ( 3, 2, 2, 2, 2, 2, 2, 2, 2, 2, 2, 2, 2, 2, 2, 2, 2, 2, 2, 2, 2, 2, 2, 2, 2, 2, 2, 2, 2, 2, 2, 2, 2, 2, 2, 2, 2, 2, 2, 2, 2, 2, 2, 2, 2, 2, 2, 2, 2, 2, 2, 2, 2, 2, 2, 2, 2, 2, 2, 2, 2, 2, 2, 2, 2, 2, 2, 2, 2, 2, 2, 2, 2, 2, 2, 2, 2, 2, 2, 2, 2, 2, 2, 2, 2, 2, 2, 2, 2, 2, 2, 2, 2, 2, 2, 2, 2, 2, 2, 2, 2, 2, 2, 2, 2, 2, 2, 2, 2, 2, 2, 2, 2, 2, 2, 2, 2, 2, 2, 2, 2, 2, 2, 2, 2, 2, 2, 2, 2, 2, 2, 2, 2, 2, 2, 2, 2, 2, 2, 2, 2, 2, 2, 2, 2, 2, 2, 2, 2, 2, 2, 2, 2, 2, 2, 2, 2, 2, 2, 2, 2, 2, 2, 2, 2, 2, 2, 2, 2, 2, 2, 2, 2, 2, 2, 2, 2, 2, 2, 2, 2, 2, 2, 2, 2, 2, 2, 2, 2, 2, 2, 2, 2, 2, 2, 2, 2, 2, 2, 2, 2, 2, 2, 2, 2, 2, 2, 2, 2, 2, 2, 2, 2, 2, 2, 2, 2, 2, 2, 2, 2, 2, 3 ),
 ( 0.000000000000000000, 1.000000000000000000 ),
 ( 0.000000000000000000, 0.004504504504504504465, 0.009009009009009008931, 0.01351351351351351426, 0.01801801801801801786, 0.02252252252252252146, 0.02702702702702702853, 0.03153153153153152866, 0.03603603603603603572, 0.04054054054054054279, 0.04504504504504504292, 0.04954954954954954999, 0.05405405405405405705, 0.05855855855855855718, 0.06306306306306305731, 0.06756756756756757132, 0.07207207207207207145, 0.07657657657657657158, 0.08108108108108108558, 0.08558558558558558571, 0.09009009009009008584, 0.09459459459459459985, 0.09909909909909909997, 0.1036036036036036001, 0.1081081081081081141, 0.1126126126126126142, 0.1171171171171171144, 0.1216216216216216284, 0.1261261261261261146, 0.1306306306306306286, 0.1351351351351351426, 0.1396396396396396289, 0.1441441441441441429, 0.1486486486486486569, 0.1531531531531531432, 0.1576576576576576572, 0.1621621621621621712, 0.1666666666666666574, 0.1711711711711711714, 0.1756756756756756854, 0.1801801801801801717, 0.1846846846846846857, 0.1891891891891891997, 0.1936936936936936859, 0.1981981981981981999, 0.2027027027027027140, 0.2072072072072072002, 0.2117117117117117142, 0.2162162162162162282, 0.2207207207207207145, 0.2252252252252252285, 0.2297297297297297425, 0.2342342342342342287, 0.2387387387387387427, 0.2432432432432432567, 0.2477477477477477430, 0.2522522522522522292, 0.2567567567567567433, 0.2612612612612612573, 0.2657657657657657713, 0.2702702702702702853, 0.2747747747747747993, 0.2792792792792792578, 0.2837837837837837718, 0.2882882882882882858, 0.2927927927927927998, 0.2972972972972973138, 0.3018018018018018278, 0.3063063063063062863, 0.3108108108108108003, 0.3153153153153153143, 0.3198198198198198283, 0.3243243243243243423, 0.3288288288288288563, 0.3333333333333333148, 0.3378378378378378288, 0.3423423423423423428, 0.3468468468468468568, 0.3513513513513513709, 0.3558558558558558294, 0.3603603603603603434, 0.3648648648648648574, 0.3693693693693693714, 0.3738738738738738854, 0.3783783783783783994, 0.3828828828828828579, 0.3873873873873873719, 0.3918918918918918859, 0.3963963963963963999, 0.4009009009009009139, 0.4054054054054054279, 0.4099099099099098864, 0.4144144144144144004, 0.4189189189189189144, 0.4234234234234234284, 0.4279279279279279424, 0.4324324324324324564, 0.4369369369369369149, 0.4414414414414414289, 0.4459459459459459429, 0.4504504504504504570, 0.4549549549549549710, 0.4594594594594594850, 0.4639639639639639435, 0.4684684684684684575, 0.4729729729729729715, 0.4774774774774774855, 0.4819819819819819995, 0.4864864864864865135, 0.4909909909909909720, 0.4954954954954954860, 0.5000000000000000000, 0.5045045045045044585, 0.5090090090090090280, 0.5135135135135134865, 0.5180180180180180560, 0.5225225225225225145, 0.5270270270270269730, 0.5315315315315315425, 0.5360360360360360010, 0.5405405405405405705, 0.5450450450450450290, 0.5495495495495495986, 0.5540540540540540571, 0.5585585585585585155, 0.5630630630630630851, 0.5675675675675675436, 0.5720720720720721131, 0.5765765765765765716, 0.5810810810810810301, 0.5855855855855855996, 0.5900900900900900581, 0.5945945945945946276, 0.5990990990990990861, 0.6036036036036036556, 0.6081081081081081141, 0.6126126126126125726, 0.6171171171171171421, 0.6216216216216216006, 0.6261261261261261701, 0.6306306306306306286, 0.6351351351351350871, 0.6396396396396396566, 0.6441441441441441151, 0.6486486486486486847, 0.6531531531531531432, 0.6576576576576577127, 0.6621621621621621712, 0.6666666666666666297, 0.6711711711711711992, 0.6756756756756756577, 0.6801801801801802272, 0.6846846846846846857, 0.6891891891891891442, 0.6936936936936937137, 0.6981981981981981722, 0.7027027027027027417, 0.7072072072072072002, 0.7117117117117116587, 0.7162162162162162282, 0.7207207207207206867, 0.7252252252252252562, 0.7297297297297297147, 0.7342342342342342842, 0.7387387387387387427, 0.7432432432432432012, 0.7477477477477477708, 0.7522522522522522292, 0.7567567567567567988, 0.7612612612612612573, 0.7657657657657657158, 0.7702702702702702853, 0.7747747747747747438, 0.7792792792792793133, 0.7837837837837837718, 0.7882882882882883413, 0.7927927927927927998, 0.7972972972972972583, 0.8018018018018018278, 0.8063063063063062863, 0.8108108108108108558, 0.8153153153153153143, 0.8198198198198197728, 0.8243243243243243423, 0.8288288288288288008, 0.8333333333333333703, 0.8378378378378378288, 0.8423423423423422873, 0.8468468468468468568, 0.8513513513513513153, 0.8558558558558558849, 0.8603603603603603434, 0.8648648648648649129, 0.8693693693693693714, 0.8738738738738738299, 0.8783783783783783994, 0.8828828828828828579, 0.8873873873873874274, 0.8918918918918918859, 0.8963963963963963444, 0.9009009009009009139, 0.9054054054054053724, 0.9099099099099099419, 0.9144144144144144004, 0.9189189189189189699, 0.9234234234234234284, 0.9279279279279278869, 0.9324324324324324564, 0.9369369369369369149, 0.9414414414414414845, 0.9459459459459459429, 0.9504504504504504014, 0.9549549549549549710, 0.9594594594594594295, 0.9639639639639639990, 0.9684684684684684575, 0.9729729729729730270, 0.9774774774774774855, 0.9819819819819819440, 0.9864864864864865135, 0.9909909909909909720, 0.9954954954954955415, 1.000000000000000000 ),
 .UNSPECIFIED. ) 
 GEOMETRIC_REPRESENTATION_ITEM ( )  RATIONAL_B_SPLINE_SURFACE ( (
 ( 1.000000000000000000, 0.8660254037844387076, 1.000000000000000000, 0.8660254037844387076, 1.000000000000000000, 0.8660254037844387076, 1.000000000000000000, 0.8660254037844387076, 1.000000000000000000, 0.8660254037844387076, 1.000000000000000000, 0.8660254037844387076, 1.000000000000000000, 0.8660254037844387076, 1.000000000000000000, 0.8660254037844387076, 1.000000000000000000, 0.8660254037844387076, 1.000000000000000000, 0.8660254037844387076, 1.000000000000000000, 0.8660254037844387076, 1.000000000000000000, 0.8660254037844387076, 1.000000000000000000, 0.8660254037844387076, 1.000000000000000000, 0.8660254037844387076, 1.000000000000000000, 0.8660254037844387076, 1.000000000000000000, 0.8660254037844387076, 1.000000000000000000, 0.8660254037844387076, 1.000000000000000000, 0.8660254037844387076, 1.000000000000000000, 0.8660254037844387076, 1.000000000000000000, 0.8660254037844387076, 1.000000000000000000, 0.8660254037844387076, 1.000000000000000000, 0.8660254037844387076, 1.000000000000000000, 0.8660254037844387076, 1.000000000000000000, 0.8660254037844387076, 1.000000000000000000, 0.8660254037844387076, 1.000000000000000000, 0.8660254037844387076, 1.000000000000000000, 0.8660254037844387076, 1.000000000000000000, 0.8660254037844387076, 1.000000000000000000, 0.8660254037844387076, 1.000000000000000000, 0.8660254037844387076, 1.000000000000000000, 0.8660254037844387076, 1.000000000000000000, 0.8660254037844387076, 1.000000000000000000, 0.8660254037844387076, 1.000000000000000000, 0.8660254037844387076, 1.000000000000000000, 0.8660254037844387076, 1.000000000000000000, 0.8660254037844387076, 1.000000000000000000, 0.8660254037844387076, 1.000000000000000000, 0.8660254037844387076, 1.000000000000000000, 0.8660254037844387076, 1.000000000000000000, 0.8660254037844387076, 1.000000000000000000, 0.8660254037844387076, 1.000000000000000000, 0.8660254037844387076, 1.000000000000000000, 0.8660254037844387076, 1.000000000000000000, 0.8660254037844387076, 1.000000000000000000, 0.8660254037844387076, 1.000000000000000000, 0.8660254037844387076, 1.000000000000000000, 0.8660254037844387076, 1.000000000000000000, 0.8660254037844387076, 1.000000000000000000, 0.8660254037844387076, 1.000000000000000000, 0.8660254037844387076, 1.000000000000000000, 0.8660254037844387076, 1.000000000000000000, 0.8660254037844387076, 1.000000000000000000, 0.8660254037844387076, 1.000000000000000000, 0.8660254037844387076, 1.000000000000000000, 0.8660254037844387076, 1.000000000000000000, 0.8660254037844387076, 1.000000000000000000, 0.8660254037844387076, 1.000000000000000000, 0.8660254037844387076, 1.000000000000000000, 0.8660254037844387076, 1.000000000000000000, 0.8660254037844387076, 1.000000000000000000, 0.8660254037844387076, 1.000000000000000000, 0.8660254037844387076, 1.000000000000000000, 0.8660254037844387076, 1.000000000000000000, 0.8660254037844387076, 1.000000000000000000, 0.8660254037844387076, 1.000000000000000000, 0.8660254037844387076, 1.000000000000000000, 0.8660254037844387076, 1.000000000000000000, 0.8660254037844387076, 1.000000000000000000, 0.8660254037844387076, 1.000000000000000000, 0.8660254037844387076, 1.000000000000000000, 0.8660254037844387076, 1.000000000000000000, 0.8660254037844387076, 1.000000000000000000, 0.8660254037844387076, 1.000000000000000000, 0.8660254037844387076, 1.000000000000000000, 0.8660254037844387076, 1.000000000000000000, 0.8660254037844387076, 1.000000000000000000, 0.8660254037844387076, 1.000000000000000000, 0.8660254037844387076, 1.000000000000000000, 0.8660254037844387076, 1.000000000000000000, 0.8660254037844387076, 1.000000000000000000, 0.8660254037844387076, 1.000000000000000000, 0.8660254037844387076, 1.000000000000000000, 0.8660254037844387076, 1.000000000000000000, 0.8660254037844387076, 1.000000000000000000, 0.8660254037844387076, 1.000000000000000000, 0.8660254037844387076, 1.000000000000000000, 0.8660254037844387076, 1.000000000000000000, 0.8660254037844387076, 1.000000000000000000, 0.8660254037844387076, 1.000000000000000000, 0.8660254037844387076, 1.000000000000000000, 0.8660254037844387076, 1.000000000000000000, 0.8660254037844387076, 1.000000000000000000, 0.8660254037844387076, 1.000000000000000000, 0.8660254037844387076, 1.000000000000000000, 0.8660254037844387076, 1.000000000000000000, 0.8660254037844387076, 1.000000000000000000, 0.8660254037844387076, 1.000000000000000000, 0.8660254037844387076, 1.000000000000000000, 0.8660254037844387076, 1.000000000000000000, 0.8660254037844387076, 1.000000000000000000, 0.8660254037844387076, 1.000000000000000000, 0.8660254037844387076, 1.000000000000000000, 0.8660254037844387076, 1.000000000000000000, 0.8660254037844387076, 1.000000000000000000, 0.8660254037844387076, 1.000000000000000000, 0.8660254037844387076, 1.000000000000000000, 0.8660254037844387076, 1.000000000000000000, 0.8660254037844387076, 1.000000000000000000, 0.8660254037844387076, 1.000000000000000000, 0.8660254037844387076, 1.000000000000000000, 0.8660254037844387076, 1.000000000000000000, 0.8660254037844387076, 1.000000000000000000, 0.8660254037844387076, 1.000000000000000000, 0.8660254037844387076, 1.000000000000000000, 0.8660254037844387076, 1.000000000000000000, 0.8660254037844387076, 1.000000000000000000, 0.8660254037844387076, 1.000000000000000000, 0.8660254037844387076, 1.000000000000000000, 0.8660254037844387076, 1.000000000000000000, 0.8660254037844387076, 1.000000000000000000, 0.8660254037844387076, 1.000000000000000000, 0.8660254037844387076, 1.000000000000000000, 0.8660254037844387076, 1.000000000000000000, 0.8660254037844387076, 1.000000000000000000, 0.8660254037844387076, 1.000000000000000000, 0.8660254037844387076, 1.000000000000000000, 0.8660254037844387076, 1.000000000000000000, 0.8660254037844387076, 1.000000000000000000, 0.8660254037844387076, 1.000000000000000000, 0.8660254037844387076, 1.000000000000000000, 0.8660254037844387076, 1.000000000000000000, 0.8660254037844387076, 1.000000000000000000, 0.8660254037844387076, 1.000000000000000000, 0.8660254037844387076, 1.000000000000000000, 0.8660254037844387076, 1.000000000000000000, 0.8660254037844387076, 1.000000000000000000, 0.8660254037844387076, 1.000000000000000000, 0.8660254037844387076, 1.000000000000000000, 0.8660254037844387076, 1.000000000000000000, 0.8660254037844387076, 1.000000000000000000, 0.8660254037844387076, 1.000000000000000000, 0.8660254037844387076, 1.000000000000000000, 0.8660254037844387076, 1.000000000000000000, 0.8660254037844387076, 1.000000000000000000, 0.8660254037844387076, 1.000000000000000000, 0.8660254037844387076, 1.000000000000000000, 0.8660254037844387076, 1.000000000000000000, 0.8660254037844387076, 1.000000000000000000, 0.8660254037844387076, 1.000000000000000000, 0.8660254037844387076, 1.000000000000000000, 0.8660254037844387076, 1.000000000000000000, 0.8660254037844387076, 1.000000000000000000, 0.8660254037844387076, 1.000000000000000000, 0.8660254037844387076, 1.000000000000000000, 0.8660254037844387076, 1.000000000000000000, 0.8660254037844387076, 1.000000000000000000, 0.8660254037844387076, 1.000000000000000000, 0.8660254037844387076, 1.000000000000000000, 0.8660254037844387076, 1.000000000000000000, 0.8660254037844387076, 1.000000000000000000, 0.8660254037844387076, 1.000000000000000000, 0.8660254037844387076, 1.000000000000000000, 0.8660254037844387076, 1.000000000000000000, 0.8660254037844387076, 1.000000000000000000, 0.8660254037844387076, 1.000000000000000000, 0.8660254037844387076, 1.000000000000000000, 0.8660254037844387076, 1.000000000000000000, 0.8660254037844387076, 1.000000000000000000, 0.8660254037844387076, 1.000000000000000000, 0.8660254037844387076, 1.000000000000000000, 0.8660254037844387076, 1.000000000000000000, 0.8660254037844387076, 1.000000000000000000, 0.8660254037844387076, 1.000000000000000000, 0.8660254037844387076, 1.000000000000000000, 0.8660254037844387076, 1.000000000000000000, 0.8660254037844387076, 1.000000000000000000, 0.8660254037844387076, 1.000000000000000000, 0.8660254037844387076, 1.000000000000000000, 0.8660254037844387076, 1.000000000000000000, 0.8660254037844387076, 1.000000000000000000, 0.8660254037844387076, 1.000000000000000000, 0.8660254037844387076, 1.000000000000000000, 0.8660254037844387076, 1.000000000000000000, 0.8660254037844387076, 1.000000000000000000, 0.8660254037844387076, 1.000000000000000000, 0.8660254037844387076, 1.000000000000000000, 0.8660254037844387076, 1.000000000000000000, 0.8660254037844387076, 1.000000000000000000, 0.8660254037844387076, 1.000000000000000000, 0.8660254037844387076, 1.000000000000000000, 0.8660254037844387076, 1.000000000000000000, 0.8660254037844387076, 1.000000000000000000, 0.8660254037844387076, 1.000000000000000000, 0.8660254037844387076, 1.000000000000000000, 0.8660254037844387076, 1.000000000000000000, 0.8660254037844387076, 1.000000000000000000, 0.8660254037844387076, 1.000000000000000000, 0.8660254037844387076, 1.000000000000000000, 0.8660254037844387076, 1.000000000000000000, 0.8660254037844387076, 1.000000000000000000, 0.8660254037844387076, 1.000000000000000000, 0.8660254037844387076, 1.000000000000000000, 0.8660254037844387076, 1.000000000000000000, 0.8660254037844387076, 1.000000000000000000, 0.8660254037844387076, 1.000000000000000000, 0.8660254037844387076, 1.000000000000000000, 0.8660254037844387076, 1.000000000000000000, 0.8660254037844387076, 1.000000000000000000, 0.8660254037844387076, 1.000000000000000000, 0.8660254037844387076, 1.000000000000000000, 0.8660254037844387076, 1.000000000000000000, 0.8660254037844387076, 1.000000000000000000, 0.8660254037844387076, 1.000000000000000000, 0.8660254037844387076, 1.000000000000000000, 0.8660254037844387076, 1.000000000000000000, 0.8660254037844387076, 1.000000000000000000, 0.8660254037844387076, 1.000000000000000000, 0.8660254037844387076, 1.000000000000000000, 0.8660254037844387076, 1.000000000000000000, 0.8660254037844387076, 1.000000000000000000, 0.8660254037844387076, 1.000000000000000000, 0.8660254037844387076, 1.000000000000000000),
 ( 1.000000000000000000, 0.8660254037844387076, 1.000000000000000000, 0.8660254037844387076, 1.000000000000000000, 0.8660254037844387076, 1.000000000000000000, 0.8660254037844387076, 1.000000000000000000, 0.8660254037844387076, 1.000000000000000000, 0.8660254037844387076, 1.000000000000000000, 0.8660254037844387076, 1.000000000000000000, 0.8660254037844387076, 1.000000000000000000, 0.8660254037844387076, 1.000000000000000000, 0.8660254037844387076, 1.000000000000000000, 0.8660254037844387076, 1.000000000000000000, 0.8660254037844387076, 1.000000000000000000, 0.8660254037844387076, 1.000000000000000000, 0.8660254037844387076, 1.000000000000000000, 0.8660254037844387076, 1.000000000000000000, 0.8660254037844387076, 1.000000000000000000, 0.8660254037844387076, 1.000000000000000000, 0.8660254037844387076, 1.000000000000000000, 0.8660254037844387076, 1.000000000000000000, 0.8660254037844387076, 1.000000000000000000, 0.8660254037844387076, 1.000000000000000000, 0.8660254037844387076, 1.000000000000000000, 0.8660254037844387076, 1.000000000000000000, 0.8660254037844387076, 1.000000000000000000, 0.8660254037844387076, 1.000000000000000000, 0.8660254037844387076, 1.000000000000000000, 0.8660254037844387076, 1.000000000000000000, 0.8660254037844387076, 1.000000000000000000, 0.8660254037844387076, 1.000000000000000000, 0.8660254037844387076, 1.000000000000000000, 0.8660254037844387076, 1.000000000000000000, 0.8660254037844387076, 1.000000000000000000, 0.8660254037844387076, 1.000000000000000000, 0.8660254037844387076, 1.000000000000000000, 0.8660254037844387076, 1.000000000000000000, 0.8660254037844387076, 1.000000000000000000, 0.8660254037844387076, 1.000000000000000000, 0.8660254037844387076, 1.000000000000000000, 0.8660254037844387076, 1.000000000000000000, 0.8660254037844387076, 1.000000000000000000, 0.8660254037844387076, 1.000000000000000000, 0.8660254037844387076, 1.000000000000000000, 0.8660254037844387076, 1.000000000000000000, 0.8660254037844387076, 1.000000000000000000, 0.8660254037844387076, 1.000000000000000000, 0.8660254037844387076, 1.000000000000000000, 0.8660254037844387076, 1.000000000000000000, 0.8660254037844387076, 1.000000000000000000, 0.8660254037844387076, 1.000000000000000000, 0.8660254037844387076, 1.000000000000000000, 0.8660254037844387076, 1.000000000000000000, 0.8660254037844387076, 1.000000000000000000, 0.8660254037844387076, 1.000000000000000000, 0.8660254037844387076, 1.000000000000000000, 0.8660254037844387076, 1.000000000000000000, 0.8660254037844387076, 1.000000000000000000, 0.8660254037844387076, 1.000000000000000000, 0.8660254037844387076, 1.000000000000000000, 0.8660254037844387076, 1.000000000000000000, 0.8660254037844387076, 1.000000000000000000, 0.8660254037844387076, 1.000000000000000000, 0.8660254037844387076, 1.000000000000000000, 0.8660254037844387076, 1.000000000000000000, 0.8660254037844387076, 1.000000000000000000, 0.8660254037844387076, 1.000000000000000000, 0.8660254037844387076, 1.000000000000000000, 0.8660254037844387076, 1.000000000000000000, 0.8660254037844387076, 1.000000000000000000, 0.8660254037844387076, 1.000000000000000000, 0.8660254037844387076, 1.000000000000000000, 0.8660254037844387076, 1.000000000000000000, 0.8660254037844387076, 1.000000000000000000, 0.8660254037844387076, 1.000000000000000000, 0.8660254037844387076, 1.000000000000000000, 0.8660254037844387076, 1.000000000000000000, 0.8660254037844387076, 1.000000000000000000, 0.8660254037844387076, 1.000000000000000000, 0.8660254037844387076, 1.000000000000000000, 0.8660254037844387076, 1.000000000000000000, 0.8660254037844387076, 1.000000000000000000, 0.8660254037844387076, 1.000000000000000000, 0.8660254037844387076, 1.000000000000000000, 0.8660254037844387076, 1.000000000000000000, 0.8660254037844387076, 1.000000000000000000, 0.8660254037844387076, 1.000000000000000000, 0.8660254037844387076, 1.000000000000000000, 0.8660254037844387076, 1.000000000000000000, 0.8660254037844387076, 1.000000000000000000, 0.8660254037844387076, 1.000000000000000000, 0.8660254037844387076, 1.000000000000000000, 0.8660254037844387076, 1.000000000000000000, 0.8660254037844387076, 1.000000000000000000, 0.8660254037844387076, 1.000000000000000000, 0.8660254037844387076, 1.000000000000000000, 0.8660254037844387076, 1.000000000000000000, 0.8660254037844387076, 1.000000000000000000, 0.8660254037844387076, 1.000000000000000000, 0.8660254037844387076, 1.000000000000000000, 0.8660254037844387076, 1.000000000000000000, 0.8660254037844387076, 1.000000000000000000, 0.8660254037844387076, 1.000000000000000000, 0.8660254037844387076, 1.000000000000000000, 0.8660254037844387076, 1.000000000000000000, 0.8660254037844387076, 1.000000000000000000, 0.8660254037844387076, 1.000000000000000000, 0.8660254037844387076, 1.000000000000000000, 0.8660254037844387076, 1.000000000000000000, 0.8660254037844387076, 1.000000000000000000, 0.8660254037844387076, 1.000000000000000000, 0.8660254037844387076, 1.000000000000000000, 0.8660254037844387076, 1.000000000000000000, 0.8660254037844387076, 1.000000000000000000, 0.8660254037844387076, 1.000000000000000000, 0.8660254037844387076, 1.000000000000000000, 0.8660254037844387076, 1.000000000000000000, 0.8660254037844387076, 1.000000000000000000, 0.8660254037844387076, 1.000000000000000000, 0.8660254037844387076, 1.000000000000000000, 0.8660254037844387076, 1.000000000000000000, 0.8660254037844387076, 1.000000000000000000, 0.8660254037844387076, 1.000000000000000000, 0.8660254037844387076, 1.000000000000000000, 0.8660254037844387076, 1.000000000000000000, 0.8660254037844387076, 1.000000000000000000, 0.8660254037844387076, 1.000000000000000000, 0.8660254037844387076, 1.000000000000000000, 0.8660254037844387076, 1.000000000000000000, 0.8660254037844387076, 1.000000000000000000, 0.8660254037844387076, 1.000000000000000000, 0.8660254037844387076, 1.000000000000000000, 0.8660254037844387076, 1.000000000000000000, 0.8660254037844387076, 1.000000000000000000, 0.8660254037844387076, 1.000000000000000000, 0.8660254037844387076, 1.000000000000000000, 0.8660254037844387076, 1.000000000000000000, 0.8660254037844387076, 1.000000000000000000, 0.8660254037844387076, 1.000000000000000000, 0.8660254037844387076, 1.000000000000000000, 0.8660254037844387076, 1.000000000000000000, 0.8660254037844387076, 1.000000000000000000, 0.8660254037844387076, 1.000000000000000000, 0.8660254037844387076, 1.000000000000000000, 0.8660254037844387076, 1.000000000000000000, 0.8660254037844387076, 1.000000000000000000, 0.8660254037844387076, 1.000000000000000000, 0.8660254037844387076, 1.000000000000000000, 0.8660254037844387076, 1.000000000000000000, 0.8660254037844387076, 1.000000000000000000, 0.8660254037844387076, 1.000000000000000000, 0.8660254037844387076, 1.000000000000000000, 0.8660254037844387076, 1.000000000000000000, 0.8660254037844387076, 1.000000000000000000, 0.8660254037844387076, 1.000000000000000000, 0.8660254037844387076, 1.000000000000000000, 0.8660254037844387076, 1.000000000000000000, 0.8660254037844387076, 1.000000000000000000, 0.8660254037844387076, 1.000000000000000000, 0.8660254037844387076, 1.000000000000000000, 0.8660254037844387076, 1.000000000000000000, 0.8660254037844387076, 1.000000000000000000, 0.8660254037844387076, 1.000000000000000000, 0.8660254037844387076, 1.000000000000000000, 0.8660254037844387076, 1.000000000000000000, 0.8660254037844387076, 1.000000000000000000, 0.8660254037844387076, 1.000000000000000000, 0.8660254037844387076, 1.000000000000000000, 0.8660254037844387076, 1.000000000000000000, 0.8660254037844387076, 1.000000000000000000, 0.8660254037844387076, 1.000000000000000000, 0.8660254037844387076, 1.000000000000000000, 0.8660254037844387076, 1.000000000000000000, 0.8660254037844387076, 1.000000000000000000, 0.8660254037844387076, 1.000000000000000000, 0.8660254037844387076, 1.000000000000000000, 0.8660254037844387076, 1.000000000000000000, 0.8660254037844387076, 1.000000000000000000, 0.8660254037844387076, 1.000000000000000000, 0.8660254037844387076, 1.000000000000000000, 0.8660254037844387076, 1.000000000000000000, 0.8660254037844387076, 1.000000000000000000, 0.8660254037844387076, 1.000000000000000000, 0.8660254037844387076, 1.000000000000000000, 0.8660254037844387076, 1.000000000000000000, 0.8660254037844387076, 1.000000000000000000, 0.8660254037844387076, 1.000000000000000000, 0.8660254037844387076, 1.000000000000000000, 0.8660254037844387076, 1.000000000000000000, 0.8660254037844387076, 1.000000000000000000, 0.8660254037844387076, 1.000000000000000000, 0.8660254037844387076, 1.000000000000000000, 0.8660254037844387076, 1.000000000000000000, 0.8660254037844387076, 1.000000000000000000, 0.8660254037844387076, 1.000000000000000000, 0.8660254037844387076, 1.000000000000000000, 0.8660254037844387076, 1.000000000000000000, 0.8660254037844387076, 1.000000000000000000, 0.8660254037844387076, 1.000000000000000000, 0.8660254037844387076, 1.000000000000000000, 0.8660254037844387076, 1.000000000000000000, 0.8660254037844387076, 1.000000000000000000, 0.8660254037844387076, 1.000000000000000000, 0.8660254037844387076, 1.000000000000000000, 0.8660254037844387076, 1.000000000000000000, 0.8660254037844387076, 1.000000000000000000, 0.8660254037844387076, 1.000000000000000000, 0.8660254037844387076, 1.000000000000000000, 0.8660254037844387076, 1.000000000000000000, 0.8660254037844387076, 1.000000000000000000, 0.8660254037844387076, 1.000000000000000000, 0.8660254037844387076, 1.000000000000000000, 0.8660254037844387076, 1.000000000000000000, 0.8660254037844387076, 1.000000000000000000, 0.8660254037844387076, 1.000000000000000000, 0.8660254037844387076, 1.000000000000000000, 0.8660254037844387076, 1.000000000000000000, 0.8660254037844387076, 1.000000000000000000, 0.8660254037844387076, 1.000000000000000000, 0.8660254037844387076, 1.000000000000000000, 0.8660254037844387076, 1.000000000000000000, 0.8660254037844387076, 1.000000000000000000, 0.8660254037844387076, 1.000000000000000000, 0.8660254037844387076, 1.000000000000000000) ) ) 
 REPRESENTATION_ITEM ( '' )  SURFACE ( )  );
#1141 = CARTESIAN_POINT ( 'NONE',  ( -1.249999999999998002, 0.000000000000000000, -14.87499999863440259 ) ) ;
#1142 = CARTESIAN_POINT ( 'NONE',  ( 0.000000000000000000, 0.000000000000000000, 0.000000000000000000 ) ) ;
#1143 = PERSON_AND_ORGANIZATION_ROLE ( 'design_owner' ) ;
#1144 = CARTESIAN_POINT ( 'NONE',  ( -1.520632937499998061, 0.000000000000000000, -2.656249999317200849 ) ) ;
#1145 = CARTESIAN_POINT ( 'NONE',  ( -1.520632937499998061, 0.000000000000000000, -15.21874999931720041 ) ) ;
#1146 = CARTESIAN_POINT ( 'NONE',  ( 0.7603164687499986973, 1.316906753706353017, -10.32291666598386648 ) ) ;
#1147 = CARTESIAN_POINT ( 'NONE',  ( 0.7603164687499986973, 1.316906753706353017, -3.822916665983867368 ) ) ;
#1148 = CARTESIAN_POINT ( 'NONE',  ( -1.249999999999998002, 0.000000000000000000, -6.499999999999997335 ) ) ;
#1149 = CARTESIAN_POINT ( 'NONE',  ( -1.520632937499998061, 0.000000000000000000, -13.21874999931720041 ) ) ;
#1150 = AXIS2_PLACEMENT_3D ( 'NONE', #2158, #3219, #3319 ) ;
#1151 = CARTESIAN_POINT ( 'NONE',  ( 1.520632937499997617, 0.8779378358042356778, -4.927083332650532554 ) ) ;
#1152 = CARTESIAN_POINT ( 'NONE',  ( 1.520632937499998061, 1.862238259587409655E-16, -1.406249999317200627 ) ) ;
#1153 = CARTESIAN_POINT ( 'NONE',  ( 0.000000000000000000, 0.000000000000000000, 0.000000000000000000 ) ) ;
#1154 = CARTESIAN_POINT ( 'NONE',  ( -0.6249999999999991118, 1.082531754730546636, -10.45833333196773651 ) ) ;
#1155 = CARTESIAN_POINT ( 'NONE',  ( 1.249999999999980016, 0.7216878364870418228, -17.20833333333332860 ) ) ;
#1156 = CARTESIAN_POINT ( 'NONE',  ( -1.520632937499997617, -0.8779378358042361219, -13.17708333265053255 ) ) ;
#1157 = CARTESIAN_POINT ( 'NONE',  ( -1.249999999999998002, 0.000000000000000000, 2.602085213965210642E-15 ) ) ;
#1158 = CARTESIAN_POINT ( 'NONE',  ( 3.225491281404033418E-16, -1.755875671608470023, -5.093749999317200405 ) ) ;
#1159 = CONICAL_SURFACE ( 'NONE', #2314, 4.650000000000001243, 0.7853981633974482790 ) ;
#1160 = LINE ( 'NONE', #6494, #5711 ) ;
#1161 = ORIENTED_EDGE ( 'NONE', *, *, #3050, .T. ) ;
#1162 = AXIS2_PLACEMENT_3D ( 'NONE', #5289, #1990, #2527 ) ;
#1163 = DIRECTION ( 'NONE',  ( 1.000000000000000000, 0.000000000000000000, 0.000000000000000000 ) ) ;
#1164 = CARTESIAN_POINT ( 'NONE',  ( 1.249999999999998002, 0.000000000000000000, 0.000000000000000000 ) ) ;
#1165 = CARTESIAN_POINT ( 'NONE',  ( -0.7603164687499992525, 1.316906753706352795, -6.802083332650533443 ) ) ;
#1166 = CARTESIAN_POINT ( 'NONE',  ( 1.520632937499998727, -0.8779378358042346786, -10.94791666598386648 ) ) ;
#1167 = LINE ( 'NONE', #4440, #4339 ) ;
#1168 = CARTESIAN_POINT ( 'NONE',  ( 2.651438096812262973E-16, -1.443375672974062107, -9.749999998634400811 ) ) ;
#1169 = CARTESIAN_POINT ( 'NONE',  ( -0.6249999999999991118, 1.082531754730546636, -8.458333331967736513 ) ) ;
#1170 = EDGE_CURVE ( 'NONE', #1561, #3313, #4661, .T. ) ;
#1171 = ORIENTED_EDGE ( 'NONE', *, *, #5055, .T. ) ;
#1172 = CARTESIAN_POINT ( 'NONE',  ( -1.520632937499998061, 0.000000000000000000, -13.65624999931720041 ) ) ;
#1173 = CARTESIAN_POINT ( 'NONE',  ( -1.249999999999998002, 0.000000000000000000, -4.374999998634403475 ) ) ;
#1174 = CARTESIAN_POINT ( 'NONE',  ( 3.225491281404032925E-16, -1.755875671608470467, -17.53124999931720041 ) ) ;
#1175 = CARTESIAN_POINT ( 'NONE',  ( 0.6249999999999995559, -1.082531754730546414, -11.20833333196773474 ) ) ;
#1176 = CARTESIAN_POINT ( 'NONE',  ( 0.6249999999999986677, 1.082531754730546858, -13.54166666530106866 ) ) ;
#1177 = CARTESIAN_POINT ( 'NONE',  ( 1.249999999999998002, 1.530808498934189105E-16, -2.124999998634403919 ) ) ;
#1178 = EDGE_CURVE ( 'NONE', #1561, #1786, #2907, .T. ) ;
#1179 = CARTESIAN_POINT ( 'NONE',  ( 1.520632937499997617, 0.8779378358042356778, -5.864583332650533443 ) ) ;
#1180 = ADVANCED_FACE ( 'NONE', ( #764 ), #4640, .F. ) ;
#1181 = CARTESIAN_POINT ( 'NONE',  ( -0.7603164687499980312, -1.316906753706353461, -14.63541666598386648 ) ) ;
#1182 = CARTESIAN_POINT ( 'NONE',  ( 0.7603164687499986973, 1.316906753706353017, -9.822916665983866480 ) ) ;
#1183 = CARTESIAN_POINT ( 'NONE',  ( 1.520632937499998061, 1.862238259587409655E-16, -3.906249999317200405 ) ) ;
#1184 = CARTESIAN_POINT ( 'NONE',  ( -1.249999999999997780, -0.7216878364870316087, -6.958333333333329485 ) ) ;
#1185 = CARTESIAN_POINT ( 'NONE',  ( -1.520632937499998727, 0.8779378358042350117, -13.76041666598386826 ) ) ;
#1186 = EDGE_CURVE ( 'NONE', #5985, #3522, #870, .T. ) ;
#1187 = CARTESIAN_POINT ( 'NONE',  ( 1.520632937499998283, -0.8779378358042346786, -7.510416665983866480 ) ) ;
#1188 = CARTESIAN_POINT ( 'NONE',  ( -0.7603164687499980312, -1.316906753706353461, -1.572916665983867146 ) ) ;
#1189 = CARTESIAN_POINT ( 'NONE',  ( -0.6249999999999982236, -1.082531754730547302, -6.416666666666664298 ) ) ;
#1190 = CARTESIAN_POINT ( 'NONE',  ( 1.249999999999998002, 0.7216878364870314977, -11.58333333196773474 ) ) ;
#1191 = CARTESIAN_POINT ( 'NONE',  ( 1.249999999999998002, 1.530808498934189105E-16, -2.749999999999997335 ) ) ;
#1192 = CARTESIAN_POINT ( 'NONE',  ( -1.249999999999998224, 0.7216878364870308316, -0.04166666666666402757 ) ) ;
#1193 = CARTESIAN_POINT ( 'NONE',  ( 0.7603164687499986973, 1.316906753706353017, -7.885416665983866480 ) ) ;
#1194 =( BOUNDED_CURVE ( )  B_SPLINE_CURVE ( 2, ( #2429, #6791, #5161, #4655, #5622, #746, #6898 ),
 .UNSPECIFIED., .F., .T. ) 
 B_SPLINE_CURVE_WITH_KNOTS ( ( 3, 2, 2, 3 ),
 ( 0.2972972972972973138, 0.3018018018018018278, 0.3063063063063063418, 0.3108108108108108558 ),
 .UNSPECIFIED. ) 
 CURVE ( )  GEOMETRIC_REPRESENTATION_ITEM ( )  RATIONAL_B_SPLINE_CURVE ( ( 1.000000000000000000, 0.8660254037844387076, 1.000000000000000000, 0.8660254037844387076, 1.000000000000000000, 0.8660254037844370423, 1.000000000000001554 ) ) 
 REPRESENTATION_ITEM ( '' )  );
#1195 = CARTESIAN_POINT ( 'NONE',  ( 2.651438096812262973E-16, -1.443375672974062107, -1.249999998634403697 ) ) ;
#1196 = VECTOR ( 'NONE', #2114, 1000.000000000000000 ) ;
#1197 = ORIENTED_EDGE ( 'NONE', *, *, #829, .T. ) ;
#1198 = CARTESIAN_POINT ( 'NONE',  ( -1.249999999999998002, 0.000000000000000000, -0.8749999986344038083 ) ) ;
#1199 = CARTESIAN_POINT ( 'NONE',  ( 1.249999999999998002, 1.530808498934189105E-16, -14.62499999863440259 ) ) ;
#1200 = CARTESIAN_POINT ( 'NONE',  ( -0.7603164687499992525, 1.316906753706352795, -8.302083332650534331 ) ) ;
#1201 = CARTESIAN_POINT ( 'NONE',  ( -0.7603164687499992525, 1.316906753706352795, -11.73958333265053433 ) ) ;
#1202 = DIRECTION ( 'NONE',  ( -0.000000000000000000, -0.000000000000000000, 1.000000000000000000 ) ) ;
#1203 = CARTESIAN_POINT ( 'NONE',  ( 0.6249999999999986677, 1.082531754730546858, -11.16666666666666252 ) ) ;
#1204 = CARTESIAN_POINT ( 'NONE',  ( -1.249999999999998002, 0.000000000000000000, -13.99999999999999645 ) ) ;
#1205 = ORIENTED_EDGE ( 'NONE', *, *, #6700, .F. ) ;
#1206 = CARTESIAN_POINT ( 'NONE',  ( 0.6249999999999995559, -1.082531754730546414, -1.708333331967737179 ) ) ;
#1207 = ORIENTED_EDGE ( 'NONE', *, *, #7007, .T. ) ;
#1208 = CARTESIAN_POINT ( 'NONE',  ( -1.075163760468011098E-16, 1.755875671608470467, -13.78124999931719863 ) ) ;
#1209 = CARTESIAN_POINT ( 'NONE',  ( -1.249999999999997780, -0.7216878364870316087, -3.833333331967736957 ) ) ;
#1210 = CARTESIAN_POINT ( 'NONE',  ( -1.075163760468011098E-16, 1.755875671608470467, -16.78124999931720041 ) ) ;
#1211 = CARTESIAN_POINT ( 'NONE',  ( 0.000000000000000000, 0.000000000000000000, 0.000000000000000000 ) ) ;
#1212 = CARTESIAN_POINT ( 'NONE',  ( -0.6249999999999991118, 1.082531754730546636, -15.95833333196773651 ) ) ;
#1213 = CARTESIAN_POINT ( 'NONE',  ( 2.651438096812262973E-16, -1.443375672974062107, -2.249999998634403919 ) ) ;
#1214 = CARTESIAN_POINT ( 'NONE',  ( -1.075163760468011098E-16, 1.755875671608470467, -6.281249999317199517 ) ) ;
#1215 = CARTESIAN_POINT ( 'NONE',  ( 1.520632937499998061, 1.862238259587409655E-16, -13.96874999931719863 ) ) ;
#1216 = CARTESIAN_POINT ( 'NONE',  ( -1.520632937499998061, 0.000000000000000000, -8.656249999317200405 ) ) ;
#1217 = CARTESIAN_POINT ( 'NONE',  ( 1.520632937499998061, 1.862238259587409655E-16, -2.406249999317200849 ) ) ;
#1218 = CARTESIAN_POINT ( 'NONE',  ( 0.6249999999999995559, -1.082531754730546414, -5.833333333333331261 ) ) ;
#1219 = CARTESIAN_POINT ( 'NONE',  ( -0.7603164687499980312, -1.316906753706353461, -13.63541666598386648 ) ) ;
#1220 = EDGE_CURVE ( 'NONE', #3231, #3847, #202, .T. ) ;
#1221 = CARTESIAN_POINT ( 'NONE',  ( -1.249999999999998224, 0.7216878364870308316, -17.04166666666666430 ) ) ;
#1222 = CARTESIAN_POINT ( 'NONE',  ( 0.7603164687499986973, 1.316906753706353017, -7.885416665983866480 ) ) ;
#1223 = CARTESIAN_POINT ( 'NONE',  ( -1.520632937499998061, 0.000000000000000000, -1.156249999317200627 ) ) ;
#1224 = CARTESIAN_POINT ( 'NONE',  ( -1.249999999999997780, -0.7216878364870316087, -12.83333333196773474 ) ) ;
#1225 = DIRECTION ( 'NONE',  ( 1.000000000000000000, 0.000000000000000000, 0.000000000000000000 ) ) ;
#1226 = CARTESIAN_POINT ( 'NONE',  ( -1.520632937499998061, 0.000000000000000000, -6.718749999317200405 ) ) ;
#1227 = ADVANCED_FACE ( 'NONE', ( #6811 ), #6264, .F. ) ;
#1228 = DIRECTION ( 'NONE',  ( -0.000000000000000000, -0.000000000000000000, 1.000000000000000000 ) ) ;
#1229 = ORIENTED_EDGE ( 'NONE', *, *, #1016, .F. ) ;
#1230 = CARTESIAN_POINT ( 'NONE',  ( -8.838126989374211143E-17, 1.443375672974062107, -15.12499999999999822 ) ) ;
#1231 = CARTESIAN_POINT ( 'NONE',  ( -1.249999999999998002, 0.000000000000000000, -3.374999998634403919 ) ) ;
#1232 = CARTESIAN_POINT ( 'NONE',  ( -1.520632937499997617, -0.8779378358042361219, -7.677083332650533443 ) ) ;
#1233 = CARTESIAN_POINT ( 'NONE',  ( -0.7603164687499992525, 1.316906753706352795, -10.23958333265053433 ) ) ;
#1234 = LINE ( 'NONE', #243, #4798 ) ;
#1235 = CARTESIAN_POINT ( 'NONE',  ( 0.3073611622934144250, -1.374969625950135832, -17.64689985688698215 ) ) ;
#1236 = CARTESIAN_POINT ( 'NONE',  ( -1.249999999999998002, 0.000000000000000000, -14.49999999999999645 ) ) ;
#1237 = DIRECTION ( 'NONE',  ( 1.000000000000000000, 0.000000000000000000, 0.000000000000000000 ) ) ;
#1238 =( BOUNDED_CURVE ( )  B_SPLINE_CURVE ( 2, ( #3797, #3166, #1090, #3272, #457, #5436, #2637 ),
 .UNSPECIFIED., .F., .T. ) 
 B_SPLINE_CURVE_WITH_KNOTS ( ( 3, 2, 2, 3 ),
 ( 0.7567567567567567988, 0.7612612612612612573, 0.7657657657657656047, 0.7702702702702701743 ),
 .UNSPECIFIED. ) 
 CURVE ( )  GEOMETRIC_REPRESENTATION_ITEM ( )  RATIONAL_B_SPLINE_CURVE ( ( 1.000000000000000000, 0.8660254037844387076, 1.000000000000000000, 0.8660254037844387076, 1.000000000000000000, 0.8660254037844420383, 0.9999999999999966693 ) ) 
 REPRESENTATION_ITEM ( '' )  );
#1239 = VERTEX_POINT ( 'NONE', #5183 ) ;
#1240 = DIRECTION ( 'NONE',  ( -0.000000000000000000, -0.000000000000000000, 1.000000000000000000 ) ) ;
#1241 = VERTEX_POINT ( 'NONE', #6847 ) ;
#1242 = CARTESIAN_POINT ( 'NONE',  ( -0.7603164687499980312, -1.316906753706353461, -12.57291666598386648 ) ) ;
#1243 = CARTESIAN_POINT ( 'NONE',  ( -1.249999999999998224, 0.7216878364870308316, -4.416666665301071326 ) ) ;
#1244 = CARTESIAN_POINT ( 'NONE',  ( 3.225491281404032925E-16, -1.755875671608470467, -1.093749999317200627 ) ) ;
#1245 = CARTESIAN_POINT ( 'NONE',  ( -8.838126989374211143E-17, 1.443375672974062107, -4.124999999999996447 ) ) ;
#1246 = APPROVAL ( #3800, 'UNSPECIFIED' ) ;
#1247 = CARTESIAN_POINT ( 'NONE',  ( -0.6249999999999991118, 1.082531754730546636, -17.95833333196773651 ) ) ;
#1248 = DIRECTION ( 'NONE',  ( -0.000000000000000000, -0.000000000000000000, 1.000000000000000000 ) ) ;
#1249 = ORIENTED_EDGE ( 'NONE', *, *, #6297, .F. ) ;
#1250 = CARTESIAN_POINT ( 'NONE',  ( -0.7603164687499992525, 1.316906753706352795, -6.239583332650533443 ) ) ;
#1251 = CARTESIAN_POINT ( 'NONE',  ( -1.075163760468011098E-16, 1.755875671608470467, -15.34374999931720218 ) ) ;
#1252 = CARTESIAN_POINT ( 'NONE',  ( 1.520632937499998061, 1.862238259587409655E-16, -10.90624999931720041 ) ) ;
#1253 = CARTESIAN_POINT ( 'NONE',  ( 0.7603164687499996965, -1.316906753706352573, -5.989583332650533443 ) ) ;
#1254 = CARTESIAN_POINT ( 'NONE',  ( -1.249999999999998224, 0.7216878364870308316, -5.541666666666662522 ) ) ;
#1255 = CARTESIAN_POINT ( 'NONE',  ( -1.520632937499998061, 0.000000000000000000, -14.71874999931720041 ) ) ;
#1256 = CARTESIAN_POINT ( 'NONE',  ( 1.249999999999998002, 1.530808498934189105E-16, -17.74999999999999645 ) ) ;
#1257 = CARTESIAN_POINT ( 'NONE',  ( -0.7603164687499980312, -1.316906753706353461, -5.635416665983866480 ) ) ;
#1258 = CARTESIAN_POINT ( 'NONE',  ( 0.7603164687499986973, 1.316906753706353017, -5.322916665983866480 ) ) ;
#1259 = ADVANCED_FACE ( 'NONE', ( #3009 ), #338, .F. ) ;
#1260 = CARTESIAN_POINT ( 'NONE',  ( -1.249999999999998002, 1.530808498934189105E-16, 0.000000000000000000 ) ) ;
#1261 = CARTESIAN_POINT ( 'NONE',  ( -1.249999999999998224, 0.7216878364870308316, -11.41666666530107044 ) ) ;
#1262 = CARTESIAN_POINT ( 'NONE',  ( -1.249999999999998002, 0.000000000000000000, -12.87499999863440259 ) ) ;
#1263 = CARTESIAN_POINT ( 'NONE',  ( -1.249999999999998002, 0.7216878364870310536, -13.54166666666666430 ) ) ;
#1264 = CARTESIAN_POINT ( 'NONE',  ( 1.520632937499998727, -0.8779378358042346786, -7.510416665983866480 ) ) ;
#1265 = CARTESIAN_POINT ( 'NONE',  ( -1.249999999999998002, 1.530808498934189105E-16, 0.000000000000000000 ) ) ;
#1266 = ORIENTED_EDGE ( 'NONE', *, *, #1802, .F. ) ;
#1267 = CARTESIAN_POINT ( 'NONE',  ( 0.6249999999999986677, 1.082531754730546858, -15.16666666666666252 ) ) ;
#1268 = CARTESIAN_POINT ( 'NONE',  ( -0.7603164687499980312, -1.316906753706353461, -7.635416665983866480 ) ) ;
#1269 = CIRCLE ( 'NONE', #4912, 1.249999999999998002 ) ;
#1270 = CARTESIAN_POINT ( 'NONE',  ( -1.520632937499997617, -0.8779378358042360109, -11.11458333265053255 ) ) ;
#1271 = FACE_OUTER_BOUND ( 'NONE', #2191, .T. ) ;
#1272 = CARTESIAN_POINT ( 'NONE',  ( -1.249999999999997558, -0.7216878364870317197, -6.958333333333331261 ) ) ;
#1273 = CARTESIAN_POINT ( 'NONE',  ( 3.225491281404032925E-16, -1.755875671608470467, -0.03124999931720067251 ) ) ;
#1274 = VECTOR ( 'NONE', #607, 1000.000000000000000 ) ;
#1275 = ORIENTED_EDGE ( 'NONE', *, *, #7063, .F. ) ;
#1276 = DIRECTION ( 'NONE',  ( -0.000000000000000000, -0.000000000000000000, 1.000000000000000000 ) ) ;
#1277 = ORIENTED_EDGE ( 'NONE', *, *, #2159, .T. ) ;
#1278 = CARTESIAN_POINT ( 'NONE',  ( 1.520632937499998061, 1.862238259587409655E-16, -13.90624999931719863 ) ) ;
#1279 = CARTESIAN_POINT ( 'NONE',  ( -0.6249999999999991118, 1.082531754730546636, -5.458333331967737401 ) ) ;
#1280 = CARTESIAN_POINT ( 'NONE',  ( -1.075163760468011098E-16, 1.755875671608470467, 0.1562500006827993448 ) ) ;
#1281 = CARTESIAN_POINT ( 'NONE',  ( -1.249999999999998002, 0.000000000000000000, -17.49999999999999645 ) ) ;
#1282 = CARTESIAN_POINT ( 'NONE',  ( -1.249999999999998002, 0.000000000000000000, -16.37499999863440436 ) ) ;
#1283 = CARTESIAN_POINT ( 'NONE',  ( -0.6249999999999982236, -1.082531754730547302, -3.416666666666663854 ) ) ;
#1284 = EDGE_LOOP ( 'NONE', ( #5552, #1916, #6906, #5657 ) ) ;
#1285 = CARTESIAN_POINT ( 'NONE',  ( 1.520632937499997617, 0.8779378358042356778, -5.364583332650533443 ) ) ;
#1286 = CARTESIAN_POINT ( 'NONE',  ( 1.520632937499998061, 1.862238259587409655E-16, -14.46874999931720041 ) ) ;
#1287 = CARTESIAN_POINT ( 'NONE',  ( 0.7603164687499986973, 1.316906753706353017, -6.822916665983867368 ) ) ;
#1288 = CARTESIAN_POINT ( 'NONE',  ( -1.249999999999998224, 0.7216878364870308316, -9.041666666666664298 ) ) ;
#1289 = CARTESIAN_POINT ( 'NONE',  ( 0.7603164687499986973, 1.316906753706353017, -15.38541666598386648 ) ) ;
#1290 =( BOUNDED_CURVE ( )  B_SPLINE_CURVE ( 2, ( #6570, #171, #602, #1230, #1267, #2253, #1670 ),
 .UNSPECIFIED., .F., .F. ) 
 B_SPLINE_CURVE_WITH_KNOTS ( ( 3, 2, 2, 3 ),
 ( 0.8378378378378379399, 0.8423423423423423984, 0.8468468468468469679, 0.8513513513513514264 ),
 .UNSPECIFIED. ) 
 CURVE ( )  GEOMETRIC_REPRESENTATION_ITEM ( )  RATIONAL_B_SPLINE_CURVE ( ( 0.9999999999999966693, 0.8660254037844420383, 1.000000000000000000, 0.8660254037844387076, 1.000000000000000000, 0.8660254037844353769, 1.000000000000003331 ) ) 
 REPRESENTATION_ITEM ( '' )  );
#1291 = CARTESIAN_POINT ( 'NONE',  ( -1.249999999999997780, -0.7216878364870316087, -16.45833333333332860 ) ) ;
#1292 = CARTESIAN_POINT ( 'NONE',  ( -0.7603164687499992525, 1.316906753706352795, -7.802083332650533443 ) ) ;
#1293 = CARTESIAN_POINT ( 'NONE',  ( 0.7603164687499996965, -1.316906753706352573, -4.989583332650533443 ) ) ;
#1294 = CARTESIAN_POINT ( 'NONE',  ( 1.145713364486201202, 0.6440926470355898825, -17.55347626611133904 ) ) ;
#1295 = CARTESIAN_POINT ( 'NONE',  ( 0.6249999999999986677, 1.082531754730546858, -13.04166666530107044 ) ) ;
#1296 = DIRECTION ( 'NONE',  ( -0.7071067811865472397, 0.000000000000000000, -0.7071067811865479058 ) ) ;
#1297 = CARTESIAN_POINT ( 'NONE',  ( 1.249999999999998002, 1.530808498934189105E-16, -1.624999998634403919 ) ) ;
#1298 = CARTESIAN_POINT ( 'NONE',  ( 3.225491281404033418E-16, -1.755875671608470023, -7.093749999317199517 ) ) ;
#1299 = EDGE_CURVE ( 'NONE', #256, #6718, #111, .T. ) ;
#1300 = CARTESIAN_POINT ( 'NONE',  ( -1.307836521893596782, 0.7820093478338744353, -17.76499037811631965 ) ) ;
#1301 = VERTEX_POINT ( 'NONE', #1950 ) ;
#1302 = CARTESIAN_POINT ( 'NONE',  ( 0.000000000000000000, 0.000000000000000000, -0.2499999999999993616 ) ) ;
#1303 = CARTESIAN_POINT ( 'NONE',  ( 1.249999999999998002, 1.530808498934189105E-16, -16.62499999863440436 ) ) ;
#1304 = CARTESIAN_POINT ( 'NONE',  ( -1.520632937499998283, 0.8779378358042350117, -9.760416665983866480 ) ) ;
#1305 = CARTESIAN_POINT ( 'NONE',  ( 1.520632937499997617, 0.8779378358042356778, -12.36458333265053433 ) ) ;
#1306 = CARTESIAN_POINT ( 'NONE',  ( -1.505371808998420047, 0.2148958987107434659, -0.2293670624999989971 ) ) ;
#1307 = CARTESIAN_POINT ( 'NONE',  ( -1.249999999999998002, 1.530808498934189105E-16, 0.000000000000000000 ) ) ;
#1308 = CARTESIAN_POINT ( 'NONE',  ( -8.838126989374211143E-17, 1.443375672974062107, -15.62499999999999822 ) ) ;
#1309 = EDGE_CURVE ( 'NONE', #2477, #7019, #4107, .T. ) ;
#1310 = AXIS2_PLACEMENT_3D ( 'NONE', #2381, #233, #1332 ) ;
#1311 = EDGE_LOOP ( 'NONE', ( #5585, #5996, #5009, #4883 ) ) ;
#1312 = CYLINDRICAL_SURFACE ( 'NONE', #4726, 1.249999999999998002 ) ;
#1313 = VERTEX_POINT ( 'NONE', #1401 ) ;
#1314 = CARTESIAN_POINT ( 'NONE',  ( 0.7603164687499996965, -1.316906753706352573, -13.98958333265053433 ) ) ;
#1315 = CARTESIAN_POINT ( 'NONE',  ( -8.838126989374211143E-17, 1.443375672974062107, -7.499999998634403475 ) ) ;
#1316 = CARTESIAN_POINT ( 'NONE',  ( 3.225491281404032925E-16, -1.755875671608470467, -1.593749999317200405 ) ) ;
#1317 = CARTESIAN_POINT ( 'NONE',  ( 0.3349365000455140629, 1.249999994511353130, -0.5223290986374380385 ) ) ;
#1318 = EDGE_CURVE ( 'NONE', #3267, #6166, #2536, .T. ) ;
#1319 = CARTESIAN_POINT ( 'NONE',  ( 1.249999999999998002, 0.7216878364870314977, -17.08333333196773651 ) ) ;
#1320 = CARTESIAN_POINT ( 'NONE',  ( 2.651438096812262973E-16, -1.443375672974062107, -14.87499999999999822 ) ) ;
#1321 = ORIENTED_EDGE ( 'NONE', *, *, #5936, .T. ) ;
#1322 = CARTESIAN_POINT ( 'NONE',  ( 3.225491281404032925E-16, -1.755875671608470467, -6.531249999317199517 ) ) ;
#1323 = CARTESIAN_POINT ( 'NONE',  ( -1.249999999999998224, 0.7216878364870308316, -0.4166666653010703825 ) ) ;
#1324 = CARTESIAN_POINT ( 'NONE',  ( 1.520632937499998061, 1.862238259587409655E-16, -11.40624999931720041 ) ) ;
#1325 = CARTESIAN_POINT ( 'NONE',  ( -1.520632937499998727, 0.8779378358042350117, -5.197916665983866480 ) ) ;
#1326 = CARTESIAN_POINT ( 'NONE',  ( 1.249999999999998002, 1.530808498934189105E-16, -10.74999999999999822 ) ) ;
#1327 = CARTESIAN_POINT ( 'NONE',  ( -1.520632937499998061, 0.000000000000000000, -16.21874999931720396 ) ) ;
#1328 = DIRECTION ( 'NONE',  ( -0.000000000000000000, -0.000000000000000000, 1.000000000000000000 ) ) ;
#1329 = CARTESIAN_POINT ( 'NONE',  ( -0.6249999999999982236, -1.082531754730547302, -17.41666666666666430 ) ) ;
#1330 = CARTESIAN_POINT ( 'NONE',  ( -1.520632937499997617, -0.8779378358042361219, -7.177083332650533443 ) ) ;
#1331 = CARTESIAN_POINT ( 'NONE',  ( 1.520632937499997617, 0.8779378358042356778, -3.364583332650533887 ) ) ;
#1332 = DIRECTION ( 'NONE',  ( 1.000000000000000000, 0.000000000000000000, 0.000000000000000000 ) ) ;
#1333 = CARTESIAN_POINT ( 'NONE',  ( -0.6249999999999982236, -1.082531754730547302, -12.29166666530106866 ) ) ;
#1334 =( BOUNDED_CURVE ( )  B_SPLINE_CURVE ( 2, ( #1, #4840, #6387, #537, #1523, #4197, #2713 ),
 .UNSPECIFIED., .F., .T. ) 
 B_SPLINE_CURVE_WITH_KNOTS ( ( 3, 2, 2, 3 ),
 ( 0.1756756756756756854, 0.1801801801801801717, 0.1846846846846846857, 0.1891891891891891997 ),
 .UNSPECIFIED. ) 
 CURVE ( )  GEOMETRIC_REPRESENTATION_ITEM ( )  RATIONAL_B_SPLINE_CURVE ( ( 1.000000000000000000, 0.8660254037844387076, 1.000000000000000000, 0.8660254037844387076, 1.000000000000000000, 0.8660254037844387076, 1.000000000000000000 ) ) 
 REPRESENTATION_ITEM ( '' )  );
#1335 = CARTESIAN_POINT ( 'NONE',  ( -1.249999999999998002, 0.000000000000000000, -0.9999999999999974465 ) ) ;
#1336 = CARTESIAN_POINT ( 'NONE',  ( -0.7603164687499992525, 1.316906753706352795, -7.302083332650533443 ) ) ;
#1337 = CARTESIAN_POINT ( 'NONE',  ( -0.6249999999999982236, -1.082531754730547302, -1.291666665301070216 ) ) ;
#1338 = EDGE_LOOP ( 'NONE', ( #6816, #2782, #4194, #6995 ) ) ;
#1339 = CARTESIAN_POINT ( 'NONE',  ( 1.249999999999998002, 1.530808498934189105E-16, -1.624999998634403919 ) ) ;
#1340 = CARTESIAN_POINT ( 'NONE',  ( 1.249999999999998002, 1.530808498934189105E-16, -0.6249999986344038083 ) ) ;
#1341 = CARTESIAN_POINT ( 'NONE',  ( 3.225491281404032925E-16, -1.755875671608470467, -10.09374999931720041 ) ) ;
#1342 = CARTESIAN_POINT ( 'NONE',  ( 1.520632937499998061, 1.862238259587409655E-16, -14.40624999931720041 ) ) ;
#1343 = CARTESIAN_POINT ( 'NONE',  ( 1.520632937499998727, -0.8779378358042346786, -2.510416665983867368 ) ) ;
#1344 = CARTESIAN_POINT ( 'NONE',  ( -8.838126989374211143E-17, 1.443375672974062107, -6.124999999999995559 ) ) ;
#1345 = CARTESIAN_POINT ( 'NONE',  ( 1.249999999999998002, -0.7216878364870306095, -1.791666666666664076 ) ) ;
#1346 = ORIENTED_EDGE ( 'NONE', *, *, #4229, .F. ) ;
#1347 = LINE ( 'NONE', #6167, #6211 ) ;
#1348 = VERTEX_POINT ( 'NONE', #5861 ) ;
#1349 = CARTESIAN_POINT ( 'NONE',  ( -1.249999999999998224, 0.7216878364870308316, -5.916666665301070438 ) ) ;
#1350 = CARTESIAN_POINT ( 'NONE',  ( -0.7603164687499980312, -1.316906753706353461, -1.135416665983867146 ) ) ;
#1351 = CARTESIAN_POINT ( 'NONE',  ( 2.651438096812262973E-16, -1.443375672974062107, -5.749999998634403475 ) ) ;
#1352 = CARTESIAN_POINT ( 'NONE',  ( -1.249999999999998002, 0.000000000000000000, -18.37499999863440436 ) ) ;
#1353 = CYLINDRICAL_SURFACE ( 'NONE', #4838, 1.249999999999998002 ) ;
#1354 = ORIENTED_EDGE ( 'NONE', *, *, #6376, .F. ) ;
#1355 = CARTESIAN_POINT ( 'NONE',  ( 3.225491281404032925E-16, -1.755875671608470467, -10.03124999931719863 ) ) ;
#1356 = CARTESIAN_POINT ( 'NONE',  ( -0.6249999999999991118, 1.082531754730546636, -0.4583333319677370676 ) ) ;
#1357 = CARTESIAN_POINT ( 'NONE',  ( 0.7603164687499996965, -1.316906753706352573, -11.48958333265053255 ) ) ;
#1358 = CARTESIAN_POINT ( 'NONE',  ( 0.7603164687499996965, -1.316906753706352573, -6.489583332650533443 ) ) ;
#1359 = CARTESIAN_POINT ( 'NONE',  ( -1.249999999999998224, 0.7216878364870308316, -9.541666666666662522 ) ) ;
#1360 = DIRECTION ( 'NONE',  ( 0.000000000000000000, 0.000000000000000000, 1.000000000000000000 ) ) ;
#1361 =( BOUNDED_CURVE ( )  B_SPLINE_CURVE ( 2, ( #6961, #3653, #873, #4756, #3049, #801, #5719 ),
 .UNSPECIFIED., .F., .T. ) 
 B_SPLINE_CURVE_WITH_KNOTS ( ( 3, 2, 2, 3 ),
 ( 0.2162162162162162282, 0.2207207207207206867, 0.2252252252252252007, 0.2297297297297296870 ),
 .UNSPECIFIED. ) 
 CURVE ( )  GEOMETRIC_REPRESENTATION_ITEM ( )  RATIONAL_B_SPLINE_CURVE ( ( 1.000000000000000000, 0.8660254037844387076, 1.000000000000000000, 0.8660254037844387076, 1.000000000000000000, 0.8660254037844403729, 0.9999999999999983347 ) ) 
 REPRESENTATION_ITEM ( '' )  );
#1362 = CARTESIAN_POINT ( 'NONE',  ( 1.250000000000015765, -0.7216878364870203955, -13.79166666666666252 ) ) ;
#1363 = CARTESIAN_POINT ( 'NONE',  ( 0.6249999999999986677, 1.082531754730546858, -15.66666666666666252 ) ) ;
#1364 = CARTESIAN_POINT ( 'NONE',  ( -1.520632937499998061, 0.000000000000000000, -10.71874999931720041 ) ) ;
#1365 = CARTESIAN_POINT ( 'NONE',  ( -1.520632937499997617, -0.8779378358042361219, -3.114583332650534331 ) ) ;
#1366 = DIRECTION ( 'NONE',  ( 1.000000000000000000, 0.000000000000000000, 0.000000000000000000 ) ) ;
#1367 = CARTESIAN_POINT ( 'NONE',  ( 1.249999999999998002, 1.530808498934189105E-16, -1.249999999999997335 ) ) ;
#1368 = CARTESIAN_POINT ( 'NONE',  ( 1.520632937499998727, -0.8779378358042346786, -9.010416665983866480 ) ) ;
#1369 = CARTESIAN_POINT ( 'NONE',  ( -1.249999999999998002, 0.000000000000000000, -11.87499999863440259 ) ) ;
#1370 = ORIENTED_EDGE ( 'NONE', *, *, #3711, .T. ) ;
#1371 = CARTESIAN_POINT ( 'NONE',  ( 1.249999999999998002, 1.530808498934189105E-16, -15.24999999999999822 ) ) ;
#1372 = DIRECTION ( 'NONE',  ( 1.000000000000000000, 0.000000000000000000, 0.000000000000000000 ) ) ;
#1373 = CARTESIAN_POINT ( 'NONE',  ( 3.225491281404032925E-16, -1.755875671608470467, -11.09374999931720041 ) ) ;
#1374 = CARTESIAN_POINT ( 'NONE',  ( 1.520632937499998727, -0.8779378358042346786, -13.94791666598386648 ) ) ;
#1375 = CARTESIAN_POINT ( 'NONE',  ( -1.520632937499998061, 0.000000000000000000, -1.718749999317200627 ) ) ;
#1376 = CARTESIAN_POINT ( 'NONE',  ( 0.6249999999999995559, -1.082531754730546414, -6.833333333333330373 ) ) ;
#1377 = CARTESIAN_POINT ( 'NONE',  ( -1.249999999999998002, 0.000000000000000000, -15.37499999863440259 ) ) ;
#1378 = VERTEX_POINT ( 'NONE', #3650 ) ;
#1379 = CONICAL_SURFACE ( 'NONE', #3662, 1.249999999999998002, 0.7853981633974509435 ) ;
#1380 = VERTEX_POINT ( 'NONE', #907 ) ;
#1381 = CARTESIAN_POINT ( 'NONE',  ( 1.520632937499998061, 1.862238259587409655E-16, -16.90624999931720041 ) ) ;
#1382 = CARTESIAN_POINT ( 'NONE',  ( 0.6249999999999986677, 1.082531754730546858, -6.041666665301070438 ) ) ;
#1383 = CARTESIAN_POINT ( 'NONE',  ( 1.520632937499998283, -0.8779378358042346786, -4.510416665983867368 ) ) ;
#1384 = CARTESIAN_POINT ( 'NONE',  ( 1.249999999999997780, 0.7216878364870316087, -13.08333333196773474 ) ) ;
#1385 = CARTESIAN_POINT ( 'NONE',  ( -1.249999999999998224, 0.7216878364870308316, -17.41666666530107221 ) ) ;
#1386 = EDGE_CURVE ( 'NONE', #6752, #7080, #2305, .T. ) ;
#1387 = CARTESIAN_POINT ( 'NONE',  ( -1.250000000000015321, -0.7216878364870213947, -14.95833333333333215 ) ) ;
#1388 = ORIENTED_EDGE ( 'NONE', *, *, #278, .T. ) ;
#1389 = CARTESIAN_POINT ( 'NONE',  ( -0.7603164687499992525, 1.316906753706352795, -8.239583332650534331 ) ) ;
#1390 = CARTESIAN_POINT ( 'NONE',  ( -1.520632937499998061, 0.000000000000000000, -17.21874999931720041 ) ) ;
#1391 = CARTESIAN_POINT ( 'NONE',  ( 1.520632937499997617, 0.8779378358042356778, -12.36458333265053433 ) ) ;
#1392 = CC_DESIGN_APPROVAL ( #4292, ( #4924 ) ) ;
#1393 = CARTESIAN_POINT ( 'NONE',  ( 3.225491281404033418E-16, -1.755875671608470023, -6.031249999317200405 ) ) ;
#1394 = CARTESIAN_POINT ( 'NONE',  ( 2.651438096812262973E-16, -1.443375672974062107, -9.374999999999998224 ) ) ;
#1395 = CARTESIAN_POINT ( 'NONE',  ( 1.250000000000015765, -0.7216878364870203955, -14.16666666530106689 ) ) ;
#1396 = EDGE_CURVE ( 'NONE', #2652, #3810, #1585, .T. ) ;
#1397 = CARTESIAN_POINT ( 'NONE',  ( -1.249999999999998002, 0.000000000000000000, -5.499999999999998224 ) ) ;
#1398 = CARTESIAN_POINT ( 'NONE',  ( -1.075163760468011098E-16, 1.755875671608470467, -0.7812499993172005164 ) ) ;
#1399 = CARTESIAN_POINT ( 'NONE',  ( -0.7603164687499992525, 1.316906753706352795, -10.80208333265053255 ) ) ;
#1400 = CARTESIAN_POINT ( 'NONE',  ( -1.520632937499998061, 0.000000000000000000, -4.656249999317200405 ) ) ;
#1401 = CARTESIAN_POINT ( 'NONE',  ( 1.249999999999998002, 1.530808498934189105E-16, -2.249999999999997335 ) ) ;
#1402 = CARTESIAN_POINT ( 'NONE',  ( -1.249999999999998002, 0.000000000000000000, -1.999999999999997335 ) ) ;
#1403 = CARTESIAN_POINT ( 'NONE',  ( -1.520632937499997617, -0.8779378358042360109, -10.67708333265053433 ) ) ;
#1404 = EDGE_CURVE ( 'NONE', #2405, #5275, #155, .T. ) ;
#1405 = DIRECTION ( 'NONE',  ( 1.000000000000000000, 0.000000000000000000, 0.000000000000000000 ) ) ;
#1406 = ORIENTED_EDGE ( 'NONE', *, *, #4494, .T. ) ;
#1407 = DIRECTION ( 'NONE',  ( -0.000000000000000000, -0.000000000000000000, 1.000000000000000000 ) ) ;
#1408 = CARTESIAN_POINT ( 'NONE',  ( -8.838126989374211143E-17, 1.443375672974062107, -16.49999999863440436 ) ) ;
#1409 = CARTESIAN_POINT ( 'NONE',  ( -1.520632937499998061, 0.000000000000000000, -10.21874999931719863 ) ) ;
#1410 = CARTESIAN_POINT ( 'NONE',  ( 1.520632937499997617, 0.8779378358042356778, -12.86458333265053255 ) ) ;
#1411 = CARTESIAN_POINT ( 'NONE',  ( 1.520632937499998727, -0.8779378358042346786, -0.5104166659838672571 ) ) ;
#1412 = CARTESIAN_POINT ( 'NONE',  ( 0.7603164687499986973, 1.316906753706353017, -0.8854166659838672571 ) ) ;
#1413 = CARTESIAN_POINT ( 'NONE',  ( -1.249999999999998002, 0.000000000000000000, -12.37499999863440259 ) ) ;
#1414 = AXIS2_PLACEMENT_3D ( 'NONE', #2530, #3016, #4079 ) ;
#1415 = ORIENTED_EDGE ( 'NONE', *, *, #5406, .F. ) ;
#1416 = FACE_OUTER_BOUND ( 'NONE', #4231, .T. ) ;
#1417 = ORIENTED_EDGE ( 'NONE', *, *, #2449, .F. ) ;
#1418 = CARTESIAN_POINT ( 'NONE',  ( -1.520632937499997617, -0.8779378358042361219, -15.61458333265053255 ) ) ;
#1419 = CARTESIAN_POINT ( 'NONE',  ( -1.249999999999997780, -0.7216878364870316087, -8.333333331967736513 ) ) ;
#1420 = CARTESIAN_POINT ( 'NONE',  ( -1.520632937499998283, 0.8779378358042350117, -4.760416665983866480 ) ) ;
#1421 = CARTESIAN_POINT ( 'NONE',  ( 1.249999999999998002, 1.530808498934189105E-16, -4.749999999999997335 ) ) ;
#1422 = CARTESIAN_POINT ( 'NONE',  ( -1.075163760468011098E-16, 1.755875671608470467, -17.34374999931720041 ) ) ;
#1423 = CIRCLE ( 'NONE', #4261, 4.650000000000003020 ) ;
#1424 = DIRECTION ( 'NONE',  ( -0.000000000000000000, -0.000000000000000000, 1.000000000000000000 ) ) ;
#1425 =( BOUNDED_CURVE ( )  B_SPLINE_CURVE ( 2, ( #5372, #5988, #1524, #35, #5336, #1097, #5877 ),
 .UNSPECIFIED., .F., .T. ) 
 B_SPLINE_CURVE_WITH_KNOTS ( ( 3, 2, 2, 3 ),
 ( 0.05405405405405405705, 0.05855855855855855718, 0.06306306306306305731, 0.06756756756756757132 ),
 .UNSPECIFIED. ) 
 CURVE ( )  GEOMETRIC_REPRESENTATION_ITEM ( )  RATIONAL_B_SPLINE_CURVE ( ( 1.000000000000000000, 0.8660254037844387076, 1.000000000000000000, 0.8660254037844387076, 1.000000000000000000, 0.8660254037844387076, 1.000000000000000000 ) ) 
 REPRESENTATION_ITEM ( '' )  );
#1426 = ORIENTED_EDGE ( 'NONE', *, *, #3712, .T. ) ;
#1427 = CARTESIAN_POINT ( 'NONE',  ( 3.225491281404032925E-16, -1.755875671608470467, -9.031249999317200405 ) ) ;
#1428 = CARTESIAN_POINT ( 'NONE',  ( 1.520632937499998061, 1.862238259587409655E-16, -16.46874999931720396 ) ) ;
#1429 = CARTESIAN_POINT ( 'NONE',  ( -1.520632937499998283, 0.8779378358042350117, -14.69791666598386648 ) ) ;
#1430 = CARTESIAN_POINT ( 'NONE',  ( -0.6249999999999982236, -1.082531754730547302, -8.791666665301068662 ) ) ;
#1431 = CARTESIAN_POINT ( 'NONE',  ( 1.520632937499998061, 1.862238259587409655E-16, -7.406249999317200405 ) ) ;
#1432 = CARTESIAN_POINT ( 'NONE',  ( 0.6249999999999986677, 1.082531754730546858, -10.66666666666666430 ) ) ;
#1433 = EDGE_CURVE ( 'NONE', #3868, #1117, #874, .T. ) ;
#1434 = CARTESIAN_POINT ( 'NONE',  ( -1.520632937499997617, -0.8779378358042360109, -17.67708333265053611 ) ) ;
#1435 = CARTESIAN_POINT ( 'NONE',  ( -0.7603164687499992525, 1.316906753706352795, -17.73958333265053611 ) ) ;
#1436 = CARTESIAN_POINT ( 'NONE',  ( -0.7603164687499980312, -1.316906753706353461, -0.5729166659838673681 ) ) ;
#1437 = CARTESIAN_POINT ( 'NONE',  ( 1.520632937499998061, 1.862238259587409655E-16, -9.968749999317200405 ) ) ;
#1438 = CARTESIAN_POINT ( 'NONE',  ( 1.520632937499998283, -0.8779378358042346786, -7.447916665983866480 ) ) ;
#1439 = CARTESIAN_POINT ( 'NONE',  ( 3.225491281404033418E-16, -1.755875671608470023, -1.031249999317200627 ) ) ;
#1440 = CARTESIAN_POINT ( 'NONE',  ( 1.249999999999998224, -0.7216878364870306095, -2.791666666666664298 ) ) ;
#1441 = EDGE_CURVE ( 'NONE', #6763, #4342, #4676, .T. ) ;
#1442 = CARTESIAN_POINT ( 'NONE',  ( 0.7603164687499996965, -1.316906753706352573, -10.55208333265053433 ) ) ;
#1443 = DIRECTION ( 'NONE',  ( 0.000000000000000000, 0.000000000000000000, -1.000000000000000000 ) ) ;
#1444 = ORIENTED_EDGE ( 'NONE', *, *, #3663, .F. ) ;
#1445 = CARTESIAN_POINT ( 'NONE',  ( -1.249999999999998002, 0.7216878364870310536, -12.41666666530106866 ) ) ;
#1446 = CARTESIAN_POINT ( 'NONE',  ( 0.000000000000000000, 0.000000000000000000, 0.000000000000000000 ) ) ;
#1447 = CARTESIAN_POINT ( 'NONE',  ( -0.7603164687499980312, -1.316906753706353461, -11.63541666598386648 ) ) ;
#1448 = CARTESIAN_POINT ( 'NONE',  ( -0.7603164687499980312, -1.316906753706353461, -14.57291666598386648 ) ) ;
#1449 = CARTESIAN_POINT ( 'NONE',  ( 3.225491281404033418E-16, -1.755875671608470023, -2.593749999317200405 ) ) ;
#1450 = EDGE_CURVE ( 'NONE', #4764, #5230, #4034, .T. ) ;
#1451 = CARTESIAN_POINT ( 'NONE',  ( -1.075163760468011098E-16, 1.755875671608470467, 0.1562500006827993448 ) ) ;
#1452 = DIRECTION ( 'NONE',  ( -0.000000000000000000, -0.000000000000000000, 1.000000000000000000 ) ) ;
#1453 = ORIENTED_EDGE ( 'NONE', *, *, #5754, .T. ) ;
#1454 = ORIENTED_EDGE ( 'NONE', *, *, #1669, .F. ) ;
#1455 = VERTEX_POINT ( 'NONE', #865 ) ;
#1456 = CARTESIAN_POINT ( 'NONE',  ( 3.225491281404032925E-16, -1.755875671608470467, -15.53124999931720218 ) ) ;
#1457 = CARTESIAN_POINT ( 'NONE',  ( -0.6249999999999991118, 1.082531754730546636, -8.458333331967736513 ) ) ;
#1458 = CARTESIAN_POINT ( 'NONE',  ( 0.7603164687499986973, 1.316906753706353017, -3.885416665983866924 ) ) ;
#1459 = CARTESIAN_POINT ( 'NONE',  ( 0.000000000000000000, 0.000000000000000000, 0.000000000000000000 ) ) ;
#1460 = CARTESIAN_POINT ( 'NONE',  ( 0.7603164687499986973, 1.316906753706353017, -17.38541666598386826 ) ) ;
#1461 = CARTESIAN_POINT ( 'NONE',  ( 1.249999999999998002, 1.530808498934189105E-16, -11.24999999999999822 ) ) ;
#1462 = CARTESIAN_POINT ( 'NONE',  ( 1.417302859757215927, 0.2711881131861753058, -0.3326971402427799096 ) ) ;
#1463 = ORIENTED_EDGE ( 'NONE', *, *, #2159, .F. ) ;
#1464 = CARTESIAN_POINT ( 'NONE',  ( -0.7603164687499992525, 1.316906753706352795, -8.739583332650534331 ) ) ;
#1465 = CARTESIAN_POINT ( 'NONE',  ( 3.225491281404032925E-16, -1.755875671608470467, -16.59374999931720396 ) ) ;
#1466 = CARTESIAN_POINT ( 'NONE',  ( 3.225491281404032925E-16, -1.755875671608470467, -13.53124999931720041 ) ) ;
#1467 = DIRECTION ( 'NONE',  ( 1.000000000000000000, 0.000000000000000000, 0.000000000000000000 ) ) ;
#1468 = CARTESIAN_POINT ( 'NONE',  ( -1.520632937499998061, 0.000000000000000000, -7.656249999317200405 ) ) ;
#1469 = CARTESIAN_POINT ( 'NONE',  ( -1.249999999999997780, -0.7216878364870316087, -10.95833333333333037 ) ) ;
#1470 = CARTESIAN_POINT ( 'NONE',  ( -1.213761804399877242, 0.9160277358190782593, -17.77063293750000383 ) ) ;
#1471 =( BOUNDED_CURVE ( )  B_SPLINE_CURVE ( 2, ( #3816, #2195, #6547, #6000, #3883, #4380, #1681 ),
 .UNSPECIFIED., .F., .T. ) 
 B_SPLINE_CURVE_WITH_KNOTS ( ( 3, 2, 2, 3 ),
 ( 0.6891891891891891442, 0.6936936936936937137, 0.6981981981981981722, 0.7027027027027027417 ),
 .UNSPECIFIED. ) 
 CURVE ( )  GEOMETRIC_REPRESENTATION_ITEM ( )  RATIONAL_B_SPLINE_CURVE ( ( 1.000000000000000000, 0.8660254037844387076, 1.000000000000000000, 0.8660254037844387076, 1.000000000000000000, 0.8660254037844387076, 1.000000000000000000 ) ) 
 REPRESENTATION_ITEM ( '' )  );
#1472 = CARTESIAN_POINT ( 'NONE',  ( -0.7603164687499992525, 1.316906753706352795, -17.23958333265053611 ) ) ;
#1473 = CARTESIAN_POINT ( 'NONE',  ( 3.225491281404032925E-16, -1.755875671608470467, -1.531249999317200627 ) ) ;
#1474 = CARTESIAN_POINT ( 'NONE',  ( -1.520632937499998061, 0.000000000000000000, -10.21874999931719863 ) ) ;
#1475 = CARTESIAN_POINT ( 'NONE',  ( -0.7603164687499992525, 1.316906753706352795, -5.739583332650533443 ) ) ;
#1476 = CARTESIAN_POINT ( 'NONE',  ( -1.249999999999998002, 0.000000000000000000, -4.999999999999997335 ) ) ;
#1477 = CARTESIAN_POINT ( 'NONE',  ( -1.520632937499997617, -0.8779378358042360109, -8.677083332650534331 ) ) ;
#1478 = CARTESIAN_POINT ( 'NONE',  ( -1.250000000000015321, -0.7216878364870213947, -8.958333333333332149 ) ) ;
#1479 = EDGE_CURVE ( 'NONE', #5264, #526, #3973, .T. ) ;
#1480 = ORIENTED_EDGE ( 'NONE', *, *, #5697, .T. ) ;
#1481 = CYLINDRICAL_SURFACE ( 'NONE', #6203, 1.249999999999998002 ) ;
#1482 = CARTESIAN_POINT ( 'NONE',  ( -1.249999999999998002, 0.7216878364870310536, -4.916666665301070438 ) ) ;
#1483 = CARTESIAN_POINT ( 'NONE',  ( 0.7603164687499996965, -1.316906753706352573, -12.05208333265053433 ) ) ;
#1484 = CARTESIAN_POINT ( 'NONE',  ( 1.520632937499997617, 0.8779378358042356778, -16.36458333265053255 ) ) ;
#1485 = CARTESIAN_POINT ( 'NONE',  ( -0.7603164687499992525, 1.316906753706352795, -1.802083332650533887 ) ) ;
#1486 = CARTESIAN_POINT ( 'NONE',  ( -0.7603164687499980312, -1.316906753706353461, -1.135416665983867146 ) ) ;
#1487 = ORIENTED_EDGE ( 'NONE', *, *, #580, .T. ) ;
#1488 = ORIENTED_EDGE ( 'NONE', *, *, #397, .F. ) ;
#1489 = CARTESIAN_POINT ( 'NONE',  ( -0.6249999999999991118, 1.082531754730546636, -15.08333333333333037 ) ) ;
#1490 = VERTEX_POINT ( 'NONE', #6843 ) ;
#1491 = CARTESIAN_POINT ( 'NONE',  ( -0.7603164687499980312, -1.316906753706353461, -16.57291666598386826 ) ) ;
#1492 = CARTESIAN_POINT ( 'NONE',  ( 0.6249999999999986677, 1.082531754730546858, -8.541666665301068662 ) ) ;
#1493 = CARTESIAN_POINT ( 'NONE',  ( -1.520632937499998061, 0.000000000000000000, -2.718749999317200405 ) ) ;
#1494 = CARTESIAN_POINT ( 'NONE',  ( -1.249999999999998002, 0.000000000000000000, -10.49999999999999645 ) ) ;
#1495 = CARTESIAN_POINT ( 'NONE',  ( 1.520632937499998283, -0.8779378358042346786, -16.01041666598386826 ) ) ;
#1496 = VECTOR ( 'NONE', #46, 1000.000000000000000 ) ;
#1497 = EDGE_LOOP ( 'NONE', ( #1668, #1574, #272, #911 ) ) ;
#1498 = CARTESIAN_POINT ( 'NONE',  ( 1.520632937499997617, 0.8779378358042356778, -8.864583332650532554 ) ) ;
#1499 = CARTESIAN_POINT ( 'NONE',  ( -1.249999999999998224, 0.7216878364870308316, -2.416666665301070438 ) ) ;
#1500 = CARTESIAN_POINT ( 'NONE',  ( -0.7603164687499980312, -1.316906753706353461, -13.07291666598386826 ) ) ;
#1501 = AXIS2_PLACEMENT_3D ( 'NONE', #5439, #2711, #5367 ) ;
#1502 = CARTESIAN_POINT ( 'NONE',  ( -1.249999999999997780, -0.7216878364870316087, -11.45833333333333037 ) ) ;
#1503 = CARTESIAN_POINT ( 'NONE',  ( 0.7603164687499986973, 1.316906753706353017, -17.38541666598386826 ) ) ;
#1504 = CARTESIAN_POINT ( 'NONE',  ( -1.249999999999998002, 0.7216878364870310536, -1.041666666666664076 ) ) ;
#1505 = CARTESIAN_POINT ( 'NONE',  ( -1.075163760468011098E-16, 1.755875671608470467, -1.281249999317200627 ) ) ;
#1506 = CARTESIAN_POINT ( 'NONE',  ( 0.7603164687499996965, -1.316906753706352573, -10.55208333265053433 ) ) ;
#1507 = CARTESIAN_POINT ( 'NONE',  ( 1.520632937499997617, 0.8779378358042356778, -7.864583332650533443 ) ) ;
#1508 = CARTESIAN_POINT ( 'NONE',  ( -1.249999999999998002, 0.7216878364870310536, -7.041666666666663410 ) ) ;
#1509 = CARTESIAN_POINT ( 'NONE',  ( 1.249999999999998002, 0.7216878364870314977, -3.708333333333330373 ) ) ;
#1510 = CARTESIAN_POINT ( 'NONE',  ( 1.520632937499998061, 1.862238259587409655E-16, -10.46874999931720041 ) ) ;
#1511 = CARTESIAN_POINT ( 'NONE',  ( -1.249999999999998002, 0.7216878364870310536, -2.416666665301070438 ) ) ;
#1512 = EDGE_LOOP ( 'NONE', ( #4800, #6851, #4622, #601 ) ) ;
#1513 = CARTESIAN_POINT ( 'NONE',  ( 1.249999999999998002, 1.530808498934189105E-16, -7.749999999999998224 ) ) ;
#1514 = CARTESIAN_POINT ( 'NONE',  ( 1.249999999999998002, 1.530808498934189105E-16, -5.124999998634403475 ) ) ;
#1515 = CARTESIAN_POINT ( 'NONE',  ( -1.075163760468011098E-16, 1.755875671608470467, -10.34374999931719863 ) ) ;
#1516 = CARTESIAN_POINT ( 'NONE',  ( 3.225491281404033418E-16, -1.755875671608470023, -15.53124999931720218 ) ) ;
#1517 = CARTESIAN_POINT ( 'NONE',  ( 0.6249999999999995559, -1.082531754730546414, -5.208333331967737401 ) ) ;
#1518 = CARTESIAN_POINT ( 'NONE',  ( -1.520632937499997617, -0.8779378358042361219, -1.677083332650533887 ) ) ;
#1519 = PERSON_AND_ORGANIZATION ( #4357, #1856 ) ;
#1520 = EDGE_CURVE ( 'NONE', #526, #4695, #1609, .T. ) ;
#1521 = VERTEX_POINT ( 'NONE', #1946 ) ;
#1522 = VERTEX_POINT ( 'NONE', #2729 ) ;
#1523 = CARTESIAN_POINT ( 'NONE',  ( -0.6249999999999982236, -1.082531754730547302, -3.291666665301070438 ) ) ;
#1524 = CARTESIAN_POINT ( 'NONE',  ( -0.6249999999999991118, 1.082531754730546636, -0.5833333333333307058 ) ) ;
#1525 = CARTESIAN_POINT ( 'NONE',  ( 1.249999999999998002, 0.7216878364870314977, -11.08333333196773474 ) ) ;
#1526 = CARTESIAN_POINT ( 'NONE',  ( 0.7603164687499996965, -1.316906753706352573, -4.552083332650534331 ) ) ;
#1527 = CARTESIAN_POINT ( 'NONE',  ( 1.249999999999998002, 1.530808498934189105E-16, -16.24999999999999645 ) ) ;
#1528 = CARTESIAN_POINT ( 'NONE',  ( 0.7603164687499996965, -1.316906753706352573, -17.05208333265053611 ) ) ;
#1529 = EDGE_CURVE ( 'NONE', #5957, #4159, #2346, .T. ) ;
#1530 = AXIS2_PLACEMENT_3D ( 'NONE', #5047, #1737, #2285 ) ;
#1531 = CARTESIAN_POINT ( 'NONE',  ( -1.249999999999998002, 0.7216878364870310536, -12.04166666666666607 ) ) ;
#1532 = CARTESIAN_POINT ( 'NONE',  ( 0.000000000000000000, 0.000000000000000000, 0.000000000000000000 ) ) ;
#1533 = ORIENTED_EDGE ( 'NONE', *, *, #1716, .T. ) ;
#1534 = CARTESIAN_POINT ( 'NONE',  ( -1.075163760468011098E-16, 1.755875671608470467, -11.28124999931720041 ) ) ;
#1535 = CARTESIAN_POINT ( 'NONE',  ( -1.249999999999998224, 0.7216878364870308316, -2.916666665301069994 ) ) ;
#1536 = CARTESIAN_POINT ( 'NONE',  ( -1.075163760468011098E-16, 1.755875671608470467, -14.28124999931720041 ) ) ;
#1537 = CARTESIAN_POINT ( 'NONE',  ( 0.6249999999999995559, -1.082531754730546414, -10.20833333196773651 ) ) ;
#1538 = AXIS2_PLACEMENT_3D ( 'NONE', #6979, #5308, #1001 ) ;
#1539 = CARTESIAN_POINT ( 'NONE',  ( 1.249999999999998002, 1.530808498934189105E-16, -11.24999999999999822 ) ) ;
#1541 = EDGE_CURVE ( 'NONE', #2512, #3058, #4515, .T. ) ;
#1540 = CARTESIAN_POINT ( 'NONE',  ( -1.272947012928270283, 0.1679837934543472744, -17.52294701292826673 ) ) ;
#1542 = VECTOR ( 'NONE', #4430, 1000.000000000000000 ) ;
#1543 = CARTESIAN_POINT ( 'NONE',  ( 1.249999999999998002, 1.530808498934189105E-16, -12.12499999863440259 ) ) ;
#1544 = CARTESIAN_POINT ( 'NONE',  ( 1.520632937499998283, -0.8779378358042346786, -0.9479166659838672571 ) ) ;
#1545 = CARTESIAN_POINT ( 'NONE',  ( -1.520632937499998061, 0.000000000000000000, -11.71874999931720041 ) ) ;
#1546 = CARTESIAN_POINT ( 'NONE',  ( -1.075163760468011098E-16, 1.755875671608470467, -6.281249999317199517 ) ) ;
#1547 = CARTESIAN_POINT ( 'NONE',  ( -1.520632937499998727, 0.8779378358042350117, -0.6979166659838671460 ) ) ;
#1548 = CARTESIAN_POINT ( 'NONE',  ( 0.6249999999999995559, -1.082531754730546414, -3.333333333333330373 ) ) ;
#1549 = CARTESIAN_POINT ( 'NONE',  ( -0.7603164687499992525, 1.316906753706352795, -13.30208333265053255 ) ) ;
#1550 = DIRECTION ( 'NONE',  ( 0.000000000000000000, 0.000000000000000000, 1.000000000000000000 ) ) ;
#1551 = ORIENTED_EDGE ( 'NONE', *, *, #1716, .F. ) ;
#1552 = CARTESIAN_POINT ( 'NONE',  ( 0.7603164687499996965, -1.316906753706352573, -4.552083332650534331 ) ) ;
#1553 = CARTESIAN_POINT ( 'NONE',  ( -8.838126989374211143E-17, 1.443375672974062107, -12.49999999863440259 ) ) ;
#1554 = CARTESIAN_POINT ( 'NONE',  ( 2.651438096812262973E-16, -1.443375672974062107, -13.37499999999999822 ) ) ;
#1555 = CARTESIAN_POINT ( 'NONE',  ( -0.7603164687499980312, -1.316906753706353461, -14.13541666598386648 ) ) ;
#1556 = CARTESIAN_POINT ( 'NONE',  ( -1.075163760468011222E-16, 1.755875671608470023, -15.78124999931720218 ) ) ;
#1557 = CARTESIAN_POINT ( 'NONE',  ( -0.6249999999999982236, -1.082531754730547302, -5.291666665301070438 ) ) ;
#1558 = CARTESIAN_POINT ( 'NONE',  ( -1.249999999999997558, -0.7216878364870317197, -7.333333331967737401 ) ) ;
#1559 = COORDINATED_UNIVERSAL_TIME_OFFSET ( 6, 0, .BEHIND. ) ;
#1560 = CARTESIAN_POINT ( 'NONE',  ( -1.249999999999998002, 0.000000000000000000, -13.37499999863440259 ) ) ;
#1561 = VERTEX_POINT ( 'NONE', #3223 ) ;
#1562 = DESIGN_CONTEXT ( 'detailed design', #3511, 'design' ) ;
#1563 = CARTESIAN_POINT ( 'NONE',  ( -1.520632937499998061, 0.000000000000000000, -0.6562499993172006274 ) ) ;
#1564 = CARTESIAN_POINT ( 'NONE',  ( 1.250000000000006439, 0.7216878364870263907, -5.208333333333331261 ) ) ;
#1565 = CARTESIAN_POINT ( 'NONE',  ( 1.249999999999998224, -0.7216878364870306095, -9.666666665301068662 ) ) ;
#1566 = CARTESIAN_POINT ( 'NONE',  ( 1.520632937499998283, -0.8779378358042346786, -7.010416665983867368 ) ) ;
#1567 =( BOUNDED_CURVE ( )  B_SPLINE_CURVE ( 2, ( #1008, #1646, #5854, #4819, #5926, #6582, #5388 ),
 .UNSPECIFIED., .F., .T. ) 
 B_SPLINE_CURVE_WITH_KNOTS ( ( 3, 2, 2, 3 ),
 ( 0.09459459459459459985, 0.09909909909909909997, 0.1036036036036036001, 0.1081081081081081141 ),
 .UNSPECIFIED. ) 
 CURVE ( )  GEOMETRIC_REPRESENTATION_ITEM ( )  RATIONAL_B_SPLINE_CURVE ( ( 1.000000000000000000, 0.8660254037844387076, 1.000000000000000000, 0.8660254037844387076, 1.000000000000000000, 0.8660254037844387076, 1.000000000000000000 ) ) 
 REPRESENTATION_ITEM ( '' )  );
#1568 = CARTESIAN_POINT ( 'NONE',  ( -8.838126989374211143E-17, 1.443375672974062107, -2.624999999999997335 ) ) ;
#1569 = CARTESIAN_POINT ( 'NONE',  ( -0.7603164687499980312, -1.316906753706353461, -17.13541666598386826 ) ) ;
#1570 =( BOUNDED_CURVE ( )  B_SPLINE_CURVE ( 2, ( #1059, #3698, #4804, #7011, #959, #1564, #3734 ),
 .UNSPECIFIED., .F., .T. ) 
 B_SPLINE_CURVE_WITH_KNOTS ( ( 3, 2, 2, 3 ),
 ( 0.2972972972972973138, 0.3018018018018018278, 0.3063063063063063418, 0.3108108108108108558 ),
 .UNSPECIFIED. ) 
 CURVE ( )  GEOMETRIC_REPRESENTATION_ITEM ( )  RATIONAL_B_SPLINE_CURVE ( ( 1.000000000000000000, 0.8660254037844387076, 1.000000000000000000, 0.8660254037844387076, 1.000000000000000000, 0.8660254037844370423, 1.000000000000001554 ) ) 
 REPRESENTATION_ITEM ( '' )  );
#1571 = ORIENTED_EDGE ( 'NONE', *, *, #2749, .F. ) ;
#1572 = CARTESIAN_POINT ( 'NONE',  ( 1.249999999999998002, -0.7216878364870306095, -15.79166666666666252 ) ) ;
#1573 = EDGE_CURVE ( 'NONE', #3620, #4985, #6435, .T. ) ;
#1574 = ORIENTED_EDGE ( 'NONE', *, *, #6194, .F. ) ;
#1575 = CARTESIAN_POINT ( 'NONE',  ( -0.7603164687499980312, -1.316906753706353461, -10.57291666598386648 ) ) ;
#1576 = CARTESIAN_POINT ( 'NONE',  ( 0.6249999999999986677, 1.082531754730546858, -2.541666665301070438 ) ) ;
#1577 = CARTESIAN_POINT ( 'NONE',  ( -1.520632937499998061, 0.000000000000000000, -13.65624999931720041 ) ) ;
#1578 = DIRECTION ( 'NONE',  ( 1.000000000000000000, 0.000000000000000000, 0.000000000000000000 ) ) ;
#1579 = CARTESIAN_POINT ( 'NONE',  ( 1.249999999999998224, -0.7216878364870306095, -12.79166666666666430 ) ) ;
#1580 = CARTESIAN_POINT ( 'NONE',  ( 1.249999999999998002, 1.530808498934189105E-16, -3.124999998634403919 ) ) ;
#1581 = CARTESIAN_POINT ( 'NONE',  ( -1.249999999999998002, 0.000000000000000000, -0.9999999999999974465 ) ) ;
#1582 = CARTESIAN_POINT ( 'NONE',  ( -1.075163760468011098E-16, 1.755875671608470467, -2.281249999317200405 ) ) ;
#1583 = CARTESIAN_POINT ( 'NONE',  ( 0.7603164687499986973, 1.316906753706353017, -10.88541666598386648 ) ) ;
#1584 = CARTESIAN_POINT ( 'NONE',  ( -1.520632937499998283, 0.8779378358042350117, -6.197916665983866480 ) ) ;
#1585 = LINE ( 'NONE', #5320, #3141 ) ;
#1586 = CARTESIAN_POINT ( 'NONE',  ( 1.249999999999998224, -0.7216878364870306095, -3.291666666666663854 ) ) ;
#1587 = CARTESIAN_POINT ( 'NONE',  ( 0.7603164687499996965, -1.316906753706352573, -11.05208333265053255 ) ) ;
#1588 = MECHANICAL_CONTEXT ( 'NONE', #5932, 'mechanical' ) ;
#1589 = ORIENTED_EDGE ( 'NONE', *, *, #2969, .F. ) ;
#1590 = CARTESIAN_POINT ( 'NONE',  ( -1.520632937499998283, 0.8779378358042350117, -3.260416665983867368 ) ) ;
#1591 = FACE_OUTER_BOUND ( 'NONE', #4549, .T. ) ;
#1592 = CARTESIAN_POINT ( 'NONE',  ( 1.520632937499997617, 0.8779378358042356778, -13.42708333265053255 ) ) ;
#1593 = CARTESIAN_POINT ( 'NONE',  ( -1.249999999999998002, 0.000000000000000000, -16.37499999863440436 ) ) ;
#1594 = CARTESIAN_POINT ( 'NONE',  ( 1.520632937499998727, -0.8779378358042346786, -5.510416665983866480 ) ) ;
#1595 = APPROVAL_STATUS ( 'not_yet_approved' ) ;
#1596 = DIRECTION ( 'NONE',  ( 1.000000000000000000, 0.000000000000000000, 0.000000000000000000 ) ) ;
#1597 = ORIENTED_EDGE ( 'NONE', *, *, #2151, .F. ) ;
#1598 = LINE ( 'NONE', #4264, #4488 ) ;
#1599 = CARTESIAN_POINT ( 'NONE',  ( -1.249999999999998002, 0.000000000000000000, -13.87499999863440259 ) ) ;
#1600 = CARTESIAN_POINT ( 'NONE',  ( 1.249999999999998224, -0.7216878364870306095, -10.16666666530106866 ) ) ;
#1601 = CARTESIAN_POINT ( 'NONE',  ( 3.225491281404032925E-16, -1.755875671608470467, -7.093749999317199517 ) ) ;
#1602 = CARTESIAN_POINT ( 'NONE',  ( -1.520632937499998061, 0.000000000000000000, -8.656249999317200405 ) ) ;
#1603 = LINE ( 'NONE', #4845, #1964 ) ;
#1604 = DIRECTION ( 'NONE',  ( -0.000000000000000000, -0.000000000000000000, 1.000000000000000000 ) ) ;
#1605 = ORIENTED_EDGE ( 'NONE', *, *, #3194, .F. ) ;
#1606 = DIRECTION ( 'NONE',  ( -1.000000000000000000, 0.000000000000000000, 0.000000000000000000 ) ) ;
#1607 =( BOUNDED_CURVE ( )  B_SPLINE_CURVE ( 2, ( #5376, #3247, #2150, #5481, #5991, #2187, #6500 ),
 .UNSPECIFIED., .F., .T. ) 
 B_SPLINE_CURVE_WITH_KNOTS ( ( 3, 2, 2, 3 ),
 ( 0.7297297297297298257, 0.7342342342342343953, 0.7387387387387388538, 0.7432432432432433123 ),
 .UNSPECIFIED. ) 
 CURVE ( )  GEOMETRIC_REPRESENTATION_ITEM ( )  RATIONAL_B_SPLINE_CURVE ( ( 0.9999999999999966693, 0.8660254037844420383, 1.000000000000000000, 0.8660254037844387076, 1.000000000000000000, 0.8660254037844353769, 1.000000000000003331 ) ) 
 REPRESENTATION_ITEM ( '' )  );
#1608 = VERTEX_POINT ( 'NONE', #1543 ) ;
#1609 =( BOUNDED_CURVE ( )  B_SPLINE_CURVE ( 2, ( #4177, #3646, #5178, #5820, #406, #299, #2483 ),
 .UNSPECIFIED., .F., .T. ) 
 B_SPLINE_CURVE_WITH_KNOTS ( ( 3, 2, 2, 3 ),
 ( 0.7837837837837837718, 0.7882882882882883413, 0.7927927927927927998, 0.7972972972972972583 ),
 .UNSPECIFIED. ) 
 CURVE ( )  GEOMETRIC_REPRESENTATION_ITEM ( )  RATIONAL_B_SPLINE_CURVE ( ( 1.000000000000000000, 0.8660254037844387076, 1.000000000000000000, 0.8660254037844387076, 1.000000000000000000, 0.8660254037844387076, 1.000000000000000000 ) ) 
 REPRESENTATION_ITEM ( '' )  );
#1610 = CARTESIAN_POINT ( 'NONE',  ( 0.6249999999999995559, -1.082531754730546414, -1.708333331967737179 ) ) ;
#1611 = CARTESIAN_POINT ( 'NONE',  ( 0.7603164687499996965, -1.316906753706352573, -15.98958333265053433 ) ) ;
#1612 = CARTESIAN_POINT ( 'NONE',  ( -0.6249999999999982236, -1.082531754730547302, -11.29166666530107044 ) ) ;
#1613 = CARTESIAN_POINT ( 'NONE',  ( 0.6249999999999995559, -1.082531754730546414, -12.83333333333333037 ) ) ;
#1614 = CARTESIAN_POINT ( 'NONE',  ( -0.7938214357467693327, 1.209565117162618941, -17.68712719352850726 ) ) ;
#1615 = ADVANCED_FACE ( 'NONE', ( #5389 ), #3151, .F. ) ;
#1616 = CARTESIAN_POINT ( 'NONE',  ( -0.6249999999999991118, 1.082531754730546636, -13.95833333196773651 ) ) ;
#1617 = CARTESIAN_POINT ( 'NONE',  ( -0.7603164687499992525, 1.316906753706352795, -3.239583332650534331 ) ) ;
#1618 = CARTESIAN_POINT ( 'NONE',  ( -1.520632937499997617, -0.8779378358042361219, -12.67708333265053078 ) ) ;
#1619 = CARTESIAN_POINT ( 'NONE',  ( 1.520632937499998061, 1.862238259587409655E-16, -9.906249999317200405 ) ) ;
#1620 = VECTOR ( 'NONE', #7060, 1000.000000000000000 ) ;
#1621 = CARTESIAN_POINT ( 'NONE',  ( 1.520632937499998727, -0.8779378358042346786, -3.447916665983867368 ) ) ;
#1622 = CARTESIAN_POINT ( 'NONE',  ( 1.249999999999998002, 0.7216878364870314977, -5.208333333333330373 ) ) ;
#1623 = CARTESIAN_POINT ( 'NONE',  ( 0.7603164687499996965, -1.316906753706352573, -11.55208333265053255 ) ) ;
#1624 = ADVANCED_FACE ( 'NONE', ( #6513 ), #3186, .F. ) ;
#1625 = ORIENTED_EDGE ( 'NONE', *, *, #1892, .F. ) ;
#1626 = CARTESIAN_POINT ( 'NONE',  ( -1.520632937499998061, 0.000000000000000000, -3.718749999317200405 ) ) ;
#1627 = CARTESIAN_POINT ( 'NONE',  ( -8.838126989374211143E-17, 1.443375672974062107, -4.999999998634404363 ) ) ;
#1628 = CARTESIAN_POINT ( 'NONE',  ( -1.520632937499997617, -0.8779378358042361219, -14.17708333265053255 ) ) ;
#1629 = CARTESIAN_POINT ( 'NONE',  ( 0.000000000000000000, 0.000000000000000000, 0.000000000000000000 ) ) ;
#1630 = CARTESIAN_POINT ( 'NONE',  ( 0.7603164687499996965, -1.316906753706352573, -4.052083332650533443 ) ) ;
#1631 = PERSON_AND_ORGANIZATION ( #4357, #1856 ) ;
#1632 = EDGE_CURVE ( 'NONE', #3231, #1034, #380, .T. ) ;
#1633 = DIRECTION ( 'NONE',  ( -0.000000000000000000, -0.000000000000000000, 1.000000000000000000 ) ) ;
#1634 = ORIENTED_EDGE ( 'NONE', *, *, #1047, .F. ) ;
#1635 = CYLINDRICAL_SURFACE ( 'NONE', #6789, 1.249999999999998002 ) ;
#1636 = CARTESIAN_POINT ( 'NONE',  ( 1.249999999999997780, 0.7216878364870316087, -15.08333333196773474 ) ) ;
#1637 = CARTESIAN_POINT ( 'NONE',  ( -1.520632937499997617, -0.8779378358042361219, -6.677083332650533443 ) ) ;
#1638 = CARTESIAN_POINT ( 'NONE',  ( 1.520632937499998727, -0.8779378358042346786, -9.447916665983866480 ) ) ;
#1639 = CARTESIAN_POINT ( 'NONE',  ( 1.249999999999998002, 1.530808498934189105E-16, -12.74999999999999822 ) ) ;
#1640 = ORIENTED_EDGE ( 'NONE', *, *, #4130, .F. ) ;
#1641 = FACE_OUTER_BOUND ( 'NONE', #888, .T. ) ;
#1642 = ORIENTED_EDGE ( 'NONE', *, *, #3630, .T. ) ;
#1643 = CARTESIAN_POINT ( 'NONE',  ( 2.651438096812262973E-16, -1.443375672974062107, -0.7499999986344038083 ) ) ;
#1644 = CARTESIAN_POINT ( 'NONE',  ( -1.520632937499998061, 0.000000000000000000, -16.65624999931720041 ) ) ;
#1645 = CARTESIAN_POINT ( 'NONE',  ( 1.249999999999998002, 0.000000000000000000, -0.4999999999999973910 ) ) ;
#1646 = CARTESIAN_POINT ( 'NONE',  ( 1.249999999999998002, -0.7216878364870306095, -1.291666666666664076 ) ) ;
#1647 =( BOUNDED_CURVE ( )  B_SPLINE_CURVE ( 2, ( #5734, #853, #5269, #1351, #4660, #3030, #356 ),
 .UNSPECIFIED., .F., .T. ) 
 B_SPLINE_CURVE_WITH_KNOTS ( ( 3, 2, 2, 3 ),
 ( 0.3108108108108108558, 0.3153153153153153698, 0.3198198198198198283, 0.3243243243243243423 ),
 .UNSPECIFIED. ) 
 CURVE ( )  GEOMETRIC_REPRESENTATION_ITEM ( )  RATIONAL_B_SPLINE_CURVE ( ( 0.9999999999999983347, 0.8660254037844403729, 1.000000000000000000, 0.8660254037844387076, 1.000000000000000000, 0.8660254037844387076, 1.000000000000000000 ) ) 
 REPRESENTATION_ITEM ( '' )  );
#1648 = CARTESIAN_POINT ( 'NONE',  ( 0.6249999999999995559, -1.082531754730546414, -15.20833333196773474 ) ) ;
#1649 = CARTESIAN_POINT ( 'NONE',  ( 1.249999999999998002, 0.000000000000000000, 0.000000000000000000 ) ) ;
#1650 = CARTESIAN_POINT ( 'NONE',  ( 1.520632937499998061, 1.862238259587409655E-16, -4.906249999317199517 ) ) ;
#1651 = AXIS2_PLACEMENT_3D ( 'NONE', #6597, #92, #1661 ) ;
#1652 = CARTESIAN_POINT ( 'NONE',  ( 1.520632937499997617, 0.8779378358042356778, -11.42708333265053433 ) ) ;
#1653 = CARTESIAN_POINT ( 'NONE',  ( 1.520632937499998061, 1.862238259587409655E-16, -8.906249999317200405 ) ) ;
#1654 = CARTESIAN_POINT ( 'NONE',  ( -1.520632937499998727, 0.8779378358042350117, -2.197916665983867368 ) ) ;
#1655 = CARTESIAN_POINT ( 'NONE',  ( 0.6249999999999995559, -1.082531754730546414, -7.833333333333331261 ) ) ;
#1656 = CARTESIAN_POINT ( 'NONE',  ( 0.7603164687499996965, -1.316906753706352573, -12.05208333265053433 ) ) ;
#1657 = ORIENTED_EDGE ( 'NONE', *, *, #928, .T. ) ;
#1658 = CARTESIAN_POINT ( 'NONE',  ( -1.520632937499998061, 0.000000000000000000, -4.218749999317200405 ) ) ;
#1659 =( BOUNDED_CURVE ( )  B_SPLINE_CURVE ( 2, ( #5681, #5722, #804, #4253, #5292, #5360, #492 ),
 .UNSPECIFIED., .F., .T. ) 
 B_SPLINE_CURVE_WITH_KNOTS ( ( 3, 2, 2, 3 ),
 ( 0.2432432432432432567, 0.2477477477477477708, 0.2522522522522522848, 0.2567567567567567988 ),
 .UNSPECIFIED. ) 
 CURVE ( )  GEOMETRIC_REPRESENTATION_ITEM ( )  RATIONAL_B_SPLINE_CURVE ( ( 1.000000000000000000, 0.8660254037844387076, 1.000000000000000000, 0.8660254037844387076, 1.000000000000000000, 0.8660254037844370423, 1.000000000000001554 ) ) 
 REPRESENTATION_ITEM ( '' )  );
#1660 = EDGE_CURVE ( 'NONE', #5900, #2931, #2473, .T. ) ;
#1661 = DIRECTION ( 'NONE',  ( 1.000000000000000000, 0.000000000000000000, 0.000000000000000000 ) ) ;
#1662 = DIRECTION ( 'NONE',  ( -0.000000000000000000, -0.000000000000000000, 1.000000000000000000 ) ) ;
#1663 = CARTESIAN_POINT ( 'NONE',  ( -1.520632937499997617, -0.8779378358042361219, -13.67708333265053255 ) ) ;
#1664 = CYLINDRICAL_SURFACE ( 'NONE', #2130, 1.249999999999998002 ) ;
#1665 = CARTESIAN_POINT ( 'NONE',  ( -1.520632937499998727, 0.8779378358042350117, -3.760416665983866924 ) ) ;
#1666 = PERSON_AND_ORGANIZATION ( #4357, #1856 ) ;
#1667 = DIRECTION ( 'NONE',  ( -0.000000000000000000, -0.000000000000000000, 1.000000000000000000 ) ) ;
#1668 = ORIENTED_EDGE ( 'NONE', *, *, #3875, .F. ) ;
#1669 = EDGE_CURVE ( 'NONE', #6709, #7009, #479, .T. ) ;
#1670 = CARTESIAN_POINT ( 'NONE',  ( 1.249999999999998002, 1.530808498934189105E-16, -15.24999999999999822 ) ) ;
#1671 = CARTESIAN_POINT ( 'NONE',  ( -0.7603164687499980312, -1.316906753706353461, -18.07291666598386826 ) ) ;
#1672 = CARTESIAN_POINT ( 'NONE',  ( -1.075163760468011098E-16, 1.755875671608470467, -5.343749999317200405 ) ) ;
#1673 = CARTESIAN_POINT ( 'NONE',  ( -0.7603164687499992525, 1.316906753706352795, -11.23958333265053255 ) ) ;
#1674 = FACE_OUTER_BOUND ( 'NONE', #4274, .T. ) ;
#1675 = CARTESIAN_POINT ( 'NONE',  ( 1.249999999999998002, 1.530808498934189105E-16, -16.12499999863440436 ) ) ;
#1676 = ORIENTED_EDGE ( 'NONE', *, *, #6694, .T. ) ;
#1677 = CARTESIAN_POINT ( 'NONE',  ( 0.6249999999999995559, -1.082531754730546414, -4.708333331967737401 ) ) ;
#1678 = ORIENTED_EDGE ( 'NONE', *, *, #3524, .T. ) ;
#1679 = CARTESIAN_POINT ( 'NONE',  ( -1.249999999999998002, 0.000000000000000000, -5.374999998634403475 ) ) ;
#1680 = CARTESIAN_POINT ( 'NONE',  ( -1.520632937499997617, -0.8779378358042361219, -15.61458333265053255 ) ) ;
#1681 = CARTESIAN_POINT ( 'NONE',  ( -1.249999999999998002, 0.000000000000000000, -12.49999999999999645 ) ) ;
#1682 = CARTESIAN_POINT ( 'NONE',  ( -8.838126989374211143E-17, 1.443375672974062107, -13.49999999863440259 ) ) ;
#1683 = DIRECTION ( 'NONE',  ( -0.000000000000000000, -0.000000000000000000, 1.000000000000000000 ) ) ;
#1684 = CARTESIAN_POINT ( 'NONE',  ( 1.520632937499998061, 1.862238259587409655E-16, -4.406249999317200405 ) ) ;
#1685 = CARTESIAN_POINT ( 'NONE',  ( 1.520632937499998283, -0.8779378358042346786, -13.51041666598386648 ) ) ;
#1686 = CARTESIAN_POINT ( 'NONE',  ( 1.520632937499998283, -0.8779378358042346786, -8.447916665983866480 ) ) ;
#1687 = CARTESIAN_POINT ( 'NONE',  ( -1.520632937499998727, 0.8779378358042350117, -4.197916665983867368 ) ) ;
#1688 = CARTESIAN_POINT ( 'NONE',  ( -8.838126989374211143E-17, 1.443375672974062107, -7.124999999999997335 ) ) ;
#1689 = CARTESIAN_POINT ( 'NONE',  ( 0.7603164687499986973, 1.316906753706353017, -12.88541666598386648 ) ) ;
#1690 = CARTESIAN_POINT ( 'NONE',  ( 1.249999999999998002, 1.530808498934189105E-16, -14.74999999999999822 ) ) ;
#1691 = ORIENTED_EDGE ( 'NONE', *, *, #6146, .T. ) ;
#1692 = CARTESIAN_POINT ( 'NONE',  ( 0.7603164687499996965, -1.316906753706352573, -3.552083332650533887 ) ) ;
#1693 = CARTESIAN_POINT ( 'NONE',  ( -1.520632937499998061, 0.000000000000000000, -1.656249999317200627 ) ) ;
#1694 = CARTESIAN_POINT ( 'NONE',  ( 1.249999999999998002, 1.530808498934189105E-16, -15.12499999863440259 ) ) ;
#1695 = DIRECTION ( 'NONE',  ( -0.000000000000000000, -0.000000000000000000, 1.000000000000000000 ) ) ;
#1696 = CARTESIAN_POINT ( 'NONE',  ( 1.520632937499998061, 1.862238259587409655E-16, -12.96874999931720041 ) ) ;
#1697 = CARTESIAN_POINT ( 'NONE',  ( 0.6249999999999986677, 1.082531754730546858, -13.66666666666666430 ) ) ;
#1698 = CARTESIAN_POINT ( 'NONE',  ( 0.7603164687499996965, -1.316906753706352573, -5.052083332650533443 ) ) ;
#1699 = EDGE_CURVE ( 'NONE', #2084, #2405, #4410, .T. ) ;
#1700 = CARTESIAN_POINT ( 'NONE',  ( 1.249999999999988898, 0.7216878364870367157, -4.083333331967736513 ) ) ;
#1701 = ORIENTED_EDGE ( 'NONE', *, *, #6694, .F. ) ;
#1702 = DIRECTION ( 'NONE',  ( 1.000000000000000000, 0.000000000000000000, 0.000000000000000000 ) ) ;
#1703 = CARTESIAN_POINT ( 'NONE',  ( -1.249999999999998002, 0.000000000000000000, -4.499999999999997335 ) ) ;
#1704 = CARTESIAN_POINT ( 'NONE',  ( -1.520632937499998283, 0.8779378358042350117, -5.260416665983866480 ) ) ;
#1705 = CARTESIAN_POINT ( 'NONE',  ( -1.075163760468011222E-16, 1.755875671608470023, -11.78124999931719685 ) ) ;
#1706 = CARTESIAN_POINT ( 'NONE',  ( -1.249999999999997558, -0.7216878364870317197, -7.833333331967735624 ) ) ;
#1707 = CARTESIAN_POINT ( 'NONE',  ( -0.6249999999999991118, 1.082531754730546636, -11.95833333196773651 ) ) ;
#1708 = EDGE_CURVE ( 'NONE', #2743, #3605, #3023, .T. ) ;
#1709 = VERTEX_POINT ( 'NONE', #3886 ) ;
#1710 = CARTESIAN_POINT ( 'NONE',  ( -1.249999999999998002, 0.000000000000000000, -8.374999998634402587 ) ) ;
#1711 = ORIENTED_EDGE ( 'NONE', *, *, #91, .F. ) ;
#1712 = CARTESIAN_POINT ( 'NONE',  ( -1.520632937499997617, -0.8779378358042361219, -13.61458333265053255 ) ) ;
#1713 = CARTESIAN_POINT ( 'NONE',  ( 2.651438096812262973E-16, -1.443375672974062107, -3.249999998634403919 ) ) ;
#1714 = CARTESIAN_POINT ( 'NONE',  ( 1.520632937499998283, -0.8779378358042346786, -15.94791666598386826 ) ) ;
#1715 = DIRECTION ( 'NONE',  ( 0.7071067811865493491, 0.000000000000000000, 0.7071067811865456854 ) ) ;
#1716 = EDGE_CURVE ( 'NONE', #6522, #309, #4381, .T. ) ;
#1717 = CARTESIAN_POINT ( 'NONE',  ( -0.6249999999999991118, 1.082531754730546636, -13.45833333196773651 ) ) ;
#1718 = CARTESIAN_POINT ( 'NONE',  ( -1.250000000000015765, 0.7216878364870206175, -8.041666666666662522 ) ) ;
#1719 = CARTESIAN_POINT ( 'NONE',  ( 0.7603164687499996965, -1.316906753706352573, -2.489583332650533887 ) ) ;
#1720 = CARTESIAN_POINT ( 'NONE',  ( 1.520632937499998283, -0.8779378358042346786, -16.01041666598386826 ) ) ;
#1721 = CARTESIAN_POINT ( 'NONE',  ( 0.7603164687499986973, 1.316906753706353017, -9.322916665983868256 ) ) ;
#1722 = CARTESIAN_POINT ( 'NONE',  ( -1.520632937499997617, -0.8779378358042360109, -3.614583332650533443 ) ) ;
#1723 = CARTESIAN_POINT ( 'NONE',  ( -8.838126989374211143E-17, 1.443375672974062107, -8.124999999999996447 ) ) ;
#1724 = CARTESIAN_POINT ( 'NONE',  ( -0.7603164687499992525, 1.316906753706352795, -14.80208333265053255 ) ) ;
#1725 = VECTOR ( 'NONE', #6163, 1000.000000000000000 ) ;
#1726 = CARTESIAN_POINT ( 'NONE',  ( -1.520632937499997617, -0.8779378358042361219, -6.677083332650533443 ) ) ;
#1727 = CARTESIAN_POINT ( 'NONE',  ( -1.075163760468011098E-16, 1.755875671608470467, -0.7812499993172005164 ) ) ;
#1728 = CARTESIAN_POINT ( 'NONE',  ( -1.249999999999998002, 0.000000000000000000, -15.37499999863440259 ) ) ;
#1729 = CARTESIAN_POINT ( 'NONE',  ( 1.249999999999998002, 1.530808498934189105E-16, -10.62499999863440259 ) ) ;
#1730 = FACE_OUTER_BOUND ( 'NONE', #2294, .T. ) ;
#1731 = CARTESIAN_POINT ( 'NONE',  ( -1.249999999999998002, 0.7216878364870310536, -1.416666665301070438 ) ) ;
#1732 = CARTESIAN_POINT ( 'NONE',  ( -1.520632937499998061, 0.000000000000000000, -6.218749999317200405 ) ) ;
#1733 = LINE ( 'NONE', #1265, #708 ) ;
#1734 = EDGE_LOOP ( 'NONE', ( #5544, #40, #3411, #5664 ) ) ;
#1735 = CARTESIAN_POINT ( 'NONE',  ( 0.7603164687499986973, 1.316906753706353017, -1.885416665983867146 ) ) ;
#1736 = LOCAL_TIME ( 10, 55, 33.00000000000000000, #3274 ) ;
#1737 = DIRECTION ( 'NONE',  ( -0.000000000000000000, -0.000000000000000000, 1.000000000000000000 ) ) ;
#1738 = CARTESIAN_POINT ( 'NONE',  ( -1.249999999999980460, 0.7216878364870411566, -11.41666666530107221 ) ) ;
#1739 = CARTESIAN_POINT ( 'NONE',  ( -1.520632937499998061, 0.000000000000000000, -8.718749999317200405 ) ) ;
#1740 = CARTESIAN_POINT ( 'NONE',  ( 0.7603164687499996965, -1.316906753706352573, -11.48958333265053255 ) ) ;
#1741 = DIRECTION ( 'NONE',  ( 1.000000000000000000, 0.000000000000000000, 0.000000000000000000 ) ) ;
#1742 = EDGE_CURVE ( 'NONE', #895, #4447, #2579, .T. ) ;
#1743 = CARTESIAN_POINT ( 'NONE',  ( 1.249999999999998002, 1.530808498934189105E-16, -10.62499999863440259 ) ) ;
#1744 = CARTESIAN_POINT ( 'NONE',  ( 1.249999999999998224, -0.7216878364870306095, -13.79166666666666252 ) ) ;
#1745 = EDGE_LOOP ( 'NONE', ( #2572, #6204, #6343 ) ) ;
#1746 = CARTESIAN_POINT ( 'NONE',  ( -1.249999999999998002, 1.530808498934189105E-16, 0.000000000000000000 ) ) ;
#1747 = ORIENTED_EDGE ( 'NONE', *, *, #4228, .F. ) ;
#1748 = CARTESIAN_POINT ( 'NONE',  ( 0.7603164687499986973, 1.316906753706353017, -12.32291666598386648 ) ) ;
#1749 = CARTESIAN_POINT ( 'NONE',  ( 1.249999999999998224, -0.7216878364870306095, -5.166666665301070438 ) ) ;
#1750 = CARTESIAN_POINT ( 'NONE',  ( 1.520632937499997617, 0.8779378358042356778, -17.36458333265053611 ) ) ;
#1751 = FACE_OUTER_BOUND ( 'NONE', #1828, .T. ) ;
#1752 = EDGE_CURVE ( 'NONE', #5509, #1709, #3750, .T. ) ;
#1753 = CARTESIAN_POINT ( 'NONE',  ( -1.249999999999998224, 0.7216878364870308316, -15.91666666530107221 ) ) ;
#1754 = CARTESIAN_POINT ( 'NONE',  ( 2.651438096812262973E-16, -1.443375672974062107, -3.374999999999997335 ) ) ;
#1755 = CARTESIAN_POINT ( 'NONE',  ( 0.7603164687499996965, -1.316906753706352573, -7.489583332650533443 ) ) ;
#1756 = CARTESIAN_POINT ( 'NONE',  ( -0.7603164687499992525, 1.316906753706352795, -14.80208333265053255 ) ) ;
#1757 = CARTESIAN_POINT ( 'NONE',  ( 1.520632937499998061, 1.862238259587409655E-16, -9.406249999317200405 ) ) ;
#1758 = EDGE_CURVE ( 'NONE', #4919, #256, #6868, .T. ) ;
#1759 = CARTESIAN_POINT ( 'NONE',  ( 0.7603164687499986973, 1.316906753706353017, -2.322916665983867368 ) ) ;
#1760 = CARTESIAN_POINT ( 'NONE',  ( -1.249999999999998002, 0.000000000000000000, -5.499999999999998224 ) ) ;
#1761 = CARTESIAN_POINT ( 'NONE',  ( 0.7603164687499986973, 1.316906753706353017, -14.38541666598386648 ) ) ;
#1762 = AXIS2_PLACEMENT_3D ( 'NONE', #1302, #6269, #2422 ) ;
#1763 = CARTESIAN_POINT ( 'NONE',  ( -8.838126989374211143E-17, 1.443375672974062107, -17.62499999999999645 ) ) ;
#1764 = CARTESIAN_POINT ( 'NONE',  ( 1.520632937499998061, 1.862238259587409655E-16, -6.468749999317200405 ) ) ;
#1765 = CARTESIAN_POINT ( 'NONE',  ( 0.7603164687499986973, 1.316906753706353017, -2.822916665983867368 ) ) ;
#1766 = CARTESIAN_POINT ( 'NONE',  ( 1.249999999999998002, 1.530808498934189105E-16, -16.74999999999999289 ) ) ;
#1767 = CARTESIAN_POINT ( 'NONE',  ( -0.6249999999999982236, -1.082531754730547302, -11.29166666530107044 ) ) ;
#1768 = DIRECTION ( 'NONE',  ( -0.000000000000000000, -0.000000000000000000, 1.000000000000000000 ) ) ;
#1769 = CARTESIAN_POINT ( 'NONE',  ( -1.249999999999998002, 0.7216878364870310536, -3.041666666666663854 ) ) ;
#1770 = CARTESIAN_POINT ( 'NONE',  ( -1.520632937499998061, 0.000000000000000000, -7.718749999317200405 ) ) ;
#1771 = AXIS2_PLACEMENT_3D ( 'NONE', #5995, #6427, #2616 ) ;
#1772 = CARTESIAN_POINT ( 'NONE',  ( 2.651438096812262973E-16, -1.443375672974062107, -12.87499999999999822 ) ) ;
#1773 = CC_DESIGN_PERSON_AND_ORGANIZATION_ASSIGNMENT ( #1631, #64, ( #4924 ) ) ;
#1774 = VECTOR ( 'NONE', #4833, 1000.000000000000000 ) ;
#1775 = ORIENTED_EDGE ( 'NONE', *, *, #4093, .F. ) ;
#1776 = CARTESIAN_POINT ( 'NONE',  ( -0.6249999999999982236, -1.082531754730547302, -17.29166666530107221 ) ) ;
#1777 = CARTESIAN_POINT ( 'NONE',  ( -1.249999999999988676, -0.7216878364870368268, -4.458333333333328596 ) ) ;
#1778 = CARTESIAN_POINT ( 'NONE',  ( 1.520632937499998283, -0.8779378358042346786, -9.010416665983866480 ) ) ;
#1779 = CARTESIAN_POINT ( 'NONE',  ( 3.225491281404033418E-16, -1.755875671608470023, -10.53124999931720041 ) ) ;
#1780 = DIRECTION ( 'NONE',  ( -0.000000000000000000, -0.000000000000000000, 1.000000000000000000 ) ) ;
#1781 = CARTESIAN_POINT ( 'NONE',  ( 1.335620015163588858, -0.1851575213747809479, -17.58562001516700946 ) ) ;
#1782 = CARTESIAN_POINT ( 'NONE',  ( -1.249999999999997780, -0.7216878364870316087, -14.45833333333333037 ) ) ;
#1783 = CARTESIAN_POINT ( 'NONE',  ( -0.6249999999999991118, 1.082531754730546636, -14.58333333333333037 ) ) ;
#1784 = VERTEX_POINT ( 'NONE', #3464 ) ;
#1785 = CARTESIAN_POINT ( 'NONE',  ( 1.249999999999998002, 1.530808498934189105E-16, -12.12499999863440259 ) ) ;
#1786 = VERTEX_POINT ( 'NONE', #2266 ) ;
#1787 = CARTESIAN_POINT ( 'NONE',  ( -0.7603164687499980312, -1.316906753706353461, -13.07291666598386826 ) ) ;
#1788 = CARTESIAN_POINT ( 'NONE',  ( 1.249999999999998002, 0.7216878364870314977, -4.083333331967737401 ) ) ;
#1789 = CARTESIAN_POINT ( 'NONE',  ( -1.520632937499997617, -0.8779378358042361219, -18.11458333265053255 ) ) ;
#1790 = CARTESIAN_POINT ( 'NONE',  ( 0.000000000000000000, 0.000000000000000000, 0.000000000000000000 ) ) ;
#1791 = CARTESIAN_POINT ( 'NONE',  ( 0.7603164687499986973, 1.316906753706353017, -15.38541666598386648 ) ) ;
#1792 = CARTESIAN_POINT ( 'NONE',  ( 1.249999999999998002, 1.530808498934189105E-16, -16.62499999863440436 ) ) ;
#1793 = ADVANCED_FACE ( 'NONE', ( #3918 ), #4960, .F. ) ;
#1794 = CARTESIAN_POINT ( 'NONE',  ( 0.6249999999999995559, -1.082531754730546414, -3.333333333333330373 ) ) ;
#1795 = CARTESIAN_POINT ( 'NONE',  ( -1.520632937499997617, -0.8779378358042361219, -6.614583332650533443 ) ) ;
#1796 = CARTESIAN_POINT ( 'NONE',  ( 0.7603164687499996965, -1.316906753706352573, -13.55208333265053255 ) ) ;
#1797 = CARTESIAN_POINT ( 'NONE',  ( 0.7603164687499996965, -1.316906753706352573, -11.98958333265053433 ) ) ;
#1798 = CARTESIAN_POINT ( 'NONE',  ( -1.520632937499997617, -0.8779378358042360109, -6.114583332650533443 ) ) ;
#1799 = CARTESIAN_POINT ( 'NONE',  ( 0.6249999999999995559, -1.082531754730546414, -7.333333333333330373 ) ) ;
#1800 = CARTESIAN_POINT ( 'NONE',  ( 1.520632937499997617, 0.8779378358042356778, -14.42708333265053433 ) ) ;
#1801 =( BOUNDED_CURVE ( )  B_SPLINE_CURVE ( 2, ( #5795, #5902, #6929, #3084, #4791, #6964, #2029 ),
 .UNSPECIFIED., .F., .T. ) 
 B_SPLINE_CURVE_WITH_KNOTS ( ( 3, 2, 2, 3 ),
 ( 0.3783783783783783439, 0.3828828828828828024, 0.3873873873873873719, 0.3918918918918918859 ),
 .UNSPECIFIED. ) 
 CURVE ( )  GEOMETRIC_REPRESENTATION_ITEM ( )  RATIONAL_B_SPLINE_CURVE ( ( 1.000000000000001776, 0.8660254037844371533, 1.000000000000000000, 0.8660254037844387076, 1.000000000000000000, 0.8660254037844387076, 1.000000000000000000 ) ) 
 REPRESENTATION_ITEM ( '' )  );
#1802 = EDGE_CURVE ( 'NONE', #1348, #566, #6549, .T. ) ;
#1803 = CARTESIAN_POINT ( 'NONE',  ( -1.249999999999998002, 0.000000000000000000, -15.99999999999999645 ) ) ;
#1804 = CARTESIAN_POINT ( 'NONE',  ( 0.7603164687499986973, 1.316906753706353017, -7.385416665983866480 ) ) ;
#1805 = CARTESIAN_POINT ( 'NONE',  ( -1.075163760468011098E-16, 1.755875671608470467, -1.281249999317200627 ) ) ;
#1806 = CARTESIAN_POINT ( 'NONE',  ( 0.6249999999999986677, 1.082531754730546858, -12.54166666530106866 ) ) ;
#1807 = CARTESIAN_POINT ( 'NONE',  ( 1.249999999999997780, 0.7216878364870316087, -10.58333333196773474 ) ) ;
#1808 = CARTESIAN_POINT ( 'NONE',  ( -1.249999999999998002, 0.7216878364870310536, -8.916666665301070438 ) ) ;
#1809 = CARTESIAN_POINT ( 'NONE',  ( 1.520632937499998061, 1.862238259587409655E-16, -6.468749999317200405 ) ) ;
#1810 = CARTESIAN_POINT ( 'NONE',  ( -1.213761804399877242, 0.9160277358190782593, -17.77063293750000383 ) ) ;
#1811 = VERTEX_POINT ( 'NONE', #684 ) ;
#1812 = DIRECTION ( 'NONE',  ( -0.000000000000000000, -0.000000000000000000, 1.000000000000000000 ) ) ;
#1813 = CARTESIAN_POINT ( 'NONE',  ( 1.249999999999998002, 1.530808498934189105E-16, -3.624999998634403919 ) ) ;
#1814 = CARTESIAN_POINT ( 'NONE',  ( -1.520632937499998283, 0.8779378358042350117, -7.760416665983865592 ) ) ;
#1815 = CARTESIAN_POINT ( 'NONE',  ( 1.520632937499998727, -0.8779378358042346786, -11.94791666598386470 ) ) ;
#1816 = CARTESIAN_POINT ( 'NONE',  ( 0.000000000000000000, 0.000000000000000000, -17.49999999999999645 ) ) ;
#1817 = CARTESIAN_POINT ( 'NONE',  ( 1.303880317736076488, -0.3699843468036932426, -17.59265614095957986 ) ) ;
#1818 = CARTESIAN_POINT ( 'NONE',  ( 2.651438096812262973E-16, -1.443375672974062107, -1.874999999999997335 ) ) ;
#1819 = ORIENTED_EDGE ( 'NONE', *, *, #1318, .T. ) ;
#1820 = CARTESIAN_POINT ( 'NONE',  ( -0.6249999999999982236, -1.082531754730547302, -1.791666665301070216 ) ) ;
#1821 = VERTEX_POINT ( 'NONE', #4993 ) ;
#1822 = CARTESIAN_POINT ( 'NONE',  ( -0.7603164687499992525, 1.316906753706352795, -12.73958333265053255 ) ) ;
#1823 = CARTESIAN_POINT ( 'NONE',  ( 0.6249999999999986677, 1.082531754730546858, -5.041666665301070438 ) ) ;
#1824 = CARTESIAN_POINT ( 'NONE',  ( 1.520632937499998283, -0.8779378358042346786, -0.5104166659838672571 ) ) ;
#1825 = DIRECTION ( 'NONE',  ( 1.000000000000000000, 0.000000000000000000, 0.000000000000000000 ) ) ;
#1826 = CARTESIAN_POINT ( 'NONE',  ( -0.6249999999999982236, -1.082531754730547302, -17.29166666530107221 ) ) ;
#1827 = CARTESIAN_POINT ( 'NONE',  ( -0.6249999999999982236, -1.082531754730547302, -9.291666665301070438 ) ) ;
#1828 = EDGE_LOOP ( 'NONE', ( #5974, #3133, #1417, #6531 ) ) ;
#1829 = CARTESIAN_POINT ( 'NONE',  ( 0.7603164687499986973, 1.316906753706353017, -5.822916665983867368 ) ) ;
#1830 = CARTESIAN_POINT ( 'NONE',  ( -1.520632937499998283, 0.8779378358042350117, -14.26041666598386826 ) ) ;
#1831 = CARTESIAN_POINT ( 'NONE',  ( -1.520632937499997617, -0.8779378358042361219, -12.11458333265053255 ) ) ;
#1832 = CARTESIAN_POINT ( 'NONE',  ( -0.7603164687499992525, 1.316906753706352795, -6.239583332650533443 ) ) ;
#1833 = CARTESIAN_POINT ( 'NONE',  ( -1.249999999999997780, -0.7216878364870316087, -10.45833333333333037 ) ) ;
#1834 = CARTESIAN_POINT ( 'NONE',  ( -0.7603164687499980312, -1.316906753706353461, -14.63541666598386648 ) ) ;
#1835 = CARTESIAN_POINT ( 'NONE',  ( -1.249999999999998002, 0.000000000000000000, -15.49999999999999822 ) ) ;
#1836 = CARTESIAN_POINT ( 'NONE',  ( 1.520632937499998061, 1.862238259587409655E-16, -7.468749999317200405 ) ) ;
#1837 = CARTESIAN_POINT ( 'NONE',  ( -0.7603164687499992525, 1.316906753706352795, -4.739583332650533443 ) ) ;
#1838 = DIRECTION ( 'NONE',  ( -0.000000000000000000, -0.000000000000000000, 1.000000000000000000 ) ) ;
#1839 = CARTESIAN_POINT ( 'NONE',  ( 0.6249999999999995559, -1.082531754730546414, -12.70833333196773651 ) ) ;
#1840 = CARTESIAN_POINT ( 'NONE',  ( -1.249999999999997558, -0.7216878364870317197, -8.833333331967736513 ) ) ;
#1841 = CARTESIAN_POINT ( 'NONE',  ( -1.249999999999997558, -0.7216878364870317197, -3.833333331967736513 ) ) ;
#1842 = EDGE_CURVE ( 'NONE', #1954, #3375, #2857, .T. ) ;
#1843 = CARTESIAN_POINT ( 'NONE',  ( 1.520632937499998061, 1.862238259587409655E-16, -6.968749999317199517 ) ) ;
#1844 = AXIS2_PLACEMENT_3D ( 'NONE', #926, #3668, #5808 ) ;
#1845 = CARTESIAN_POINT ( 'NONE',  ( 1.249999999999998002, 1.530808498934189105E-16, -11.74999999999999645 ) ) ;
#1846 = VERTEX_POINT ( 'NONE', #3429 ) ;
#1847 = CARTESIAN_POINT ( 'NONE',  ( 1.249999999999998002, 1.530808498934189105E-16, -6.624999998634403475 ) ) ;
#1848 = CARTESIAN_POINT ( 'NONE',  ( -0.6249999999999991118, 1.082531754730546636, -3.458333331967737401 ) ) ;
#1849 = CARTESIAN_POINT ( 'NONE',  ( -1.520632937499998061, 0.000000000000000000, -9.718749999317200405 ) ) ;
#1850 = AXIS2_PLACEMENT_3D ( 'NONE', #4837, #4799, #1093 ) ;
#1851 = CARTESIAN_POINT ( 'NONE',  ( 0.7603164687499986973, 1.316906753706353017, -13.32291666598386648 ) ) ;
#1852 = CARTESIAN_POINT ( 'NONE',  ( 2.500000000000000000, 0.000000000000000000, -17.75000000000000355 ) ) ;
#1853 = ADVANCED_FACE ( 'NONE', ( #6214 ), #5405, .T. ) ;
#1854 = CARTESIAN_POINT ( 'NONE',  ( -1.249999999999998002, 0.000000000000000000, -15.99999999999999645 ) ) ;
#1855 = CARTESIAN_POINT ( 'NONE',  ( -1.249999999999998002, 0.000000000000000000, -1.999999999999997335 ) ) ;
#1856 = ORGANIZATION ( 'UNSPECIFIED', 'UNSPECIFIED', '' ) ;
#1857 = VERTEX_POINT ( 'NONE', #6836 ) ;
#1858 = CARTESIAN_POINT ( 'NONE',  ( 0.6249999999999995559, -1.082531754730546414, -16.20833333196773651 ) ) ;
#1859 = EDGE_LOOP ( 'NONE', ( #3598, #3083, #6394, #3207 ) ) ;
#1860 = CARTESIAN_POINT ( 'NONE',  ( 0.7603164687499986973, 1.316906753706353017, -12.82291666598386648 ) ) ;
#1861 = CARTESIAN_POINT ( 'NONE',  ( 2.651438096812262973E-16, -1.443375672974062107, -7.249999998634403475 ) ) ;
#1862 = CARTESIAN_POINT ( 'NONE',  ( -1.075163760468011098E-16, 1.755875671608470467, -0.3437499993172006274 ) ) ;
#1863 = CARTESIAN_POINT ( 'NONE',  ( 1.250000000000015543, 0.7216878364870213947, -13.20833333333333393 ) ) ;
#1864 = CARTESIAN_POINT ( 'NONE',  ( -1.520632937499998061, 0.000000000000000000, -15.21874999931720041 ) ) ;
#1865 = APPROVAL_PERSON_ORGANIZATION ( #2250, #6540, #3695 ) ;
#1866 = CARTESIAN_POINT ( 'NONE',  ( 2.651438096812262973E-16, -1.443375672974062107, -16.24999999863440436 ) ) ;
#1867 = CARTESIAN_POINT ( 'NONE',  ( 0.3636660319280305975, 1.435601020737607758, -0.2752721305635308924 ) ) ;
#1868 = ORIENTED_EDGE ( 'NONE', *, *, #1016, .T. ) ;
#1869 = CARTESIAN_POINT ( 'NONE',  ( 1.520632937499997617, 0.8779378358042356778, -7.364583332650532554 ) ) ;
#1870 = CARTESIAN_POINT ( 'NONE',  ( 0.7603164687499986973, 1.316906753706353017, -14.88541666598386648 ) ) ;
#1871 = CARTESIAN_POINT ( 'NONE',  ( 0.7603164687499986973, 1.316906753706353017, -4.322916665983866480 ) ) ;
#1872 = CARTESIAN_POINT ( 'NONE',  ( 0.6249999999999995559, -1.082531754730546414, -8.833333333333330373 ) ) ;
#1873 = CARTESIAN_POINT ( 'NONE',  ( -1.520632937499997617, -0.8779378358042360109, -16.17708333265053255 ) ) ;
#1874 = CARTESIAN_POINT ( 'NONE',  ( 1.249999999999998002, 0.7216878364870314977, -15.70833333333332860 ) ) ;
#1875 = CARTESIAN_POINT ( 'NONE',  ( -0.7603164687499992525, 1.316906753706352795, -6.802083332650533443 ) ) ;
#1876 = CARTESIAN_POINT ( 'NONE',  ( -1.075163760468011098E-16, 1.755875671608470467, -3.281249999317200405 ) ) ;
#1877 = CARTESIAN_POINT ( 'NONE',  ( 1.045655344092019767, 0.7846862386238508957, -17.54647884184715068 ) ) ;
#1878 = CARTESIAN_POINT ( 'NONE',  ( -0.6249999999999991118, 1.082531754730546636, -12.95833333196773474 ) ) ;
#1879 = CARTESIAN_POINT ( 'NONE',  ( -1.249999999999998224, 0.7216878364870308316, -0.5416666666666640761 ) ) ;
#1880 = CARTESIAN_POINT ( 'NONE',  ( -0.7603164687499980312, -1.316906753706353461, -6.135416665983867368 ) ) ;
#1881 = VECTOR ( 'NONE', #4466, 1000.000000000000000 ) ;
#1882 = CARTESIAN_POINT ( 'NONE',  ( 1.249999999999998002, -0.7216878364870306095, -12.79166666666666430 ) ) ;
#1883 = ADVANCED_FACE ( 'NONE', ( #1972 ), #223, .T. ) ;
#1884 = VERTEX_POINT ( 'NONE', #2437 ) ;
#1885 = CARTESIAN_POINT ( 'NONE',  ( -1.249999999999998002, 0.000000000000000000, -11.87499999863440259 ) ) ;
#1886 = AXIS2_PLACEMENT_3D ( 'NONE', #3820, #5316, #1040 ) ;
#1887 = CARTESIAN_POINT ( 'NONE',  ( -0.7603164687499980312, -1.316906753706353461, -8.635416665983866480 ) ) ;
#1888 = CARTESIAN_POINT ( 'NONE',  ( 3.225491281404033418E-16, -1.755875671608470023, -13.53124999931720041 ) ) ;
#1889 = CARTESIAN_POINT ( 'NONE',  ( 3.225491281404033418E-16, -1.755875671608470023, -0.5937499993172006274 ) ) ;
#1890 = CARTESIAN_POINT ( 'NONE',  ( 1.249999999999998002, 1.530808498934189105E-16, -8.124999998634402587 ) ) ;
#1891 = FACE_OUTER_BOUND ( 'NONE', #2284, .T. ) ;
#1892 = EDGE_CURVE ( 'NONE', #353, #4435, #976, .T. ) ;
#1893 = ORIENTED_EDGE ( 'NONE', *, *, #4836, .F. ) ;
#1894 = CARTESIAN_POINT ( 'NONE',  ( 1.249999999999998002, 0.000000000000000000, 0.000000000000000000 ) ) ;
#1895 = ORIENTED_EDGE ( 'NONE', *, *, #1299, .F. ) ;
#1896 = CARTESIAN_POINT ( 'NONE',  ( 0.7603164687499996965, -1.316906753706352573, -15.98958333265053433 ) ) ;
#1897 = CARTESIAN_POINT ( 'NONE',  ( 1.249999999999998002, 1.530808498934189105E-16, -6.624999998634403475 ) ) ;
#1898 = CARTESIAN_POINT ( 'NONE',  ( 1.520632937499997617, 0.8779378358042356778, -1.927083332650534109 ) ) ;
#1899 = DIRECTION ( 'NONE',  ( 1.000000000000000000, 0.000000000000000000, 0.000000000000000000 ) ) ;
#1900 = CARTESIAN_POINT ( 'NONE',  ( 1.249999999999998002, 0.7216878364870314977, -16.58333333196773651 ) ) ;
#1901 = CARTESIAN_POINT ( 'NONE',  ( 0.000000000000000000, 0.000000000000000000, 0.000000000000000000 ) ) ;
#1902 = ORIENTED_EDGE ( 'NONE', *, *, #6653, .T. ) ;
#1903 = CARTESIAN_POINT ( 'NONE',  ( -1.520632937499998283, 0.8779378358042350117, -5.197916665983866480 ) ) ;
#1904 = CARTESIAN_POINT ( 'NONE',  ( 3.225491281404032925E-16, -1.755875671608470467, -18.09374999931720041 ) ) ;
#1905 = CARTESIAN_POINT ( 'NONE',  ( -0.7603164687499980312, -1.316906753706353461, -11.07291666598386826 ) ) ;
#1906 = CARTESIAN_POINT ( 'NONE',  ( 0.7603164687499996965, -1.316906753706352573, -4.489583332650534331 ) ) ;
#1907 = CARTESIAN_POINT ( 'NONE',  ( -8.838126989374211143E-17, 1.443375672974062107, -9.624999999999998224 ) ) ;
#1908 = CARTESIAN_POINT ( 'NONE',  ( 1.520632937499998727, -0.8779378358042346786, -17.01041666598386826 ) ) ;
#1909 = CARTESIAN_POINT ( 'NONE',  ( 0.6249999999999986677, 1.082531754730546858, -16.16666666666666430 ) ) ;
#1910 = CARTESIAN_POINT ( 'NONE',  ( -1.520632937499998061, 0.000000000000000000, -8.718749999317200405 ) ) ;
#1911 = CARTESIAN_POINT ( 'NONE',  ( -0.7603164687499992525, 1.316906753706352795, -3.739583332650533887 ) ) ;
#1912 = DIRECTION ( 'NONE',  ( 1.000000000000000000, 0.000000000000000000, 0.000000000000000000 ) ) ;
#1913 = CARTESIAN_POINT ( 'NONE',  ( -8.838126989374211143E-17, 1.443375672974062107, -2.624999999999996891 ) ) ;
#1914 = CARTESIAN_POINT ( 'NONE',  ( 0.7603164687499986973, 1.316906753706353017, -10.38541666598386648 ) ) ;
#1915 = CARTESIAN_POINT ( 'NONE',  ( 1.249999999999997780, 0.7216878364870316087, -2.583333331967737845 ) ) ;
#1916 = ORIENTED_EDGE ( 'NONE', *, *, #6279, .T. ) ;
#1917 = FACE_OUTER_BOUND ( 'NONE', #4019, .T. ) ;
#1918 = DIRECTION ( 'NONE',  ( -0.000000000000000000, -0.000000000000000000, 1.000000000000000000 ) ) ;
#1919 = CARTESIAN_POINT ( 'NONE',  ( 0.7603164687499996965, -1.316906753706352573, -12.55208333265053433 ) ) ;
#1920 = CARTESIAN_POINT ( 'NONE',  ( 1.520632937499998727, -0.8779378358042346786, -12.94791666598386648 ) ) ;
#1921 = CARTESIAN_POINT ( 'NONE',  ( 1.520632937499998061, 1.862238259587409655E-16, -0.4687499993172006829 ) ) ;
#1922 = CARTESIAN_POINT ( 'NONE',  ( -3.300000000000002487, 4.041334437186268961E-16, -2.000000000000000000 ) ) ;
#1923 = CARTESIAN_POINT ( 'NONE',  ( 1.520632937499997617, 0.8779378358042356778, -0.3645833326505339422 ) ) ;
#1924 = EDGE_CURVE ( 'NONE', #3868, #1522, #5811, .T. ) ;
#1925 = CARTESIAN_POINT ( 'NONE',  ( 1.249999999999998002, 1.530808498934189105E-16, -15.62499999863440259 ) ) ;
#1926 = ORIENTED_EDGE ( 'NONE', *, *, #4973, .F. ) ;
#1927 = CARTESIAN_POINT ( 'NONE',  ( -1.249999999999998002, 0.000000000000000000, -1.874999998634403697 ) ) ;
#1928 = VERTEX_POINT ( 'NONE', #3567 ) ;
#1929 = CARTESIAN_POINT ( 'NONE',  ( -1.520632937499998283, 0.8779378358042350117, -16.19791666598386826 ) ) ;
#1930 = CARTESIAN_POINT ( 'NONE',  ( 1.249999999999998002, 0.7216878364870314977, -6.083333331967736513 ) ) ;
#1931 = CARTESIAN_POINT ( 'NONE',  ( -1.520632937499998061, 0.000000000000000000, 0.2812500006827993171 ) ) ;
#1932 = DIRECTION ( 'NONE',  ( -0.000000000000000000, -0.000000000000000000, 1.000000000000000000 ) ) ;
#1933 = CARTESIAN_POINT ( 'NONE',  ( 1.520632937499997617, 0.8779378358042356778, -15.42708333265053078 ) ) ;
#1934 = EDGE_CURVE ( 'NONE', #1490, #2084, #2435, .T. ) ;
#1935 = ADVANCED_FACE ( 'NONE', ( #2476 ), #1353, .F. ) ;
#1936 = CARTESIAN_POINT ( 'NONE',  ( -8.838126989374211143E-17, 1.443375672974062107, -17.99999999863440081 ) ) ;
#1937 = CARTESIAN_POINT ( 'NONE',  ( -0.1653423833104600560, 1.276080291290246249, -0.4739197114192347238 ) ) ;
#1938 =( BOUNDED_CURVE ( )  B_SPLINE_CURVE ( 2, ( #6740, #3406, #2871, #3338, #129, #1841, #2347 ),
 .UNSPECIFIED., .F., .T. ) 
 B_SPLINE_CURVE_WITH_KNOTS ( ( 3, 2, 2, 3 ),
 ( 0.2027027027027027140, 0.2072072072072072002, 0.2117117117117117142, 0.2162162162162162282 ),
 .UNSPECIFIED. ) 
 CURVE ( )  GEOMETRIC_REPRESENTATION_ITEM ( )  RATIONAL_B_SPLINE_CURVE ( ( 1.000000000000000000, 0.8660254037844387076, 1.000000000000000000, 0.8660254037844387076, 1.000000000000000000, 0.8660254037844387076, 1.000000000000000000 ) ) 
 REPRESENTATION_ITEM ( '' )  );
#1939 = ORIENTED_EDGE ( 'NONE', *, *, #308, .T. ) ;
#1940 = CARTESIAN_POINT ( 'NONE',  ( 0.7603164687499996965, -1.316906753706352573, -9.989583332650534331 ) ) ;
#1941 = CARTESIAN_POINT ( 'NONE',  ( -1.249999999999998224, 0.7216878364870308316, 0.08333333469892958978 ) ) ;
#1942 = CARTESIAN_POINT ( 'NONE',  ( 1.520632937499997617, 0.8779378358042356778, -5.364583332650533443 ) ) ;
#1943 = CARTESIAN_POINT ( 'NONE',  ( 0.6249999999999995559, -1.082531754730546414, -9.333333333333330373 ) ) ;
#1945 = EDGE_CURVE ( 'NONE', #5987, #1857, #5633, .T. ) ;
#1944 = CARTESIAN_POINT ( 'NONE',  ( -0.7603164687499980312, -1.316906753706353461, -16.63541666598386826 ) ) ;
#1946 = CARTESIAN_POINT ( 'NONE',  ( 1.249999999999998002, 1.530808498934189105E-16, -4.749999999999997335 ) ) ;
#1947 = CARTESIAN_POINT ( 'NONE',  ( -1.520632937499998283, 0.8779378358042350117, -0.1979166659838672848 ) ) ;
#1948 = CARTESIAN_POINT ( 'NONE',  ( -1.075163760468011098E-16, 1.755875671608470467, -9.843749999317200405 ) ) ;
#1949 = CARTESIAN_POINT ( 'NONE',  ( 1.520632937499998061, 1.862238259587409655E-16, -4.406249999317200405 ) ) ;
#1950 = CARTESIAN_POINT ( 'NONE',  ( -2.250000000000000444, 2.908536147974964206E-16, -18.00000000000000355 ) ) ;
#1951 = CARTESIAN_POINT ( 'NONE',  ( -1.249999999999998002, 0.000000000000000000, -0.4999999999999973910 ) ) ;
#1952 = CARTESIAN_POINT ( 'NONE',  ( -1.520632937499998061, 0.000000000000000000, -10.21874999931719863 ) ) ;
#1953 = CARTESIAN_POINT ( 'NONE',  ( 0.6249999999999986677, 1.082531754730546858, -2.541666665301070438 ) ) ;
#1954 = VERTEX_POINT ( 'NONE', #6870 ) ;
#1955 = CARTESIAN_POINT ( 'NONE',  ( 1.520632937499997617, 0.8779378358042356778, -1.927083332650534109 ) ) ;
#1956 = CARTESIAN_POINT ( 'NONE',  ( -1.249999999999998002, 0.000000000000000000, -7.874999998634403475 ) ) ;
#1957 = CARTESIAN_POINT ( 'NONE',  ( 0.000000000000000000, 0.000000000000000000, 0.000000000000000000 ) ) ;
#1958 = CARTESIAN_POINT ( 'NONE',  ( 3.225491281404032925E-16, -1.755875671608470467, -11.59374999931720218 ) ) ;
#1959 = CARTESIAN_POINT ( 'NONE',  ( 0.7603164687499996965, -1.316906753706352573, -12.48958333265053433 ) ) ;
#1960 = CARTESIAN_POINT ( 'NONE',  ( 1.520632937499997617, 0.8779378358042356778, -2.927083332650534331 ) ) ;
#1961 = CARTESIAN_POINT ( 'NONE',  ( -1.075163760468011098E-16, 1.755875671608470467, -0.3437499993172006274 ) ) ;
#1962 = ORIENTED_EDGE ( 'NONE', *, *, #1220, .T. ) ;
#1963 = CARTESIAN_POINT ( 'NONE',  ( 0.000000000000000000, 0.000000000000000000, 0.000000000000000000 ) ) ;
#1964 = VECTOR ( 'NONE', #1202, 1000.000000000000000 ) ;
#1965 = ADVANCED_FACE ( 'NONE', ( #6324 ), #4629, .F. ) ;
#1966 = ORIENTED_EDGE ( 'NONE', *, *, #3327, .F. ) ;
#1967 = CARTESIAN_POINT ( 'NONE',  ( 1.520632937499998283, -0.8779378358042346786, -16.94791666598386826 ) ) ;
#1968 = CARTESIAN_POINT ( 'NONE',  ( 1.249999999999998002, 1.530808498934189105E-16, -8.124999998634402587 ) ) ;
#1969 = CARTESIAN_POINT ( 'NONE',  ( 1.520632937499997617, 0.8779378358042356778, -3.927083332650533887 ) ) ;
#1970 = FACE_OUTER_BOUND ( 'NONE', #2876, .T. ) ;
#1971 = CARTESIAN_POINT ( 'NONE',  ( 1.520632937499997617, 0.8779378358042356778, -17.92708333265053611 ) ) ;
#1972 = FACE_OUTER_BOUND ( 'NONE', #1126, .T. ) ;
#1973 = EDGE_CURVE ( 'NONE', #2405, #5900, #3112, .T. ) ;
#1974 = ORIENTED_EDGE ( 'NONE', *, *, #587, .F. ) ;
#1975 = CARTESIAN_POINT ( 'NONE',  ( -0.7603164687499992525, 1.316906753706352795, -9.239583332650532554 ) ) ;
#1976 = CARTESIAN_POINT ( 'NONE',  ( -1.520632937499998283, 0.8779378358042350117, -16.26041666598386826 ) ) ;
#1977 = CARTESIAN_POINT ( 'NONE',  ( -0.7603164687499992525, 1.316906753706352795, -14.23958333265053433 ) ) ;
#1978 = CARTESIAN_POINT ( 'NONE',  ( -1.249999999999998002, 0.000000000000000000, -14.87499999863440259 ) ) ;
#1979 = CARTESIAN_POINT ( 'NONE',  ( 1.520632937499998727, -0.8779378358042346786, -6.947916665983867368 ) ) ;
#1980 = CARTESIAN_POINT ( 'NONE',  ( -1.249999999999997780, -0.7216878364870316087, -9.458333333333330373 ) ) ;
#1981 =( BOUNDED_CURVE ( )  B_SPLINE_CURVE ( 2, ( #100, #6637, #6089, #771, #345, #5154, #2030 ),
 .UNSPECIFIED., .F., .T. ) 
 B_SPLINE_CURVE_WITH_KNOTS ( ( 3, 2, 2, 3 ),
 ( 0.8648648648648649129, 0.8693693693693693714, 0.8738738738738738299, 0.8783783783783783994 ),
 .UNSPECIFIED. ) 
 CURVE ( )  GEOMETRIC_REPRESENTATION_ITEM ( )  RATIONAL_B_SPLINE_CURVE ( ( 1.000000000000000000, 0.8660254037844387076, 1.000000000000000000, 0.8660254037844387076, 1.000000000000000000, 0.8660254037844387076, 1.000000000000000000 ) ) 
 REPRESENTATION_ITEM ( '' )  );
#1982 = CARTESIAN_POINT ( 'NONE',  ( -1.520632937499997617, -0.8779378358042360109, -17.61458333265053611 ) ) ;
#1983 = EDGE_CURVE ( 'NONE', #6351, #6011, #1423, .T. ) ;
#1984 = CARTESIAN_POINT ( 'NONE',  ( -1.075163760468011098E-16, 1.755875671608470467, 0.2187500006827993171 ) ) ;
#1985 = CARTESIAN_POINT ( 'NONE',  ( -0.7603164687499980312, -1.316906753706353461, -8.635416665983866480 ) ) ;
#1986 = CARTESIAN_POINT ( 'NONE',  ( -0.7603164687499992525, 1.316906753706352795, -5.239583332650533443 ) ) ;
#1987 = CARTESIAN_POINT ( 'NONE',  ( 1.520632937499998061, 1.862238259587409655E-16, -1.406249999317200627 ) ) ;
#1988 = CARTESIAN_POINT ( 'NONE',  ( -0.6249999999999991118, 1.082531754730546636, -2.583333333333330817 ) ) ;
#1989 = CARTESIAN_POINT ( 'NONE',  ( -1.075163760468011222E-16, 1.755875671608470023, -8.343749999317198629 ) ) ;
#1990 = DIRECTION ( 'NONE',  ( -0.000000000000000000, -0.000000000000000000, 1.000000000000000000 ) ) ;
#1991 = EDGE_LOOP ( 'NONE', ( #4765, #985, #471, #3845 ) ) ;
#1992 = CARTESIAN_POINT ( 'NONE',  ( -1.075163760468011098E-16, 1.755875671608470467, -2.843749999317200405 ) ) ;
#1993 = DIRECTION ( 'NONE',  ( 0.000000000000000000, 0.000000000000000000, -1.000000000000000000 ) ) ;
#1994 = CARTESIAN_POINT ( 'NONE',  ( -1.249999999999998002, 0.000000000000000000, -4.499999999999997335 ) ) ;
#1995 = CARTESIAN_POINT ( 'NONE',  ( -0.7603164687499992525, 1.316906753706352795, -11.80208333265053433 ) ) ;
#1996 = CARTESIAN_POINT ( 'NONE',  ( -1.520632937499997617, -0.8779378358042360109, -13.61458333265053255 ) ) ;
#1997 = CARTESIAN_POINT ( 'NONE',  ( -1.520632937499997617, -0.8779378358042360109, -2.177083332650533443 ) ) ;
#1998 = DIRECTION ( 'NONE',  ( 0.000000000000000000, 0.000000000000000000, -1.000000000000000000 ) ) ;
#1999 = CARTESIAN_POINT ( 'NONE',  ( 0.000000000000000000, 0.000000000000000000, 0.000000000000000000 ) ) ;
#2000 = AXIS2_PLACEMENT_3D ( 'NONE', #6054, #2842, #1163 ) ;
#2001 = ORIENTED_EDGE ( 'NONE', *, *, #2597, .T. ) ;
#2002 = DIRECTION ( 'NONE',  ( -0.000000000000000000, -0.000000000000000000, 1.000000000000000000 ) ) ;
#2003 = ORIENTED_EDGE ( 'NONE', *, *, #2292, .F. ) ;
#2004 = CARTESIAN_POINT ( 'NONE',  ( -1.075163760468011098E-16, 1.755875671608470467, -15.28124999931720041 ) ) ;
#2005 = CARTESIAN_POINT ( 'NONE',  ( -1.249999999999998224, 0.7216878364870308316, -7.916666665301068662 ) ) ;
#2006 = CARTESIAN_POINT ( 'NONE',  ( 3.225491281404032925E-16, -1.755875671608470467, -3.093749999317200405 ) ) ;
#2007 = CARTESIAN_POINT ( 'NONE',  ( -0.7603164687499980312, -1.316906753706353461, -17.63541666598386826 ) ) ;
#2008 = CARTESIAN_POINT ( 'NONE',  ( 1.066644828354114116, 1.016117300234947729, -0.3023699527177000634 ) ) ;
#2009 = ORIENTED_EDGE ( 'NONE', *, *, #5845, .F. ) ;
#2010 = CARTESIAN_POINT ( 'NONE',  ( 1.520632937499997617, 0.8779378358042356778, -8.364583332650532554 ) ) ;
#2011 = AXIS2_PLACEMENT_3D ( 'NONE', #1957, #6930, #1372 ) ;
#2012 = CARTESIAN_POINT ( 'NONE',  ( -0.7603164687499980312, -1.316906753706353461, -18.13541666598386826 ) ) ;
#2013 = CARTESIAN_POINT ( 'NONE',  ( 0.7603164687499996965, -1.316906753706352573, -14.98958333265053255 ) ) ;
#2014 = CARTESIAN_POINT ( 'NONE',  ( 2.651438096812262973E-16, -1.443375672974062107, -8.749999998634402587 ) ) ;
#2015 = CARTESIAN_POINT ( 'NONE',  ( -1.520632937499997617, -0.8779378358042360109, -8.614583332650534331 ) ) ;
#2016 = CARTESIAN_POINT ( 'NONE',  ( 0.6249999999999995559, -1.082531754730546414, -11.33333333333333037 ) ) ;
#2017 = CARTESIAN_POINT ( 'NONE',  ( -1.249999999999998002, 0.000000000000000000, -14.37499999863440259 ) ) ;
#2018 = ADVANCED_FACE ( 'NONE', ( #2582 ), #7055, .F. ) ;
#2019 = CARTESIAN_POINT ( 'NONE',  ( -1.520632937499998061, 0.000000000000000000, -0.6562499993172006274 ) ) ;
#2020 = CARTESIAN_POINT ( 'NONE',  ( 3.225491281404032925E-16, -1.755875671608470467, -10.09374999931720041 ) ) ;
#2021 = CARTESIAN_POINT ( 'NONE',  ( -1.520632937499997617, -0.8779378358042361219, -7.614583332650533443 ) ) ;
#2022 = CARTESIAN_POINT ( 'NONE',  ( -1.520632937499997617, -0.8779378358042360109, -1.114583332650533887 ) ) ;
#2023 = CARTESIAN_POINT ( 'NONE',  ( 1.249999999999998002, 1.530808498934189105E-16, -2.249999999999997335 ) ) ;
#2024 = CARTESIAN_POINT ( 'NONE',  ( -0.7603164687499980312, -1.316906753706353461, -9.135416665983868256 ) ) ;
#2025 = ADVANCED_FACE ( 'NONE', ( #2083 ), #5067, .T. ) ;
#2026 = FACE_OUTER_BOUND ( 'NONE', #6215, .T. ) ;
#2027 = VERTEX_POINT ( 'NONE', #6542 ) ;
#2028 = CARTESIAN_POINT ( 'NONE',  ( 0.7603164687499986973, 1.316906753706353017, -2.385416665983867368 ) ) ;
#2029 = CARTESIAN_POINT ( 'NONE',  ( 1.249999999999998002, 1.530808498934189105E-16, -6.749999999999997335 ) ) ;
#2030 = CARTESIAN_POINT ( 'NONE',  ( 1.249999999999998002, 1.530808498934189105E-16, -16.12499999863440436 ) ) ;
#2031 = CARTESIAN_POINT ( 'NONE',  ( 0.7603164687499986973, 1.316906753706353017, -10.38541666598386648 ) ) ;
#2032 = CARTESIAN_POINT ( 'NONE',  ( 1.520632937499998727, -0.8779378358042346786, -15.94791666598386826 ) ) ;
#2033 = CARTESIAN_POINT ( 'NONE',  ( 0.7603164687499996965, -1.316906753706352573, -1.052083332650533887 ) ) ;
#2034 = CARTESIAN_POINT ( 'NONE',  ( 0.7603164687499996965, -1.316906753706352573, -0.05208333265053398387 ) ) ;
#2035 = VERTEX_POINT ( 'NONE', #2121 ) ;
#2036 = ORIENTED_EDGE ( 'NONE', *, *, #973, .T. ) ;
#2037 = CARTESIAN_POINT ( 'NONE',  ( 1.249999999999998002, 0.7216878364870314977, -15.20833333333332682 ) ) ;
#2038 = DIRECTION ( 'NONE',  ( -0.7071067811865493491, 8.659560562354955045E-17, 0.7071067811865456854 ) ) ;
#2039 = CARTESIAN_POINT ( 'NONE',  ( 3.225491281404032925E-16, -1.755875671608470467, -16.03124999931720396 ) ) ;
#2040 = CARTESIAN_POINT ( 'NONE',  ( -0.6249999999999982236, -1.082531754730547302, -9.791666665301068662 ) ) ;
#2041 = CARTESIAN_POINT ( 'NONE',  ( -1.075163760468011098E-16, 1.755875671608470467, -3.843749999317200849 ) ) ;
#2042 = CARTESIAN_POINT ( 'NONE',  ( 1.249999999999998002, 1.530808498934189105E-16, -15.12499999863440259 ) ) ;
#2043 = CARTESIAN_POINT ( 'NONE',  ( 3.225491281404032925E-16, -1.755875671608470467, -17.09374999931720041 ) ) ;
#2044 = CARTESIAN_POINT ( 'NONE',  ( -1.505371808998420047, 0.2148958987107434659, -0.2293670624999990248 ) ) ;
#2045 = ORIENTED_EDGE ( 'NONE', *, *, #3798, .F. ) ;
#2046 = CARTESIAN_POINT ( 'NONE',  ( 0.7603164687499986973, 1.316906753706353017, -9.822916665983866480 ) ) ;
#2047 = CARTESIAN_POINT ( 'NONE',  ( -1.249999999999998224, 0.7216878364870308316, -1.916666665301069994 ) ) ;
#2048 = CARTESIAN_POINT ( 'NONE',  ( -1.520632937499997617, -0.8779378358042361219, -14.11458333265053255 ) ) ;
#2049 = FACE_OUTER_BOUND ( 'NONE', #2360, .T. ) ;
#2050 = CARTESIAN_POINT ( 'NONE',  ( -1.249999999999998224, 0.7216878364870308316, -11.04166666666666607 ) ) ;
#2051 = CARTESIAN_POINT ( 'NONE',  ( -1.520632937499998727, 0.8779378358042350117, -16.76041666598386826 ) ) ;
#2052 = CARTESIAN_POINT ( 'NONE',  ( 1.225611640403576397, -0.6648274831982956545, -0.3664766357548727149 ) ) ;
#2053 = CARTESIAN_POINT ( 'NONE',  ( 0.7603164687499996965, -1.316906753706352573, -0.4895833326505338867 ) ) ;
#2054 = CARTESIAN_POINT ( 'NONE',  ( 1.520632937499998061, 1.862238259587409655E-16, -10.46874999931720041 ) ) ;
#2055 = CARTESIAN_POINT ( 'NONE',  ( 1.520632937499998061, 1.862238259587409655E-16, -7.906249999317200405 ) ) ;
#2056 = CARTESIAN_POINT ( 'NONE',  ( 3.225491281404033418E-16, -1.755875671608470023, -1.531249999317200627 ) ) ;
#2057 = CARTESIAN_POINT ( 'NONE',  ( 1.249999999999998224, -0.7216878364870306095, -5.291666666666663410 ) ) ;
#2058 = CARTESIAN_POINT ( 'NONE',  ( -0.7603164687499992525, 1.316906753706352795, -8.802083332650534331 ) ) ;
#2059 = CARTESIAN_POINT ( 'NONE',  ( -1.249999999999998224, 0.7216878364870308316, -13.41666666530106689 ) ) ;
#2060 = CARTESIAN_POINT ( 'NONE',  ( 2.651438096812262973E-16, -1.443375672974062107, -16.37499999999999645 ) ) ;
#2061 = ORIENTED_EDGE ( 'NONE', *, *, #3621, .T. ) ;
#2062 = CARTESIAN_POINT ( 'NONE',  ( -1.520632937499997617, -0.8779378358042361219, -2.677083332650533887 ) ) ;
#2063 = ADVANCED_FACE ( 'NONE', ( #3250 ), #3811, .F. ) ;
#2064 = CARTESIAN_POINT ( 'NONE',  ( 0.000000000000000000, 0.000000000000000000, 0.000000000000000000 ) ) ;
#2065 = CARTESIAN_POINT ( 'NONE',  ( -1.249999999999998002, 0.000000000000000000, -13.49999999999999822 ) ) ;
#2066 = CARTESIAN_POINT ( 'NONE',  ( 1.520632937499998061, 1.862238259587409655E-16, -12.46874999931720041 ) ) ;
#2067 = CARTESIAN_POINT ( 'NONE',  ( 3.225491281404033418E-16, -1.755875671608470023, -16.53124999931720396 ) ) ;
#2068 = LINE ( 'NONE', #532, #1774 ) ;
#2069 = CARTESIAN_POINT ( 'NONE',  ( 0.7603164687499996965, -1.316906753706352573, -1.552083332650533887 ) ) ;
#2070 = CARTESIAN_POINT ( 'NONE',  ( -1.249999999999997558, -0.7216878364870317197, -13.83333333196773651 ) ) ;
#2071 = ORIENTED_EDGE ( 'NONE', *, *, #6692, .T. ) ;
#2072 = ORIENTED_EDGE ( 'NONE', *, *, #5793, .F. ) ;
#2073 = EDGE_CURVE ( 'NONE', #1117, #2241, #3655, .T. ) ;
#2074 = ORIENTED_EDGE ( 'NONE', *, *, #5355, .F. ) ;
#2075 = CARTESIAN_POINT ( 'NONE',  ( 3.225491281404032925E-16, -1.755875671608470467, -17.53124999931720041 ) ) ;
#2076 = CARTESIAN_POINT ( 'NONE',  ( 1.249999999999998224, -0.7216878364870306095, -9.166666665301070438 ) ) ;
#2077 = CARTESIAN_POINT ( 'NONE',  ( -0.7603164687499980312, -1.316906753706353461, -3.635416665983866924 ) ) ;
#2078 = CARTESIAN_POINT ( 'NONE',  ( 0.6249999999999995559, -1.082531754730546414, -10.33333333333333215 ) ) ;
#2079 = CARTESIAN_POINT ( 'NONE',  ( 1.520632937499997617, 0.8779378358042356778, -16.92708333265053611 ) ) ;
#2080 =( BOUNDED_CURVE ( )  B_SPLINE_CURVE ( 2, ( #1371, #4614, #4114, #736, #839, #4543, #5084 ),
 .UNSPECIFIED., .F., .T. ) 
 B_SPLINE_CURVE_WITH_KNOTS ( ( 3, 2, 2, 3 ),
 ( 0.8513513513513514264, 0.8558558558558559959, 0.8603603603603603434, 0.8648648648648649129 ),
 .UNSPECIFIED. ) 
 CURVE ( )  GEOMETRIC_REPRESENTATION_ITEM ( )  RATIONAL_B_SPLINE_CURVE ( ( 0.9999999999999966693, 0.8660254037844420383, 1.000000000000000000, 0.8660254037844387076, 1.000000000000000000, 0.8660254037844387076, 1.000000000000000000 ) ) 
 REPRESENTATION_ITEM ( '' )  );
#2081 = AXIS2_PLACEMENT_3D ( 'NONE', #3952, #2366, #1825 ) ;
#2082 = CARTESIAN_POINT ( 'NONE',  ( -8.838126989374211143E-17, 1.443375672974062107, -12.12499999999999645 ) ) ;
#2083 = FACE_OUTER_BOUND ( 'NONE', #1084, .T. ) ;
#2084 = VERTEX_POINT ( 'NONE', #2044 ) ;
#2085 = CARTESIAN_POINT ( 'NONE',  ( -1.520632937499998061, 0.000000000000000000, -11.15624999931720041 ) ) ;
#2086 = CARTESIAN_POINT ( 'NONE',  ( -0.6249999999999991118, 1.082531754730546636, -0.9583333319677370676 ) ) ;
#2087 = CARTESIAN_POINT ( 'NONE',  ( 1.520632937499998283, -0.8779378358042346786, -14.44791666598386648 ) ) ;
#2088 = CARTESIAN_POINT ( 'NONE',  ( 1.249999999999998002, 1.530808498934189105E-16, -5.249999999999997335 ) ) ;
#2089 = CARTESIAN_POINT ( 'NONE',  ( -1.249999999999998002, 0.000000000000000000, -12.99999999999999822 ) ) ;
#2090 = CARTESIAN_POINT ( 'NONE',  ( 0.000000000000000000, 0.000000000000000000, -18.00000000000000355 ) ) ;
#2091 = CARTESIAN_POINT ( 'NONE',  ( 1.249999999999998002, 1.530808498934189105E-16, -16.74999999999999289 ) ) ;
#2092 = CIRCLE ( 'NONE', #3224, 1.749999999999998002 ) ;
#2093 = CARTESIAN_POINT ( 'NONE',  ( -1.520632937499998061, 0.000000000000000000, -2.156249999317200849 ) ) ;
#2094 = CARTESIAN_POINT ( 'NONE',  ( -1.075163760468011098E-16, 1.755875671608470467, -11.84374999931720041 ) ) ;
#2095 = CARTESIAN_POINT ( 'NONE',  ( 0.7603164687499996965, -1.316906753706352573, -6.489583332650533443 ) ) ;
#2096 = CARTESIAN_POINT ( 'NONE',  ( 1.250000000000006439, 0.7216878364870263907, -7.208333333333331261 ) ) ;
#2097 = CARTESIAN_POINT ( 'NONE',  ( 2.651438096812262973E-16, -1.443375672974062107, -5.374999999999997335 ) ) ;
#2098 = CARTESIAN_POINT ( 'NONE',  ( 1.520632937499998061, 1.862238259587409655E-16, -12.46874999931720041 ) ) ;
#2099 = ORIENTED_EDGE ( 'NONE', *, *, #6155, .F. ) ;
#2100 = CARTESIAN_POINT ( 'NONE',  ( -0.7603164687499992525, 1.316906753706352795, -5.302083332650533443 ) ) ;
#2101 = DIRECTION ( 'NONE',  ( -0.000000000000000000, -0.000000000000000000, 1.000000000000000000 ) ) ;
#2102 = DIRECTION ( 'NONE',  ( -0.000000000000000000, -0.000000000000000000, 1.000000000000000000 ) ) ;
#2103 = CARTESIAN_POINT ( 'NONE',  ( -1.520632937499997617, -0.8779378358042361219, -14.67708333265053433 ) ) ;
#2104 = CARTESIAN_POINT ( 'NONE',  ( 1.520632937499998061, 1.862238259587409655E-16, -15.40624999931720041 ) ) ;
#2105 = CARTESIAN_POINT ( 'NONE',  ( 0.6249999999999995559, -1.082531754730546414, -2.333333333333330373 ) ) ;
#2106 = CARTESIAN_POINT ( 'NONE',  ( -0.7603164687499992525, 1.316906753706352795, -1.802083332650533887 ) ) ;
#2107 = APPROVAL_DATE_TIME ( #5332, #6540 ) ;
#2108 =( BOUNDED_CURVE ( )  B_SPLINE_CURVE ( 2, ( #6567, #2742, #535, #2181, #7006, #4907, #4260 ),
 .UNSPECIFIED., .F., .T. ) 
 B_SPLINE_CURVE_WITH_KNOTS ( ( 3, 2, 2, 3 ),
 ( 0.5135135135135135975, 0.5180180180180181670, 0.5225225225225226255, 0.5270270270270270840 ),
 .UNSPECIFIED. ) 
 CURVE ( )  GEOMETRIC_REPRESENTATION_ITEM ( )  RATIONAL_B_SPLINE_CURVE ( ( 0.9999999999999966693, 0.8660254037844420383, 1.000000000000000000, 0.8660254037844387076, 1.000000000000000000, 0.8660254037844353769, 1.000000000000003331 ) ) 
 REPRESENTATION_ITEM ( '' )  );
#2109 = ADVANCED_FACE ( 'NONE', ( #1641 ), #6393, .F. ) ;
#2110 = LINE ( 'NONE', #7079, #3445 ) ;
#2111 = ORIENTED_EDGE ( 'NONE', *, *, #2961, .F. ) ;
#2112 = CARTESIAN_POINT ( 'NONE',  ( -1.520632937499998283, 0.8779378358042350117, -1.697916665983867146 ) ) ;
#2113 = CARTESIAN_POINT ( 'NONE',  ( 1.249999999999998002, 1.530808498934189105E-16, -13.62499999863440259 ) ) ;
#2114 = DIRECTION ( 'NONE',  ( -0.000000000000000000, -0.000000000000000000, 1.000000000000000000 ) ) ;
#2115 = CARTESIAN_POINT ( 'NONE',  ( 0.6249999999999995559, -1.082531754730546414, -9.208333331967734736 ) ) ;
#2116 = CARTESIAN_POINT ( 'NONE',  ( 3.225491281404032925E-16, -1.755875671608470467, -4.593749999317201294 ) ) ;
#2117 = CARTESIAN_POINT ( 'NONE',  ( -0.6249999999999991118, 1.082531754730546636, -2.583333333333330817 ) ) ;
#2118 = CARTESIAN_POINT ( 'NONE',  ( 1.520632937499998283, -0.8779378358042346786, -15.51041666598386470 ) ) ;
#2119 = VECTOR ( 'NONE', #994, 1000.000000000000000 ) ;
#2120 = ORIENTED_EDGE ( 'NONE', *, *, #5855, .F. ) ;
#2121 = CARTESIAN_POINT ( 'NONE',  ( -1.249999999999998002, 0.000000000000000000, -17.37499999863440436 ) ) ;
#2122 =( BOUNDED_CURVE ( )  B_SPLINE_CURVE ( 2, ( #176, #5515, #2357, #4477, #3380, #6641, #2393 ),
 .UNSPECIFIED., .F., .T. ) 
 B_SPLINE_CURVE_WITH_KNOTS ( ( 3, 2, 2, 3 ),
 ( 0.6486486486486486847, 0.6531531531531531432, 0.6576576576576576016, 0.6621621621621620601 ),
 .UNSPECIFIED. ) 
 CURVE ( )  GEOMETRIC_REPRESENTATION_ITEM ( )  RATIONAL_B_SPLINE_CURVE ( ( 1.000000000000000000, 0.8660254037844387076, 1.000000000000000000, 0.8660254037844387076, 1.000000000000000000, 0.8660254037844420383, 0.9999999999999966693 ) ) 
 REPRESENTATION_ITEM ( '' )  );
#2123 = ORIENTED_EDGE ( 'NONE', *, *, #4487, .F. ) ;
#2124 = CARTESIAN_POINT ( 'NONE',  ( 0.7603164687499996965, -1.316906753706352573, -11.98958333265053433 ) ) ;
#2125 = CARTESIAN_POINT ( 'NONE',  ( -0.6249999999999991118, 1.082531754730546636, -2.458333331967737401 ) ) ;
#2126 = CARTESIAN_POINT ( 'NONE',  ( -0.7603164687499992525, 1.316906753706352795, -15.23958333265053255 ) ) ;
#2127 = CARTESIAN_POINT ( 'NONE',  ( -1.249999999999998002, 0.000000000000000000, -16.87499999863440081 ) ) ;
#2128 = CIRCLE ( 'NONE', #3922, 4.650000000000001243 ) ;
#2129 = CARTESIAN_POINT ( 'NONE',  ( 0.6249999999999986677, 1.082531754730546858, -12.66666666666666430 ) ) ;
#2130 = AXIS2_PLACEMENT_3D ( 'NONE', #1629, #4869, #5401 ) ;
#2131 = CARTESIAN_POINT ( 'NONE',  ( -1.520632937499998061, 0.000000000000000000, -3.656249999317200849 ) ) ;
#2132 = CARTESIAN_POINT ( 'NONE',  ( -0.7603164687499992525, 1.316906753706352795, -12.30208333265053433 ) ) ;
#2133 = CARTESIAN_POINT ( 'NONE',  ( 0.7603164687499986973, 1.316906753706353017, -5.822916665983867368 ) ) ;
#2134 = CARTESIAN_POINT ( 'NONE',  ( 1.520632937499997617, 0.8779378358042356778, -0.8645833326505339977 ) ) ;
#2135 = CARTESIAN_POINT ( 'NONE',  ( 0.6249999999999986677, 1.082531754730546858, -4.666666666666664298 ) ) ;
#2136 = CARTESIAN_POINT ( 'NONE',  ( 1.520632937499998061, 1.862238259587409655E-16, -11.96874999931719863 ) ) ;
#2137 = ORIENTED_EDGE ( 'NONE', *, *, #5236, .T. ) ;
#2138 = CARTESIAN_POINT ( 'NONE',  ( 0.7603164687499986973, 1.316906753706353017, -3.885416665983866924 ) ) ;
#2139 = DIRECTION ( 'NONE',  ( -0.000000000000000000, -0.000000000000000000, 1.000000000000000000 ) ) ;
#2140 = CARTESIAN_POINT ( 'NONE',  ( -1.249999999999998002, 0.000000000000000000, -1.999999999999997335 ) ) ;
#2141 = CARTESIAN_POINT ( 'NONE',  ( 3.225491281404032925E-16, -1.755875671608470467, -13.59374999931720041 ) ) ;
#2142 = CARTESIAN_POINT ( 'NONE',  ( 1.249999999999998002, 1.530808498934189105E-16, -2.124999998634403919 ) ) ;
#2143 = CARTESIAN_POINT ( 'NONE',  ( 0.7603164687499986973, 1.316906753706353017, -4.885416665983867368 ) ) ;
#2144 = DIRECTION ( 'NONE',  ( 0.000000000000000000, 0.000000000000000000, -1.000000000000000000 ) ) ;
#2145 = ORIENTED_EDGE ( 'NONE', *, *, #5456, .F. ) ;
#2146 = CARTESIAN_POINT ( 'NONE',  ( 1.249999999999998002, 1.530808498934189105E-16, -10.74999999999999822 ) ) ;
#2147 = CARTESIAN_POINT ( 'NONE',  ( 0.6249999999999995559, -1.082531754730546414, -9.708333331967736513 ) ) ;
#2148 = CARTESIAN_POINT ( 'NONE',  ( 0.7603164687499996965, -1.316906753706352573, -7.052083332650533443 ) ) ;
#2149 = CARTESIAN_POINT ( 'NONE',  ( 1.520632937499998727, -0.8779378358042346786, -8.447916665983866480 ) ) ;
#2150 = CARTESIAN_POINT ( 'NONE',  ( -0.6249999999999991118, 1.082531754730546636, -13.45833333196773651 ) ) ;
#2151 = EDGE_CURVE ( 'NONE', #249, #1846, #524, .T. ) ;
#2152 = EDGE_LOOP ( 'NONE', ( #2737, #510, #10, #1605 ) ) ;
#2153 = CARTESIAN_POINT ( 'NONE',  ( 4.900000000000000355, 0.000000000000000000, -1.750000000000003331 ) ) ;
#2154 = ORIENTED_EDGE ( 'NONE', *, *, #877, .F. ) ;
#2155 = CARTESIAN_POINT ( 'NONE',  ( -1.075163760468011098E-16, 1.755875671608470467, -10.28124999931719685 ) ) ;
#2156 = CARTESIAN_POINT ( 'NONE',  ( -0.6249999999999991118, 1.082531754730546636, -1.958333331967737179 ) ) ;
#2157 = CARTESIAN_POINT ( 'NONE',  ( 3.225491281404032925E-16, -1.755875671608470467, -16.03124999931720396 ) ) ;
#2158 = CARTESIAN_POINT ( 'NONE',  ( 0.000000000000000000, 0.000000000000000000, 0.000000000000000000 ) ) ;
#2159 = EDGE_CURVE ( 'NONE', #309, #6522, #2128, .T. ) ;
#2160 = ADVANCED_FACE ( 'NONE', ( #967 ), #3143, .F. ) ;
#2161 = CARTESIAN_POINT ( 'NONE',  ( -1.249999999999998002, 0.000000000000000000, -11.99999999999999645 ) ) ;
#2162 = CARTESIAN_POINT ( 'NONE',  ( -1.249999999999998002, 0.000000000000000000, -14.49999999999999645 ) ) ;
#2163 = CARTESIAN_POINT ( 'NONE',  ( 0.6249999999999995559, -1.082531754730546414, -4.208333331967737401 ) ) ;
#2164 = CARTESIAN_POINT ( 'NONE',  ( -1.520632937499998283, 0.8779378358042350117, -2.697916665983867368 ) ) ;
#2165 = CARTESIAN_POINT ( 'NONE',  ( 0.7603164687499986973, 1.316906753706353017, -11.38541666598386648 ) ) ;
#2166 = CARTESIAN_POINT ( 'NONE',  ( 1.520632937499998283, -0.8779378358042346786, -5.447916665983866480 ) ) ;
#2167 = EDGE_CURVE ( 'NONE', #4873, #1928, #3882, .T. ) ;
#2168 = CARTESIAN_POINT ( 'NONE',  ( 1.520632937499998061, 1.862238259587409655E-16, -3.406249999317200849 ) ) ;
#2169 = CARTESIAN_POINT ( 'NONE',  ( -1.249999999999998224, 0.7216878364870308316, -4.041666666666664298 ) ) ;
#2170 = CARTESIAN_POINT ( 'NONE',  ( 1.520632937499998727, -0.8779378358042346786, -11.01041666598386470 ) ) ;
#2171 = DIRECTION ( 'NONE',  ( 1.000000000000000000, 0.000000000000000000, 0.000000000000000000 ) ) ;
#2172 = ORIENTED_EDGE ( 'NONE', *, *, #2676, .F. ) ;
#2173 = CARTESIAN_POINT ( 'NONE',  ( 1.520632937499998283, -0.8779378358042346786, -5.510416665983867368 ) ) ;
#2174 =( BOUNDED_CURVE ( )  B_SPLINE_CURVE ( 2, ( #1231, #135, #1848, #702, #669, #3977, #1813 ),
 .UNSPECIFIED., .F., .T. ) 
 B_SPLINE_CURVE_WITH_KNOTS ( ( 3, 2, 2, 3 ),
 ( 0.1891891891891891997, 0.1936936936936936859, 0.1981981981981981999, 0.2027027027027027140 ),
 .UNSPECIFIED. ) 
 CURVE ( )  GEOMETRIC_REPRESENTATION_ITEM ( )  RATIONAL_B_SPLINE_CURVE ( ( 1.000000000000000000, 0.8660254037844387076, 1.000000000000000000, 0.8660254037844387076, 1.000000000000000000, 0.8660254037844387076, 1.000000000000000000 ) ) 
 REPRESENTATION_ITEM ( '' )  );
#2175 = CARTESIAN_POINT ( 'NONE',  ( 2.651438096812262973E-16, -1.443375672974062107, -6.374999999999997335 ) ) ;
#2176 = CARTESIAN_POINT ( 'NONE',  ( -0.6249999999999991118, 1.082531754730546636, -2.083333333333330817 ) ) ;
#2177 = CARTESIAN_POINT ( 'NONE',  ( 1.520632937499998283, -0.8779378358042346786, -14.51041666598386648 ) ) ;
#2178 = CARTESIAN_POINT ( 'NONE',  ( -1.249999999999998002, 1.530808498934189105E-16, 0.000000000000000000 ) ) ;
#2179 = CARTESIAN_POINT ( 'NONE',  ( 1.520632937499998727, -0.8779378358042346786, -4.010416665983867368 ) ) ;
#2180 = CALENDAR_DATE ( 2023, 14, 3 ) ;
#2181 = CARTESIAN_POINT ( 'NONE',  ( -8.838126989374211143E-17, 1.443375672974062107, -9.124999999999998224 ) ) ;
#2182 = VERTEX_POINT ( 'NONE', #5919 ) ;
#2183 = CARTESIAN_POINT ( 'NONE',  ( 0.6249999999999986677, 1.082531754730546858, -17.04166666530107221 ) ) ;
#2184 = CARTESIAN_POINT ( 'NONE',  ( -1.520632937499998061, 0.000000000000000000, -18.15624999931720041 ) ) ;
#2185 = CARTESIAN_POINT ( 'NONE',  ( 1.520632937499997617, 0.8779378358042356778, -7.427083332650533443 ) ) ;
#2186 = CARTESIAN_POINT ( 'NONE',  ( -1.520632937499997617, -0.8779378358042360109, -9.114583332650532554 ) ) ;
#2187 = CARTESIAN_POINT ( 'NONE',  ( 1.250000000000015543, 0.7216878364870213947, -13.58333333196774007 ) ) ;
#2188 = CARTESIAN_POINT ( 'NONE',  ( 1.408493649053889074, 1.724907238933220600E-16, -0.3415063509461068181 ) ) ;
#2189 = ORIENTED_EDGE ( 'NONE', *, *, #1660, .F. ) ;
#2190 = CARTESIAN_POINT ( 'NONE',  ( 1.249999999999998002, 1.530808498934189105E-16, -6.124999998634403475 ) ) ;
#2191 = EDGE_LOOP ( 'NONE', ( #2326, #6683, #1893, #4096 ) ) ;
#2192 = CARTESIAN_POINT ( 'NONE',  ( -1.520632937499998061, 0.000000000000000000, -10.65624999931720041 ) ) ;
#2193 = CARTESIAN_POINT ( 'NONE',  ( 1.249999999999998002, 0.7216878364870314977, -0.5833333319677370676 ) ) ;
#2194 = CARTESIAN_POINT ( 'NONE',  ( -0.7603164687499980312, -1.316906753706353461, -16.57291666598386826 ) ) ;
#2195 = CARTESIAN_POINT ( 'NONE',  ( 1.249999999999998002, -0.7216878364870306095, -12.29166666666666430 ) ) ;
#2196 = CARTESIAN_POINT ( 'NONE',  ( -0.3578204560672167966, 1.465353398514788408, -17.74899997989423639 ) ) ;
#2197 = CARTESIAN_POINT ( 'NONE',  ( 1.249999999999998002, 0.7216878364870314977, -14.08333333196773651 ) ) ;
#2198 = EDGE_CURVE ( 'NONE', #3058, #1811, #545, .T. ) ;
#2199 = DIRECTION ( 'NONE',  ( -0.000000000000000000, -0.000000000000000000, 1.000000000000000000 ) ) ;
#2200 = CARTESIAN_POINT ( 'NONE',  ( -1.520632937499997617, -0.8779378358042361219, -4.614583332650533443 ) ) ;
#2201 = CARTESIAN_POINT ( 'NONE',  ( -1.075163760468011098E-16, 1.755875671608470467, -11.34374999931719863 ) ) ;
#2202 = CARTESIAN_POINT ( 'NONE',  ( -1.520632937499997617, -0.8779378358042361219, -9.114583332650532554 ) ) ;
#2203 = CARTESIAN_POINT ( 'NONE',  ( 3.225491281404033418E-16, -1.755875671608470023, -3.531249999317201294 ) ) ;
#2204 = CARTESIAN_POINT ( 'NONE',  ( 2.651438096812262973E-16, -1.443375672974062107, -3.874999999999996891 ) ) ;
#2205 = CARTESIAN_POINT ( 'NONE',  ( 1.520632937499998727, -0.8779378358042346786, -12.51041666598386826 ) ) ;
#2206 = EDGE_CURVE ( 'NONE', #6351, #426, #4848, .T. ) ;
#2207 = CARTESIAN_POINT ( 'NONE',  ( -1.249999999999998224, 0.7216878364870308316, -15.04166666666666430 ) ) ;
#2208 = VERTEX_POINT ( 'NONE', #1066 ) ;
#2209 = CARTESIAN_POINT ( 'NONE',  ( 1.520632937499997617, 0.8779378358042356778, -3.927083332650533887 ) ) ;
#2210 = CARTESIAN_POINT ( 'NONE',  ( 1.249999999999998002, 1.530808498934189105E-16, -9.124999998634402587 ) ) ;
#2211 = DIRECTION ( 'NONE',  ( 1.000000000000000000, 0.000000000000000000, 0.000000000000000000 ) ) ;
#2212 = CARTESIAN_POINT ( 'NONE',  ( 1.249999999999998002, 1.530808498934189105E-16, -5.124999998634403475 ) ) ;
#2213 = CARTESIAN_POINT ( 'NONE',  ( -1.520632937499998727, 0.8779378358042350117, -4.760416665983867368 ) ) ;
#2214 = COORDINATED_UNIVERSAL_TIME_OFFSET ( 6, 0, .BEHIND. ) ;
#2215 =( BOUNDED_CURVE ( )  B_SPLINE_CURVE ( 2, ( #2390, #4544, #5011, #3904, #2843, #1777, #1703 ),
 .UNSPECIFIED., .F., .T. ) 
 B_SPLINE_CURVE_WITH_KNOTS ( ( 3, 2, 2, 3 ),
 ( 0.2567567567567567433, 0.2612612612612612573, 0.2657657657657657158, 0.2702702702702702298 ),
 .UNSPECIFIED. ) 
 CURVE ( )  GEOMETRIC_REPRESENTATION_ITEM ( )  RATIONAL_B_SPLINE_CURVE ( ( 1.000000000000000000, 0.8660254037844387076, 1.000000000000000000, 0.8660254037844387076, 1.000000000000000000, 0.8660254037844403729, 0.9999999999999983347 ) ) 
 REPRESENTATION_ITEM ( '' )  );
#2216 = FACE_OUTER_BOUND ( 'NONE', #920, .T. ) ;
#2217 = ORIENTED_EDGE ( 'NONE', *, *, #131, .T. ) ;
#2218 = CARTESIAN_POINT ( 'NONE',  ( -1.249999999999998002, 0.000000000000000000, -17.37499999863440436 ) ) ;
#2219 = LINE ( 'NONE', #503, #1196 ) ;
#2220 = CARTESIAN_POINT ( 'NONE',  ( 0.7603164687499996965, -1.316906753706352573, -5.552083332650533443 ) ) ;
#2221 = CARTESIAN_POINT ( 'NONE',  ( 0.7603164687499986973, 1.316906753706353017, -8.822916665983866480 ) ) ;
#2222 = DIRECTION ( 'NONE',  ( 1.000000000000000000, 0.000000000000000000, 0.000000000000000000 ) ) ;
#2223 = CARTESIAN_POINT ( 'NONE',  ( -1.249999999999998002, 1.530808498934189105E-16, 0.000000000000000000 ) ) ;
#2224 = ORIENTED_EDGE ( 'NONE', *, *, #3711, .F. ) ;
#2225 = CARTESIAN_POINT ( 'NONE',  ( -8.838126989374211143E-17, 1.443375672974062107, -8.499999998634402587 ) ) ;
#2226 = ORIENTED_EDGE ( 'NONE', *, *, #5019, .T. ) ;
#2227 = CARTESIAN_POINT ( 'NONE',  ( 1.249999999999998224, -0.7216878364870306095, -5.666666665301069550 ) ) ;
#2228 = CARTESIAN_POINT ( 'NONE',  ( 1.520632937499997617, 0.8779378358042356778, -15.36458333265053255 ) ) ;
#2229 = CARTESIAN_POINT ( 'NONE',  ( -0.5135400726353658296, 1.395400720273615169, -17.72749819025739981 ) ) ;
#2230 = CARTESIAN_POINT ( 'NONE',  ( 0.6249999999999986677, 1.082531754730546858, -14.54166666530106866 ) ) ;
#2231 = CARTESIAN_POINT ( 'NONE',  ( -1.477774132818927999, 0.4082209643063311466, -0.2293670624999986085 ) ) ;
#2232 = CARTESIAN_POINT ( 'NONE',  ( 3.225491281404032925E-16, -1.755875671608470467, -3.031249999317200849 ) ) ;
#2233 = CLOSED_SHELL ( 'NONE', ( #490, #2025, #460, #1853, #4443, #3911, #484, #3409, #2788, #6557, #222, #4061, #6610, #4652, #5927, #4790, #6781, #1227, #2709, #3455, #1793, #2018, #6994, #369, #3758, #4192, #2459, #6258, #919, #2834, #5620, #4183, #4612, #4663, #6417, #2063, #6957, #4403, #6472, #887, #6286, #5323, #2248, #1615, #2490, #794, #3719, #880, #5709, #1180, #3242, #3844, #3417, #3920, #2109, #65, #3963, #5662, #3358, #2160, #1965, #4524, #6825, #1935, #1259, #6915, #3489, #6904, #4675, #1624, #5142, #6334, #441, #6069, #753, #6520, #4889, #5438, #4433, #534, #5008, #785, #3576, #1883, #4803, #6060, #6733, #269, #5763, #3011, #6240 ) ) ;
#2234 = CARTESIAN_POINT ( 'NONE',  ( 1.520632937499998061, 1.862238259587409655E-16, -13.46874999931720041 ) ) ;
#2235 = CARTESIAN_POINT ( 'NONE',  ( 1.520632937499997617, 0.8779378358042356778, -8.364583332650532554 ) ) ;
#2236 = CARTESIAN_POINT ( 'NONE',  ( -1.075163760468011222E-16, 1.755875671608470023, -1.781249999317200183 ) ) ;
#2237 = CARTESIAN_POINT ( 'NONE',  ( -1.249999999999998224, 0.7216878364870308316, -7.541666666666664298 ) ) ;
#2238 = EDGE_CURVE ( 'NONE', #4739, #4722, #4882, .T. ) ;
#2239 = CARTESIAN_POINT ( 'NONE',  ( -1.520632937499998727, 0.8779378358042350117, -11.26041666598386826 ) ) ;
#2240 = AXIS2_PLACEMENT_3D ( 'NONE', #3359, #1683, #6655 ) ;
#2241 = VERTEX_POINT ( 'NONE', #4986 ) ;
#2242 = CARTESIAN_POINT ( 'NONE',  ( -1.075163760468011098E-16, 1.755875671608470467, -4.343749999317200405 ) ) ;
#2243 = CARTESIAN_POINT ( 'NONE',  ( -1.520632937499998283, 0.8779378358042350117, -0.6979166659838672571 ) ) ;
#2244 = CARTESIAN_POINT ( 'NONE',  ( 0.6249999999999995559, -1.082531754730546414, -10.83333333333333037 ) ) ;
#2245 = CARTESIAN_POINT ( 'NONE',  ( -1.249999999999998002, 0.7216878364870310536, -10.41666666530106866 ) ) ;
#2246 = CARTESIAN_POINT ( 'NONE',  ( 0.7603164687499986973, 1.316906753706353017, -13.88541666598386648 ) ) ;
#2247 = CARTESIAN_POINT ( 'NONE',  ( -8.838126989374211143E-17, 1.443375672974062107, 0.3750000000000026090 ) ) ;
#2248 = ADVANCED_FACE ( 'NONE', ( #107 ), #4952, .F. ) ;
#2249 = CARTESIAN_POINT ( 'NONE',  ( 1.520632937499998061, 1.862238259587409655E-16, -4.968749999317199517 ) ) ;
#2250 = PERSON_AND_ORGANIZATION ( #4357, #1856 ) ;
#2251 = CARTESIAN_POINT ( 'NONE',  ( 1.249999999999998002, 1.530808498934189105E-16, -1.749999999999997113 ) ) ;
#2252 = ORIENTED_EDGE ( 'NONE', *, *, #4308, .T. ) ;
#2253 = CARTESIAN_POINT ( 'NONE',  ( 1.250000000000015543, 0.7216878364870213947, -15.20833333333333037 ) ) ;
#2254 = CARTESIAN_POINT ( 'NONE',  ( 0.000000000000000000, 0.000000000000000000, 0.000000000000000000 ) ) ;
#2255 = CARTESIAN_POINT ( 'NONE',  ( 1.520632937499998061, 1.862238259587409655E-16, -6.468749999317200405 ) ) ;
#2256 = CARTESIAN_POINT ( 'NONE',  ( -1.520632937499998061, 0.000000000000000000, -11.65624999931720041 ) ) ;
#2257 = CARTESIAN_POINT ( 'NONE',  ( 1.249999999999980016, 0.7216878364870418228, -12.08333333196773296 ) ) ;
#2258 = VERTEX_POINT ( 'NONE', #5553 ) ;
#2259 = LINE ( 'NONE', #1746, #6217 ) ;
#2260 = EDGE_LOOP ( 'NONE', ( #6936, #7037, #3628, #4516 ) ) ;
#2261 = CARTESIAN_POINT ( 'NONE',  ( 1.520632937499997617, 0.8779378358042356778, -14.36458333265053255 ) ) ;
#2262 = CARTESIAN_POINT ( 'NONE',  ( -0.6249999999999982236, -1.082531754730547302, -5.791666665301070438 ) ) ;
#2263 = CARTESIAN_POINT ( 'NONE',  ( 0.7603164687499996965, -1.316906753706352573, -16.48958333265053255 ) ) ;
#2264 = LINE ( 'NONE', #1645, #6639 ) ;
#2265 = CARTESIAN_POINT ( 'NONE',  ( 1.249999999999998002, 0.7216878364870314977, -15.58333333196773474 ) ) ;
#2266 = CARTESIAN_POINT ( 'NONE',  ( 1.750000000000001554, 2.143131898507870023E-16, -18.00000000000000355 ) ) ;
#2267 = CARTESIAN_POINT ( 'NONE',  ( -1.075163760468011098E-16, 1.755875671608470467, -3.281249999317200405 ) ) ;
#2268 = CARTESIAN_POINT ( 'NONE',  ( -0.7603164687499992525, 1.316906753706352795, -15.30208333265053255 ) ) ;
#2269 = CARTESIAN_POINT ( 'NONE',  ( -0.7603164687499980312, -1.316906753706353461, -8.072916665983866480 ) ) ;
#2270 = CARTESIAN_POINT ( 'NONE',  ( 0.7603164687499996965, -1.316906753706352573, -2.989583332650533887 ) ) ;
#2271 = CARTESIAN_POINT ( 'NONE',  ( 0.6249999999999986677, 1.082531754730546858, -7.666666666666663410 ) ) ;
#2272 = CARTESIAN_POINT ( 'NONE',  ( -1.520632937499997617, -0.8779378358042360109, -15.17708333265053255 ) ) ;
#2273 = EDGE_CURVE ( 'NONE', #611, #3912, #5567, .T. ) ;
#2274 = CARTESIAN_POINT ( 'NONE',  ( 2.651438096812262973E-16, -1.443375672974062107, -14.87499999999999822 ) ) ;
#2275 = CARTESIAN_POINT ( 'NONE',  ( 3.225491281404032925E-16, -1.755875671608470467, -6.093749999317200405 ) ) ;
#2276 = CARTESIAN_POINT ( 'NONE',  ( 0.7603164687499996965, -1.316906753706352573, -0.4895833326505338867 ) ) ;
#2277 = CARTESIAN_POINT ( 'NONE',  ( 1.249999999999998002, -0.7216878364870306095, -8.166666665301068662 ) ) ;
#2278 = CARTESIAN_POINT ( 'NONE',  ( -0.6249999999999982236, -1.082531754730547302, -9.291666665301070438 ) ) ;
#2279 = CARTESIAN_POINT ( 'NONE',  ( -1.249999999999998002, 0.000000000000000000, -1.874999998634403697 ) ) ;
#2280 = CARTESIAN_POINT ( 'NONE',  ( -8.838126989374211143E-17, 1.443375672974062107, -13.62499999999999645 ) ) ;
#2281 = CARTESIAN_POINT ( 'NONE',  ( 1.520632937499998061, 1.862238259587409655E-16, -4.468749999317200405 ) ) ;
#2282 = CARTESIAN_POINT ( 'NONE',  ( 1.249999999999998002, 1.530808498934189105E-16, -12.74999999999999822 ) ) ;
#2283 = EDGE_CURVE ( 'NONE', #4644, #6671, #711, .T. ) ;
#2284 = EDGE_LOOP ( 'NONE', ( #5655, #3767, #812, #1137 ) ) ;
#2285 = DIRECTION ( 'NONE',  ( 1.000000000000000000, 0.000000000000000000, 0.000000000000000000 ) ) ;
#2286 = CARTESIAN_POINT ( 'NONE',  ( -1.249999999999997558, -0.7216878364870317197, -6.833333331967736513 ) ) ;
#2287 = CARTESIAN_POINT ( 'NONE',  ( -1.520632937499998061, 0.000000000000000000, -5.718749999317200405 ) ) ;
#2288 = CARTESIAN_POINT ( 'NONE',  ( -1.075163760468011222E-16, 1.755875671608470023, -11.28124999931720041 ) ) ;
#2289 = LINE ( 'NONE', #3980, #5945 ) ;
#2290 = CARTESIAN_POINT ( 'NONE',  ( -0.6249999999999991118, 1.082531754730546636, -12.58333333333333037 ) ) ;
#2291 = CARTESIAN_POINT ( 'NONE',  ( -1.249999999999998224, 0.7216878364870308316, -13.54166666666666430 ) ) ;
#2292 = EDGE_CURVE ( 'NONE', #1884, #633, #207, .T. ) ;
#2293 = CARTESIAN_POINT ( 'NONE',  ( 2.651438096812262973E-16, -1.443375672974062107, -1.749999998634404141 ) ) ;
#2294 = EDGE_LOOP ( 'NONE', ( #5729, #7054, #3838, #5254 ) ) ;
#2295 = CARTESIAN_POINT ( 'NONE',  ( 1.520632937499998283, -0.8779378358042346786, -12.94791666598386826 ) ) ;
#2296 = CARTESIAN_POINT ( 'NONE',  ( 0.6249999999999995559, -1.082531754730546414, -3.708333331967736957 ) ) ;
#2297 = CARTESIAN_POINT ( 'NONE',  ( -1.520632937499998061, 0.000000000000000000, -17.65624999931720041 ) ) ;
#2298 = CARTESIAN_POINT ( 'NONE',  ( -1.249999999999998002, 0.000000000000000000, -14.37499999863440259 ) ) ;
#2299 = CARTESIAN_POINT ( 'NONE',  ( 1.520632937499998283, -0.8779378358042346786, -7.447916665983866480 ) ) ;
#2300 = CARTESIAN_POINT ( 'NONE',  ( -1.520632937499998061, 0.000000000000000000, -13.71874999931720041 ) ) ;
#2301 = CARTESIAN_POINT ( 'NONE',  ( -0.7603164687499992525, 1.316906753706352795, -9.239583332650532554 ) ) ;
#2302 = CARTESIAN_POINT ( 'NONE',  ( -1.520632937499997617, -0.8779378358042360109, -2.614583332650533887 ) ) ;
#2303 = CARTESIAN_POINT ( 'NONE',  ( -0.6249999999999991118, 1.082531754730546636, -6.583333333333330373 ) ) ;
#2304 = CARTESIAN_POINT ( 'NONE',  ( -1.520632937499998061, 0.000000000000000000, -15.71874999931720218 ) ) ;
#2305 =( BOUNDED_CURVE ( )  B_SPLINE_CURVE ( 2, ( #7033, #1508, #6481, #5788, #945, #2096, #4717 ),
 .UNSPECIFIED., .F., .T. ) 
 B_SPLINE_CURVE_WITH_KNOTS ( ( 3, 2, 2, 3 ),
 ( 0.4054054054054054279, 0.4099099099099098864, 0.4144144144144144559, 0.4189189189189189699 ),
 .UNSPECIFIED. ) 
 CURVE ( )  GEOMETRIC_REPRESENTATION_ITEM ( )  RATIONAL_B_SPLINE_CURVE ( ( 1.000000000000000000, 0.8660254037844387076, 1.000000000000000000, 0.8660254037844387076, 1.000000000000000000, 0.8660254037844370423, 1.000000000000001554 ) ) 
 REPRESENTATION_ITEM ( '' )  );
#2306 = CARTESIAN_POINT ( 'NONE',  ( 1.249999999999998002, 0.7216878364870314977, -17.20833333333332860 ) ) ;
#2307 = CARTESIAN_POINT ( 'NONE',  ( 0.7603164687499996965, -1.316906753706352573, -7.052083332650533443 ) ) ;
#2308 = CARTESIAN_POINT ( 'NONE',  ( -1.520632937499998283, 0.8779378358042350117, -2.697916665983867368 ) ) ;
#2309 = DIRECTION ( 'NONE',  ( 0.000000000000000000, 0.000000000000000000, -1.000000000000000000 ) ) ;
#2310 = CARTESIAN_POINT ( 'NONE',  ( 2.651438096812262973E-16, -1.443375672974062107, -11.74999999863440436 ) ) ;
#2311 = CARTESIAN_POINT ( 'NONE',  ( -2.500000000000000000, 3.061616997868383141E-16, -17.75000000000000355 ) ) ;
#2312 = CARTESIAN_POINT ( 'NONE',  ( -0.6249999999999991118, 1.082531754730546636, -3.083333333333330817 ) ) ;
#2313 = CARTESIAN_POINT ( 'NONE',  ( -1.075163760468011222E-16, 1.755875671608470023, -5.843749999317199517 ) ) ;
#2314 = AXIS2_PLACEMENT_3D ( 'NONE', #4512, #3487, #279 ) ;
#2315 = ORIENTED_EDGE ( 'NONE', *, *, #4927, .F. ) ;
#2316 = CARTESIAN_POINT ( 'NONE',  ( 1.249999999999998002, 1.530808498934189105E-16, -8.249999999999996447 ) ) ;
#2317 = CARTESIAN_POINT ( 'NONE',  ( -8.838126989374211143E-17, 1.443375672974062107, -14.49999999863440259 ) ) ;
#2318 = CARTESIAN_POINT ( 'NONE',  ( -0.7603164687499992525, 1.316906753706352795, -7.802083332650533443 ) ) ;
#2319 = CARTESIAN_POINT ( 'NONE',  ( -0.7603164687499992525, 1.316906753706352795, -9.739583332650532554 ) ) ;
#2320 = CARTESIAN_POINT ( 'NONE',  ( 0.000000000000000000, 0.000000000000000000, 0.000000000000000000 ) ) ;
#2321 = CARTESIAN_POINT ( 'NONE',  ( -1.249999999999998002, 0.000000000000000000, -9.874999998634402587 ) ) ;
#2322 = CARTESIAN_POINT ( 'NONE',  ( -1.249999999999997780, -0.7216878364870316087, -13.95833333333333215 ) ) ;
#2323 = EDGE_CURVE ( 'NONE', #1846, #3639, #2259, .T. ) ;
#2324 = VERTEX_POINT ( 'NONE', #6097 ) ;
#2325 = CARTESIAN_POINT ( 'NONE',  ( -0.6249999999999982236, -1.082531754730547302, -15.79166666530107044 ) ) ;
#2326 = ORIENTED_EDGE ( 'NONE', *, *, #5708, .T. ) ;
#2327 = CARTESIAN_POINT ( 'NONE',  ( 0.7603164687499986973, 1.316906753706353017, -14.82291666598386648 ) ) ;
#2328 = CARTESIAN_POINT ( 'NONE',  ( 1.249999999999998002, 0.7216878364870314977, -3.583333331967737401 ) ) ;
#2329 = CARTESIAN_POINT ( 'NONE',  ( -0.7603164687499980312, -1.316906753706353461, -0.1354166659838673126 ) ) ;
#2330 = DIRECTION ( 'NONE',  ( 1.000000000000000000, 0.000000000000000000, 0.000000000000000000 ) ) ;
#2331 = CARTESIAN_POINT ( 'NONE',  ( 1.249999999999998224, -0.7216878364870306095, -16.66666666530106866 ) ) ;
#2332 = CARTESIAN_POINT ( 'NONE',  ( 2.651438096812262973E-16, -1.443375672974062107, -9.249999998634402587 ) ) ;
#2333 = CARTESIAN_POINT ( 'NONE',  ( 0.7603164687499996965, -1.316906753706352573, -4.989583332650533443 ) ) ;
#2334 = CARTESIAN_POINT ( 'NONE',  ( -1.075163760468011098E-16, 1.755875671608470467, -13.84374999931720041 ) ) ;
#2335 = CARTESIAN_POINT ( 'NONE',  ( 1.520632937499998283, -0.8779378358042346786, -11.44791666598386648 ) ) ;
#2336 = CARTESIAN_POINT ( 'NONE',  ( 1.520632937499997617, 0.8779378358042356778, -4.364583332650533443 ) ) ;
#2337 = CARTESIAN_POINT ( 'NONE',  ( -1.249999999999998224, 0.7216878364870308316, -7.041666666666663410 ) ) ;
#2338 = CARTESIAN_POINT ( 'NONE',  ( -0.7603164687499980312, -1.316906753706353461, -16.13541666598386826 ) ) ;
#2339 = CONICAL_SURFACE ( 'NONE', #6674, 3.300000000000002487, 0.7853981633974541632 ) ;
#2340 = CARTESIAN_POINT ( 'NONE',  ( -0.6249999999999991118, 1.082531754730546636, -17.58333333333332860 ) ) ;
#2341 = CARTESIAN_POINT ( 'NONE',  ( -1.520632937499997617, -0.8779378358042361219, -6.177083332650533443 ) ) ;
#2342 = CARTESIAN_POINT ( 'NONE',  ( 3.225491281404032925E-16, -1.755875671608470467, -3.031249999317200849 ) ) ;
#2343 = CARTESIAN_POINT ( 'NONE',  ( 0.000000000000000000, 0.000000000000000000, 0.000000000000000000 ) ) ;
#2344 = CARTESIAN_POINT ( 'NONE',  ( 1.249999999999998002, 1.530808498934189105E-16, -12.12499999863440259 ) ) ;
#2345 = CARTESIAN_POINT ( 'NONE',  ( 1.250000000000015765, -0.7216878364870203955, -16.79166666666666430 ) ) ;
#2346 =( BOUNDED_CURVE ( )  B_SPLINE_CURVE ( 2, ( #516, #6551, #2163, #5928, #2659, #4282, #6476 ),
 .UNSPECIFIED., .F., .T. ) 
 B_SPLINE_CURVE_WITH_KNOTS ( ( 3, 2, 2, 3 ),
 ( 0.2297297297297296870, 0.2342342342342342010, 0.2387387387387387150, 0.2432432432432432567 ),
 .UNSPECIFIED. ) 
 CURVE ( )  GEOMETRIC_REPRESENTATION_ITEM ( )  RATIONAL_B_SPLINE_CURVE ( ( 1.000000000000001776, 0.8660254037844371533, 1.000000000000000000, 0.8660254037844387076, 1.000000000000000000, 0.8660254037844387076, 1.000000000000000000 ) ) 
 REPRESENTATION_ITEM ( '' )  );
#2347 = CARTESIAN_POINT ( 'NONE',  ( -1.249999999999998002, 0.000000000000000000, -3.874999998634403919 ) ) ;
#2348 = CARTESIAN_POINT ( 'NONE',  ( 0.7603164687499986973, 1.316906753706353017, -6.385416665983866480 ) ) ;
#2349 = AXIS2_PLACEMENT_3D ( 'NONE', #4558, #784, #5134 ) ;
#2350 = CARTESIAN_POINT ( 'NONE',  ( -1.249999999999998002, 0.000000000000000000, -8.999999999999998224 ) ) ;
#2351 = AXIS2_PLACEMENT_3D ( 'NONE', #311, #6891, #3483 ) ;
#2352 = ORIENTED_EDGE ( 'NONE', *, *, #5697, .F. ) ;
#2353 = CARTESIAN_POINT ( 'NONE',  ( 2.500000000000000000, 0.000000000000000000, -2.799999999999993161 ) ) ;
#2354 = CARTESIAN_POINT ( 'NONE',  ( 1.249999999999998002, 1.530808498934189105E-16, -11.62499999863440259 ) ) ;
#2355 = CARTESIAN_POINT ( 'NONE',  ( 3.225491281404032925E-16, -1.755875671608470467, -8.093749999317202182 ) ) ;
#2356 = CARTESIAN_POINT ( 'NONE',  ( 3.225491281404033418E-16, -1.755875671608470023, -11.03124999931720041 ) ) ;
#2357 = CARTESIAN_POINT ( 'NONE',  ( -0.6249999999999991118, 1.082531754730546636, -11.58333333333333037 ) ) ;
#2358 = CARTESIAN_POINT ( 'NONE',  ( 1.000251379525847861, -0.9373161310345012875, -17.61770769781080048 ) ) ;
#2359 = DIRECTION ( 'NONE',  ( -0.000000000000000000, -0.000000000000000000, 1.000000000000000000 ) ) ;
#2360 = EDGE_LOOP ( 'NONE', ( #3878, #3812, #2978, #786 ) ) ;
#2361 = CARTESIAN_POINT ( 'NONE',  ( -1.249999999999997558, -0.7216878364870317197, -12.33333333196773651 ) ) ;
#2362 = ORIENTED_EDGE ( 'NONE', *, *, #5182, .T. ) ;
#2363 = CARTESIAN_POINT ( 'NONE',  ( 0.7603164687499996965, -1.316906753706352573, -12.98958333265053255 ) ) ;
#2364 = CARTESIAN_POINT ( 'NONE',  ( -1.249999999999998002, 0.000000000000000000, -3.374999998634403919 ) ) ;
#2365 = CARTESIAN_POINT ( 'NONE',  ( -1.520632937499998061, 0.000000000000000000, -18.15624999931720041 ) ) ;
#2366 = DIRECTION ( 'NONE',  ( -0.000000000000000000, -0.000000000000000000, 1.000000000000000000 ) ) ;
#2367 = CARTESIAN_POINT ( 'NONE',  ( 0.6249999999999995559, -1.082531754730546414, -17.20833333196773651 ) ) ;
#2368 = CARTESIAN_POINT ( 'NONE',  ( -0.9325723458281558464, 1.201096728164074090, -0.2293670624999990804 ) ) ;
#2369 = EDGE_CURVE ( 'NONE', #309, #4064, #2818, .T. ) ;
#2370 = ORIENTED_EDGE ( 'NONE', *, *, #617, .F. ) ;
#2371 = CARTESIAN_POINT ( 'NONE',  ( -1.520632937499997617, -0.8779378358042361219, -6.114583332650533443 ) ) ;
#2372 = CARTESIAN_POINT ( 'NONE',  ( 3.225491281404032925E-16, -1.755875671608470467, -16.09374999931720041 ) ) ;
#2373 = CARTESIAN_POINT ( 'NONE',  ( 1.520632937499997617, 0.8779378358042356778, -11.36458333265053255 ) ) ;
#2374 = CARTESIAN_POINT ( 'NONE',  ( -1.520632937499998727, 0.8779378358042350117, -5.697916665983867368 ) ) ;
#2375 = CARTESIAN_POINT ( 'NONE',  ( 0.6249999999999995559, -1.082531754730546414, -6.833333333333330373 ) ) ;
#2376 = CARTESIAN_POINT ( 'NONE',  ( -0.7603164687499992525, 1.316906753706352795, -13.80208333265053433 ) ) ;
#2377 = EDGE_CURVE ( 'NONE', #4186, #3639, #4379, .T. ) ;
#2378 = CARTESIAN_POINT ( 'NONE',  ( -0.6249999999999991118, 1.082531754730546636, -17.08333333333332860 ) ) ;
#2379 = CARTESIAN_POINT ( 'NONE',  ( -1.075163760468011098E-16, 1.755875671608470467, -6.843749999317199517 ) ) ;
#2380 = CARTESIAN_POINT ( 'NONE',  ( 1.520632937499998061, 1.862238259587409655E-16, -3.406249999317200849 ) ) ;
#2381 = CARTESIAN_POINT ( 'NONE',  ( 0.000000000000000000, 0.000000000000000000, 0.000000000000000000 ) ) ;
#2382 = CARTESIAN_POINT ( 'NONE',  ( 0.6249999999999986677, 1.082531754730546858, -11.54166666530106866 ) ) ;
#2383 = CYLINDRICAL_SURFACE ( 'NONE', #6292, 1.249999999999998002 ) ;
#2384 = CARTESIAN_POINT ( 'NONE',  ( 0.6249999999999986677, 1.082531754730546858, 0.3333333333333359794 ) ) ;
#2385 = CARTESIAN_POINT ( 'NONE',  ( 3.225491281404033418E-16, -1.755875671608470023, -6.093749999317200405 ) ) ;
#2386 =( BOUNDED_CURVE ( )  B_SPLINE_CURVE ( 2, ( #6210, #1317, #3495, #2959, #5132 ),
 .UNSPECIFIED., .F., .T. ) 
 B_SPLINE_CURVE_WITH_KNOTS ( ( 3, 2, 3 ),
 ( 0.03378378385265491668, 0.03603603603603603572, 0.04054054054054054279 ),
 .UNSPECIFIED. ) 
 CURVE ( )  GEOMETRIC_REPRESENTATION_ITEM ( )  RATIONAL_B_SPLINE_CURVE ( ( 0.9330127018922194093, 0.9330127039406095335, 1.000000000000000000, 0.8660254037844387076, 1.000000000000000000 ) ) 
 REPRESENTATION_ITEM ( '' )  );
#2387 = CARTESIAN_POINT ( 'NONE',  ( -0.6249999999999982236, -1.082531754730547302, -12.91666666666666430 ) ) ;
#2388 = EDGE_LOOP ( 'NONE', ( #6792, #4392, #6899, #1747 ) ) ;
#2389 = CARTESIAN_POINT ( 'NONE',  ( -1.249999999999998002, 1.530808498934189105E-16, 0.000000000000000000 ) ) ;
#2390 = CARTESIAN_POINT ( 'NONE',  ( 1.249999999999998002, 1.530808498934189105E-16, -4.249999999999996447 ) ) ;
#2391 = CARTESIAN_POINT ( 'NONE',  ( -1.075163760468011098E-16, 1.755875671608470467, -9.343749999317200405 ) ) ;
#2392 = CARTESIAN_POINT ( 'NONE',  ( -1.520632937499998727, 0.8779378358042350117, -10.19791666598386648 ) ) ;
#2393 = CARTESIAN_POINT ( 'NONE',  ( 1.249999999999998002, 1.530808498934189105E-16, -11.74999999999999645 ) ) ;
#2394 = CARTESIAN_POINT ( 'NONE',  ( -0.5155680968268039344, -1.334410303938701858, -17.67758021988826300 ) ) ;
#2395 = CARTESIAN_POINT ( 'NONE',  ( 1.249999999999998002, -0.7216878364870306095, -0.7916666666666640761 ) ) ;
#2396 = CARTESIAN_POINT ( 'NONE',  ( 1.249999999999998002, 1.530808498934189105E-16, -16.12499999863440436 ) ) ;
#2397 = ORIENTED_EDGE ( 'NONE', *, *, #5456, .T. ) ;
#2398 = CARTESIAN_POINT ( 'NONE',  ( 1.520632937499998061, 1.862238259587409655E-16, -13.40624999931720041 ) ) ;
#2399 = CARTESIAN_POINT ( 'NONE',  ( -0.6249999999999991118, 1.082531754730546636, -7.458333331967737401 ) ) ;
#2400 = CARTESIAN_POINT ( 'NONE',  ( 1.520632937499998283, -0.8779378358042346786, -1.510416665983867590 ) ) ;
#2401 =( BOUNDED_CURVE ( )  B_SPLINE_CURVE ( 2, ( #3270, #5327, #6378, #1554, #7040, #27, #2065 ),
 .UNSPECIFIED., .F., .T. ) 
 B_SPLINE_CURVE_WITH_KNOTS ( ( 3, 2, 2, 3 ),
 ( 0.7432432432432433123, 0.7477477477477478818, 0.7522522522522522292, 0.7567567567567567988 ),
 .UNSPECIFIED. ) 
 CURVE ( )  GEOMETRIC_REPRESENTATION_ITEM ( )  RATIONAL_B_SPLINE_CURVE ( ( 0.9999999999999966693, 0.8660254037844420383, 1.000000000000000000, 0.8660254037844387076, 1.000000000000000000, 0.8660254037844387076, 1.000000000000000000 ) ) 
 REPRESENTATION_ITEM ( '' )  );
#2402 = CARTESIAN_POINT ( 'NONE',  ( -1.250000000000006661, 0.7216878364870257245, -4.041666666666663410 ) ) ;
#2403 = CARTESIAN_POINT ( 'NONE',  ( -1.249999999999997780, -0.7216878364870316087, -16.33333333196773651 ) ) ;
#2404 = CARTESIAN_POINT ( 'NONE',  ( 1.249999999999998002, -0.7216878364870306095, -14.79166666666666430 ) ) ;
#2405 = VERTEX_POINT ( 'NONE', #4481 ) ;
#2406 = CARTESIAN_POINT ( 'NONE',  ( 0.7603164687499996965, -1.316906753706352573, -6.989583332650533443 ) ) ;
#2407 = CARTESIAN_POINT ( 'NONE',  ( -1.520632937499997617, -0.8779378358042361219, -16.17708333265053611 ) ) ;
#2408 = CARTESIAN_POINT ( 'NONE',  ( -0.7603164687499992525, 1.316906753706352795, -11.73958333265053433 ) ) ;
#2409 = CARTESIAN_POINT ( 'NONE',  ( -0.7603164687499980312, -1.316906753706353461, -4.572916665983866480 ) ) ;
#2410 = CARTESIAN_POINT ( 'NONE',  ( -1.249999999999998002, 0.000000000000000000, -10.49999999999999645 ) ) ;
#2411 = CARTESIAN_POINT ( 'NONE',  ( 3.225491281404033418E-16, -1.755875671608470023, -15.59374999931720041 ) ) ;
#2412 = EDGE_CURVE ( 'NONE', #1608, #6375, #3389, .T. ) ;
#2413 = CARTESIAN_POINT ( 'NONE',  ( -0.6249999999999982236, -1.082531754730547302, -16.41666666666666430 ) ) ;
#2414 = CARTESIAN_POINT ( 'NONE',  ( 1.520632937499998283, -0.8779378358042346786, -7.010416665983867368 ) ) ;
#2415 = CARTESIAN_POINT ( 'NONE',  ( 3.225491281404032925E-16, -1.755875671608470467, -3.531249999317200405 ) ) ;
#2416 = CARTESIAN_POINT ( 'NONE',  ( -1.249999999999998002, 0.000000000000000000, -8.499999999999996447 ) ) ;
#2417 = CARTESIAN_POINT ( 'NONE',  ( 2.651438096812262973E-16, -1.443375672974062107, -13.24999999863440259 ) ) ;
#2418 = CARTESIAN_POINT ( 'NONE',  ( -1.249999999999997780, -0.7216878364870316087, -1.458333333333330595 ) ) ;
#2419 = CARTESIAN_POINT ( 'NONE',  ( -0.7603164687499980312, -1.316906753706353461, -8.135416665983866480 ) ) ;
#2420 = DIRECTION ( 'NONE',  ( -0.000000000000000000, -0.000000000000000000, 1.000000000000000000 ) ) ;
#2421 = VERTEX_POINT ( 'NONE', #6717 ) ;
#2422 = DIRECTION ( 'NONE',  ( -1.000000000000000000, 0.000000000000000000, 0.000000000000000000 ) ) ;
#2423 = CARTESIAN_POINT ( 'NONE',  ( -1.249999999999998002, 1.530808498934189105E-16, 0.000000000000000000 ) ) ;
#2424 = CARTESIAN_POINT ( 'NONE',  ( -1.075163760468011098E-16, 1.755875671608470467, -7.843749999317201294 ) ) ;
#2425 = CARTESIAN_POINT ( 'NONE',  ( -1.075163760468011222E-16, 1.755875671608470023, -12.28124999931720396 ) ) ;
#2426 = CARTESIAN_POINT ( 'NONE',  ( -0.7603164687499980312, -1.316906753706353461, -1.135416665983867146 ) ) ;
#2427 = CARTESIAN_POINT ( 'NONE',  ( 1.249999999999997780, 0.7216878364870316087, -6.208333333333331261 ) ) ;
#2428 = LINE ( 'NONE', #6751, #2762 ) ;
#2429 = CARTESIAN_POINT ( 'NONE',  ( -1.249999999999998002, 0.000000000000000000, -5.374999998634403475 ) ) ;
#2430 = ORIENTED_EDGE ( 'NONE', *, *, #2369, .T. ) ;
#2431 = CARTESIAN_POINT ( 'NONE',  ( -1.520632937499998283, 0.8779378358042350117, -15.69791666598386648 ) ) ;
#2432 = CARTESIAN_POINT ( 'NONE',  ( -8.838126989374211143E-17, 1.443375672974062107, -7.999999998634403475 ) ) ;
#2433 = CARTESIAN_POINT ( 'NONE',  ( -0.7603164687499992525, 1.316906753706352795, -1.802083332650533887 ) ) ;
#2434 = CYLINDRICAL_SURFACE ( 'NONE', #5025, 1.249999999999998002 ) ;
#2435 = B_SPLINE_CURVE_WITH_KNOTS ( 'NONE', 3,
 ( #5736, #1937, #4095, #290, #255, #6285, #3498, #4063, #856, #3032 ),
 .UNSPECIFIED., .F., .F.,
 ( 4, 2, 2, 2, 4 ),
 ( 4.068826220533425792E-19, 0.0005032537761809309984, 0.001006507552361861563, 0.001509761328542792019, 0.002013015104723722692 ),
 .UNSPECIFIED. ) ;
#2436 = CARTESIAN_POINT ( 'NONE',  ( 1.249999999999998002, 1.530808498934189105E-16, -17.12499999863440436 ) ) ;
#2437 = CARTESIAN_POINT ( 'NONE',  ( -1.249999999999998002, 0.000000000000000000, -8.374999998634402587 ) ) ;
#2438 =( BOUNDED_CURVE ( )  B_SPLINE_CURVE ( 2, ( #4405, #6125, #6160, #4437, #5614, #6605, #737 ),
 .UNSPECIFIED., .F., .T. ) 
 B_SPLINE_CURVE_WITH_KNOTS ( ( 3, 2, 2, 3 ),
 ( 0.6891891891891891442, 0.6936936936936937137, 0.6981981981981981722, 0.7027027027027027417 ),
 .UNSPECIFIED. ) 
 CURVE ( )  GEOMETRIC_REPRESENTATION_ITEM ( )  RATIONAL_B_SPLINE_CURVE ( ( 1.000000000000000000, 0.8660254037844387076, 1.000000000000000000, 0.8660254037844387076, 1.000000000000000000, 0.8660254037844387076, 1.000000000000000000 ) ) 
 REPRESENTATION_ITEM ( '' )  );
#2439 = ORIENTED_EDGE ( 'NONE', *, *, #663, .F. ) ;
#2440 = CARTESIAN_POINT ( 'NONE',  ( 0.7603164687499986973, 1.316906753706353017, -7.322916665983866480 ) ) ;
#2441 = CARTESIAN_POINT ( 'NONE',  ( -1.075163760468011098E-16, 1.755875671608470467, -16.34374999931720396 ) ) ;
#2442 = CARTESIAN_POINT ( 'NONE',  ( 1.520632937499998061, 1.862238259587409655E-16, -5.406249999317200405 ) ) ;
#2443 = CARTESIAN_POINT ( 'NONE',  ( 0.6249999999999995559, -1.082531754730546414, -9.833333333333330373 ) ) ;
#2444 = CARTESIAN_POINT ( 'NONE',  ( 2.651438096812262973E-16, -1.443375672974062107, -14.24999999863440259 ) ) ;
#2445 = CARTESIAN_POINT ( 'NONE',  ( -0.4962121070278285306, 1.469387478040802053, -17.75405671164123689 ) ) ;
#2446 = CARTESIAN_POINT ( 'NONE',  ( 2.651438096812262973E-16, -1.443375672974062107, -16.37499999999999645 ) ) ;
#2447 = CARTESIAN_POINT ( 'NONE',  ( 3.225491281404032925E-16, -1.755875671608470467, -9.093749999317200405 ) ) ;
#2448 = CARTESIAN_POINT ( 'NONE',  ( 1.520632937499998283, -0.8779378358042346786, -3.447916665983867368 ) ) ;
#2449 = EDGE_CURVE ( 'NONE', #6268, #5920, #4608, .T. ) ;
#2450 = DIRECTION ( 'NONE',  ( -0.000000000000000000, -0.000000000000000000, 1.000000000000000000 ) ) ;
#2451 = CARTESIAN_POINT ( 'NONE',  ( -0.6249999999999991118, 1.082531754730546636, -0.5833333333333307058 ) ) ;
#2452 = CARTESIAN_POINT ( 'NONE',  ( -0.7603164687499980312, -1.316906753706353461, -6.635416665983866480 ) ) ;
#2453 = AXIS2_PLACEMENT_3D ( 'NONE', #5189, #1993, #3516 ) ;
#2454 = CARTESIAN_POINT ( 'NONE',  ( -8.838126989374211143E-17, 1.443375672974062107, -2.499999998634403031 ) ) ;
#2455 = EDGE_LOOP ( 'NONE', ( #6044, #4132 ) ) ;
#2456 = EDGE_CURVE ( 'NONE', #2035, #3313, #5341, .T. ) ;
#2457 = DIRECTION ( 'NONE',  ( -0.000000000000000000, -0.000000000000000000, 1.000000000000000000 ) ) ;
#2458 = CYLINDRICAL_SURFACE ( 'NONE', #2011, 1.249999999999998002 ) ;
#2459 = ADVANCED_FACE ( 'NONE', ( #1416 ), #1312, .F. ) ;
#2460 = CARTESIAN_POINT ( 'NONE',  ( 1.520632937499998283, -0.8779378358042346786, -11.51041666598386648 ) ) ;
#2461 = CARTESIAN_POINT ( 'NONE',  ( -1.075163760468011222E-16, 1.755875671608470023, -12.78124999931720041 ) ) ;
#2462 = CARTESIAN_POINT ( 'NONE',  ( 1.520632937499998061, 1.862238259587409655E-16, -1.968749999317200627 ) ) ;
#2463 = CARTESIAN_POINT ( 'NONE',  ( -0.2474087391826139959, -1.399004027617550605, -17.66772111661536471 ) ) ;
#2464 = CARTESIAN_POINT ( 'NONE',  ( 0.7603164687499986973, 1.316906753706353017, 0.1770833340161326874 ) ) ;
#2465 = VECTOR ( 'NONE', #3692, 1000.000000000000000 ) ;
#2466 = VERTEX_POINT ( 'NONE', #6316 ) ;
#2467 = CARTESIAN_POINT ( 'NONE',  ( 1.249999999999998002, 1.530808498934189105E-16, -9.624999998634402587 ) ) ;
#2468 = ORIENTED_EDGE ( 'NONE', *, *, #1396, .F. ) ;
#2469 = CARTESIAN_POINT ( 'NONE',  ( 1.520632937499997617, 0.8779378358042356778, -16.86458333265053255 ) ) ;
#2470 = CARTESIAN_POINT ( 'NONE',  ( 0.6249999999999995559, -1.082531754730546414, -6.708333331967736513 ) ) ;
#2471 = CARTESIAN_POINT ( 'NONE',  ( -0.7603164687499980312, -1.316906753706353461, -2.135416665983867368 ) ) ;
#2472 = CARTESIAN_POINT ( 'NONE',  ( 2.250000000000000444, 0.000000000000000000, -18.00000000000000355 ) ) ;
#2473 = B_SPLINE_CURVE_WITH_KNOTS ( 'NONE', 3,
 ( #4349, #1075, #3260, #2052, #6986, #552, #5424, #4892, #1110, #15, #3292, #5458, #583, #2758, #4211, #3678, #4781, #4243, #3715, #1010, #7028, #5349 ),
 .UNSPECIFIED., .F., .F.,
 ( 4, 2, 2, 2, 2, 2, 2, 2, 2, 2, 4 ),
 ( 0.003254855116909241911, 0.003774003217368311885, 0.004293151317827381859, 0.004552725368056917063, 0.004812299418286452267, 0.005331447518745523542, 0.005850595619204593950, 0.006110169669434130021, 0.006369743719663664358, 0.006888891820122734766, 0.007408039920581804307 ),
 .UNSPECIFIED. ) ;
#2474 = CARTESIAN_POINT ( 'NONE',  ( -1.520632937499998283, 0.8779378358042350117, -15.26041666598386648 ) ) ;
#2475 = CARTESIAN_POINT ( 'NONE',  ( -0.6249999999999982236, -1.082531754730547302, -18.29166666530106866 ) ) ;
#2476 = FACE_OUTER_BOUND ( 'NONE', #5414, .T. ) ;
#2477 = VERTEX_POINT ( 'NONE', #6242 ) ;
#2478 = CARTESIAN_POINT ( 'NONE',  ( -1.520632937499997617, -0.8779378358042361219, -8.614583332650534331 ) ) ;
#2479 = CARTESIAN_POINT ( 'NONE',  ( -1.520632937499998061, 0.000000000000000000, -16.21874999931720396 ) ) ;
#2480 = CARTESIAN_POINT ( 'NONE',  ( 1.520632937499997617, 0.8779378358042356778, -5.864583332650533443 ) ) ;
#2481 = CARTESIAN_POINT ( 'NONE',  ( -1.249999999999997780, -0.7216878364870316087, -8.958333333333330373 ) ) ;
#2482 = CARTESIAN_POINT ( 'NONE',  ( -1.249999999999998002, 0.000000000000000000, -14.49999999999999645 ) ) ;
#2483 = CARTESIAN_POINT ( 'NONE',  ( 1.249999999999998002, 1.530808498934189105E-16, -14.24999999999999645 ) ) ;
#2484 = CARTESIAN_POINT ( 'NONE',  ( 0.7603164687499996965, -1.316906753706352573, 0.01041666734946601613 ) ) ;
#2485 = CARTESIAN_POINT ( 'NONE',  ( 1.520632937499997617, 0.8779378358042356778, -10.42708333265053255 ) ) ;
#2486 = CARTESIAN_POINT ( 'NONE',  ( -0.7603164687499992525, 1.316906753706352795, -4.239583332650533443 ) ) ;
#2487 = CARTESIAN_POINT ( 'NONE',  ( -0.6249999999999982236, -1.082531754730547302, -8.416666666666664298 ) ) ;
#2488 = CARTESIAN_POINT ( 'NONE',  ( 0.6249999999999995559, -1.082531754730546414, -0.3333333333333306503 ) ) ;
#2489 = CARTESIAN_POINT ( 'NONE',  ( -1.520632937499998727, 0.8779378358042350117, -9.760416665983866480 ) ) ;
#2490 = ADVANCED_FACE ( 'NONE', ( #6278 ), #2539, .F. ) ;
#2491 = CARTESIAN_POINT ( 'NONE',  ( 0.000000000000000000, 0.000000000000000000, 0.000000000000000000 ) ) ;
#2492 = ORIENTED_EDGE ( 'NONE', *, *, #3185, .T. ) ;
#2493 = CARTESIAN_POINT ( 'NONE',  ( 1.520632937499998283, -0.8779378358042346786, -2.510416665983867368 ) ) ;
#2494 = CARTESIAN_POINT ( 'NONE',  ( 1.249999999999980460, -0.7216878364870409346, -11.66666666530106866 ) ) ;
#2495 = CARTESIAN_POINT ( 'NONE',  ( -1.249999999999998002, 0.000000000000000000, -9.874999998634402587 ) ) ;
#2496 = CARTESIAN_POINT ( 'NONE',  ( 1.520632937499997617, 0.8779378358042356778, -10.92708333265053255 ) ) ;
#2497 = CARTESIAN_POINT ( 'NONE',  ( 1.520632937499998727, -0.8779378358042346786, -12.44791666598386648 ) ) ;
#2498 = CARTESIAN_POINT ( 'NONE',  ( 0.7603164687499986973, 1.316906753706353017, -0.8854166659838672571 ) ) ;
#2499 = CARTESIAN_POINT ( 'NONE',  ( 3.225491281404032925E-16, -1.755875671608470467, -0.09374999931720066904 ) ) ;
#2500 = EDGE_CURVE ( 'NONE', #2583, #1608, #6860, .T. ) ;
#2501 = CARTESIAN_POINT ( 'NONE',  ( -1.249999999999998002, 0.000000000000000000, -3.874999998634403919 ) ) ;
#2502 = ORIENTED_EDGE ( 'NONE', *, *, #177, .F. ) ;
#2503 = CARTESIAN_POINT ( 'NONE',  ( 1.249999999999998002, 1.530808498934189105E-16, -7.749999999999998224 ) ) ;
#2504 = ORIENTED_EDGE ( 'NONE', *, *, #4965, .T. ) ;
#2505 = CARTESIAN_POINT ( 'NONE',  ( -1.520632937499998061, 0.000000000000000000, -17.15624999931720041 ) ) ;
#2506 = CARTESIAN_POINT ( 'NONE',  ( 1.249999999999998002, 0.7216878364870314977, -8.083333331967736513 ) ) ;
#2507 = CARTESIAN_POINT ( 'NONE',  ( 0.7603164687499996965, -1.316906753706352573, -4.052083332650533443 ) ) ;
#2508 = CARTESIAN_POINT ( 'NONE',  ( -1.249999999999998002, 0.000000000000000000, -4.999999999999997335 ) ) ;
#2509 = EDGE_CURVE ( 'NONE', #3912, #2743, #5114, .T. ) ;
#2510 = ORIENTED_EDGE ( 'NONE', *, *, #5191, .T. ) ;
#2511 = CARTESIAN_POINT ( 'NONE',  ( 0.6249999999999995559, -1.082531754730546414, -14.83333333333333037 ) ) ;
#2512 = VERTEX_POINT ( 'NONE', #3457 ) ;
#2513 = CARTESIAN_POINT ( 'NONE',  ( 0.7603164687499996965, -1.316906753706352573, -8.489583332650534331 ) ) ;
#2514 = CARTESIAN_POINT ( 'NONE',  ( -1.520632937499998061, 0.000000000000000000, -18.21874999931720041 ) ) ;
#2515 = CARTESIAN_POINT ( 'NONE',  ( -1.249999999999998002, 0.000000000000000000, -10.37499999863440259 ) ) ;
#2516 = CARTESIAN_POINT ( 'NONE',  ( 1.520632937499997617, 0.8779378358042356778, -8.864583332650532554 ) ) ;
#2517 = CARTESIAN_POINT ( 'NONE',  ( -0.6249999999999982236, -1.082531754730547302, -10.41666666666666430 ) ) ;
#2518 = CARTESIAN_POINT ( 'NONE',  ( -1.249999999999997558, -0.7216878364870317197, -14.45833333333333037 ) ) ;
#2519 = CARTESIAN_POINT ( 'NONE',  ( -1.249999999999998002, 0.7216878364870310536, -5.541666666666663410 ) ) ;
#2520 = CARTESIAN_POINT ( 'NONE',  ( 1.520632937499998283, -0.8779378358042346786, -0.4479166659838673126 ) ) ;
#2521 = CARTESIAN_POINT ( 'NONE',  ( 0.7603164687499996965, -1.316906753706352573, -9.552083332650532554 ) ) ;
#2522 = CARTESIAN_POINT ( 'NONE',  ( 0.7603164687499996965, -1.316906753706352573, -3.989583332650533443 ) ) ;
#2523 = CARTESIAN_POINT ( 'NONE',  ( 0.7603164687499996965, -1.316906753706352573, -0.9895833326505338867 ) ) ;
#2524 = CARTESIAN_POINT ( 'NONE',  ( -1.249999999999998224, 0.7216878364870308316, -2.541666666666663854 ) ) ;
#2525 = CC_DESIGN_DATE_AND_TIME_ASSIGNMENT ( #4259, #6453, ( #825 ) ) ;
#2526 = CARTESIAN_POINT ( 'NONE',  ( 1.520632937499997617, 0.8779378358042356778, -9.427083332650532554 ) ) ;
#2527 = DIRECTION ( 'NONE',  ( 1.000000000000000000, 0.000000000000000000, 0.000000000000000000 ) ) ;
#2528 = VERTEX_POINT ( 'NONE', #886 ) ;
#2529 = CARTESIAN_POINT ( 'NONE',  ( -1.520632937499997617, -0.8779378358042361219, -2.177083332650533887 ) ) ;
#2530 = CARTESIAN_POINT ( 'NONE',  ( 0.000000000000000000, 2.500000000000000000, -18.00000000000000355 ) ) ;
#2531 = LINE ( 'NONE', #2423, #6103 ) ;
#2532 = CARTESIAN_POINT ( 'NONE',  ( 1.520632937499998061, 1.862238259587409655E-16, -10.46874999931720041 ) ) ;
#2533 = CARTESIAN_POINT ( 'NONE',  ( 1.520632937499997617, 0.8779378358042356778, -13.86458333265053433 ) ) ;
#2534 = CARTESIAN_POINT ( 'NONE',  ( -0.7603164687499992525, 1.316906753706352795, -1.302083332650533887 ) ) ;
#2535 = CARTESIAN_POINT ( 'NONE',  ( 1.249999999999998002, 1.530808498934189105E-16, -7.124999998634403475 ) ) ;
#2536 =( BOUNDED_CURVE ( )  B_SPLINE_CURVE ( 2, ( #3967, #6151, #6371, #4146, #4825, #4752, #446 ),
 .UNSPECIFIED., .F., .T. ) 
 B_SPLINE_CURVE_WITH_KNOTS ( ( 3, 2, 2, 3 ),
 ( 0.3783783783783783994, 0.3828828828828828579, 0.3873873873873873719, 0.3918918918918918859 ),
 .UNSPECIFIED. ) 
 CURVE ( )  GEOMETRIC_REPRESENTATION_ITEM ( )  RATIONAL_B_SPLINE_CURVE ( ( 1.000000000000000000, 0.8660254037844387076, 1.000000000000000000, 0.8660254037844387076, 1.000000000000000000, 0.8660254037844387076, 1.000000000000000000 ) ) 
 REPRESENTATION_ITEM ( '' )  );
#2537 = CYLINDRICAL_SURFACE ( 'NONE', #5598, 1.249999999999998002 ) ;
#2538 = ORIENTED_EDGE ( 'NONE', *, *, #1520, .F. ) ;
#2539 = CYLINDRICAL_SURFACE ( 'NONE', #2912, 1.249999999999998002 ) ;
#2540 = AXIS2_PLACEMENT_3D ( 'NONE', #5661, #751, #219 ) ;
#2541 = ORIENTED_EDGE ( 'NONE', *, *, #4703, .T. ) ;
#2542 = CARTESIAN_POINT ( 'NONE',  ( -1.520632937499998283, 0.8779378358042350117, -15.19791666598386648 ) ) ;
#2543 = CARTESIAN_POINT ( 'NONE',  ( -1.249999999999998002, 0.000000000000000000, -7.374999998634403475 ) ) ;
#2544 = CARTESIAN_POINT ( 'NONE',  ( -0.7603164687499992525, 1.316906753706352795, -2.802083332650534331 ) ) ;
#2545 = EDGE_CURVE ( 'NONE', #4447, #4985, #6078, .T. ) ;
#2546 = CARTESIAN_POINT ( 'NONE',  ( 0.7603164687499996965, -1.316906753706352573, -18.05208333265053611 ) ) ;
#2547 = AXIS2_PLACEMENT_3D ( 'NONE', #1057, #2144, #66 ) ;
#2548 = CARTESIAN_POINT ( 'NONE',  ( 0.8595246401602967268, 1.207091234067856345, -0.2933798241556407338 ) ) ;
#2549 = EDGE_LOOP ( 'NONE', ( #4413, #755, #745, #5432 ) ) ;
#2550 = CARTESIAN_POINT ( 'NONE',  ( -1.520632937499997617, -0.8779378358042361219, -7.614583332650533443 ) ) ;
#2551 = CARTESIAN_POINT ( 'NONE',  ( -1.520632937499998061, 0.000000000000000000, -17.71874999931720041 ) ) ;
#2552 = CARTESIAN_POINT ( 'NONE',  ( 0.7603164687499996965, -1.316906753706352573, -14.48958333265053255 ) ) ;
#2553 = FACE_OUTER_BOUND ( 'NONE', #7021, .T. ) ;
#2554 = CARTESIAN_POINT ( 'NONE',  ( 0.7603164687499996965, -1.316906753706352573, -6.989583332650533443 ) ) ;
#2555 = CARTESIAN_POINT ( 'NONE',  ( -1.249999999999998002, 0.000000000000000000, -11.49999999999999822 ) ) ;
#2556 = CARTESIAN_POINT ( 'NONE',  ( -0.5889921295703932635, 1.416435342302770684, -17.77063293750000028 ) ) ;
#2557 = CARTESIAN_POINT ( 'NONE',  ( -1.249999999999998002, 0.000000000000000000, -13.99999999999999645 ) ) ;
#2558 = CARTESIAN_POINT ( 'NONE',  ( -0.7603164687499980312, -1.316906753706353461, -1.572916665983867146 ) ) ;
#2559 = CARTESIAN_POINT ( 'NONE',  ( 1.520632937499997617, 0.8779378358042356778, -9.427083332650532554 ) ) ;
#2560 = CARTESIAN_POINT ( 'NONE',  ( -1.520632937499998283, 0.8779378358042350117, -7.197916665983865592 ) ) ;
#2561 = CARTESIAN_POINT ( 'NONE',  ( 0.7603164687499986973, 1.316906753706353017, -0.8229166659838671460 ) ) ;
#2562 = CARTESIAN_POINT ( 'NONE',  ( -1.249999999999998002, 0.000000000000000000, -1.499999999999997335 ) ) ;
#2563 = CARTESIAN_POINT ( 'NONE',  ( 1.520632937499998727, -0.8779378358042346786, -8.510416665983866480 ) ) ;
#2564 = CYLINDRICAL_SURFACE ( 'NONE', #5150, 1.249999999999998002 ) ;
#2565 = ORIENTED_EDGE ( 'NONE', *, *, #1000, .T. ) ;
#2566 = CARTESIAN_POINT ( 'NONE',  ( 1.249999999999998002, 1.530808498934189105E-16, -7.249999999999997335 ) ) ;
#2567 = CARTESIAN_POINT ( 'NONE',  ( -0.7603164687499992525, 1.316906753706352795, -12.30208333265053433 ) ) ;
#2568 = CARTESIAN_POINT ( 'NONE',  ( -1.520632937499997617, -0.8779378358042360109, -12.61458333265053255 ) ) ;
#2569 = CARTESIAN_POINT ( 'NONE',  ( 1.520632937499997617, 0.8779378358042356778, -0.9270833326505342198 ) ) ;
#2570 = CARTESIAN_POINT ( 'NONE',  ( 0.6249999999999995559, -1.082531754730546414, -13.70833333196773651 ) ) ;
#2571 = CIRCLE ( 'NONE', #966, 4.900000000000000355 ) ;
#2572 = ORIENTED_EDGE ( 'NONE', *, *, #2885, .F. ) ;
#2573 = ORIENTED_EDGE ( 'NONE', *, *, #4487, .T. ) ;
#2574 = VERTEX_POINT ( 'NONE', #5197 ) ;
#2575 = CARTESIAN_POINT ( 'NONE',  ( -1.520632937499997617, -0.8779378358042361219, -15.11458333265053255 ) ) ;
#2576 = CARTESIAN_POINT ( 'NONE',  ( -1.249999999999998002, 0.000000000000000000, -10.87499999863440259 ) ) ;
#2577 = CARTESIAN_POINT ( 'NONE',  ( -1.075163760468011098E-16, 1.755875671608470467, -2.343749999317199961 ) ) ;
#2578 = CARTESIAN_POINT ( 'NONE',  ( 3.225491281404032925E-16, -1.755875671608470467, -18.09374999931720041 ) ) ;
#2579 =( BOUNDED_CURVE ( )  B_SPLINE_CURVE ( 2, ( #5027, #4525, #6725, #2332, #1827, #3956, #156 ),
 .UNSPECIFIED., .F., .T. ) 
 B_SPLINE_CURVE_WITH_KNOTS ( ( 3, 2, 2, 3 ),
 ( 0.5000000000000000000, 0.5045045045045044585, 0.5090090090090091390, 0.5135135135135135975 ),
 .UNSPECIFIED. ) 
 CURVE ( )  GEOMETRIC_REPRESENTATION_ITEM ( )  RATIONAL_B_SPLINE_CURVE ( ( 1.000000000000000000, 0.8660254037844387076, 1.000000000000000000, 0.8660254037844387076, 1.000000000000000000, 0.8660254037844353769, 1.000000000000003331 ) ) 
 REPRESENTATION_ITEM ( '' )  );
#2580 = VECTOR ( 'NONE', #3560, 1000.000000000000000 ) ;
#2581 = CARTESIAN_POINT ( 'NONE',  ( 1.249999999999980460, -0.7216878364870409346, -11.29166666666666075 ) ) ;
#2582 = FACE_OUTER_BOUND ( 'NONE', #2388, .T. ) ;
#2583 = VERTEX_POINT ( 'NONE', #317 ) ;
#2584 = CARTESIAN_POINT ( 'NONE',  ( 3.225491281404032925E-16, -1.755875671608470467, -9.531249999317202182 ) ) ;
#2585 = CARTESIAN_POINT ( 'NONE',  ( -0.6249999999999982236, -1.082531754730547302, -0.2916666653010704380 ) ) ;
#2586 = CARTESIAN_POINT ( 'NONE',  ( -1.520632937499997617, -0.8779378358042361219, -14.61458333265053433 ) ) ;
#2587 = CARTESIAN_POINT ( 'NONE',  ( 0.6249999999999995559, -1.082531754730546414, -9.333333333333330373 ) ) ;
#2588 = CARTESIAN_POINT ( 'NONE',  ( -0.6249999999999991118, 1.082531754730546636, -11.58333333333333037 ) ) ;
#2589 = CARTESIAN_POINT ( 'NONE',  ( -1.091839464821998673, 1.077578170476736652, -17.77063293749995765 ) ) ;
#2590 = EDGE_CURVE ( 'NONE', #2027, #2574, #4108, .T. ) ;
#2591 = CARTESIAN_POINT ( 'NONE',  ( 0.7603164687499986973, 1.316906753706353017, 0.1770833340161326874 ) ) ;
#2592 = CARTESIAN_POINT ( 'NONE',  ( -1.520632937499997617, -0.8779378358042361219, -9.677083332650532554 ) ) ;
#2593 = CARTESIAN_POINT ( 'NONE',  ( -0.7603164687499992525, 1.316906753706352795, -7.739583332650533443 ) ) ;
#2594 = DIRECTION ( 'NONE',  ( -0.000000000000000000, -0.000000000000000000, 1.000000000000000000 ) ) ;
#2595 = CARTESIAN_POINT ( 'NONE',  ( 0.6249999999999986677, 1.082531754730546858, -4.166666666666664298 ) ) ;
#2596 = CARTESIAN_POINT ( 'NONE',  ( -0.7603164687499980312, -1.316906753706353461, -10.13541666598386648 ) ) ;
#2597 = EDGE_CURVE ( 'NONE', #1522, #5381, #1194, .T. ) ;
#2598 = CARTESIAN_POINT ( 'NONE',  ( 0.6249999999999995559, -1.082531754730546414, -13.70833333196773651 ) ) ;
#2599 = CARTESIAN_POINT ( 'NONE',  ( 2.651438096812262973E-16, -1.443375672974062107, -8.874999999999998224 ) ) ;
#2600 = ORIENTED_EDGE ( 'NONE', *, *, #2545, .F. ) ;
#2601 = CARTESIAN_POINT ( 'NONE',  ( 0.7603164687499986973, 1.316906753706353017, -10.88541666598386648 ) ) ;
#2602 = CARTESIAN_POINT ( 'NONE',  ( -1.520632937499998061, 0.000000000000000000, -15.15624999931720041 ) ) ;
#2603 = CARTESIAN_POINT ( 'NONE',  ( -0.6249999999999982236, -1.082531754730547302, -2.416666666666663854 ) ) ;
#2604 = CARTESIAN_POINT ( 'NONE',  ( 1.520632937499997617, 0.8779378358042356778, -1.427083332650533665 ) ) ;
#2605 =( BOUNDED_CURVE ( )  B_SPLINE_CURVE ( 2, ( #3305, #5474, #600, #2772, #6601, #1700, #5543 ),
 .UNSPECIFIED., .F., .T. ) 
 B_SPLINE_CURVE_WITH_KNOTS ( ( 3, 2, 2, 3 ),
 ( 0.2162162162162162282, 0.2207207207207206867, 0.2252252252252252007, 0.2297297297297296870 ),
 .UNSPECIFIED. ) 
 CURVE ( )  GEOMETRIC_REPRESENTATION_ITEM ( )  RATIONAL_B_SPLINE_CURVE ( ( 1.000000000000000000, 0.8660254037844387076, 1.000000000000000000, 0.8660254037844387076, 1.000000000000000000, 0.8660254037844403729, 0.9999999999999983347 ) ) 
 REPRESENTATION_ITEM ( '' )  );
#2606 = CARTESIAN_POINT ( 'NONE',  ( 4.650000000000003020, 0.000000000000000000, -2.000000000000000000 ) ) ;
#2607 = ORIENTED_EDGE ( 'NONE', *, *, #2509, .T. ) ;
#2608 = EDGE_LOOP ( 'NONE', ( #5885, #3827, #351, #1171 ) ) ;
#2609 = DIRECTION ( 'NONE',  ( 1.000000000000000000, 0.000000000000000000, 0.000000000000000000 ) ) ;
#2610 = CARTESIAN_POINT ( 'NONE',  ( 1.249999999999998002, 1.530808498934189105E-16, -13.24999999999999822 ) ) ;
#2611 = CARTESIAN_POINT ( 'NONE',  ( -8.838126989374211143E-17, 1.443375672974062107, -10.99999999863440259 ) ) ;
#2612 = CARTESIAN_POINT ( 'NONE',  ( 0.7603164687499996965, -1.316906753706352573, -3.552083332650533887 ) ) ;
#2613 = CARTESIAN_POINT ( 'NONE',  ( -1.249999999999998002, 0.000000000000000000, -9.499999999999998224 ) ) ;
#2614 = CARTESIAN_POINT ( 'NONE',  ( -0.7603164687499992525, 1.316906753706352795, -16.80208333265053611 ) ) ;
#2615 = CARTESIAN_POINT ( 'NONE',  ( -1.249999999999998002, 0.000000000000000000, -11.99999999999999645 ) ) ;
#2616 = DIRECTION ( 'NONE',  ( 1.000000000000000000, 0.000000000000000000, 0.000000000000000000 ) ) ;
#2617 =( BOUNDED_CURVE ( )  B_SPLINE_CURVE ( 2, ( #683, #189, #2856, #3428, #718, #4166, #323 ),
 .UNSPECIFIED., .F., .T. ) 
 B_SPLINE_CURVE_WITH_KNOTS ( ( 3, 2, 2, 3 ),
 ( 0.5540540540540540571, 0.5585585585585585155, 0.5630630630630630851, 0.5675675675675675436 ),
 .UNSPECIFIED. ) 
 CURVE ( )  GEOMETRIC_REPRESENTATION_ITEM ( )  RATIONAL_B_SPLINE_CURVE ( ( 1.000000000000000000, 0.8660254037844387076, 1.000000000000000000, 0.8660254037844387076, 1.000000000000000000, 0.8660254037844387076, 1.000000000000000000 ) ) 
 REPRESENTATION_ITEM ( '' )  );
#2618 = ORIENTED_EDGE ( 'NONE', *, *, #3100, .F. ) ;
#2619 = CARTESIAN_POINT ( 'NONE',  ( -1.075163760468011098E-16, 1.755875671608470467, -8.281249999317200405 ) ) ;
#2620 = CARTESIAN_POINT ( 'NONE',  ( -0.6249999999999982236, -1.082531754730547302, -2.791666665301070438 ) ) ;
#2621 = CARTESIAN_POINT ( 'NONE',  ( -1.520632937499998061, 0.000000000000000000, -13.15624999931720041 ) ) ;
#2622 = CARTESIAN_POINT ( 'NONE',  ( 1.249999999999980460, -0.7216878364870409346, -9.291666666666666075 ) ) ;
#2623 = CARTESIAN_POINT ( 'NONE',  ( -8.838126989374211143E-17, 1.443375672974062107, -11.62500000000000000 ) ) ;
#2624 = DIRECTION ( 'NONE',  ( 1.000000000000000000, 0.000000000000000000, 0.000000000000000000 ) ) ;
#2625 = CARTESIAN_POINT ( 'NONE',  ( -0.6249999999999991118, 1.082531754730546636, -16.58333333333332860 ) ) ;
#2626 = CARTESIAN_POINT ( 'NONE',  ( 1.520632937499998061, 1.862238259587409655E-16, -1.406249999317200627 ) ) ;
#2627 = CARTESIAN_POINT ( 'NONE',  ( -0.7603164687499992525, 1.316906753706352795, -11.30208333265053255 ) ) ;
#2628 = CARTESIAN_POINT ( 'NONE',  ( 1.520632937499998061, 1.862238259587409655E-16, -5.906249999317199517 ) ) ;
#2629 = CARTESIAN_POINT ( 'NONE',  ( -0.9325723458281558464, 1.201096728164074090, -0.2293670624999990804 ) ) ;
#2630 = CARTESIAN_POINT ( 'NONE',  ( -1.249999999999998224, 0.7216878364870308316, -4.541666666666664298 ) ) ;
#2631 = EDGE_CURVE ( 'NONE', #426, #4064, #1347, .T. ) ;
#2632 = CARTESIAN_POINT ( 'NONE',  ( -1.075163760468011222E-16, 1.755875671608470023, -8.843749999317200405 ) ) ;
#2633 = ORIENTED_EDGE ( 'NONE', *, *, #188, .F. ) ;
#2634 = CARTESIAN_POINT ( 'NONE',  ( -1.249999999999998002, 0.000000000000000000, -7.999999999999996447 ) ) ;
#2635 = CARTESIAN_POINT ( 'NONE',  ( -1.249999999999998002, 0.000000000000000000, -11.99999999999999645 ) ) ;
#2636 = CARTESIAN_POINT ( 'NONE',  ( 0.7603164687499986973, 1.316906753706353017, -15.32291666598386648 ) ) ;
#2637 = CARTESIAN_POINT ( 'NONE',  ( 1.249999999999998002, 1.530808498934189105E-16, -14.12499999863440259 ) ) ;
#2638 = CARTESIAN_POINT ( 'NONE',  ( 1.520632937499998061, 1.862238259587409655E-16, -1.468749999317200627 ) ) ;
#2639 = PERSON_AND_ORGANIZATION_ROLE ( 'creator' ) ;
#2640 = CARTESIAN_POINT ( 'NONE',  ( 0.000000000000000000, 0.000000000000000000, 0.000000000000000000 ) ) ;
#2641 = ORIENTED_EDGE ( 'NONE', *, *, #6146, .F. ) ;
#2642 = CARTESIAN_POINT ( 'NONE',  ( -1.520632937499997617, -0.8779378358042361219, -2.114583332650533887 ) ) ;
#2643 = DIRECTION ( 'NONE',  ( -0.000000000000000000, -0.000000000000000000, 1.000000000000000000 ) ) ;
#2644 = CARTESIAN_POINT ( 'NONE',  ( -1.249999999999998224, 0.7216878364870308316, -10.91666666530106866 ) ) ;
#2645 = CARTESIAN_POINT ( 'NONE',  ( 1.520632937499997617, 0.8779378358042356778, -2.927083332650534331 ) ) ;
#2646 = PLANE ( 'NONE',  #4111 ) ;
#2647 = CARTESIAN_POINT ( 'NONE',  ( 1.520632937499998283, -0.8779378358042346786, -17.51041666598386826 ) ) ;
#2648 = VECTOR ( 'NONE', #5088, 1000.000000000000000 ) ;
#2649 = CARTESIAN_POINT ( 'NONE',  ( 0.000000000000000000, 0.000000000000000000, 0.000000000000000000 ) ) ;
#2650 = ORIENTED_EDGE ( 'NONE', *, *, #6248, .T. ) ;
#2651 = CARTESIAN_POINT ( 'NONE',  ( 0.6249999999999986677, 1.082531754730546858, -6.041666665301070438 ) ) ;
#2652 = VERTEX_POINT ( 'NONE', #5092 ) ;
#2653 = CARTESIAN_POINT ( 'NONE',  ( 1.520632937499998061, 1.862238259587409655E-16, -11.90624999931719863 ) ) ;
#2654 = CARTESIAN_POINT ( 'NONE',  ( 0.6249999999999986677, 1.082531754730546858, -2.041666665301070438 ) ) ;
#2655 = CARTESIAN_POINT ( 'NONE',  ( 0.7603164687499986973, 1.316906753706353017, -13.32291666598386648 ) ) ;
#2656 = CARTESIAN_POINT ( 'NONE',  ( 2.651438096812262973E-16, -1.443375672974062107, -17.37499999999999289 ) ) ;
#2657 = CARTESIAN_POINT ( 'NONE',  ( 2.651438096812262973E-16, -1.443375672974062107, -12.37499999999999822 ) ) ;
#2658 = CARTESIAN_POINT ( 'NONE',  ( -1.213761804399877242, 0.9160277358190782593, -17.77063293750000383 ) ) ;
#2659 = CARTESIAN_POINT ( 'NONE',  ( -0.6249999999999982236, -1.082531754730547302, -4.291666665301070438 ) ) ;
#2660 = CARTESIAN_POINT ( 'NONE',  ( 3.225491281404032925E-16, -1.755875671608470467, -4.531249999317200405 ) ) ;
#2661 = CARTESIAN_POINT ( 'NONE',  ( 1.520632937499998061, 1.862238259587409655E-16, -11.96874999931719863 ) ) ;
#2662 = CARTESIAN_POINT ( 'NONE',  ( 1.520632937499998283, -0.8779378358042346786, -6.947916665983867368 ) ) ;
#2663 = CARTESIAN_POINT ( 'NONE',  ( -1.249999999999998002, 0.000000000000000000, -3.499999999999997335 ) ) ;
#2664 = CARTESIAN_POINT ( 'NONE',  ( 0.7603164687499996965, -1.316906753706352573, -13.55208333265053255 ) ) ;
#2665 = EDGE_CURVE ( 'NONE', #5776, #3847, #6824, .T. ) ;
#2666 = ORIENTED_EDGE ( 'NONE', *, *, #9, .F. ) ;
#2667 = CARTESIAN_POINT ( 'NONE',  ( -0.7603164687499992525, 1.316906753706352795, -4.302083332650533443 ) ) ;
#2668 = FACE_OUTER_BOUND ( 'NONE', #2963, .T. ) ;
#2669 = LINE ( 'NONE', #4830, #977 ) ;
#2670 = CARTESIAN_POINT ( 'NONE',  ( 0.7603164687499996965, -1.316906753706352573, -13.05208333265053255 ) ) ;
#2671 = CARTESIAN_POINT ( 'NONE',  ( -1.520632937499998061, 0.000000000000000000, -16.15624999931720396 ) ) ;
#2672 = LINE ( 'NONE', #422, #4602 ) ;
#2673 = CARTESIAN_POINT ( 'NONE',  ( 1.520632937499997617, 0.8779378358042356778, -3.427083332650533887 ) ) ;
#2674 = SHAPE_DEFINITION_REPRESENTATION ( #6323, #5636 ) ;
#2675 = LINE ( 'NONE', #6020, #3101 ) ;
#2676 = EDGE_CURVE ( 'NONE', #191, #1857, #5943, .T. ) ;
#2677 = CARTESIAN_POINT ( 'NONE',  ( 3.225491281404032925E-16, -1.755875671608470467, -2.531249999317200849 ) ) ;
#2678 = ORIENTED_EDGE ( 'NONE', *, *, #7007, .F. ) ;
#2679 = CARTESIAN_POINT ( 'NONE',  ( -1.249999999999998002, 0.7216878364870310536, -14.41666666530106689 ) ) ;
#2680 = CARTESIAN_POINT ( 'NONE',  ( 1.249999999999998002, 0.7216878364870314977, -8.583333331967736513 ) ) ;
#2681 = CARTESIAN_POINT ( 'NONE',  ( -1.520632937499998283, 0.8779378358042350117, -6.260416665983867368 ) ) ;
#2682 = CARTESIAN_POINT ( 'NONE',  ( -0.7603164687499980312, -1.316906753706353461, -8.072916665983866480 ) ) ;
#2683 = CARTESIAN_POINT ( 'NONE',  ( 0.6249999999999986677, 1.082531754730546858, -4.666666666666664298 ) ) ;
#2684 = CARTESIAN_POINT ( 'NONE',  ( 0.000000000000000000, 0.000000000000000000, 0.000000000000000000 ) ) ;
#2685 = EDGE_CURVE ( 'NONE', #2027, #5263, #2740, .T. ) ;
#2686 = ORIENTED_EDGE ( 'NONE', *, *, #655, .T. ) ;
#2687 = CARTESIAN_POINT ( 'NONE',  ( 0.000000000000000000, 0.000000000000000000, 0.000000000000000000 ) ) ;
#2688 = ORIENTED_EDGE ( 'NONE', *, *, #665, .F. ) ;
#2689 = CARTESIAN_POINT ( 'NONE',  ( 3.225491281404032925E-16, -1.755875671608470467, -12.03124999931719863 ) ) ;
#2690 = CARTESIAN_POINT ( 'NONE',  ( 2.651438096812262973E-16, -1.443375672974062107, -1.249999998634403697 ) ) ;
#2691 = CARTESIAN_POINT ( 'NONE',  ( 0.7603164687499986973, 1.316906753706353017, -17.82291666598386826 ) ) ;
#2692 = CARTESIAN_POINT ( 'NONE',  ( -1.249999999999998002, 0.000000000000000000, -16.87499999863440081 ) ) ;
#2693 = VECTOR ( 'NONE', #1240, 1000.000000000000000 ) ;
#2694 = CARTESIAN_POINT ( 'NONE',  ( 0.6249999999999986677, 1.082531754730546858, -11.66666666666666430 ) ) ;
#2695 = LINE ( 'NONE', #2726, #6403 ) ;
#2696 = CARTESIAN_POINT ( 'NONE',  ( -8.838126989374211143E-17, 1.443375672974062107, -16.62499999999999289 ) ) ;
#2697 = CARTESIAN_POINT ( 'NONE',  ( 1.520632937499998061, 1.862238259587409655E-16, -3.906249999317200405 ) ) ;
#2698 = CARTESIAN_POINT ( 'NONE',  ( 1.520632937499997617, 0.8779378358042356778, -12.42708333265053433 ) ) ;
#2699 = CARTESIAN_POINT ( 'NONE',  ( 0.7603164687499996965, -1.316906753706352573, -6.989583332650533443 ) ) ;
#2700 = CARTESIAN_POINT ( 'NONE',  ( -1.520632937499997617, -0.8779378358042360109, -3.114583332650534331 ) ) ;
#2701 = CARTESIAN_POINT ( 'NONE',  ( 0.6249999999999995559, -1.082531754730546414, -4.833333333333330373 ) ) ;
#2702 = CARTESIAN_POINT ( 'NONE',  ( -0.7603164687499980312, -1.316906753706353461, -12.13541666598386648 ) ) ;
#2703 = VERTEX_POINT ( 'NONE', #4296 ) ;
#2704 = CARTESIAN_POINT ( 'NONE',  ( 1.520632937499998061, 1.862238259587409655E-16, -5.468749999317200405 ) ) ;
#2705 = CARTESIAN_POINT ( 'NONE',  ( -1.249999999999997558, -0.7216878364870317197, -11.95833333333333037 ) ) ;
#2706 = CARTESIAN_POINT ( 'NONE',  ( -1.520632937499998061, 0.000000000000000000, -13.21874999931720041 ) ) ;
#2707 = CARTESIAN_POINT ( 'NONE',  ( 1.249999999999998002, -0.7216878364870306095, -5.166666665301070438 ) ) ;
#2708 = CARTESIAN_POINT ( 'NONE',  ( 1.520632937499998727, -0.8779378358042346786, -3.010416665983867368 ) ) ;
#2709 = ADVANCED_FACE ( 'NONE', ( #3201 ), #5363, .F. ) ;
#2710 =( BOUNDED_CURVE ( )  B_SPLINE_CURVE ( 2, ( #879, #5223, #4688, #3623, #4152, #3017, #6818 ),
 .UNSPECIFIED., .F., .T. ) 
 B_SPLINE_CURVE_WITH_KNOTS ( ( 3, 2, 2, 3 ),
 ( 0.7162162162162162282, 0.7207207207207206867, 0.7252252252252253673, 0.7297297297297298257 ),
 .UNSPECIFIED. ) 
 CURVE ( )  GEOMETRIC_REPRESENTATION_ITEM ( )  RATIONAL_B_SPLINE_CURVE ( ( 1.000000000000000000, 0.8660254037844387076, 1.000000000000000000, 0.8660254037844387076, 1.000000000000000000, 0.8660254037844353769, 1.000000000000003331 ) ) 
 REPRESENTATION_ITEM ( '' )  );
#2711 = DIRECTION ( 'NONE',  ( 0.000000000000000000, 0.000000000000000000, -1.000000000000000000 ) ) ;
#2712 = ORIENTED_EDGE ( 'NONE', *, *, #4308, .F. ) ;
#2713 = CARTESIAN_POINT ( 'NONE',  ( -1.249999999999998002, 0.000000000000000000, -3.374999998634403919 ) ) ;
#2714 = CARTESIAN_POINT ( 'NONE',  ( -1.520632937499998283, 0.8779378358042350117, -17.69791666598387181 ) ) ;
#2715 = CARTESIAN_POINT ( 'NONE',  ( 1.520632937499998061, 1.862238259587409655E-16, -6.968749999317199517 ) ) ;
#2716 = CARTESIAN_POINT ( 'NONE',  ( -1.520632937499998061, 0.000000000000000000, -9.156249999317200405 ) ) ;
#2717 = CARTESIAN_POINT ( 'NONE',  ( -1.249999999999998002, 0.000000000000000000, -0.8749999986344038083 ) ) ;
#2718 = CARTESIAN_POINT ( 'NONE',  ( 0.6249999999999995559, -1.082531754730546414, -9.708333331967736513 ) ) ;
#2719 = ORIENTED_EDGE ( 'NONE', *, *, #6700, .T. ) ;
#2720 = CARTESIAN_POINT ( 'NONE',  ( 0.000000000000000000, 0.000000000000000000, -17.75000000000000355 ) ) ;
#2721 = ORIENTED_EDGE ( 'NONE', *, *, #2727, .T. ) ;
#2722 = CARTESIAN_POINT ( 'NONE',  ( 3.225491281404032925E-16, -1.755875671608470467, -11.03124999931720041 ) ) ;
#2723 = CARTESIAN_POINT ( 'NONE',  ( 1.249999999999998002, 1.530808498934189105E-16, -2.624999998634403919 ) ) ;
#2724 = CARTESIAN_POINT ( 'NONE',  ( 0.7603164687499986973, 1.316906753706353017, -16.82291666598386826 ) ) ;
#2725 = CARTESIAN_POINT ( 'NONE',  ( 1.249999999999998002, 1.530808498934189105E-16, -11.62499999863440259 ) ) ;
#2727 = EDGE_CURVE ( 'NONE', #6927, #566, #2672, .T. ) ;
#2726 = CARTESIAN_POINT ( 'NONE',  ( 1.249999999999998002, 0.000000000000000000, 0.000000000000000000 ) ) ;
#2728 = CARTESIAN_POINT ( 'NONE',  ( 1.249999999999998224, -0.7216878364870306095, -13.66666666530106866 ) ) ;
#2729 = CARTESIAN_POINT ( 'NONE',  ( -1.249999999999998002, 0.000000000000000000, -5.374999998634403475 ) ) ;
#2730 = CARTESIAN_POINT ( 'NONE',  ( 1.520632937499997617, 0.8779378358042356778, -4.364583332650534331 ) ) ;
#2731 = CARTESIAN_POINT ( 'NONE',  ( 3.225491281404032925E-16, -1.755875671608470467, -13.09374999931720041 ) ) ;
#2732 = CARTESIAN_POINT ( 'NONE',  ( 1.520632937499998061, 1.862238259587409655E-16, -10.40624999931720041 ) ) ;
#2733 = CARTESIAN_POINT ( 'NONE',  ( -1.075163760468011222E-16, 1.755875671608470023, -2.781249999317200405 ) ) ;
#2734 = CARTESIAN_POINT ( 'NONE',  ( 0.6249999999999995559, -1.082531754730546414, -2.833333333333330373 ) ) ;
#2735 = CARTESIAN_POINT ( 'NONE',  ( 0.7603164687499986973, 1.316906753706353017, -12.38541666598386648 ) ) ;
#2736 = CARTESIAN_POINT ( 'NONE',  ( -1.249999999999998002, 0.000000000000000000, -14.99999999999999822 ) ) ;
#2737 = ORIENTED_EDGE ( 'NONE', *, *, #5228, .F. ) ;
#2738 = CARTESIAN_POINT ( 'NONE',  ( -1.075163760468011098E-16, 1.755875671608470467, -3.343749999317200405 ) ) ;
#2739 = DIRECTION ( 'NONE',  ( 1.000000000000000000, 0.000000000000000000, 0.000000000000000000 ) ) ;
#2740 = LINE ( 'NONE', #1122, #63 ) ;
#2741 = CARTESIAN_POINT ( 'NONE',  ( -1.520632937499998061, 0.000000000000000000, -4.718749999317200405 ) ) ;
#2742 = CARTESIAN_POINT ( 'NONE',  ( -1.249999999999980460, 0.7216878364870411566, -9.041666666666666075 ) ) ;
#2743 = VERTEX_POINT ( 'NONE', #2142 ) ;
#2744 = CARTESIAN_POINT ( 'NONE',  ( -0.6249999999999991118, 1.082531754730546636, -0.9583333319677370676 ) ) ;
#2745 = CARTESIAN_POINT ( 'NONE',  ( 1.520632937499998061, 1.862238259587409655E-16, -4.968749999317199517 ) ) ;
#2746 = CARTESIAN_POINT ( 'NONE',  ( -0.7603164687499992525, 1.316906753706352795, -9.239583332650532554 ) ) ;
#2747 = CARTESIAN_POINT ( 'NONE',  ( 1.249999999999997780, 0.7216878364870316087, -11.08333333196773474 ) ) ;
#2748 = CARTESIAN_POINT ( 'NONE',  ( 1.249999999999997780, 0.7216878364870316087, -12.70833333333333037 ) ) ;
#2749 = EDGE_CURVE ( 'NONE', #1313, #2182, #7064, .T. ) ;
#2750 = ORIENTED_EDGE ( 'NONE', *, *, #2273, .F. ) ;
#2751 = CARTESIAN_POINT ( 'NONE',  ( -1.075163760468011098E-16, 1.755875671608470467, -11.78124999931720041 ) ) ;
#2752 = CARTESIAN_POINT ( 'NONE',  ( 1.249999999999998224, -0.7216878364870306095, -1.666666665301070438 ) ) ;
#2753 = CARTESIAN_POINT ( 'NONE',  ( 1.520632937499998061, 1.862238259587409655E-16, -15.90624999931720218 ) ) ;
#2754 = CARTESIAN_POINT ( 'NONE',  ( -1.249999999999998002, 0.000000000000000000, -4.374999998634403475 ) ) ;
#2755 = CARTESIAN_POINT ( 'NONE',  ( -8.838126989374211143E-17, 1.443375672974062107, -2.999999998634403475 ) ) ;
#2756 = CIRCLE ( 'NONE', #5705, 1.749999999999998002 ) ;
#2757 = CARTESIAN_POINT ( 'NONE',  ( 2.651438096812262973E-16, -1.443375672974062107, -15.24999999863440259 ) ) ;
#2758 = CARTESIAN_POINT ( 'NONE',  ( -0.5271458524547327773, -1.200197471369280899, -0.4420373169507111344 ) ) ;
#2759 = CARTESIAN_POINT ( 'NONE',  ( 0.7603164687499996965, -1.316906753706352573, -3.989583332650533443 ) ) ;
#2760 = CARTESIAN_POINT ( 'NONE',  ( -1.520632937499998283, 0.8779378358042350117, -12.26041666598386648 ) ) ;
#2761 = CARTESIAN_POINT ( 'NONE',  ( -0.7603164687499980312, -1.316906753706353461, -10.57291666598386648 ) ) ;
#2762 = VECTOR ( 'NONE', #2359, 1000.000000000000000 ) ;
#2763 = CARTESIAN_POINT ( 'NONE',  ( 1.520632937499997617, 0.8779378358042356778, -1.864583332650534109 ) ) ;
#2764 = CARTESIAN_POINT ( 'NONE',  ( 2.651438096812262973E-16, -1.443375672974062107, -6.374999999999997335 ) ) ;
#2765 = CARTESIAN_POINT ( 'NONE',  ( 0.7603164687499996965, -1.316906753706352573, -13.05208333265053255 ) ) ;
#2766 = CARTESIAN_POINT ( 'NONE',  ( 1.249999999999998002, 0.7216878364870314977, -14.70833333333333037 ) ) ;
#2767 = ORIENTED_EDGE ( 'NONE', *, *, #7008, .F. ) ;
#2768 = CARTESIAN_POINT ( 'NONE',  ( 1.520632937499998283, -0.8779378358042346786, -5.010416665983866480 ) ) ;
#2769 = LINE ( 'NONE', #2311, #530 ) ;
#2770 = CARTESIAN_POINT ( 'NONE',  ( 1.249999999999998224, -0.7216878364870306095, 0.2083333333333360071 ) ) ;
#2771 = CARTESIAN_POINT ( 'NONE',  ( 0.7603164687499996965, -1.316906753706352573, -4.552083332650534331 ) ) ;
#2772 = CARTESIAN_POINT ( 'NONE',  ( -8.838126989374211143E-17, 1.443375672974062107, -3.999999998634403475 ) ) ;
#2773 = ORIENTED_EDGE ( 'NONE', *, *, #1441, .T. ) ;
#2774 = CARTESIAN_POINT ( 'NONE',  ( 1.249999999999989120, -0.7216878364870357165, -6.666666665301071326 ) ) ;
#2775 = CARTESIAN_POINT ( 'NONE',  ( -1.520632937499998061, 0.000000000000000000, -6.218749999317200405 ) ) ;
#2776 = CARTESIAN_POINT ( 'NONE',  ( 1.520632937499997617, 0.8779378358042356778, -10.86458333265053255 ) ) ;
#2777 = CARTESIAN_POINT ( 'NONE',  ( 1.249999999999998002, 1.530808498934189105E-16, -4.749999999999997335 ) ) ;
#2778 = CARTESIAN_POINT ( 'NONE',  ( 0.6249999999999986677, 1.082531754730546858, -12.66666666666666430 ) ) ;
#2779 = B_SPLINE_CURVE_WITH_KNOTS ( 'NONE', 3,
 ( #5141, #6366, #2556, #333, #2589, #1470 ),
 .UNSPECIFIED., .F., .F.,
 ( 4, 2, 4 ),
 ( 8.913887383669619071E-15, 0.0006066700404888005892, 0.001213340080968687302 ),
 .UNSPECIFIED. ) ;
#2780 = ORIENTED_EDGE ( 'NONE', *, *, #587, .T. ) ;
#2781 = CARTESIAN_POINT ( 'NONE',  ( -1.249999999999997558, -0.7216878364870317197, -15.83333333196773829 ) ) ;
#2782 = ORIENTED_EDGE ( 'NONE', *, *, #2885, .T. ) ;
#2783 = CARTESIAN_POINT ( 'NONE',  ( 1.520632937499998061, 1.862238259587409655E-16, -10.90624999931720041 ) ) ;
#2784 = CARTESIAN_POINT ( 'NONE',  ( -8.838126989374211143E-17, 1.443375672974062107, -5.499999998634403475 ) ) ;
#2785 = CARTESIAN_POINT ( 'NONE',  ( -1.520632937499997617, -0.8779378358042361219, -17.11458333265053611 ) ) ;
#2786 = CARTESIAN_POINT ( 'NONE',  ( 1.249999999999998002, 1.530808498934189105E-16, -17.24999999999999289 ) ) ;
#2787 = VECTOR ( 'NONE', #4074, 1000.000000000000000 ) ;
#2788 = ADVANCED_FACE ( 'NONE', ( #3764 ), #5330, .F. ) ;
#2789 = CARTESIAN_POINT ( 'NONE',  ( -1.249999999999998002, 0.000000000000000000, -13.37499999863440259 ) ) ;
#2790 = CARTESIAN_POINT ( 'NONE',  ( -1.216943154098695468, 0.9323965100566720121, -0.2293670624999985252 ) ) ;
#2791 = CARTESIAN_POINT ( 'NONE',  ( 3.225491281404032925E-16, -1.755875671608470467, -4.031249999317199517 ) ) ;
#2792 = AXIS2_PLACEMENT_3D ( 'NONE', #4341, #5380, #4237 ) ;
#2793 = CARTESIAN_POINT ( 'NONE',  ( 0.7603164687499996965, -1.316906753706352573, -15.05208333265053255 ) ) ;
#2794 = CARTESIAN_POINT ( 'NONE',  ( -1.520632937499998061, 0.000000000000000000, -9.156249999317200405 ) ) ;
#2795 = CARTESIAN_POINT ( 'NONE',  ( 1.520632937499998727, -0.8779378358042346786, -1.947916665983867368 ) ) ;
#2796 = CARTESIAN_POINT ( 'NONE',  ( -1.249999999999997780, -0.7216878364870316087, -7.958333333333330373 ) ) ;
#2797 = CARTESIAN_POINT ( 'NONE',  ( 0.7603164687499996965, -1.316906753706352573, -15.05208333265053255 ) ) ;
#2798 = EDGE_CURVE ( 'NONE', #810, #1522, #5801, .T. ) ;
#2799 = AXIS2_PLACEMENT_3D ( 'NONE', #5796, #3588, #4579 ) ;
#2800 = CARTESIAN_POINT ( 'NONE',  ( -0.7603164687499992525, 1.316906753706352795, -4.802083332650533443 ) ) ;
#2801 = CARTESIAN_POINT ( 'NONE',  ( -1.075163760468011098E-16, 1.755875671608470467, -2.281249999317200405 ) ) ;
#2802 = CARTESIAN_POINT ( 'NONE',  ( -1.249999999999998002, 0.000000000000000000, -6.499999999999997335 ) ) ;
#2803 = CARTESIAN_POINT ( 'NONE',  ( -1.249999999999997780, -0.7216878364870316087, -9.833333331967736513 ) ) ;
#2804 = DIRECTION ( 'NONE',  ( 1.000000000000000000, 0.000000000000000000, 0.000000000000000000 ) ) ;
#2805 = CARTESIAN_POINT ( 'NONE',  ( -8.838126989374211143E-17, 1.443375672974062107, -1.499999998634403697 ) ) ;
#2806 = CARTESIAN_POINT ( 'NONE',  ( -1.520632937499997617, -0.8779378358042360109, -5.177083332650533443 ) ) ;
#2807 = EDGE_CURVE ( 'NONE', #3285, #109, #6451, .T. ) ;
#2808 = CARTESIAN_POINT ( 'NONE',  ( -1.487740472715104456, 6.233605347491150371E-13, -17.73774047271510312 ) ) ;
#2809 = ORIENTED_EDGE ( 'NONE', *, *, #5718, .T. ) ;
#2810 = LINE ( 'NONE', #701, #4835 ) ;
#2811 = LINE ( 'NONE', #1128, #1088 ) ;
#2812 = CARTESIAN_POINT ( 'NONE',  ( 0.7603164687499996965, -1.316906753706352573, -6.052083332650533443 ) ) ;
#2813 = CARTESIAN_POINT ( 'NONE',  ( -0.7603164687499980312, -1.316906753706353461, -9.572916665983866480 ) ) ;
#2814 = LINE ( 'NONE', #5051, #704 ) ;
#2815 = CARTESIAN_POINT ( 'NONE',  ( -8.838126989374211143E-17, 1.443375672974062107, -11.12500000000000000 ) ) ;
#2816 = CARTESIAN_POINT ( 'NONE',  ( 2.651438096812262973E-16, -1.443375672974062107, -14.37499999999999822 ) ) ;
#2817 = ORIENTED_EDGE ( 'NONE', *, *, #1945, .F. ) ;
#2818 = LINE ( 'NONE', #3384, #3479 ) ;
#2819 = EDGE_LOOP ( 'NONE', ( #3586, #1388, #4704, #4340 ) ) ;
#2820 = CARTESIAN_POINT ( 'NONE',  ( -0.7603164687499980312, -1.316906753706353461, -14.57291666598386648 ) ) ;
#2821 = CARTESIAN_POINT ( 'NONE',  ( -8.838126989374211143E-17, 1.443375672974062107, -3.999999998634404363 ) ) ;
#2822 = CARTESIAN_POINT ( 'NONE',  ( 1.520632937499998061, 1.862238259587409655E-16, -16.90624999931720041 ) ) ;
#2823 = DIRECTION ( 'NONE',  ( -0.000000000000000000, -0.000000000000000000, 1.000000000000000000 ) ) ;
#2824 = CARTESIAN_POINT ( 'NONE',  ( 0.6249999999999986677, 1.082531754730546858, -15.04166666530107044 ) ) ;
#2825 = CARTESIAN_POINT ( 'NONE',  ( 1.250000000000006439, 0.7216878364870263907, -6.583333331967738289 ) ) ;
#2826 = CARTESIAN_POINT ( 'NONE',  ( 1.520632937499998061, 1.862238259587409655E-16, -7.406249999317200405 ) ) ;
#2827 = CARTESIAN_POINT ( 'NONE',  ( 1.520632937499997617, 0.8779378358042356778, -14.42708333265053433 ) ) ;
#2828 = CARTESIAN_POINT ( 'NONE',  ( 1.520632937499998283, -0.8779378358042346786, -9.947916665983866480 ) ) ;
#2829 = CARTESIAN_POINT ( 'NONE',  ( 0.7603164687499996965, -1.316906753706352573, -1.989583332650533887 ) ) ;
#2830 = CARTESIAN_POINT ( 'NONE',  ( -0.6249999999999982236, -1.082531754730547302, -5.916666666666663410 ) ) ;
#2831 = CARTESIAN_POINT ( 'NONE',  ( 1.520632937499998061, 1.862238259587409655E-16, -14.96874999931720041 ) ) ;
#2832 = CARTESIAN_POINT ( 'NONE',  ( -1.520632937499998283, 0.8779378358042350117, -7.760416665983865592 ) ) ;
#2833 = CARTESIAN_POINT ( 'NONE',  ( 0.7603164687499986973, 1.316906753706353017, -1.322916665983867146 ) ) ;
#2834 = ADVANCED_FACE ( 'NONE', ( #3237 ), #1664, .F. ) ;
#2835 = CARTESIAN_POINT ( 'NONE',  ( 1.249999999999998002, 1.530808498934189105E-16, -10.24999999999999645 ) ) ;
#2836 = CARTESIAN_POINT ( 'NONE',  ( 0.6249999999999986677, 1.082531754730546858, -12.04166666530106866 ) ) ;
#2837 = CARTESIAN_POINT ( 'NONE',  ( 0.000000000000000000, 0.000000000000000000, 0.000000000000000000 ) ) ;
#2838 = CARTESIAN_POINT ( 'NONE',  ( 2.651438096812262973E-16, -1.443375672974062107, 0.1250000000000026090 ) ) ;
#2839 = CARTESIAN_POINT ( 'NONE',  ( 1.520632937499998061, 1.862238259587409655E-16, -5.968749999317199517 ) ) ;
#2840 = CARTESIAN_POINT ( 'NONE',  ( -1.492749268777740834, 0.1628693209825260446, -17.74274926877780700 ) ) ;
#2841 = ORIENTED_EDGE ( 'NONE', *, *, #4896, .F. ) ;
#2842 = DIRECTION ( 'NONE',  ( -0.000000000000000000, -0.000000000000000000, 1.000000000000000000 ) ) ;
#2843 = CARTESIAN_POINT ( 'NONE',  ( -0.6249999999999982236, -1.082531754730547302, -4.416666666666664298 ) ) ;
#2844 = CARTESIAN_POINT ( 'NONE',  ( -1.520632937499998283, 0.8779378358042350117, -9.260416665983866480 ) ) ;
#2845 = CARTESIAN_POINT ( 'NONE',  ( 0.7603164687499986973, 1.316906753706353017, -11.82291666598386648 ) ) ;
#2846 = CYLINDRICAL_SURFACE ( 'NONE', #3093, 1.249999999999998002 ) ;
#2847 = CARTESIAN_POINT ( 'NONE',  ( -0.7677114377963440983, -1.217814254464491874, -17.68666368175912140 ) ) ;
#2848 = CARTESIAN_POINT ( 'NONE',  ( 1.249999999999998002, 0.7216878364870314977, -13.70833333333333215 ) ) ;
#2849 = ORIENTED_EDGE ( 'NONE', *, *, #4141, .T. ) ;
#2850 = CARTESIAN_POINT ( 'NONE',  ( -1.249999999999998002, 1.530808498934189105E-16, 0.000000000000000000 ) ) ;
#2851 = EDGE_LOOP ( 'NONE', ( #1454, #6827, #4482, #5083 ) ) ;
#2852 = CARTESIAN_POINT ( 'NONE',  ( -0.7603164687499992525, 1.316906753706352795, -14.73958333265053255 ) ) ;
#2853 = CARTESIAN_POINT ( 'NONE',  ( 1.249999999999998002, 1.530808498934189105E-16, -4.624999998634403475 ) ) ;
#2854 = CARTESIAN_POINT ( 'NONE',  ( 0.7603164687499996965, -1.316906753706352573, -0.5520833326505338867 ) ) ;
#2855 = DIRECTION ( 'NONE',  ( 0.000000000000000000, 0.000000000000000000, -1.000000000000000000 ) ) ;
#2856 = CARTESIAN_POINT ( 'NONE',  ( 0.6249999999999995559, -1.082531754730546414, -9.833333333333330373 ) ) ;
#2857 = LINE ( 'NONE', #6691, #854 ) ;
#2858 = CARTESIAN_POINT ( 'NONE',  ( -1.520632937499998283, 0.8779378358042350117, -6.697916665983866480 ) ) ;
#2859 = CARTESIAN_POINT ( 'NONE',  ( 0.7603164687499986973, 1.316906753706353017, -13.88541666598386648 ) ) ;
#2860 = CARTESIAN_POINT ( 'NONE',  ( -1.075163760468011098E-16, 1.755875671608470467, -9.281249999317198629 ) ) ;
#2861 = CARTESIAN_POINT ( 'NONE',  ( -1.075163760468011222E-16, 1.755875671608470023, -6.281249999317199517 ) ) ;
#2862 = CARTESIAN_POINT ( 'NONE',  ( 0.6249999999999986677, 1.082531754730546858, -7.166666666666663410 ) ) ;
#2863 = CARTESIAN_POINT ( 'NONE',  ( -1.520632937499998061, 0.000000000000000000, -14.21874999931719863 ) ) ;
#2864 = AXIS2_PLACEMENT_3D ( 'NONE', #5524, #2823, #6102 ) ;
#2865 = CARTESIAN_POINT ( 'NONE',  ( -0.6249999999999991118, 1.082531754730546636, -15.58333333333332860 ) ) ;
#2866 = CARTESIAN_POINT ( 'NONE',  ( 1.520632937499998283, -0.8779378358042346786, -6.510416665983866480 ) ) ;
#2867 = CARTESIAN_POINT ( 'NONE',  ( 1.520632937499998061, 1.862238259587409655E-16, -2.906249999317200849 ) ) ;
#2868 = CARTESIAN_POINT ( 'NONE',  ( 1.249999999999998002, -0.7216878364870306095, -10.79166666666666430 ) ) ;
#2869 = CARTESIAN_POINT ( 'NONE',  ( 1.249999999999998002, 1.530808498934189105E-16, -13.12499999863440259 ) ) ;
#2870 = CARTESIAN_POINT ( 'NONE',  ( 1.249999999999998002, 0.000000000000000000, 0.000000000000000000 ) ) ;
#2871 = CARTESIAN_POINT ( 'NONE',  ( 0.6249999999999995559, -1.082531754730546414, -3.708333331967736957 ) ) ;
#2872 = CARTESIAN_POINT ( 'NONE',  ( 0.7603164687499986973, 1.316906753706353017, -6.885416665983867368 ) ) ;
#2873 = CONICAL_SURFACE ( 'NONE', #6881, 2.500000000000000000, 0.7853981633974473908 ) ;
#2874 = EDGE_CURVE ( 'NONE', #526, #3015, #2068, .T. ) ;
#2875 = CYLINDRICAL_SURFACE ( 'NONE', #4690, 1.249999999999998002 ) ;
#2876 = EDGE_LOOP ( 'NONE', ( #5623, #4088, #1249, #4323 ) ) ;
#2877 = FACE_OUTER_BOUND ( 'NONE', #4613, .T. ) ;
#2878 = DIRECTION ( 'NONE',  ( -0.000000000000000000, -0.000000000000000000, 1.000000000000000000 ) ) ;
#2879 = CARTESIAN_POINT ( 'NONE',  ( -1.520632937499998283, 0.8779378358042350117, -8.760416665983868256 ) ) ;
#2880 = CARTESIAN_POINT ( 'NONE',  ( -1.520632937499998727, 0.8779378358042350117, -9.697916665983864704 ) ) ;
#2881 = DIRECTION ( 'NONE',  ( 1.000000000000000000, 0.000000000000000000, 0.000000000000000000 ) ) ;
#2882 = CARTESIAN_POINT ( 'NONE',  ( -1.487740472715104456, 6.233605347491150371E-13, -17.73774047271510312 ) ) ;
#2883 = CARTESIAN_POINT ( 'NONE',  ( -1.249999999999998224, 0.7216878364870308316, -14.54166666666666430 ) ) ;
#2884 = CARTESIAN_POINT ( 'NONE',  ( -1.249999999999997558, -0.7216878364870317197, -0.9583333333333305948 ) ) ;
#2885 = EDGE_CURVE ( 'NONE', #6353, #2035, #7076, .T. ) ;
#2886 = EDGE_CURVE ( 'NONE', #3015, #2324, #1238, .T. ) ;
#2887 = ORIENTED_EDGE ( 'NONE', *, *, #1573, .F. ) ;
#2888 = DIRECTION ( 'NONE',  ( 0.7071067811865474617, 8.659560562354932858E-17, -0.7071067811865474617 ) ) ;
#2889 = ORIENTED_EDGE ( 'NONE', *, *, #2292, .T. ) ;
#2890 = CARTESIAN_POINT ( 'NONE',  ( 1.520632937499998061, 1.862238259587409655E-16, -12.40624999931720041 ) ) ;
#2891 = CARTESIAN_POINT ( 'NONE',  ( -1.249999999999998002, 0.000000000000000000, -4.874999998634404363 ) ) ;
#2892 = CARTESIAN_POINT ( 'NONE',  ( -0.7603164687499992525, 1.316906753706352795, -1.302083332650533887 ) ) ;
#2893 = CARTESIAN_POINT ( 'NONE',  ( -0.6249999999999991118, 1.082531754730546636, -13.08333333333333037 ) ) ;
#2894 = EDGE_CURVE ( 'NONE', #6718, #4230, #4151, .T. ) ;
#2895 = CARTESIAN_POINT ( 'NONE',  ( -0.6249999999999991118, 1.082531754730546636, -17.45833333196773651 ) ) ;
#2896 = CARTESIAN_POINT ( 'NONE',  ( -1.249999999999998002, 0.000000000000000000, -6.374999998634403475 ) ) ;
#2897 = ORIENTED_EDGE ( 'NONE', *, *, #1299, .T. ) ;
#2898 = CARTESIAN_POINT ( 'NONE',  ( 0.7603164687499996965, -1.316906753706352573, -5.989583332650533443 ) ) ;
#2899 = CARTESIAN_POINT ( 'NONE',  ( 0.7603164687499986973, 1.316906753706353017, -15.88541666598386826 ) ) ;
#2900 = CARTESIAN_POINT ( 'NONE',  ( 1.520632937499998061, 1.862238259587409655E-16, -12.40624999931720041 ) ) ;
#2901 = CARTESIAN_POINT ( 'NONE',  ( -1.520632937499998061, 0.000000000000000000, -6.656249999317200405 ) ) ;
#2902 = CARTESIAN_POINT ( 'NONE',  ( -8.838126989374211143E-17, 1.443375672974062107, -7.624999999999998224 ) ) ;
#2903 = CARTESIAN_POINT ( 'NONE',  ( 1.520632937499998061, 1.862238259587409655E-16, -13.96874999931719863 ) ) ;
#2904 = CARTESIAN_POINT ( 'NONE',  ( -1.249999999999997780, -0.7216878364870316087, -17.95833333333332860 ) ) ;
#2905 = CARTESIAN_POINT ( 'NONE',  ( -1.520632937499998061, 0.000000000000000000, -6.218749999317200405 ) ) ;
#2906 = CARTESIAN_POINT ( 'NONE',  ( 1.520632937499998283, -0.8779378358042346786, -3.947916665983866924 ) ) ;
#2907 = LINE ( 'NONE', #3509, #2787 ) ;
#2908 = CARTESIAN_POINT ( 'NONE',  ( -1.249999999999998224, 0.7216878364870308316, -12.41666666530106866 ) ) ;
#2909 = FACE_OUTER_BOUND ( 'NONE', #3251, .T. ) ;
#2910 = CARTESIAN_POINT ( 'NONE',  ( -1.249999999999998224, 0.7216878364870308316, 0.4583333333333359239 ) ) ;
#2911 = CARTESIAN_POINT ( 'NONE',  ( -1.520632937499997617, -0.8779378358042360109, -7.677083332650533443 ) ) ;
#2912 = AXIS2_PLACEMENT_3D ( 'NONE', #4087, #3597, #5767 ) ;
#2913 = VECTOR ( 'NONE', #204, 1000.000000000000000 ) ;
#2914 = ORIENTED_EDGE ( 'NONE', *, *, #3004, .T. ) ;
#2915 = CARTESIAN_POINT ( 'NONE',  ( -1.249999999999998002, 0.000000000000000000, -15.49999999999999822 ) ) ;
#2916 = CARTESIAN_POINT ( 'NONE',  ( -1.520632937499998283, 0.8779378358042350117, -8.260416665983866480 ) ) ;
#2917 = CARTESIAN_POINT ( 'NONE',  ( -1.075163760468011222E-16, 1.755875671608470023, -9.781249999317200405 ) ) ;
#2918 = CARTESIAN_POINT ( 'NONE',  ( -1.249999999999998002, 1.530808498934189105E-16, 0.000000000000000000 ) ) ;
#2919 = CARTESIAN_POINT ( 'NONE',  ( 0.8056709547977742858, -1.132768588145151689, -17.62786441326186093 ) ) ;
#2920 = CARTESIAN_POINT ( 'NONE',  ( -1.520632937499998283, 0.8779378358042350117, -0.1979166659838672848 ) ) ;
#2921 = ORIENTED_EDGE ( 'NONE', *, *, #543, .F. ) ;
#2922 = CARTESIAN_POINT ( 'NONE',  ( -0.6249999999999991118, 1.082531754730546636, -1.958333331967737179 ) ) ;
#2923 = ORIENTED_EDGE ( 'NONE', *, *, #2590, .F. ) ;
#2924 = CARTESIAN_POINT ( 'NONE',  ( 3.225491281404032925E-16, -1.755875671608470467, -13.03124999931719863 ) ) ;
#2925 = CARTESIAN_POINT ( 'NONE',  ( -0.6249999999999991118, 1.082531754730546636, -4.958333331967736513 ) ) ;
#2926 = CARTESIAN_POINT ( 'NONE',  ( 1.520632937499997617, 0.8779378358042356778, -0.9270833326505339977 ) ) ;
#2927 = CYLINDRICAL_SURFACE ( 'NONE', #2540, 2.500000000000000000 ) ;
#2928 = EDGE_CURVE ( 'NONE', #2703, #5509, #478, .T. ) ;
#2929 = CARTESIAN_POINT ( 'NONE',  ( 0.6249999999999986677, 1.082531754730546858, -16.54166666530107221 ) ) ;
#2930 = CARTESIAN_POINT ( 'NONE',  ( 1.249999999999998002, 1.530808498934189105E-16, -3.249999999999997335 ) ) ;
#2931 = VERTEX_POINT ( 'NONE', #6599 ) ;
#2932 = CARTESIAN_POINT ( 'NONE',  ( -1.520632937499998061, 0.000000000000000000, -5.156249999317200405 ) ) ;
#2933 = CARTESIAN_POINT ( 'NONE',  ( 0.7603164687499986973, 1.316906753706353017, -15.38541666598386648 ) ) ;
#2934 = CARTESIAN_POINT ( 'NONE',  ( -0.7603164687499980312, -1.316906753706353461, -12.57291666598386648 ) ) ;
#2935 = CARTESIAN_POINT ( 'NONE',  ( -1.520632937499998061, 0.000000000000000000, -5.656249999317200405 ) ) ;
#2936 = CARTESIAN_POINT ( 'NONE',  ( 1.249999999999998002, 0.7216878364870314977, -9.208333333333330373 ) ) ;
#2937 = CARTESIAN_POINT ( 'NONE',  ( 1.520632937499997617, 0.8779378358042356778, -15.92708333265053433 ) ) ;
#2938 = CARTESIAN_POINT ( 'NONE',  ( 0.6249999999999995559, -1.082531754730546414, -15.83333333333332860 ) ) ;
#2939 = CARTESIAN_POINT ( 'NONE',  ( 0.7603164687499996965, -1.316906753706352573, -8.052083332650534331 ) ) ;
#2940 = CARTESIAN_POINT ( 'NONE',  ( -1.520632937499997617, -0.8779378358042361219, -4.114583332650533443 ) ) ;
#2941 = DIRECTION ( 'NONE',  ( 1.000000000000000000, 0.000000000000000000, 0.000000000000000000 ) ) ;
#2942 = CARTESIAN_POINT ( 'NONE',  ( -1.249999999999997780, -0.7216878364870316087, -11.33333333196773474 ) ) ;
#2943 = CARTESIAN_POINT ( 'NONE',  ( 0.6249999999999986677, 1.082531754730546858, -2.166666666666663854 ) ) ;
#2944 = CARTESIAN_POINT ( 'NONE',  ( -1.520632937499997617, -0.8779378358042360109, -6.177083332650532554 ) ) ;
#2945 = CARTESIAN_POINT ( 'NONE',  ( -1.249999999999998002, 0.7216878364870310536, -9.916666665301068662 ) ) ;
#2946 = ORIENTED_EDGE ( 'NONE', *, *, #4927, .T. ) ;
#2947 = CARTESIAN_POINT ( 'NONE',  ( 1.249999999999998002, 1.530808498934189105E-16, -8.124999998634402587 ) ) ;
#2948 = CARTESIAN_POINT ( 'NONE',  ( -2.500000000000000000, 3.061616997868383141E-16, -2.799999999999993161 ) ) ;
#2949 = CARTESIAN_POINT ( 'NONE',  ( 1.520632937499998283, -0.8779378358042346786, -10.01041666598386470 ) ) ;
#2950 = CARTESIAN_POINT ( 'NONE',  ( -1.520632937499997617, -0.8779378358042360109, -13.11458333265053255 ) ) ;
#2951 = CARTESIAN_POINT ( 'NONE',  ( -1.249999999999998002, 0.000000000000000000, -9.499999999999998224 ) ) ;
#2952 = CARTESIAN_POINT ( 'NONE',  ( -0.6249999999999991118, 1.082531754730546636, -16.08333333333332860 ) ) ;
#2953 = CARTESIAN_POINT ( 'NONE',  ( -0.6249999999999982236, -1.082531754730547302, -1.916666666666664076 ) ) ;
#2954 = DIRECTION ( 'NONE',  ( 1.000000000000000000, 0.000000000000000000, 0.000000000000000000 ) ) ;
#2955 = ORIENTED_EDGE ( 'NONE', *, *, #6968, .F. ) ;
#2956 = CARTESIAN_POINT ( 'NONE',  ( -1.520632937499998061, 0.000000000000000000, -12.65624999931720041 ) ) ;
#2957 = CARTESIAN_POINT ( 'NONE',  ( 2.651438096812262973E-16, -1.443375672974062107, -6.749999998634403475 ) ) ;
#2958 = CARTESIAN_POINT ( 'NONE',  ( -1.520632937499998283, 0.8779378358042350117, 0.2395833340161326597 ) ) ;
#2959 = CARTESIAN_POINT ( 'NONE',  ( 1.249999999999997780, 0.7216878364870316087, -0.5833333319677370676 ) ) ;
#2960 = CARTESIAN_POINT ( 'NONE',  ( 2.651438096812262973E-16, -1.443375672974062107, -17.74999999863440436 ) ) ;
#2961 = EDGE_CURVE ( 'NONE', #3091, #6306, #1938, .T. ) ;
#2962 = CARTESIAN_POINT ( 'NONE',  ( 0.000000000000000000, 0.000000000000000000, 0.000000000000000000 ) ) ;
#2963 = EDGE_LOOP ( 'NONE', ( #1002, #1453, #802, #6418 ) ) ;
#2964 = CARTESIAN_POINT ( 'NONE',  ( -0.7603164687499992525, 1.316906753706352795, -6.739583332650533443 ) ) ;
#2965 = CARTESIAN_POINT ( 'NONE',  ( -1.075163760468011098E-16, 1.755875671608470467, -17.84374999931720041 ) ) ;
#2966 = CARTESIAN_POINT ( 'NONE',  ( 1.520632937499998727, -0.8779378358042346786, -5.447916665983866480 ) ) ;
#2967 = CARTESIAN_POINT ( 'NONE',  ( -0.6249999999999991118, 1.082531754730546636, -9.083333333333330373 ) ) ;
#2968 = CARTESIAN_POINT ( 'NONE',  ( -0.7603164687499980312, -1.316906753706353461, -17.63541666598386826 ) ) ;
#2969 = EDGE_CURVE ( 'NONE', #4204, #611, #6119, .T. ) ;
#2970 = EDGE_CURVE ( 'NONE', #4644, #5264, #4846, .T. ) ;
#2971 = CARTESIAN_POINT ( 'NONE',  ( 1.520632937499998061, 1.862238259587409655E-16, -16.90624999931720041 ) ) ;
#2972 = CARTESIAN_POINT ( 'NONE',  ( -0.6249999999999982236, -1.082531754730547302, -16.91666666666666430 ) ) ;
#2973 = CARTESIAN_POINT ( 'NONE',  ( 1.520632937499998061, 1.862238259587409655E-16, -8.968749999317200405 ) ) ;
#2974 = CARTESIAN_POINT ( 'NONE',  ( 1.326330275442360040, 0.08473318885300647196, -17.57633027544079951 ) ) ;
#2975 = CARTESIAN_POINT ( 'NONE',  ( -1.249999999999997780, -0.7216878364870316087, -2.458333333333330373 ) ) ;
#2976 = CARTESIAN_POINT ( 'NONE',  ( 1.520632937499997617, 0.8779378358042356778, -6.427083332650533443 ) ) ;
#2977 = VECTOR ( 'NONE', #38, 1000.000000000000000 ) ;
#2978 = ORIENTED_EDGE ( 'NONE', *, *, #2377, .F. ) ;
#2979 = CARTESIAN_POINT ( 'NONE',  ( 1.249999999999998002, 1.530808498934189105E-16, -8.624999998634402587 ) ) ;
#2980 = CARTESIAN_POINT ( 'NONE',  ( -1.249999999999998002, 0.000000000000000000, -3.999999999999996447 ) ) ;
#2981 = CARTESIAN_POINT ( 'NONE',  ( 1.520632937499998061, 1.862238259587409655E-16, -7.968749999317200405 ) ) ;
#2982 = CIRCLE ( 'NONE', #6993, 2.500000000000000000 ) ;
#2983 = CARTESIAN_POINT ( 'NONE',  ( -0.7603164687499992525, 1.316906753706352795, -13.23958333265053255 ) ) ;
#2984 = CARTESIAN_POINT ( 'NONE',  ( -1.075163760468011222E-16, 1.755875671608470023, -2.843749999317200405 ) ) ;
#2985 = CARTESIAN_POINT ( 'NONE',  ( 1.249999999999998002, 1.530808498934189105E-16, -16.24999999999999645 ) ) ;
#2986 = CARTESIAN_POINT ( 'NONE',  ( -0.7603164687499980312, -1.316906753706353461, -0.07291666598386729869 ) ) ;
#2987 = LOCAL_TIME ( 10, 55, 33.00000000000000000, #4797 ) ;
#2988 = EDGE_LOOP ( 'NONE', ( #4233, #4839, #5948, #1589 ) ) ;
#2989 = CARTESIAN_POINT ( 'NONE',  ( 2.048408142405988100E-08, 1.249999999999997780, -17.49999999999999645 ) ) ;
#2990 = EDGE_LOOP ( 'NONE', ( #5205, #5700, #3341, #2172 ) ) ;
#2991 = CARTESIAN_POINT ( 'NONE',  ( -1.520632937499998061, 0.000000000000000000, -16.15624999931720396 ) ) ;
#2992 = CARTESIAN_POINT ( 'NONE',  ( 0.6249999999999986677, 1.082531754730546858, -7.041666665301070438 ) ) ;
#2993 = CARTESIAN_POINT ( 'NONE',  ( 0.7603164687499986973, 1.316906753706353017, -1.885416665983867146 ) ) ;
#2994 = CARTESIAN_POINT ( 'NONE',  ( 1.249999999999998002, -0.7216878364870306095, -4.791666666666663410 ) ) ;
#2995 = CARTESIAN_POINT ( 'NONE',  ( 3.225491281404032925E-16, -1.755875671608470467, -15.09374999931719863 ) ) ;
#2996 = CARTESIAN_POINT ( 'NONE',  ( 0.6249999999999986677, 1.082531754730546858, -17.54166666530107221 ) ) ;
#2997 = DIRECTION ( 'NONE',  ( 0.000000000000000000, 0.000000000000000000, -1.000000000000000000 ) ) ;
#2998 = EDGE_LOOP ( 'NONE', ( #1444, #5046, #5265, #4158 ) ) ;
#2999 = CARTESIAN_POINT ( 'NONE',  ( 0.7603164687499986973, 1.316906753706353017, -8.322916665983866480 ) ) ;
#3000 = CARTESIAN_POINT ( 'NONE',  ( 1.520632937499998061, 1.862238259587409655E-16, -16.96874999931720041 ) ) ;
#3001 = CARTESIAN_POINT ( 'NONE',  ( -1.520632937499998283, 0.8779378358042350117, -11.69791666598386470 ) ) ;
#3002 = CARTESIAN_POINT ( 'NONE',  ( -1.075163760468011222E-16, 1.755875671608470023, -4.781249999317200405 ) ) ;
#3003 = CARTESIAN_POINT ( 'NONE',  ( 1.249999999999998002, 0.7216878364870314977, -8.208333333333332149 ) ) ;
#3004 = EDGE_CURVE ( 'NONE', #7009, #895, #6313, .T. ) ;
#3005 = CARTESIAN_POINT ( 'NONE',  ( -0.7603164687499992525, 1.316906753706352795, -17.30208333265053611 ) ) ;
#3006 = CARTESIAN_POINT ( 'NONE',  ( 2.651438096812262973E-16, -1.443375672974062107, -13.87499999999999822 ) ) ;
#3007 = CARTESIAN_POINT ( 'NONE',  ( 1.520632937499998061, 1.862238259587409655E-16, -0.9062499993172006274 ) ) ;
#3008 = CARTESIAN_POINT ( 'NONE',  ( 0.7603164687499986973, 1.316906753706353017, -8.885416665983866480 ) ) ;
#3009 = FACE_OUTER_BOUND ( 'NONE', #5118, .T. ) ;
#3010 = CARTESIAN_POINT ( 'NONE',  ( -1.249999999999997780, -0.7216878364870316087, -0.9583333333333304838 ) ) ;
#3011 = ADVANCED_FACE ( 'NONE', ( #6191 ), #5844, .T. ) ;
#3012 = CARTESIAN_POINT ( 'NONE',  ( 0.7603164687499996965, -1.316906753706352573, -9.052083332650532554 ) ) ;
#3013 = VECTOR ( 'NONE', #2038, 1000.000000000000000 ) ;
#3014 = CARTESIAN_POINT ( 'NONE',  ( 0.000000000000000000, 0.000000000000000000, 0.000000000000000000 ) ) ;
#3015 = VERTEX_POINT ( 'NONE', #1599 ) ;
#3016 = DIRECTION ( 'NONE',  ( 0.000000000000000000, -0.000000000000000000, 1.000000000000000000 ) ) ;
#3017 = CARTESIAN_POINT ( 'NONE',  ( -1.250000000000015321, -0.7216878364870213947, -13.33333333196773474 ) ) ;
#3018 = VECTOR ( 'NONE', #1328, 1000.000000000000000 ) ;
#3019 = CARTESIAN_POINT ( 'NONE',  ( 1.520632937499997617, 0.8779378358042356778, -12.42708333265053433 ) ) ;
#3020 = CARTESIAN_POINT ( 'NONE',  ( 1.520632937499998727, -0.8779378358042346786, -14.44791666598386648 ) ) ;
#3021 = CARTESIAN_POINT ( 'NONE',  ( -1.520632937499997617, -0.8779378358042360109, -1.677083332650533887 ) ) ;
#3022 = CARTESIAN_POINT ( 'NONE',  ( -1.520632937499998283, 0.8779378358042350117, -0.2604166659838673126 ) ) ;
#3023 =( BOUNDED_CURVE ( )  B_SPLINE_CURVE ( 2, ( #1177, #4384, #4454, #1213, #6176, #6619, #116 ),
 .UNSPECIFIED., .F., .T. ) 
 B_SPLINE_CURVE_WITH_KNOTS ( ( 3, 2, 2, 3 ),
 ( 0.1216216216216216284, 0.1261261261261261146, 0.1306306306306306286, 0.1351351351351351426 ),
 .UNSPECIFIED. ) 
 CURVE ( )  GEOMETRIC_REPRESENTATION_ITEM ( )  RATIONAL_B_SPLINE_CURVE ( ( 1.000000000000000000, 0.8660254037844387076, 1.000000000000000000, 0.8660254037844387076, 1.000000000000000000, 0.8660254037844387076, 1.000000000000000000 ) ) 
 REPRESENTATION_ITEM ( '' )  );
#3024 = VERTEX_POINT ( 'NONE', #5303 ) ;
#3025 = CARTESIAN_POINT ( 'NONE',  ( 1.250000000000015543, 0.7216878364870213947, -9.583333331967736513 ) ) ;
#3026 = ORIENTED_EDGE ( 'NONE', *, *, #4093, .T. ) ;
#3027 = CARTESIAN_POINT ( 'NONE',  ( 1.520632937499997617, 0.8779378358042356778, -15.36458333265053255 ) ) ;
#3028 = CARTESIAN_POINT ( 'NONE',  ( 0.6249999999999995559, -1.082531754730546414, -7.208333331967737401 ) ) ;
#3029 = CARTESIAN_POINT ( 'NONE',  ( 1.520632937499998283, -0.8779378358042346786, -3.510416665983867812 ) ) ;
#3030 = CARTESIAN_POINT ( 'NONE',  ( -1.249999999999997558, -0.7216878364870317197, -5.833333331967736513 ) ) ;
#3031 = ORIENTED_EDGE ( 'NONE', *, *, #2323, .F. ) ;
#3032 = CARTESIAN_POINT ( 'NONE',  ( -1.505371808998420047, 0.2148958987107434659, -0.2293670624999990248 ) ) ;
#3033 = CC_DESIGN_PERSON_AND_ORGANIZATION_ASSIGNMENT ( #4942, #497, ( #4924 ) ) ;
#3034 = ORIENTED_EDGE ( 'NONE', *, *, #6742, .F. ) ;
#3035 = CARTESIAN_POINT ( 'NONE',  ( -0.7603164687499980312, -1.316906753706353461, -8.072916665983866480 ) ) ;
#3036 = CARTESIAN_POINT ( 'NONE',  ( 1.520632937499998283, -0.8779378358042346786, -17.01041666598386826 ) ) ;
#3037 = CARTESIAN_POINT ( 'NONE',  ( -1.520632937499998283, 0.8779378358042350117, -10.69791666598386648 ) ) ;
#3038 = CARTESIAN_POINT ( 'NONE',  ( 1.249999999999998002, 1.530808498934189105E-16, -16.62499999863440436 ) ) ;
#3039 = CARTESIAN_POINT ( 'NONE',  ( 3.225491281404033418E-16, -1.755875671608470023, -9.531249999317200405 ) ) ;
#3040 = CARTESIAN_POINT ( 'NONE',  ( -8.838126989374211143E-17, 1.443375672974062107, -10.12499999999999467 ) ) ;
#3041 = CARTESIAN_POINT ( 'NONE',  ( 1.249999999999998002, 1.530808498934189105E-16, -14.24999999999999645 ) ) ;
#3042 = CARTESIAN_POINT ( 'NONE',  ( 0.7603164687499996965, -1.316906753706352573, -16.98958333265053611 ) ) ;
#3043 = CARTESIAN_POINT ( 'NONE',  ( 0.7603164687499996965, -1.316906753706352573, -0.9895833326505338867 ) ) ;
#3044 = CARTESIAN_POINT ( 'NONE',  ( -0.7603164687499992525, 1.316906753706352795, -8.802083332650534331 ) ) ;
#3045 = CARTESIAN_POINT ( 'NONE',  ( 1.520632937499998283, -0.8779378358042346786, -4.947916665983867368 ) ) ;
#3046 = CARTESIAN_POINT ( 'NONE',  ( 0.000000000000000000, 0.000000000000000000, -17.75000000000000355 ) ) ;
#3047 = CARTESIAN_POINT ( 'NONE',  ( 1.249999999999998002, 0.7216878364870314977, -1.208333333333330595 ) ) ;
#3048 = CARTESIAN_POINT ( 'NONE',  ( 0.7603164687499986973, 1.316906753706353017, -9.885416665983866480 ) ) ;
#3049 = CARTESIAN_POINT ( 'NONE',  ( 0.6249999999999986677, 1.082531754730546858, -3.666666666666663854 ) ) ;
#3050 = EDGE_CURVE ( 'NONE', #4359, #4774, #698, .T. ) ;
#3051 = ORIENTED_EDGE ( 'NONE', *, *, #7053, .T. ) ;
#3052 = DIRECTION ( 'NONE',  ( 1.000000000000000000, 0.000000000000000000, 0.000000000000000000 ) ) ;
#3053 = CARTESIAN_POINT ( 'NONE',  ( 0.7603164687499996965, -1.316906753706352573, -11.55208333265053255 ) ) ;
#3054 = CARTESIAN_POINT ( 'NONE',  ( 0.7603164687499996965, -1.316906753706352573, -12.98958333265053255 ) ) ;
#3055 = CARTESIAN_POINT ( 'NONE',  ( 1.520632937499998061, 1.862238259587409655E-16, -2.468749999317200405 ) ) ;
#3056 = CARTESIAN_POINT ( 'NONE',  ( -1.249999999999998002, 0.000000000000000000, -7.374999998634403475 ) ) ;
#3057 = CARTESIAN_POINT ( 'NONE',  ( 1.250000000000015543, 0.7216878364870213947, -15.58333333196773651 ) ) ;
#3058 = VERTEX_POINT ( 'NONE', #3804 ) ;
#3059 = VERTEX_POINT ( 'NONE', #2610 ) ;
#3060 = CARTESIAN_POINT ( 'NONE',  ( -0.7603164687499980312, -1.316906753706353461, -15.07291666598386648 ) ) ;
#3061 = CARTESIAN_POINT ( 'NONE',  ( -0.6249999999999982236, -1.082531754730547302, -6.791666665301070438 ) ) ;
#3062 = CARTESIAN_POINT ( 'NONE',  ( -1.520632937499997617, -0.8779378358042361219, -4.177083332650534331 ) ) ;
#3063 =( BOUNDED_CURVE ( )  B_SPLINE_CURVE ( 2, ( #3807, #1131, #3281, #5445, #4304, #2747, #998 ),
 .UNSPECIFIED., .F., .T. ) 
 B_SPLINE_CURVE_WITH_KNOTS ( ( 3, 2, 2, 3 ),
 ( 0.5945945945945946276, 0.5990990990990990861, 0.6036036036036036556, 0.6081081081081081141 ),
 .UNSPECIFIED. ) 
 CURVE ( )  GEOMETRIC_REPRESENTATION_ITEM ( )  RATIONAL_B_SPLINE_CURVE ( ( 1.000000000000000000, 0.8660254037844387076, 1.000000000000000000, 0.8660254037844387076, 1.000000000000000000, 0.8660254037844387076, 1.000000000000000000 ) ) 
 REPRESENTATION_ITEM ( '' )  );
#3064 = CARTESIAN_POINT ( 'NONE',  ( 0.6249999999999986677, 1.082531754730546858, -9.666666666666664298 ) ) ;
#3065 = CARTESIAN_POINT ( 'NONE',  ( -1.520632937499998061, 0.000000000000000000, -16.71874999931720041 ) ) ;
#3066 = CARTESIAN_POINT ( 'NONE',  ( -0.4468100487615175309, 1.441970344978784180, -0.2465457272871285077 ) ) ;
#3067 = ORIENTED_EDGE ( 'NONE', *, *, #3311, .T. ) ;
#3068 = CARTESIAN_POINT ( 'NONE',  ( -1.075163760468011098E-16, 1.755875671608470467, -9.281249999317198629 ) ) ;
#3069 = CARTESIAN_POINT ( 'NONE',  ( 1.520632937499998061, 1.862238259587409655E-16, -17.46874999931720041 ) ) ;
#3070 = CARTESIAN_POINT ( 'NONE',  ( 3.225491281404032925E-16, -1.755875671608470467, -15.03124999931719863 ) ) ;
#3071 = CYLINDRICAL_SURFACE ( 'NONE', #4042, 1.249999999999998002 ) ;
#3072 = CARTESIAN_POINT ( 'NONE',  ( 0.7603164687499996965, -1.316906753706352573, -8.989583332650532554 ) ) ;
#3073 = CARTESIAN_POINT ( 'NONE',  ( 2.651438096812262973E-16, -1.443375672974062107, -8.874999999999996447 ) ) ;
#3074 = CARTESIAN_POINT ( 'NONE',  ( 2.651438096812262973E-16, -1.443375672974062107, -14.37499999999999822 ) ) ;
#3075 = CARTESIAN_POINT ( 'NONE',  ( 1.249999999999998002, 0.000000000000000000, 0.000000000000000000 ) ) ;
#3076 = CARTESIAN_POINT ( 'NONE',  ( -1.249999999999998002, 0.000000000000000000, -17.99999999999999645 ) ) ;
#3077 = CARTESIAN_POINT ( 'NONE',  ( -1.520632937499998283, 0.8779378358042350117, -8.760416665983868256 ) ) ;
#3078 = CARTESIAN_POINT ( 'NONE',  ( 0.7603164687499996965, -1.316906753706352573, -5.989583332650533443 ) ) ;
#3079 = CARTESIAN_POINT ( 'NONE',  ( -0.7603164687499980312, -1.316906753706353461, -1.572916665983867146 ) ) ;
#3080 = CARTESIAN_POINT ( 'NONE',  ( 1.249999999999998002, 1.530808498934189105E-16, -0.2499999999999973910 ) ) ;
#3081 = CARTESIAN_POINT ( 'NONE',  ( -0.7603164687499980312, -1.316906753706353461, -8.635416665983866480 ) ) ;
#3082 = FACE_OUTER_BOUND ( 'NONE', #1311, .T. ) ;
#3083 = ORIENTED_EDGE ( 'NONE', *, *, #2283, .T. ) ;
#3084 = CARTESIAN_POINT ( 'NONE',  ( -8.838126989374211143E-17, 1.443375672974062107, -6.624999999999997335 ) ) ;
#3085 = DIRECTION ( 'NONE',  ( 1.000000000000000000, 0.000000000000000000, 0.000000000000000000 ) ) ;
#3086 = CARTESIAN_POINT ( 'NONE',  ( 1.520632937499997617, 0.8779378358042356778, -10.42708333265053255 ) ) ;
#3087 = CARTESIAN_POINT ( 'NONE',  ( -0.7603164687499992525, 1.316906753706352795, -14.73958333265053255 ) ) ;
#3088 = CARTESIAN_POINT ( 'NONE',  ( -1.520632937499998727, 0.8779378358042350117, -2.760416665983866924 ) ) ;
#3089 = CARTESIAN_POINT ( 'NONE',  ( -0.7603164687499980312, -1.316906753706353461, -0.6354166659838673681 ) ) ;
#3090 = AXIS2_PLACEMENT_3D ( 'NONE', #5627, #6138, #4522 ) ;
#3091 = VERTEX_POINT ( 'NONE', #568 ) ;
#3092 = ORIENTED_EDGE ( 'NONE', *, *, #3152, .F. ) ;
#3093 = AXIS2_PLACEMENT_3D ( 'NONE', #2320, #1780, #3452 ) ;
#3094 = ORIENTED_EDGE ( 'NONE', *, *, #2369, .F. ) ;
#3095 = CARTESIAN_POINT ( 'NONE',  ( 1.520632937499997617, 0.8779378358042356778, -16.36458333265053611 ) ) ;
#3096 = CARTESIAN_POINT ( 'NONE',  ( 2.651438096812262973E-16, -1.443375672974062107, -10.74999999863440259 ) ) ;
#3097 = CARTESIAN_POINT ( 'NONE',  ( 0.7603164687499986973, 1.316906753706353017, -3.385416665983867368 ) ) ;
#3098 = CARTESIAN_POINT ( 'NONE',  ( 1.249999999999998002, 1.530808498934189105E-16, -14.24999999999999645 ) ) ;
#3099 = CARTESIAN_POINT ( 'NONE',  ( -1.075163760468011098E-16, 1.755875671608470467, -16.34374999931720396 ) ) ;
#3100 = EDGE_CURVE ( 'NONE', #2931, #5985, #1425, .T. ) ;
#3101 = VECTOR ( 'NONE', #498, 1000.000000000000000 ) ;
#3102 = CYLINDRICAL_SURFACE ( 'NONE', #5827, 1.249999999999998002 ) ;
#3103 = CARTESIAN_POINT ( 'NONE',  ( -0.6249999999999982236, -1.082531754730547302, -15.91666666666666252 ) ) ;
#3104 =( BOUNDED_CURVE ( )  B_SPLINE_CURVE ( 2, ( #322, #3602, #5772, #6865, #468, #541, #2717 ),
 .UNSPECIFIED., .F., .T. ) 
 B_SPLINE_CURVE_WITH_KNOTS ( ( 3, 2, 2, 3 ),
 ( 0.04054054054054054279, 0.04504504504504504292, 0.04954954954954954999, 0.05405405405405405705 ),
 .UNSPECIFIED. ) 
 CURVE ( )  GEOMETRIC_REPRESENTATION_ITEM ( )  RATIONAL_B_SPLINE_CURVE ( ( 1.000000000000000000, 0.8660254037844387076, 1.000000000000000000, 0.8660254037844387076, 1.000000000000000000, 0.8660254037844387076, 1.000000000000000000 ) ) 
 REPRESENTATION_ITEM ( '' )  );
#3105 = EDGE_LOOP ( 'NONE', ( #3859, #3671 ) ) ;
#3106 = CARTESIAN_POINT ( 'NONE',  ( 1.520632937499998061, 1.862238259587409655E-16, -9.406249999317200405 ) ) ;
#3107 = CARTESIAN_POINT ( 'NONE',  ( 3.225491281404032925E-16, -1.755875671608470467, -17.09374999931720041 ) ) ;
#3108 = CARTESIAN_POINT ( 'NONE',  ( -0.7603164687499992525, 1.316906753706352795, -13.23958333265053255 ) ) ;
#3109 = CARTESIAN_POINT ( 'NONE',  ( 1.249999999999998002, -0.7216878364870306095, -14.66666666530106866 ) ) ;
#3110 = CARTESIAN_POINT ( 'NONE',  ( -0.6249999999999982236, -1.082531754730547302, -13.41666666666666430 ) ) ;
#3111 = CARTESIAN_POINT ( 'NONE',  ( 1.520632937499997617, 0.8779378358042356778, -16.42708333265053255 ) ) ;
#3112 = B_SPLINE_CURVE_WITH_KNOTS ( 'NONE', 3,
 ( #4131, #929, #894, #3066, #5237, #6905, #359, #1867, #3531, #2548, #2008, #4168, #1462, #5099 ),
 .UNSPECIFIED., .F., .F.,
 ( 4, 2, 2, 2, 2, 2, 4 ),
 ( 1.121541195603760188E-13, 0.0004068568897117900637, 0.0008137137793114260264, 0.001220570668911062206, 0.001627427558510698060, 0.002441141337709970202, 0.003254855116909241911 ),
 .UNSPECIFIED. ) ;
#3113 = CARTESIAN_POINT ( 'NONE',  ( -0.6249999999999991118, 1.082531754730546636, -5.583333333333330373 ) ) ;
#3114 = CARTESIAN_POINT ( 'NONE',  ( -1.520632937499998061, 0.000000000000000000, -1.656249999317200627 ) ) ;
#3115 = CARTESIAN_POINT ( 'NONE',  ( 1.520632937499998283, -0.8779378358042346786, -10.51041666598386826 ) ) ;
#3116 = CARTESIAN_POINT ( 'NONE',  ( 0.7603164687499986973, 1.316906753706353017, -7.322916665983866480 ) ) ;
#3117 = CARTESIAN_POINT ( 'NONE',  ( -0.7603164687499992525, 1.316906753706352795, -0.2395833326505339422 ) ) ;
#3118 =( BOUNDED_CURVE ( )  B_SPLINE_CURVE ( 2, ( #5941, #1482, #4759, #1627, #4903, #3235, #1514 ),
 .UNSPECIFIED., .F., .T. ) 
 B_SPLINE_CURVE_WITH_KNOTS ( ( 3, 2, 2, 3 ),
 ( 0.2702702702702702853, 0.2747747747747747993, 0.2792792792792792578, 0.2837837837837837718 ),
 .UNSPECIFIED. ) 
 CURVE ( )  GEOMETRIC_REPRESENTATION_ITEM ( )  RATIONAL_B_SPLINE_CURVE ( ( 1.000000000000000000, 0.8660254037844387076, 1.000000000000000000, 0.8660254037844387076, 1.000000000000000000, 0.8660254037844387076, 1.000000000000000000 ) ) 
 REPRESENTATION_ITEM ( '' )  );
#3119 = CARTESIAN_POINT ( 'NONE',  ( -0.6249999999999982236, -1.082531754730547302, -3.416666666666663854 ) ) ;
#3120 = CARTESIAN_POINT ( 'NONE',  ( -0.7603164687499980312, -1.316906753706353461, -9.635416665983866480 ) ) ;
#3121 = DIRECTION ( 'NONE',  ( -0.000000000000000000, -0.000000000000000000, 1.000000000000000000 ) ) ;
#3122 = ORIENTED_EDGE ( 'NONE', *, *, #1450, .F. ) ;
#3123 = CARTESIAN_POINT ( 'NONE',  ( 0.7603164687499996965, -1.316906753706352573, -2.552083332650533887 ) ) ;
#3124 = CARTESIAN_POINT ( 'NONE',  ( 2.651438096812262973E-16, -1.443375672974062107, -7.374999999999998224 ) ) ;
#3125 = CARTESIAN_POINT ( 'NONE',  ( 1.249999999999998002, -0.7216878364870306095, -2.666666665301070438 ) ) ;
#3126 = CARTESIAN_POINT ( 'NONE',  ( -0.7603164687499980312, -1.316906753706353461, -12.63541666598386648 ) ) ;
#3127 = CARTESIAN_POINT ( 'NONE',  ( 1.520632937499998727, -0.8779378358042346786, -16.44791666598386826 ) ) ;
#3128 = CARTESIAN_POINT ( 'NONE',  ( 3.225491281404033418E-16, -1.755875671608470023, -1.593749999317200849 ) ) ;
#3129 = CARTESIAN_POINT ( 'NONE',  ( 0.7603164687499986973, 1.316906753706353017, -1.385416665983867146 ) ) ;
#3130 = CIRCLE ( 'NONE', #4030, 1.750000000000001554 ) ;
#3131 = VECTOR ( 'NONE', #5980, 1000.000000000000000 ) ;
#3132 = ORIENTED_EDGE ( 'NONE', *, *, #6834, .F. ) ;
#3133 = ORIENTED_EDGE ( 'NONE', *, *, #1134, .T. ) ;
#3134 = CARTESIAN_POINT ( 'NONE',  ( 0.6249999999999995559, -1.082531754730546414, -14.83333333333333037 ) ) ;
#3135 = CARTESIAN_POINT ( 'NONE',  ( -8.838126989374211143E-17, 1.443375672974062107, -10.62499999999999645 ) ) ;
#3136 = CARTESIAN_POINT ( 'NONE',  ( -0.7603164687499992525, 1.316906753706352795, -17.73958333265053611 ) ) ;
#3137 = CARTESIAN_POINT ( 'NONE',  ( 0.6249999999999986677, 1.082531754730546858, -10.54166666530106866 ) ) ;
#3138 = CARTESIAN_POINT ( 'NONE',  ( -1.520632937499998061, 0.000000000000000000, -3.718749999317200405 ) ) ;
#3139 = CARTESIAN_POINT ( 'NONE',  ( 0.6249999999999995559, -1.082531754730546414, -4.833333333333330373 ) ) ;
#3140 = CARTESIAN_POINT ( 'NONE',  ( 0.7603164687499996965, -1.316906753706352573, -16.55208333265053255 ) ) ;
#3141 = VECTOR ( 'NONE', #2594, 1000.000000000000000 ) ;
#3142 = DIRECTION ( 'NONE',  ( 1.000000000000000000, 0.000000000000000000, 0.000000000000000000 ) ) ;
#3143 = CYLINDRICAL_SURFACE ( 'NONE', #1538, 1.249999999999998002 ) ;
#3144 = ORIENTED_EDGE ( 'NONE', *, *, #4281, .T. ) ;
#3145 = CARTESIAN_POINT ( 'NONE',  ( 1.520632937499997617, 0.8779378358042356778, -9.364583332650532554 ) ) ;
#3146 = CARTESIAN_POINT ( 'NONE',  ( -0.6249999999999982236, -1.082531754730547302, -1.291666665301070216 ) ) ;
#3147 = CARTESIAN_POINT ( 'NONE',  ( -1.075163760468011098E-16, 1.755875671608470467, -14.78124999931720041 ) ) ;
#3148 = CARTESIAN_POINT ( 'NONE',  ( -1.249999999999997558, -0.7216878364870317197, -10.33333333196773651 ) ) ;
#3149 = CARTESIAN_POINT ( 'NONE',  ( 0.6249999999999995559, -1.082531754730546414, -12.33333333333333215 ) ) ;
#3150 = CYLINDRICAL_SURFACE ( 'NONE', #6407, 1.249999999999998002 ) ;
#3151 = CYLINDRICAL_SURFACE ( 'NONE', #1886, 1.249999999999998002 ) ;
#3152 = EDGE_CURVE ( 'NONE', #4124, #810, #2219, .T. ) ;
#3153 = CARTESIAN_POINT ( 'NONE',  ( -0.7603164687499980312, -1.316906753706353461, -1.072916665983867146 ) ) ;
#3154 = CARTESIAN_POINT ( 'NONE',  ( -1.520632937499998061, 0.000000000000000000, -11.21874999931720041 ) ) ;
#3155 = CARTESIAN_POINT ( 'NONE',  ( 1.520632937499998283, -0.8779378358042346786, -5.947916665983866480 ) ) ;
#3156 = CARTESIAN_POINT ( 'NONE',  ( 1.520632937499998061, 1.862238259587409655E-16, -0.4062499993172006829 ) ) ;
#3157 = CARTESIAN_POINT ( 'NONE',  ( 0.6249999999999986677, 1.082531754730546858, -5.166666666666663410 ) ) ;
#3158 = CARTESIAN_POINT ( 'NONE',  ( -0.7603164687499992525, 1.316906753706352795, -9.802083332650534331 ) ) ;
#3159 =( NAMED_UNIT ( * ) SI_UNIT ( $, .STERADIAN. ) SOLID_ANGLE_UNIT ( ) );
#3160 = ORIENTED_EDGE ( 'NONE', *, *, #6692, .F. ) ;
#3161 =( BOUNDED_CURVE ( )  B_SPLINE_CURVE ( 2, ( #5079, #2245, #696, #6083, #3935, #1807, #5539 ),
 .UNSPECIFIED., .F., .T. ) 
 B_SPLINE_CURVE_WITH_KNOTS ( ( 3, 2, 2, 3 ),
 ( 0.5675675675675675436, 0.5720720720720721131, 0.5765765765765765716, 0.5810810810810810301 ),
 .UNSPECIFIED. ) 
 CURVE ( )  GEOMETRIC_REPRESENTATION_ITEM ( )  RATIONAL_B_SPLINE_CURVE ( ( 1.000000000000000000, 0.8660254037844387076, 1.000000000000000000, 0.8660254037844387076, 1.000000000000000000, 0.8660254037844387076, 1.000000000000000000 ) ) 
 REPRESENTATION_ITEM ( '' )  );
#3162 = CARTESIAN_POINT ( 'NONE',  ( -1.249999999999998002, 0.000000000000000000, -12.37499999863440259 ) ) ;
#3163 = FACE_BOUND ( 'NONE', #2455, .T. ) ;
#3164 = CARTESIAN_POINT ( 'NONE',  ( -1.520632937499997617, -0.8779378358042361219, -12.17708333265053433 ) ) ;
#3165 = CARTESIAN_POINT ( 'NONE',  ( -0.7603164687499980312, -1.316906753706353461, -15.07291666598386648 ) ) ;
#3166 = CARTESIAN_POINT ( 'NONE',  ( -1.249999999999998002, 0.7216878364870310536, -13.91666666530106689 ) ) ;
#3167 = CARTESIAN_POINT ( 'NONE',  ( 1.520632937499997617, 0.8779378358042356778, -0.4270833326505338867 ) ) ;
#3168 = CALENDAR_DATE ( 2023, 14, 3 ) ;
#3169 = ORIENTED_EDGE ( 'NONE', *, *, #5986, .T. ) ;
#3170 = CARTESIAN_POINT ( 'NONE',  ( -1.075163760468011098E-16, 1.755875671608470467, -1.781249999317200183 ) ) ;
#3171 = DIRECTION ( 'NONE',  ( -0.000000000000000000, -0.000000000000000000, 1.000000000000000000 ) ) ;
#3172 = CARTESIAN_POINT ( 'NONE',  ( 0.7603164687499996965, -1.316906753706352573, -17.98958333265053611 ) ) ;
#3173 = CARTESIAN_POINT ( 'NONE',  ( -8.838126989374211143E-17, 1.443375672974062107, -8.999999998634402587 ) ) ;
#3174 = CARTESIAN_POINT ( 'NONE',  ( -0.7603164687499992525, 1.316906753706352795, -4.302083332650533443 ) ) ;
#3175 = CARTESIAN_POINT ( 'NONE',  ( 1.249999999999998002, 0.000000000000000000, 0.000000000000000000 ) ) ;
#3176 = CARTESIAN_POINT ( 'NONE',  ( -1.520632937499998061, 0.000000000000000000, -17.21874999931720041 ) ) ;
#3177 = FACE_OUTER_BOUND ( 'NONE', #5162, .T. ) ;
#3178 = CARTESIAN_POINT ( 'NONE',  ( -0.6249999999999982236, -1.082531754730547302, -5.916666666666663410 ) ) ;
#3179 = VERTEX_POINT ( 'NONE', #6458 ) ;
#3180 = CARTESIAN_POINT ( 'NONE',  ( 1.249999999999998002, 1.530808498934189105E-16, -1.624999998634403919 ) ) ;
#3181 = CARTESIAN_POINT ( 'NONE',  ( -1.520632937499998283, 0.8779378358042350117, -12.69791666598386470 ) ) ;
#3182 = DIRECTION ( 'NONE',  ( -0.000000000000000000, -0.000000000000000000, 1.000000000000000000 ) ) ;
#3183 = CARTESIAN_POINT ( 'NONE',  ( 2.651438096812262973E-16, -1.443375672974062107, -10.87499999999999822 ) ) ;
#3184 = CARTESIAN_POINT ( 'NONE',  ( 0.6249999999999986677, 1.082531754730546858, -14.66666666666666430 ) ) ;
#3185 = EDGE_CURVE ( 'NONE', #5554, #1784, #22, .T. ) ;
#3186 = CYLINDRICAL_SURFACE ( 'NONE', #5864, 1.249999999999998002 ) ;
#3187 = CARTESIAN_POINT ( 'NONE',  ( -0.7603164687499980312, -1.316906753706353461, -3.072916665983867368 ) ) ;
#3188 = CARTESIAN_POINT ( 'NONE',  ( 0.7603164687499996965, -1.316906753706352573, -11.55208333265053255 ) ) ;
#3189 = CARTESIAN_POINT ( 'NONE',  ( -0.7603164687499980312, -1.316906753706353461, -6.072916665983867368 ) ) ;
#3190 = CARTESIAN_POINT ( 'NONE',  ( 1.520632937499998061, 1.862238259587409655E-16, -0.9062499993172006274 ) ) ;
#3191 = CARTESIAN_POINT ( 'NONE',  ( -1.249999999999998002, 0.000000000000000000, -2.999999999999997335 ) ) ;
#3192 = CARTESIAN_POINT ( 'NONE',  ( -1.520632937499998727, 0.8779378358042350117, -11.76041666598386470 ) ) ;
#3193 = EDGE_CURVE ( 'NONE', #1821, #3421, #2811, .T. ) ;
#3194 = EDGE_CURVE ( 'NONE', #4290, #3091, #2174, .T. ) ;
#3195 = ORIENTED_EDGE ( 'NONE', *, *, #2073, .F. ) ;
#3196 = CARTESIAN_POINT ( 'NONE',  ( -1.520632937499998061, 0.000000000000000000, -3.218749999317200849 ) ) ;
#3197 = CARTESIAN_POINT ( 'NONE',  ( 0.6249999999999995559, -1.082531754730546414, -7.833333333333331261 ) ) ;
#3198 = CARTESIAN_POINT ( 'NONE',  ( 1.250000000000015765, -0.7216878364870203955, -11.79166666666666430 ) ) ;
#3199 = CARTESIAN_POINT ( 'NONE',  ( -1.520632937499998283, 0.8779378358042350117, -14.76041666598386826 ) ) ;
#3200 = CARTESIAN_POINT ( 'NONE',  ( 1.520632937499997617, 0.8779378358042356778, -15.36458333265053255 ) ) ;
#3201 = FACE_OUTER_BOUND ( 'NONE', #3458, .T. ) ;
#3202 = CARTESIAN_POINT ( 'NONE',  ( -1.075163760468011222E-16, 1.755875671608470023, -5.343749999317200405 ) ) ;
#3203 = EDGE_CURVE ( 'NONE', #566, #3267, #3617, .T. ) ;
#3204 = LINE ( 'NONE', #6052, #599 ) ;
#3205 = EDGE_LOOP ( 'NONE', ( #224, #3299, #6575, #6465 ) ) ;
#3206 = CARTESIAN_POINT ( 'NONE',  ( -0.7603164687499980312, -1.316906753706353461, -0.5729166659838673681 ) ) ;
#3207 = ORIENTED_EDGE ( 'NONE', *, *, #3790, .F. ) ;
#3208 = CARTESIAN_POINT ( 'NONE',  ( -1.249999999999998002, 0.000000000000000000, -14.37499999863440259 ) ) ;
#3209 = CARTESIAN_POINT ( 'NONE',  ( 2.651438096812262973E-16, -1.443375672974062107, -8.749999998634402587 ) ) ;
#3210 = CARTESIAN_POINT ( 'NONE',  ( 0.7603164687499996965, -1.316906753706352573, -5.052083332650533443 ) ) ;
#3211 = CARTESIAN_POINT ( 'NONE',  ( 3.225491281404033418E-16, -1.755875671608470023, -8.531249999317200405 ) ) ;
#3212 = DIRECTION ( 'NONE',  ( -1.000000000000000000, 0.000000000000000000, 0.000000000000000000 ) ) ;
#3213 = CARTESIAN_POINT ( 'NONE',  ( -0.7603164687499992525, 1.316906753706352795, -16.30208333265053255 ) ) ;
#3214 = ORIENTED_EDGE ( 'NONE', *, *, #5542, .T. ) ;
#3215 = DIRECTION ( 'NONE',  ( -0.000000000000000000, -0.000000000000000000, 1.000000000000000000 ) ) ;
#3216 = ORIENTED_EDGE ( 'NONE', *, *, #1386, .F. ) ;
#3217 = CARTESIAN_POINT ( 'NONE',  ( -8.838126989374211143E-17, 1.443375672974062107, -0.9999999986344035863 ) ) ;
#3218 = CARTESIAN_POINT ( 'NONE',  ( -0.7603164687499992525, 1.316906753706352795, -12.73958333265053255 ) ) ;
#3219 = DIRECTION ( 'NONE',  ( -0.000000000000000000, -0.000000000000000000, 1.000000000000000000 ) ) ;
#3220 = AXIS2_PLACEMENT_3D ( 'NONE', #3276, #3867, #6530 ) ;
#3221 = CARTESIAN_POINT ( 'NONE',  ( -0.6249999999999982236, -1.082531754730547302, -12.91666666666666430 ) ) ;
#3222 = CARTESIAN_POINT ( 'NONE',  ( -1.249999999999998002, 0.7216878364870310536, -2.916666665301070882 ) ) ;
#3223 = CARTESIAN_POINT ( 'NONE',  ( 1.329246823662035837, -2.457124835778049698E-11, -17.57924682366203939 ) ) ;
#3224 = AXIS2_PLACEMENT_3D ( 'NONE', #2491, #1443, #415 ) ;
#3225 = CARTESIAN_POINT ( 'NONE',  ( 1.520632937499997617, 0.8779378358042356778, -3.364583332650533887 ) ) ;
#3226 = CARTESIAN_POINT ( 'NONE',  ( 1.520632937499998061, 1.862238259587409655E-16, -12.96874999931720041 ) ) ;
#3227 = CARTESIAN_POINT ( 'NONE',  ( -0.7603164687499992525, 1.316906753706352795, -7.239583332650533443 ) ) ;
#3228 = CARTESIAN_POINT ( 'NONE',  ( -1.520632937499998061, 0.000000000000000000, -0.6562499993172006274 ) ) ;
#3229 = CARTESIAN_POINT ( 'NONE',  ( -8.838126989374211143E-17, 1.443375672974062107, -4.124999999999996447 ) ) ;
#3230 = CARTESIAN_POINT ( 'NONE',  ( -0.7603164687499992525, 1.316906753706352795, -12.80208333265053255 ) ) ;
#3231 = VERTEX_POINT ( 'NONE', #603 ) ;
#3232 = CARTESIAN_POINT ( 'NONE',  ( -1.075163760468011098E-16, 1.755875671608470467, -5.343749999317200405 ) ) ;
#3233 = EDGE_CURVE ( 'NONE', #4656, #4342, #930, .T. ) ;
#3234 = CARTESIAN_POINT ( 'NONE',  ( 0.000000000000000000, 0.000000000000000000, 0.000000000000000000 ) ) ;
#3235 = CARTESIAN_POINT ( 'NONE',  ( 1.249999999999997780, 0.7216878364870316087, -5.083333331967736513 ) ) ;
#3236 = CARTESIAN_POINT ( 'NONE',  ( 1.520632937499998283, -0.8779378358042346786, -14.01041666598386470 ) ) ;
#3237 = FACE_OUTER_BOUND ( 'NONE', #1734, .T. ) ;
#3238 = CARTESIAN_POINT ( 'NONE',  ( 0.7603164687499996965, -1.316906753706352573, -5.552083332650533443 ) ) ;
#3239 = APPROVAL_ROLE ( '' ) ;
#3240 = CARTESIAN_POINT ( 'NONE',  ( 0.000000000000000000, 0.000000000000000000, -2.799999999999993161 ) ) ;
#3241 = ORIENTED_EDGE ( 'NONE', *, *, #4494, .F. ) ;
#3242 = ADVANCED_FACE ( 'NONE', ( #5511 ), #5477, .F. ) ;
#3243 = CARTESIAN_POINT ( 'NONE',  ( -1.250000000000033529, 0.7216878364870102924, -16.91666666530106866 ) ) ;
#3244 = CARTESIAN_POINT ( 'NONE',  ( 1.520632937499997617, 0.8779378358042356778, -17.36458333265053611 ) ) ;
#3245 = CARTESIAN_POINT ( 'NONE',  ( -1.520632937499998283, 0.8779378358042350117, -7.260416665983866480 ) ) ;
#3246 = CARTESIAN_POINT ( 'NONE',  ( -1.520632937499997617, -0.8779378358042360109, -7.614583332650533443 ) ) ;
#3247 = CARTESIAN_POINT ( 'NONE',  ( -1.249999999999980460, 0.7216878364870411566, -13.41666666530106866 ) ) ;
#3248 = CARTESIAN_POINT ( 'NONE',  ( 1.249999999999980460, -0.7216878364870409346, -9.666666665301070438 ) ) ;
#3249 = ORIENTED_EDGE ( 'NONE', *, *, #2283, .F. ) ;
#3250 = FACE_OUTER_BOUND ( 'NONE', #6980, .T. ) ;
#3251 = EDGE_LOOP ( 'NONE', ( #4587, #2510, #2773, #5091 ) ) ;
#3252 = CARTESIAN_POINT ( 'NONE',  ( 0.7603164687499996965, -1.316906753706352573, -10.48958333265053433 ) ) ;
#3253 = CARTESIAN_POINT ( 'NONE',  ( -1.249999999999998002, 0.000000000000000000, -2.374999998634403919 ) ) ;
#3254 = CARTESIAN_POINT ( 'NONE',  ( 1.520632937499997617, 0.8779378358042356778, -17.86458333265053611 ) ) ;
#3255 = CARTESIAN_POINT ( 'NONE',  ( 1.249999999999998002, -0.7216878364870306095, -11.16666666530106689 ) ) ;
#3256 = CARTESIAN_POINT ( 'NONE',  ( 1.249999999999998002, 0.7216878364870314977, -13.20833333333333037 ) ) ;
#3257 = CARTESIAN_POINT ( 'NONE',  ( 1.249999999999998002, 1.530808498934189105E-16, -14.74999999999999822 ) ) ;
#3258 = CARTESIAN_POINT ( 'NONE',  ( 1.249999999999998224, -0.7216878364870306095, -15.16666666530107044 ) ) ;
#3259 = VECTOR ( 'NONE', #4778, 1000.000000000000000 ) ;
#3260 = CARTESIAN_POINT ( 'NONE',  ( 1.363774724291441087, -0.3470058543832131304, -0.3534642913637870421 ) ) ;
#3261 = CARTESIAN_POINT ( 'NONE',  ( 3.225491281404032925E-16, -1.755875671608470467, -3.531249999317200405 ) ) ;
#3262 = CARTESIAN_POINT ( 'NONE',  ( -1.520632937499998283, 0.8779378358042350117, -11.26041666598386826 ) ) ;
#3263 = CARTESIAN_POINT ( 'NONE',  ( -1.520632937499997617, -0.8779378358042361219, -8.114583332650534331 ) ) ;
#3264 = CARTESIAN_POINT ( 'NONE',  ( 1.520632937499997617, 0.8779378358042356778, -3.864583332650534331 ) ) ;
#3265 = CARTESIAN_POINT ( 'NONE',  ( -0.6249999999999982236, -1.082531754730547302, -4.916666666666664298 ) ) ;
#3266 = CARTESIAN_POINT ( 'NONE',  ( -1.075163760468011222E-16, 1.755875671608470023, -11.84374999931720041 ) ) ;
#3267 = VERTEX_POINT ( 'NONE', #3377 ) ;
#3268 = CARTESIAN_POINT ( 'NONE',  ( 0.7603164687499996965, -1.316906753706352573, -4.052083332650533443 ) ) ;
#3269 = CARTESIAN_POINT ( 'NONE',  ( -8.838126989374211143E-17, 1.443375672974062107, -10.12499999999999467 ) ) ;
#3270 = CARTESIAN_POINT ( 'NONE',  ( 1.249999999999998002, 1.530808498934189105E-16, -13.24999999999999822 ) ) ;
#3271 = CARTESIAN_POINT ( 'NONE',  ( -0.7603164687499980312, -1.316906753706353461, -13.13541666598386826 ) ) ;
#3272 = CARTESIAN_POINT ( 'NONE',  ( -8.838126989374211143E-17, 1.443375672974062107, -13.99999999863439903 ) ) ;
#3273 = CARTESIAN_POINT ( 'NONE',  ( -0.7603164687499980312, -1.316906753706353461, -4.135416665983867368 ) ) ;
#3274 = COORDINATED_UNIVERSAL_TIME_OFFSET ( 6, 0, .BEHIND. ) ;
#3275 = EDGE_CURVE ( 'NONE', #4375, #3810, #2438, .T. ) ;
#3276 = CARTESIAN_POINT ( 'NONE',  ( 0.000000000000000000, 0.000000000000000000, 0.000000000000000000 ) ) ;
#3277 = ORIENTED_EDGE ( 'NONE', *, *, #6105, .T. ) ;
#3278 = FACE_OUTER_BOUND ( 'NONE', #6799, .T. ) ;
#3279 = CARTESIAN_POINT ( 'NONE',  ( 0.7603164687499986973, 1.316906753706353017, -5.885416665983867368 ) ) ;
#3280 = CARTESIAN_POINT ( 'NONE',  ( 0.7603164687499996965, -1.316906753706352573, -7.489583332650533443 ) ) ;
#3281 = CARTESIAN_POINT ( 'NONE',  ( -0.6249999999999991118, 1.082531754730546636, -10.95833333196773474 ) ) ;
#3282 = LINE ( 'NONE', #639, #5369 ) ;
#3283 = ORIENTED_EDGE ( 'NONE', *, *, #3630, .F. ) ;
#3284 = CARTESIAN_POINT ( 'NONE',  ( 2.651438096812262973E-16, -1.443375672974062107, -4.749999998634403475 ) ) ;
#3285 = VERTEX_POINT ( 'NONE', #2915 ) ;
#3286 = CARTESIAN_POINT ( 'NONE',  ( 1.520632937499998283, -0.8779378358042346786, -11.44791666598386648 ) ) ;
#3287 = CARTESIAN_POINT ( 'NONE',  ( 0.6249999999999995559, -1.082531754730546414, -2.708333331967736957 ) ) ;
#3288 = CARTESIAN_POINT ( 'NONE',  ( 0.7603164687499996965, -1.316906753706352573, -16.98958333265053611 ) ) ;
#3289 = CARTESIAN_POINT ( 'NONE',  ( 1.249999999999998002, 0.000000000000000000, 0.000000000000000000 ) ) ;
#3290 = DIRECTION ( 'NONE',  ( 1.000000000000000000, 0.000000000000000000, 0.000000000000000000 ) ) ;
#3291 = CARTESIAN_POINT ( 'NONE',  ( 0.6249999999999986677, 1.082531754730546858, -15.54166666530106866 ) ) ;
#3292 = CARTESIAN_POINT ( 'NONE',  ( 0.2395097209365348867, -1.328790191340651239, -0.4112651082354338850 ) ) ;
#3293 = CARTESIAN_POINT ( 'NONE',  ( -0.7603164687499980312, -1.316906753706353461, -2.572916665983867368 ) ) ;
#3294 = CARTESIAN_POINT ( 'NONE',  ( 1.520632937499998283, -0.8779378358042346786, -11.01041666598386826 ) ) ;
#3295 = CARTESIAN_POINT ( 'NONE',  ( 0.7603164687499996965, -1.316906753706352573, -8.489583332650534331 ) ) ;
#3296 = CARTESIAN_POINT ( 'NONE',  ( 3.225491281404033418E-16, -1.755875671608470023, -3.031249999317200849 ) ) ;
#3297 = CARTESIAN_POINT ( 'NONE',  ( 1.249999999999998224, -0.7216878364870306095, -6.291666666666663410 ) ) ;
#3298 = CARTESIAN_POINT ( 'NONE',  ( 1.520632937499997617, 0.8779378358042356778, -12.92708333265053255 ) ) ;
#3299 = ORIENTED_EDGE ( 'NONE', *, *, #2807, .T. ) ;
#3300 = CARTESIAN_POINT ( 'NONE',  ( 1.520632937499998061, 1.862238259587409655E-16, -4.968749999317199517 ) ) ;
#3301 = CARTESIAN_POINT ( 'NONE',  ( -1.249999999999998002, 0.000000000000000000, -7.374999998634403475 ) ) ;
#3302 = CARTESIAN_POINT ( 'NONE',  ( -8.838126989374211143E-17, 1.443375672974062107, -17.12499999999999289 ) ) ;
#3303 = DIRECTION ( 'NONE',  ( -0.000000000000000000, -0.000000000000000000, 1.000000000000000000 ) ) ;
#3304 = CARTESIAN_POINT ( 'NONE',  ( 0.7603164687499996965, -1.316906753706352573, -3.052083332650533443 ) ) ;
#3305 = CARTESIAN_POINT ( 'NONE',  ( -1.249999999999998002, 0.000000000000000000, -3.874999998634403919 ) ) ;
#3306 = ORIENTED_EDGE ( 'NONE', *, *, #9, .T. ) ;
#3307 = CARTESIAN_POINT ( 'NONE',  ( 0.6249999999999995559, -1.082531754730546414, -2.833333333333330373 ) ) ;
#3308 = DIRECTION ( 'NONE',  ( 1.000000000000000000, 0.000000000000000000, 0.000000000000000000 ) ) ;
#3309 = CARTESIAN_POINT ( 'NONE',  ( 3.225491281404032925E-16, -1.755875671608470467, -6.093749999317200405 ) ) ;
#3310 = CARTESIAN_POINT ( 'NONE',  ( 1.520632937499997617, 0.8779378358042356778, -11.36458333265053255 ) ) ;
#3311 = EDGE_CURVE ( 'NONE', #4122, #3349, #2215, .T. ) ;
#3312 = CARTESIAN_POINT ( 'NONE',  ( -1.249999999999997558, -0.7216878364870317197, -10.83333333196773651 ) ) ;
#3313 = VERTEX_POINT ( 'NONE', #6746 ) ;
#3314 = CARTESIAN_POINT ( 'NONE',  ( 1.249999999999998002, 1.530808498934189105E-16, -4.624999998634403475 ) ) ;
#3315 = ORIENTED_EDGE ( 'NONE', *, *, #1009, .T. ) ;
#3316 = CARTESIAN_POINT ( 'NONE',  ( 0.7603164687499986973, 1.316906753706353017, -10.32291666598386648 ) ) ;
#3317 = CARTESIAN_POINT ( 'NONE',  ( 2.651438096812262973E-16, -1.443375672974062107, -4.249999998634403475 ) ) ;
#3318 = CARTESIAN_POINT ( 'NONE',  ( -1.520632937499998283, 0.8779378358042350117, -16.69791666598387181 ) ) ;
#3319 = DIRECTION ( 'NONE',  ( 1.000000000000000000, 0.000000000000000000, 0.000000000000000000 ) ) ;
#3320 = EDGE_CURVE ( 'NONE', #3777, #106, #3870, .T. ) ;
#3321 =( BOUNDED_CURVE ( )  B_SPLINE_CURVE ( 2, ( #6779, #4044, #6086, #1195, #1337, #3513, #3374 ),
 .UNSPECIFIED., .F., .T. ) 
 B_SPLINE_CURVE_WITH_KNOTS ( ( 3, 2, 2, 3 ),
 ( 0.06756756756756758520, 0.07207207207207208532, 0.07657657657657657158, 0.08108108108108108558 ),
 .UNSPECIFIED. ) 
 CURVE ( )  GEOMETRIC_REPRESENTATION_ITEM ( )  RATIONAL_B_SPLINE_CURVE ( ( 0.9999999999999995559, 0.8660254037844391517, 1.000000000000000000, 0.8660254037844387076, 1.000000000000000000, 0.8660254037844387076, 1.000000000000000000 ) ) 
 REPRESENTATION_ITEM ( '' )  );
#3322 = CARTESIAN_POINT ( 'NONE',  ( 1.249999999999998224, -0.7216878364870306095, -14.16666666530107044 ) ) ;
#3323 = CARTESIAN_POINT ( 'NONE',  ( -1.075163760468011098E-16, 1.755875671608470467, -2.781249999317200405 ) ) ;
#3324 = CARTESIAN_POINT ( 'NONE',  ( -1.520632937499998283, 0.8779378358042350117, -15.26041666598386648 ) ) ;
#3325 = CARTESIAN_POINT ( 'NONE',  ( -0.7603164687499992525, 1.316906753706352795, -8.739583332650534331 ) ) ;
#3326 = VECTOR ( 'NONE', #6538, 1000.000000000000000 ) ;
#3327 = EDGE_CURVE ( 'NONE', #3639, #5776, #1981, .T. ) ;
#3328 = CARTESIAN_POINT ( 'NONE',  ( 0.7603164687499986973, 1.316906753706353017, -1.822916665983867146 ) ) ;
#3329 = CARTESIAN_POINT ( 'NONE',  ( -1.249999999999998224, 0.7216878364870308316, -6.541666666666664298 ) ) ;
#3330 = CARTESIAN_POINT ( 'NONE',  ( -1.075163760468011222E-16, 1.755875671608470023, -11.34374999931720041 ) ) ;
#3331 = AXIS2_PLACEMENT_3D ( 'NONE', #6444, #1550, #2171 ) ;
#3332 = CARTESIAN_POINT ( 'NONE',  ( -0.7603164687499992525, 1.316906753706352795, -3.802083332650533443 ) ) ;
#3333 = CARTESIAN_POINT ( 'NONE',  ( -1.520632937499998283, 0.8779378358042350117, -2.197916665983867368 ) ) ;
#3334 =( BOUNDED_CURVE ( )  B_SPLINE_CURVE ( 2, ( #1461, #2581, #5846, #6869, #3637, #4772, #6978 ),
 .UNSPECIFIED., .F., .T. ) 
 B_SPLINE_CURVE_WITH_KNOTS ( ( 3, 2, 2, 3 ),
 ( 0.6351351351351351981, 0.6396396396396397677, 0.6441441441441441151, 0.6486486486486486847 ),
 .UNSPECIFIED. ) 
 CURVE ( )  GEOMETRIC_REPRESENTATION_ITEM ( )  RATIONAL_B_SPLINE_CURVE ( ( 0.9999999999999966693, 0.8660254037844420383, 1.000000000000000000, 0.8660254037844387076, 1.000000000000000000, 0.8660254037844387076, 1.000000000000000000 ) ) 
 REPRESENTATION_ITEM ( '' )  );
#3335 = CARTESIAN_POINT ( 'NONE',  ( 1.249999999999998002, 1.530808498934189105E-16, -8.124999998634402587 ) ) ;
#3336 = CARTESIAN_POINT ( 'NONE',  ( -8.838126989374211143E-17, 1.443375672974062107, -10.49999999863440259 ) ) ;
#3337 = CYLINDRICAL_SURFACE ( 'NONE', #3367, 1.249999999999998002 ) ;
#3338 = CARTESIAN_POINT ( 'NONE',  ( 2.651438096812262973E-16, -1.443375672974062107, -3.749999998634403919 ) ) ;
#3339 = CARTESIAN_POINT ( 'NONE',  ( -1.075163760468011222E-16, 1.755875671608470023, -3.843749999317200849 ) ) ;
#3340 = CARTESIAN_POINT ( 'NONE',  ( -1.249999999999998002, 0.000000000000000000, -0.8749999986344038083 ) ) ;
#3341 = ORIENTED_EDGE ( 'NONE', *, *, #5108, .F. ) ;
#3342 = CARTESIAN_POINT ( 'NONE',  ( -1.075163760468011098E-16, 1.755875671608470467, -1.843749999317200405 ) ) ;
#3343 = CARTESIAN_POINT ( 'NONE',  ( -1.249999999999998002, 0.000000000000000000, -2.999999999999997335 ) ) ;
#3344 = DIRECTION ( 'NONE',  ( -0.000000000000000000, -0.000000000000000000, 1.000000000000000000 ) ) ;
#3345 = CARTESIAN_POINT ( 'NONE',  ( -1.075163760468011098E-16, 1.755875671608470467, -6.843749999317199517 ) ) ;
#3346 = CARTESIAN_POINT ( 'NONE',  ( 3.225491281404033418E-16, -1.755875671608470023, -11.53124999931720041 ) ) ;
#3347 = DIRECTION ( 'NONE',  ( -0.7071067811865517916, 8.659560562354985860E-17, 0.7071067811865433539 ) ) ;
#3348 = CARTESIAN_POINT ( 'NONE',  ( -1.249999999999997558, -0.7216878364870317197, -9.833333331967736513 ) ) ;
#3349 = VERTEX_POINT ( 'NONE', #1994 ) ;
#3350 = CARTESIAN_POINT ( 'NONE',  ( -1.250000000000015765, 0.7216878364870206175, -8.416666665301068662 ) ) ;
#3351 = ORIENTED_EDGE ( 'NONE', *, *, #5228, .T. ) ;
#3352 = CARTESIAN_POINT ( 'NONE',  ( -1.075163760468011098E-16, 1.755875671608470467, -12.28124999931720396 ) ) ;
#3353 = CARTESIAN_POINT ( 'NONE',  ( -1.249999999999997780, -0.7216878364870316087, -4.833333331967736513 ) ) ;
#3354 = CARTESIAN_POINT ( 'NONE',  ( -0.7603164687499980312, -1.316906753706353461, -17.57291666598386826 ) ) ;
#3355 = CARTESIAN_POINT ( 'NONE',  ( -1.249999999999998002, 0.000000000000000000, -9.374999998634402587 ) ) ;
#3356 = VECTOR ( 'NONE', #6420, 1000.000000000000114 ) ;
#3357 = CARTESIAN_POINT ( 'NONE',  ( 1.249999999999998002, 0.7216878364870314977, -14.58333333196773651 ) ) ;
#3358 = ADVANCED_FACE ( 'NONE', ( #4115 ), #6308, .F. ) ;
#3359 = CARTESIAN_POINT ( 'NONE',  ( 0.000000000000000000, 0.000000000000000000, 0.000000000000000000 ) ) ;
#3360 = CARTESIAN_POINT ( 'NONE',  ( 1.520632937499997617, 0.8779378358042356778, -6.864583332650533443 ) ) ;
#3361 = VECTOR ( 'NONE', #5560, 1000.000000000000000 ) ;
#3362 = CARTESIAN_POINT ( 'NONE',  ( -0.7603164687499992525, 1.316906753706352795, -15.80208333265053433 ) ) ;
#3363 = CARTESIAN_POINT ( 'NONE',  ( 1.520632937499997617, 0.8779378358042356778, -9.864583332650532554 ) ) ;
#3364 = CARTESIAN_POINT ( 'NONE',  ( 1.520632937499997617, 0.8779378358042356778, -2.364583332650534331 ) ) ;
#3365 = CARTESIAN_POINT ( 'NONE',  ( 1.249999999999998002, 1.530808498934189105E-16, -7.249999999999997335 ) ) ;
#3366 = CARTESIAN_POINT ( 'NONE',  ( 1.520632937499998727, -0.8779378358042346786, -16.01041666598386826 ) ) ;
#3367 = AXIS2_PLACEMENT_3D ( 'NONE', #6014, #3969, #2211 ) ;
#3368 = CARTESIAN_POINT ( 'NONE',  ( -0.7603164687499980312, -1.316906753706353461, -7.635416665983866480 ) ) ;
#3369 = CARTESIAN_POINT ( 'NONE',  ( 1.520632937499998061, 1.862238259587409655E-16, -1.906249999317200405 ) ) ;
#3370 = DIRECTION ( 'NONE',  ( 1.000000000000000000, 0.000000000000000000, 0.000000000000000000 ) ) ;
#3371 = CARTESIAN_POINT ( 'NONE',  ( 1.249999999999998224, -0.7216878364870306095, -11.16666666530107044 ) ) ;
#3372 = CARTESIAN_POINT ( 'NONE',  ( -0.6249999999999991118, 1.082531754730546636, -0.08333333333333066417 ) ) ;
#3373 = CARTESIAN_POINT ( 'NONE',  ( 1.520632937499998061, 1.862238259587409655E-16, -7.968749999317200405 ) ) ;
#3374 = CARTESIAN_POINT ( 'NONE',  ( -1.249999999999998002, 0.000000000000000000, -1.374999998634403697 ) ) ;
#3375 = VERTEX_POINT ( 'NONE', #2948 ) ;
#3376 = CYLINDRICAL_SURFACE ( 'NONE', #2000, 1.249999999999998002 ) ;
#3377 = CARTESIAN_POINT ( 'NONE',  ( -1.249999999999998002, 0.000000000000000000, -6.874999998634404363 ) ) ;
#3378 = CARTESIAN_POINT ( 'NONE',  ( 0.7603164687499986973, 1.316906753706353017, -8.385416665983866480 ) ) ;
#3379 = CARTESIAN_POINT ( 'NONE',  ( 1.520632937499998727, -0.8779378358042346786, -9.947916665983866480 ) ) ;
#3380 = CARTESIAN_POINT ( 'NONE',  ( 0.6249999999999986677, 1.082531754730546858, -11.66666666666666430 ) ) ;
#3381 = CARTESIAN_POINT ( 'NONE',  ( -8.838126989374211143E-17, 1.443375672974062107, -12.62499999999999645 ) ) ;
#3382 = CARTESIAN_POINT ( 'NONE',  ( -8.838126989374211143E-17, 1.443375672974062107, -14.62499999999999645 ) ) ;
#3383 = ORIENTED_EDGE ( 'NONE', *, *, #3407, .F. ) ;
#3384 = CARTESIAN_POINT ( 'NONE',  ( 4.650000000000001243, 5.694607616035193855E-16, 0.000000000000000000 ) ) ;
#3385 = ORIENTED_EDGE ( 'NONE', *, *, #55, .T. ) ;
#3386 = CARTESIAN_POINT ( 'NONE',  ( -1.520632937499998061, 0.000000000000000000, -14.65624999931720041 ) ) ;
#3387 = CARTESIAN_POINT ( 'NONE',  ( -1.249999999999998002, 0.000000000000000000, -3.874999998634403919 ) ) ;
#3388 = CARTESIAN_POINT ( 'NONE',  ( -1.520632937499998061, 0.000000000000000000, -0.2187499993172006829 ) ) ;
#3389 =( BOUNDED_CURVE ( )  B_SPLINE_CURVE ( 2, ( #1785, #6063, #3947, #6133, #181, #2361, #4517 ),
 .UNSPECIFIED., .F., .T. ) 
 B_SPLINE_CURVE_WITH_KNOTS ( ( 3, 2, 2, 3 ),
 ( 0.6621621621621620601, 0.6666666666666665186, 0.6711711711711711992, 0.6756756756756756577 ),
 .UNSPECIFIED. ) 
 CURVE ( )  GEOMETRIC_REPRESENTATION_ITEM ( )  RATIONAL_B_SPLINE_CURVE ( ( 1.000000000000003331, 0.8660254037844353769, 1.000000000000000000, 0.8660254037844387076, 1.000000000000000000, 0.8660254037844387076, 1.000000000000000000 ) ) 
 REPRESENTATION_ITEM ( '' )  );
#3390 = DIRECTION ( 'NONE',  ( -0.000000000000000000, -0.000000000000000000, 1.000000000000000000 ) ) ;
#3391 = CARTESIAN_POINT ( 'NONE',  ( -8.838126989374211143E-17, 1.443375672974062107, -15.99999999863440436 ) ) ;
#3392 = CARTESIAN_POINT ( 'NONE',  ( -1.249999999999998002, 0.7216878364870310536, -6.416666665301070438 ) ) ;
#3393 = CARTESIAN_POINT ( 'NONE',  ( -0.7603164687499980312, -1.316906753706353461, -5.072916665983867368 ) ) ;
#3394 = CARTESIAN_POINT ( 'NONE',  ( 1.520632937499998283, -0.8779378358042346786, -14.51041666598386648 ) ) ;
#3395 = CARTESIAN_POINT ( 'NONE',  ( 1.520632937499998283, -0.8779378358042346786, -8.947916665983868256 ) ) ;
#3396 = CARTESIAN_POINT ( 'NONE',  ( 1.520632937499997617, 0.8779378358042356778, -2.864583332650534331 ) ) ;
#3397 = CARTESIAN_POINT ( 'NONE',  ( -0.6249999999999991118, 1.082531754730546636, -5.583333333333330373 ) ) ;
#3398 = EDGE_CURVE ( 'NONE', #3847, #3024, #4338, .T. ) ;
#3399 = CARTESIAN_POINT ( 'NONE',  ( -0.7603164687499980312, -1.316906753706353461, -14.13541666598386648 ) ) ;
#3400 = CARTESIAN_POINT ( 'NONE',  ( 0.6249999999999986677, 1.082531754730546858, -17.66666666666666430 ) ) ;
#3401 = CARTESIAN_POINT ( 'NONE',  ( 1.520632937499997617, 0.8779378358042356778, -7.927083332650533443 ) ) ;
#3402 = CARTESIAN_POINT ( 'NONE',  ( 3.225491281404032925E-16, -1.755875671608470467, -1.031249999317200627 ) ) ;
#3403 = FACE_OUTER_BOUND ( 'NONE', #182, .T. ) ;
#3404 = CARTESIAN_POINT ( 'NONE',  ( -1.249999999999998002, 0.000000000000000000, -12.87499999863440259 ) ) ;
#3405 = CARTESIAN_POINT ( 'NONE',  ( 0.6249999999999986677, 1.082531754730546858, -17.16666666666666430 ) ) ;
#3406 = CARTESIAN_POINT ( 'NONE',  ( 1.249999999999998002, -0.7216878364870306095, -3.666666665301070438 ) ) ;
#3407 = EDGE_CURVE ( 'NONE', #5221, #4447, #2531, .T. ) ;
#3408 = CARTESIAN_POINT ( 'NONE',  ( 1.520632937499998727, -0.8779378358042346786, -7.010416665983867368 ) ) ;
#3409 = ADVANCED_FACE ( 'NONE', ( #913 ), #752, .F. ) ;
#3410 = FACE_OUTER_BOUND ( 'NONE', #1497, .T. ) ;
#3411 = ORIENTED_EDGE ( 'NONE', *, *, #3203, .F. ) ;
#3412 = CARTESIAN_POINT ( 'NONE',  ( 4.650000000000001243, 5.847688465928612791E-16, 0.000000000000000000 ) ) ;
#3413 = CARTESIAN_POINT ( 'NONE',  ( -0.6249999999999982236, -1.082531754730547302, -6.791666665301070438 ) ) ;
#3414 = CARTESIAN_POINT ( 'NONE',  ( 1.520632937499997617, 0.8779378358042356778, -7.927083332650533443 ) ) ;
#3415 = CARTESIAN_POINT ( 'NONE',  ( 0.7603164687499986973, 1.316906753706353017, -10.32291666598386648 ) ) ;
#3416 = DIRECTION ( 'NONE',  ( -0.000000000000000000, -0.000000000000000000, -1.000000000000000000 ) ) ;
#3417 = ADVANCED_FACE ( 'NONE', ( #6783 ), #2458, .F. ) ;
#3418 = CARTESIAN_POINT ( 'NONE',  ( -0.6249999999999982236, -1.082531754730547302, -6.916666666666663410 ) ) ;
#3419 = CARTESIAN_POINT ( 'NONE',  ( -8.838126989374211143E-17, 1.443375672974062107, -13.62499999999999645 ) ) ;
#3420 = CARTESIAN_POINT ( 'NONE',  ( 0.6249999999999995559, -1.082531754730546414, -1.833333333333330373 ) ) ;
#3421 = VERTEX_POINT ( 'NONE', #2495 ) ;
#3422 = CARTESIAN_POINT ( 'NONE',  ( 0.000000000000000000, 0.000000000000000000, 0.000000000000000000 ) ) ;
#3423 = ORIENTED_EDGE ( 'NONE', *, *, #6682, .T. ) ;
#3424 = CARTESIAN_POINT ( 'NONE',  ( -1.520632937499997617, -0.8779378358042361219, -13.11458333265053255 ) ) ;
#3425 = CARTESIAN_POINT ( 'NONE',  ( 0.6249999999999995559, -1.082531754730546414, -4.208333331967737401 ) ) ;
#3426 = CARTESIAN_POINT ( 'NONE',  ( 3.225491281404032925E-16, -1.755875671608470467, -18.03124999931720396 ) ) ;
#3427 = CARTESIAN_POINT ( 'NONE',  ( 1.249999999999997780, 0.7216878364870316087, -4.208333333333331261 ) ) ;
#3428 = CARTESIAN_POINT ( 'NONE',  ( 2.651438096812262973E-16, -1.443375672974062107, -9.874999999999996447 ) ) ;
#3429 = CARTESIAN_POINT ( 'NONE',  ( -1.249999999999998002, 0.000000000000000000, -15.99999999999999645 ) ) ;
#3430 =( BOUNDED_CURVE ( )  B_SPLINE_CURVE ( 2, ( #6489, #3125, #4326, #454, #952, #6526, #4188 ),
 .UNSPECIFIED., .F., .T. ) 
 B_SPLINE_CURVE_WITH_KNOTS ( ( 3, 2, 2, 3 ),
 ( 0.1486486486486486569, 0.1531531531531531432, 0.1576576576576576572, 0.1621621621621621712 ),
 .UNSPECIFIED. ) 
 CURVE ( )  GEOMETRIC_REPRESENTATION_ITEM ( )  RATIONAL_B_SPLINE_CURVE ( ( 1.000000000000000000, 0.8660254037844387076, 1.000000000000000000, 0.8660254037844387076, 1.000000000000000000, 0.8660254037844387076, 1.000000000000000000 ) ) 
 REPRESENTATION_ITEM ( '' )  );
#3431 = ORIENTED_EDGE ( 'NONE', *, *, #4229, .T. ) ;
#3432 = CARTESIAN_POINT ( 'NONE',  ( -0.7603164687499980312, -1.316906753706353461, -6.572916665983866480 ) ) ;
#3433 = CARTESIAN_POINT ( 'NONE',  ( -0.7603164687499980312, -1.316906753706353461, -15.63541666598386826 ) ) ;
#3434 = CARTESIAN_POINT ( 'NONE',  ( -1.520632937499998061, 0.000000000000000000, -11.65624999931720041 ) ) ;
#3435 = CARTESIAN_POINT ( 'NONE',  ( -1.075163760468011222E-16, 1.755875671608470023, -5.281249999317200405 ) ) ;
#3436 = CARTESIAN_POINT ( 'NONE',  ( -1.249999999999998002, 0.000000000000000000, -6.999999999999997335 ) ) ;
#3437 = CARTESIAN_POINT ( 'NONE',  ( 3.225491281404033418E-16, -1.755875671608470023, -15.09374999931720041 ) ) ;
#3438 = CONICAL_SURFACE ( 'NONE', #3090, 1.750000000000001554, 0.7853981633974479459 ) ;
#3439 = CARTESIAN_POINT ( 'NONE',  ( 0.6249999999999995559, -1.082531754730546414, -17.83333333333332860 ) ) ;
#3440 = CARTESIAN_POINT ( 'NONE',  ( 1.249999999999998002, 1.530808498934189105E-16, -10.24999999999999645 ) ) ;
#3441 = CARTESIAN_POINT ( 'NONE',  ( -8.838126989374211143E-17, 1.443375672974062107, -11.99999999863440259 ) ) ;
#3442 = FACE_OUTER_BOUND ( 'NONE', #2819, .T. ) ;
#3443 = CARTESIAN_POINT ( 'NONE',  ( 1.249999999999998002, 1.530808498934189105E-16, -9.124999998634402587 ) ) ;
#3444 = CARTESIAN_POINT ( 'NONE',  ( 1.520632937499997617, 0.8779378358042356778, -7.927083332650533443 ) ) ;
#3445 = VECTOR ( 'NONE', #1667, 1000.000000000000000 ) ;
#3446 = DIRECTION ( 'NONE',  ( 1.000000000000000000, 0.000000000000000000, 0.000000000000000000 ) ) ;
#3447 = EDGE_CURVE ( 'NONE', #1239, #6671, #2710, .T. ) ;
#3448 = EDGE_LOOP ( 'NONE', ( #416, #5448, #3723, #2003 ) ) ;
#3449 = DIRECTION ( 'NONE',  ( -0.000000000000000000, -0.000000000000000000, 1.000000000000000000 ) ) ;
#3450 = CARTESIAN_POINT ( 'NONE',  ( 1.520632937499998061, 1.862238259587409655E-16, -9.468749999317200405 ) ) ;
#3451 = CARTESIAN_POINT ( 'NONE',  ( -0.7603164687499980312, -1.316906753706353461, -12.07291666598386648 ) ) ;
#3452 = DIRECTION ( 'NONE',  ( 1.000000000000000000, 0.000000000000000000, 0.000000000000000000 ) ) ;
#3453 = CARTESIAN_POINT ( 'NONE',  ( 0.6249999999999986677, 1.082531754730546858, -16.16666666666666430 ) ) ;
#3454 = CARTESIAN_POINT ( 'NONE',  ( -1.520632937499998061, 0.000000000000000000, -0.1562499993172006829 ) ) ;
#3455 = ADVANCED_FACE ( 'NONE', ( #6345 ), #4615, .F. ) ;
#3456 = ORIENTED_EDGE ( 'NONE', *, *, #2685, .T. ) ;
#3457 = CARTESIAN_POINT ( 'NONE',  ( -1.249999999999998002, 0.000000000000000000, -0.9999999999999974465 ) ) ;
#3458 = EDGE_LOOP ( 'NONE', ( #5475, #4306, #7072, #4086 ) ) ;
#3459 = CARTESIAN_POINT ( 'NONE',  ( 1.520632937499998283, -0.8779378358042346786, -13.94791666598386648 ) ) ;
#3460 = CARTESIAN_POINT ( 'NONE',  ( 0.6249999999999986677, 1.082531754730546858, -5.541666665301070438 ) ) ;
#3461 = CARTESIAN_POINT ( 'NONE',  ( -1.520632937499998061, 0.000000000000000000, -0.7187499993172007384 ) ) ;
#3462 = CYLINDRICAL_SURFACE ( 'NONE', #2081, 1.249999999999998002 ) ;
#3463 = CARTESIAN_POINT ( 'NONE',  ( 1.249999999999998002, 1.530808498934189105E-16, -17.62499999863440436 ) ) ;
#3464 = CARTESIAN_POINT ( 'NONE',  ( 1.249999999999998002, 1.530808498934189105E-16, -14.62499999863440259 ) ) ;
#3465 = ORIENTED_EDGE ( 'NONE', *, *, #6386, .T. ) ;
#3466 = CARTESIAN_POINT ( 'NONE',  ( 0.7603164687499996965, -1.316906753706352573, -6.489583332650533443 ) ) ;
#3467 = CARTESIAN_POINT ( 'NONE',  ( 3.225491281404032925E-16, -1.755875671608470467, -13.59374999931720041 ) ) ;
#3468 = CARTESIAN_POINT ( 'NONE',  ( 3.225491281404032925E-16, -1.755875671608470467, -11.03124999931720041 ) ) ;
#3469 = CARTESIAN_POINT ( 'NONE',  ( 1.520632937499998061, 1.862238259587409655E-16, -6.906249999317199517 ) ) ;
#3470 = CARTESIAN_POINT ( 'NONE',  ( -0.6249999999999982236, -1.082531754730547302, -8.916666666666664298 ) ) ;
#3471 = CARTESIAN_POINT ( 'NONE',  ( -1.520632937499998727, 0.8779378358042350117, -15.76041666598386826 ) ) ;
#3472 = CARTESIAN_POINT ( 'NONE',  ( 1.249999999999998002, 1.530808498934189105E-16, -17.24999999999999289 ) ) ;
#3473 = CARTESIAN_POINT ( 'NONE',  ( -1.075163760468011098E-16, 1.755875671608470467, -7.343749999317199517 ) ) ;
#3474 = CARTESIAN_POINT ( 'NONE',  ( -1.520632937499998283, 0.8779378358042350117, -4.697916665983867368 ) ) ;
#3475 = CARTESIAN_POINT ( 'NONE',  ( 2.048408142405988100E-08, 1.249999999999997780, -17.49999999999999645 ) ) ;
#3476 = CARTESIAN_POINT ( 'NONE',  ( 1.249999999999998002, 0.7216878364870314977, -13.08333333196773651 ) ) ;
#3477 = CARTESIAN_POINT ( 'NONE',  ( -1.249999999999998224, 0.7216878364870308316, -1.041666666666664076 ) ) ;
#3478 = CARTESIAN_POINT ( 'NONE',  ( -1.520632937499997617, -0.8779378358042360109, -7.177083332650533443 ) ) ;
#3479 = VECTOR ( 'NONE', #2888, 1000.000000000000114 ) ;
#3480 = CARTESIAN_POINT ( 'NONE',  ( -1.249999999999998002, 0.000000000000000000, -6.999999999999997335 ) ) ;
#3481 = ORIENTED_EDGE ( 'NONE', *, *, #3541, .F. ) ;
#3482 = FACE_BOUND ( 'NONE', #5910, .T. ) ;
#3483 = DIRECTION ( 'NONE',  ( 1.000000000000000000, 0.000000000000000000, 0.000000000000000000 ) ) ;
#3484 = CARTESIAN_POINT ( 'NONE',  ( 0.7603164687499986973, 1.316906753706353017, -9.885416665983866480 ) ) ;
#3485 = CARTESIAN_POINT ( 'NONE',  ( 1.520632937499998061, 1.862238259587409655E-16, -12.40624999931720041 ) ) ;
#3486 = CARTESIAN_POINT ( 'NONE',  ( -1.400848333549882474, 0.9470955091396072723, -0.2669810708990911774 ) ) ;
#3487 = DIRECTION ( 'NONE',  ( 0.000000000000000000, 0.000000000000000000, -1.000000000000000000 ) ) ;
#3488 = CARTESIAN_POINT ( 'NONE',  ( -0.7603164687499992525, 1.316906753706352795, -0.2395833326505339422 ) ) ;
#3489 = ADVANCED_FACE ( 'NONE', ( #5649 ), #6234, .F. ) ;
#3490 = CARTESIAN_POINT ( 'NONE',  ( -0.6249999999999982236, -1.082531754730547302, -16.29166666530107221 ) ) ;
#3491 = ORIENTED_EDGE ( 'NONE', *, *, #1170, .F. ) ;
#3492 = CARTESIAN_POINT ( 'NONE',  ( -1.520632937499998283, 0.8779378358042350117, -14.19791666598386826 ) ) ;
#3493 = CARTESIAN_POINT ( 'NONE',  ( -0.6249999999999982236, -1.082531754730547302, -6.291666665301070438 ) ) ;
#3494 = CARTESIAN_POINT ( 'NONE',  ( 1.520632937499998061, 1.862238259587409655E-16, -1.468749999317200627 ) ) ;
#3495 = CARTESIAN_POINT ( 'NONE',  ( 0.6249999999999986677, 1.082531754730546858, -0.5416666653010704380 ) ) ;
#3496 = EDGE_CURVE ( 'NONE', #3654, #6317, #5073, .T. ) ;
#3497 = CARTESIAN_POINT ( 'NONE',  ( -1.249999999999997780, -0.7216878364870316087, -17.33333333196773651 ) ) ;
#3498 = CARTESIAN_POINT ( 'NONE',  ( -1.200517956992220192, 0.8021828680214613261, -0.3154708091258507929 ) ) ;
#3499 = ORIENTED_EDGE ( 'NONE', *, *, #1433, .T. ) ;
#3500 = CARTESIAN_POINT ( 'NONE',  ( 1.249999999999998002, 0.7216878364870314977, -0.08333333196773712315 ) ) ;
#3501 = CARTESIAN_POINT ( 'NONE',  ( -0.7603164687499980312, -1.316906753706353461, -11.57291666598386648 ) ) ;
#3502 = CARTESIAN_POINT ( 'NONE',  ( -0.7603164687499992525, 1.316906753706352795, -5.239583332650533443 ) ) ;
#3503 = CARTESIAN_POINT ( 'NONE',  ( 0.6249999999999986677, 1.082531754730546858, -8.666666666666664298 ) ) ;
#3504 = CARTESIAN_POINT ( 'NONE',  ( -1.520632937499998727, 0.8779378358042350117, -16.26041666598386826 ) ) ;
#3505 = CARTESIAN_POINT ( 'NONE',  ( -1.520632937499997617, -0.8779378358042360109, -17.11458333265053611 ) ) ;
#3506 = CARTESIAN_POINT ( 'NONE',  ( -1.249999999999997780, -0.7216878364870316087, -17.45833333333332860 ) ) ;
#3507 = CARTESIAN_POINT ( 'NONE',  ( -1.520632937499997617, -0.8779378358042361219, -8.177083332650532554 ) ) ;
#3508 = CARTESIAN_POINT ( 'NONE',  ( 0.7603164687499986973, 1.316906753706353017, -3.322916665983867368 ) ) ;
#3509 = CARTESIAN_POINT ( 'NONE',  ( 1.750000000000001554, 2.143131898507870023E-16, -18.00000000000000355 ) ) ;
#3510 = CARTESIAN_POINT ( 'NONE',  ( -1.249999999999997780, -0.7216878364870316087, -0.4583333333333307058 ) ) ;
#3511 = APPLICATION_CONTEXT ( 'configuration controlled 3d designs of mechanical parts and assemblies' ) ;
#3512 = CARTESIAN_POINT ( 'NONE',  ( 3.225491281404033418E-16, -1.755875671608470023, -7.593749999317201294 ) ) ;
#3513 = CARTESIAN_POINT ( 'NONE',  ( -1.249999999999997558, -0.7216878364870317197, -1.333333331967736957 ) ) ;
#3514 = VERTEX_POINT ( 'NONE', #6270 ) ;
#3515 = PRODUCT_RELATED_PRODUCT_CATEGORY ( 'detail', '', ( #5735 ) ) ;
#3516 = DIRECTION ( 'NONE',  ( -1.000000000000000000, 0.000000000000000000, 0.000000000000000000 ) ) ;
#3517 = CARTESIAN_POINT ( 'NONE',  ( -0.7603164687499980312, -1.316906753706353461, -10.13541666598386648 ) ) ;
#3518 = CARTESIAN_POINT ( 'NONE',  ( -0.7603164687499992525, 1.316906753706352795, -14.23958333265053433 ) ) ;
#3519 = CARTESIAN_POINT ( 'NONE',  ( -1.520632937499998727, 0.8779378358042350117, -0.7604166659838674791 ) ) ;
#3520 = CARTESIAN_POINT ( 'NONE',  ( -0.4279954217978924613, -1.361674481803501147, -17.67437610428490302 ) ) ;
#3521 = CARTESIAN_POINT ( 'NONE',  ( 1.249999999999997780, 0.7216878364870316087, -15.70833333333332682 ) ) ;
#3522 = VERTEX_POINT ( 'NONE', #1340 ) ;
#3523 = CARTESIAN_POINT ( 'NONE',  ( 2.651438096812262973E-16, -1.443375672974062107, -16.24999999863440436 ) ) ;
#3524 = EDGE_CURVE ( 'NONE', #4159, #6268, #1659, .T. ) ;
#3525 = ORIENTED_EDGE ( 'NONE', *, *, #3203, .T. ) ;
#3526 = CARTESIAN_POINT ( 'NONE',  ( -1.075163760468011098E-16, 1.755875671608470467, -15.78124999931720218 ) ) ;
#3527 = CARTESIAN_POINT ( 'NONE',  ( 1.249999999999998002, 1.530808498934189105E-16, -7.124999998634403475 ) ) ;
#3528 = CARTESIAN_POINT ( 'NONE',  ( -1.520632937499997617, -0.8779378358042361219, -0.1770833326505339700 ) ) ;
#3529 = CARTESIAN_POINT ( 'NONE',  ( -1.249999999999998002, 0.000000000000000000, -12.87499999863440259 ) ) ;
#3530 = CARTESIAN_POINT ( 'NONE',  ( 1.249999999999998002, 1.530808498934189105E-16, -17.12499999863440436 ) ) ;
#3531 = CARTESIAN_POINT ( 'NONE',  ( 0.4946550220908047524, 1.390925272512989475, -0.2800240392568730252 ) ) ;
#3532 = EDGE_CURVE ( 'NONE', #3059, #4644, #2401, .T. ) ;
#3533 = VERTEX_POINT ( 'NONE', #1052 ) ;
#3534 = CARTESIAN_POINT ( 'NONE',  ( -1.520632937499997617, -0.8779378358042361219, -10.11458333265053433 ) ) ;
#3535 = CARTESIAN_POINT ( 'NONE',  ( -0.6249999999999991118, 1.082531754730546636, 0.04166666803226291849 ) ) ;
#3536 = CARTESIAN_POINT ( 'NONE',  ( -1.520632937499998061, 0.000000000000000000, -11.15624999931720041 ) ) ;
#3537 = CARTESIAN_POINT ( 'NONE',  ( 3.225491281404033418E-16, -1.755875671608470023, -6.531249999317199517 ) ) ;
#3538 = CARTESIAN_POINT ( 'NONE',  ( 2.651438096812262973E-16, -1.443375672974062107, -9.874999999999996447 ) ) ;
#3539 = DIRECTION ( 'NONE',  ( 1.000000000000000000, 0.000000000000000000, 0.000000000000000000 ) ) ;
#3540 = CARTESIAN_POINT ( 'NONE',  ( -8.838126989374211143E-17, 1.443375672974062107, -5.624999999999996447 ) ) ;
#3541 = EDGE_CURVE ( 'NONE', #106, #1241, #3430, .T. ) ;
#3542 = CARTESIAN_POINT ( 'NONE',  ( 0.6249999999999995559, -1.082531754730546414, -17.33333333333332860 ) ) ;
#3543 = CARTESIAN_POINT ( 'NONE',  ( -1.520632937499998283, 0.8779378358042350117, -10.76041666598386648 ) ) ;
#3544 = CARTESIAN_POINT ( 'NONE',  ( -1.520632937499998283, 0.8779378358042350117, -3.197916665983866924 ) ) ;
#3545 = CARTESIAN_POINT ( 'NONE',  ( 1.250000000000007105, -0.7216878364870256135, -8.291666666666664298 ) ) ;
#3546 = CARTESIAN_POINT ( 'NONE',  ( 1.249999999999998224, -0.7216878364870306095, -1.291666666666664076 ) ) ;
#3547 = CARTESIAN_POINT ( 'NONE',  ( 3.225491281404033418E-16, -1.755875671608470023, -8.593749999317200405 ) ) ;
#3548 = AXIS2_PLACEMENT_3D ( 'NONE', #1030, #3771, #3212 ) ;
#3549 = DIRECTION ( 'NONE',  ( -0.000000000000000000, -0.000000000000000000, 1.000000000000000000 ) ) ;
#3550 = ORIENTED_EDGE ( 'NONE', *, *, #6279, .F. ) ;
#3551 = DIRECTION ( 'NONE',  ( -0.000000000000000000, -0.000000000000000000, -1.000000000000000000 ) ) ;
#3552 = CARTESIAN_POINT ( 'NONE',  ( 2.651438096812262973E-16, -1.443375672974062107, -3.874999999999996891 ) ) ;
#3553 = CARTESIAN_POINT ( 'NONE',  ( 0.7603164687499996965, -1.316906753706352573, -10.55208333265053433 ) ) ;
#3554 = AXIS2_PLACEMENT_3D ( 'NONE', #2640, #1633, #4330 ) ;
#3555 = CARTESIAN_POINT ( 'NONE',  ( -0.7603164687499992525, 1.316906753706352795, -12.73958333265053255 ) ) ;
#3556 = CARTESIAN_POINT ( 'NONE',  ( 0.7603164687499986973, 1.316906753706353017, -1.385416665983867146 ) ) ;
#3557 = CARTESIAN_POINT ( 'NONE',  ( 1.250000000000015543, 0.7216878364870213947, -16.20833333333332860 ) ) ;
#3558 = CC_DESIGN_DATE_AND_TIME_ASSIGNMENT ( #5365, #3835, ( #291 ) ) ;
#3559 = ORIENTED_EDGE ( 'NONE', *, *, #2665, .F. ) ;
#3560 = DIRECTION ( 'NONE',  ( -0.000000000000000000, -0.000000000000000000, 1.000000000000000000 ) ) ;
#3561 = ORIENTED_EDGE ( 'NONE', *, *, #3194, .T. ) ;
#3562 = CARTESIAN_POINT ( 'NONE',  ( 0.7603164687499996965, -1.316906753706352573, -16.98958333265053611 ) ) ;
#3563 = CARTESIAN_POINT ( 'NONE',  ( -1.249999999999998224, 0.7216878364870308316, -6.416666665301070438 ) ) ;
#3564 = CARTESIAN_POINT ( 'NONE',  ( -1.520632937499998283, 0.8779378358042350117, -2.260416665983867368 ) ) ;
#3565 = DIRECTION ( 'NONE',  ( 1.000000000000000000, 0.000000000000000000, 0.000000000000000000 ) ) ;
#3566 = CARTESIAN_POINT ( 'NONE',  ( -0.6249999999999991118, 1.082531754730546636, -12.08333333333333215 ) ) ;
#3567 = CARTESIAN_POINT ( 'NONE',  ( 1.249999999999998002, 1.530808498934189105E-16, -6.124999998634403475 ) ) ;
#3568 = ORIENTED_EDGE ( 'NONE', *, *, #1541, .F. ) ;
#3569 = CARTESIAN_POINT ( 'NONE',  ( -0.7603164687499980312, -1.316906753706353461, -10.07291666598386648 ) ) ;
#3570 = CARTESIAN_POINT ( 'NONE',  ( 3.225491281404032925E-16, -1.755875671608470467, -17.59374999931720041 ) ) ;
#3571 = CARTESIAN_POINT ( 'NONE',  ( -0.7603164687499992525, 1.316906753706352795, -11.23958333265053255 ) ) ;
#3572 = CARTESIAN_POINT ( 'NONE',  ( 0.6249999999999995559, -1.082531754730546414, -5.333333333333330373 ) ) ;
#3573 = CARTESIAN_POINT ( 'NONE',  ( 1.520632937499998727, -0.8779378358042346786, -7.447916665983865592 ) ) ;
#3574 = CARTESIAN_POINT ( 'NONE',  ( -1.249999999999998002, 0.000000000000000000, -9.999999999999996447 ) ) ;
#3575 = CARTESIAN_POINT ( 'NONE',  ( -1.075163760468011222E-16, 1.755875671608470023, -16.34374999931720396 ) ) ;
#3576 = ADVANCED_FACE ( 'NONE', ( #3163, #419 ), #4294, .F. ) ;
#3577 = CARTESIAN_POINT ( 'NONE',  ( 1.520632937499998727, -0.8779378358042346786, -17.44791666598386826 ) ) ;
#3578 = CARTESIAN_POINT ( 'NONE',  ( -1.520632937499998283, 0.8779378358042350117, -1.697916665983867146 ) ) ;
#3579 = CARTESIAN_POINT ( 'NONE',  ( -1.075163760468011098E-16, 1.755875671608470467, -10.84374999931720041 ) ) ;
#3580 = CARTESIAN_POINT ( 'NONE',  ( -1.520632937499998061, 0.000000000000000000, -4.156249999317200405 ) ) ;
#3581 = CARTESIAN_POINT ( 'NONE',  ( 1.249999999999998002, 1.530808498934189105E-16, -8.249999999999996447 ) ) ;
#3582 = CARTESIAN_POINT ( 'NONE',  ( -0.6249999999999991118, 1.082531754730546636, -2.083333333333330817 ) ) ;
#3583 = CARTESIAN_POINT ( 'NONE',  ( -1.520632937499998061, 0.000000000000000000, -10.71874999931720041 ) ) ;
#3584 = VECTOR ( 'NONE', #2457, 1000.000000000000000 ) ;
#3585 = CARTESIAN_POINT ( 'NONE',  ( 1.249999999999998002, -0.7216878364870306095, -8.791666666666664298 ) ) ;
#3586 = ORIENTED_EDGE ( 'NONE', *, *, #3702, .F. ) ;
#3587 = CARTESIAN_POINT ( 'NONE',  ( -1.249999999999998002, 0.7216878364870310536, -7.916666665301068662 ) ) ;
#3588 = DIRECTION ( 'NONE',  ( 0.000000000000000000, 0.000000000000000000, 1.000000000000000000 ) ) ;
#3589 = CARTESIAN_POINT ( 'NONE',  ( -1.520632937499998283, 0.8779378358042350117, -10.76041666598386648 ) ) ;
#3590 = CARTESIAN_POINT ( 'NONE',  ( -1.520632937499998727, 0.8779378358042350117, -13.19791666598386648 ) ) ;
#3591 = CARTESIAN_POINT ( 'NONE',  ( 0.7603164687499996965, -1.316906753706352573, -2.552083332650533887 ) ) ;
#3592 = CARTESIAN_POINT ( 'NONE',  ( 0.7603164687499996965, -1.316906753706352573, -1.052083332650533887 ) ) ;
#3593 = VECTOR ( 'NONE', #2102, 1000.000000000000000 ) ;
#3594 = CARTESIAN_POINT ( 'NONE',  ( -1.249999999999980460, 0.7216878364870411566, -15.41666666530107044 ) ) ;
#3595 = B_SPLINE_CURVE_WITH_KNOTS ( 'NONE', 3,
 ( #4583, #808, #6238, #674, #3981, #2847, #741, #2394, #3520, #2463, #6822, #178, #1235, #6714, #2919, #2358, #6274, #6678, #6787, #1817, #1781, #5685 ),
 .UNSPECIFIED., .F., .F.,
 ( 4, 2, 2, 2, 2, 2, 2, 2, 2, 2, 4 ),
 ( 0.0009690740817121748941, 0.002071321740785518097, 0.002346883655553853518, 0.002622445570322188939, 0.002898007485090524360, 0.003173569399858859781, 0.003724693229395531491, 0.004275817058932202333, 0.004551378973700538622, 0.004826940888468874910, 0.005378064718005545752 ),
 .UNSPECIFIED. ) ;
#3596 = ORIENTED_EDGE ( 'NONE', *, *, #91, .T. ) ;
#3597 = DIRECTION ( 'NONE',  ( -0.000000000000000000, -0.000000000000000000, 1.000000000000000000 ) ) ;
#3598 = ORIENTED_EDGE ( 'NONE', *, *, #3532, .T. ) ;
#3599 = CARTESIAN_POINT ( 'NONE',  ( 1.520632937499997617, 0.8779378358042356778, -15.86458333265053255 ) ) ;
#3600 = CARTESIAN_POINT ( 'NONE',  ( -1.249999999999998002, 0.000000000000000000, -8.374999998634402587 ) ) ;
#3601 = CARTESIAN_POINT ( 'NONE',  ( -1.520632937499998283, 0.8779378358042350117, -3.760416665983866924 ) ) ;
#3602 = CARTESIAN_POINT ( 'NONE',  ( 1.249999999999998002, -0.7216878364870306095, -0.6666666653010704380 ) ) ;
#3603 = CARTESIAN_POINT ( 'NONE',  ( 1.520632937499997617, 0.8779378358042356778, -17.42708333265053255 ) ) ;
#3604 = CARTESIAN_POINT ( 'NONE',  ( -1.249999999999998002, 1.530808498934189105E-16, 0.000000000000000000 ) ) ;
#3605 = VERTEX_POINT ( 'NONE', #5903 ) ;
#3606 = CARTESIAN_POINT ( 'NONE',  ( -0.7603164687499980312, -1.316906753706353461, -9.072916665983866480 ) ) ;
#3607 = CARTESIAN_POINT ( 'NONE',  ( 0.7603164687499986973, 1.316906753706353017, -16.38541666598386826 ) ) ;
#3608 = CARTESIAN_POINT ( 'NONE',  ( -0.7603164687499992525, 1.316906753706352795, -14.73958333265053255 ) ) ;
#3609 = CARTESIAN_POINT ( 'NONE',  ( 0.000000000000000000, 0.000000000000000000, 0.000000000000000000 ) ) ;
#3610 = CARTESIAN_POINT ( 'NONE',  ( -1.520632937499997617, -0.8779378358042360109, -8.114583332650534331 ) ) ;
#3611 = CARTESIAN_POINT ( 'NONE',  ( -1.249999999999997780, -0.7216878364870316087, -9.958333333333332149 ) ) ;
#3612 = CARTESIAN_POINT ( 'NONE',  ( 1.520632937499998061, 1.862238259587409655E-16, -17.40624999931720041 ) ) ;
#3613 = CARTESIAN_POINT ( 'NONE',  ( 1.520632937499997617, 0.8779378358042356778, -0.8645833326505339977 ) ) ;
#3614 = CARTESIAN_POINT ( 'NONE',  ( -1.520632937499998283, 0.8779378358042350117, -8.260416665983866480 ) ) ;
#3615 = CARTESIAN_POINT ( 'NONE',  ( -1.520632937499997617, -0.8779378358042361219, -6.114583332650533443 ) ) ;
#3616 = CARTESIAN_POINT ( 'NONE',  ( 1.520632937499998727, -0.8779378358042346786, -1.447916665983867368 ) ) ;
#3617 =( BOUNDED_CURVE ( )  B_SPLINE_CURVE ( 2, ( #6055, #2774, #69, #3941, #3413, #2286, #5048 ),
 .UNSPECIFIED., .F., .T. ) 
 B_SPLINE_CURVE_WITH_KNOTS ( ( 3, 2, 2, 3 ),
 ( 0.3648648648648649129, 0.3693693693693694269, 0.3738738738738738854, 0.3783783783783783994 ),
 .UNSPECIFIED. ) 
 CURVE ( )  GEOMETRIC_REPRESENTATION_ITEM ( )  RATIONAL_B_SPLINE_CURVE ( ( 0.9999999999999983347, 0.8660254037844403729, 1.000000000000000000, 0.8660254037844387076, 1.000000000000000000, 0.8660254037844387076, 1.000000000000000000 ) ) 
 REPRESENTATION_ITEM ( '' )  );
#3618 = CARTESIAN_POINT ( 'NONE',  ( 0.6249999999999995559, -1.082531754730546414, -0.8333333333333307058 ) ) ;
#3619 = CARTESIAN_POINT ( 'NONE',  ( 3.225491281404033418E-16, -1.755875671608470023, -10.59374999931720041 ) ) ;
#3620 = VERTEX_POINT ( 'NONE', #529 ) ;
#3621 = EDGE_CURVE ( 'NONE', #6763, #2477, #6591, .T. ) ;
#3622 = LINE ( 'NONE', #3761, #5742 ) ;
#3623 = CARTESIAN_POINT ( 'NONE',  ( 2.651438096812262973E-16, -1.443375672974062107, -13.24999999863440259 ) ) ;
#3624 = CARTESIAN_POINT ( 'NONE',  ( -0.7603164687499980312, -1.316906753706353461, -12.13541666598386648 ) ) ;
#3625 = CARTESIAN_POINT ( 'NONE',  ( -1.520632937499998727, 0.8779378358042350117, -14.69791666598386648 ) ) ;
#3626 = CARTESIAN_POINT ( 'NONE',  ( -1.520632937499997617, -0.8779378358042360109, -0.6770833326505339977 ) ) ;
#3627 = CARTESIAN_POINT ( 'NONE',  ( 0.7603164687499986973, 1.316906753706353017, 0.1145833340161326735 ) ) ;
#3628 = ORIENTED_EDGE ( 'NONE', *, *, #5447, .F. ) ;
#3629 = ORIENTED_EDGE ( 'NONE', *, *, #5495, .T. ) ;
#3630 = EDGE_CURVE ( 'NONE', #5920, #810, #3118, .T. ) ;
#3631 = ORIENTED_EDGE ( 'NONE', *, *, #1632, .T. ) ;
#3632 = CARTESIAN_POINT ( 'NONE',  ( -0.7603164687499980312, -1.316906753706353461, -15.57291666598386648 ) ) ;
#3633 = CARTESIAN_POINT ( 'NONE',  ( -1.249999999999998002, 0.000000000000000000, -5.874999998634404363 ) ) ;
#3634 = CARTESIAN_POINT ( 'NONE',  ( 0.7603164687499986973, 1.316906753706353017, -4.385416665983866480 ) ) ;
#3635 = CARTESIAN_POINT ( 'NONE',  ( -0.6249999999999982236, -1.082531754730547302, -10.41666666666666430 ) ) ;
#3636 = CARTESIAN_POINT ( 'NONE',  ( -1.520632937499998283, 0.8779378358042350117, -16.76041666598386826 ) ) ;
#3637 = CARTESIAN_POINT ( 'NONE',  ( -0.6249999999999982236, -1.082531754730547302, -11.41666666666666430 ) ) ;
#3638 = DIRECTION ( 'NONE',  ( -0.000000000000000000, -0.000000000000000000, 1.000000000000000000 ) ) ;
#3639 = VERTEX_POINT ( 'NONE', #6965 ) ;
#3640 = CARTESIAN_POINT ( 'NONE',  ( -1.520632937499998061, 0.000000000000000000, -8.656249999317200405 ) ) ;
#3641 = CARTESIAN_POINT ( 'NONE',  ( -8.838126989374211143E-17, 1.443375672974062107, 1.365596221172826752E-09 ) ) ;
#3642 = CARTESIAN_POINT ( 'NONE',  ( 1.520632937499997617, 0.8779378358042356778, -13.86458333265053433 ) ) ;
#3643 = CARTESIAN_POINT ( 'NONE',  ( -1.249999999999998002, 0.000000000000000000, -8.874999998634402587 ) ) ;
#3644 = CARTESIAN_POINT ( 'NONE',  ( 0.6249999999999995559, -1.082531754730546414, -13.33333333333333037 ) ) ;
#3645 = CARTESIAN_POINT ( 'NONE',  ( -0.7603164687499992525, 1.316906753706352795, -16.80208333265053611 ) ) ;
#3646 = CARTESIAN_POINT ( 'NONE',  ( -1.249999999999998002, 0.7216878364870310536, -14.04166666666666430 ) ) ;
#3647 = CARTESIAN_POINT ( 'NONE',  ( -1.075163760468011098E-16, 1.755875671608470467, -0.2812499993172006829 ) ) ;
#3648 = CARTESIAN_POINT ( 'NONE',  ( -1.520632937499998283, 0.8779378358042350117, -10.26041666598386826 ) ) ;
#3649 = CARTESIAN_POINT ( 'NONE',  ( 0.7603164687499986973, 1.316906753706353017, -6.322916665983866480 ) ) ;
#3650 = CARTESIAN_POINT ( 'NONE',  ( -1.750000000000001554, 0.000000000000000000, -18.00000000000000355 ) ) ;
#3651 = CARTESIAN_POINT ( 'NONE',  ( -0.6249999999999991118, 1.082531754730546636, -3.583333333333330373 ) ) ;
#3652 = CARTESIAN_POINT ( 'NONE',  ( 0.7603164687499996965, -1.316906753706352573, -9.552083332650532554 ) ) ;
#3653 = CARTESIAN_POINT ( 'NONE',  ( -1.249999999999998002, 0.7216878364870310536, -3.541666666666663854 ) ) ;
#3654 = VERTEX_POINT ( 'NONE', #4223 ) ;
#3655 =( BOUNDED_CURVE ( )  B_SPLINE_CURVE ( 2, ( #6503, #4203, #6944, #4738, #3178, #509, #5847 ),
 .UNSPECIFIED., .F., .T. ) 
 B_SPLINE_CURVE_WITH_KNOTS ( ( 3, 2, 2, 3 ),
 ( 0.3378378378378377733, 0.3423423423423422873, 0.3468468468468468013, 0.3513513513513513153 ),
 .UNSPECIFIED. ) 
 CURVE ( )  GEOMETRIC_REPRESENTATION_ITEM ( )  RATIONAL_B_SPLINE_CURVE ( ( 1.000000000000001554, 0.8660254037844369313, 1.000000000000000000, 0.8660254037844387076, 1.000000000000000000, 0.8660254037844403729, 0.9999999999999983347 ) ) 
 REPRESENTATION_ITEM ( '' )  );
#3656 = CARTESIAN_POINT ( 'NONE',  ( 1.249999999999997780, 0.7216878364870316087, -12.58333333196773829 ) ) ;
#3657 = CARTESIAN_POINT ( 'NONE',  ( 2.651438096812262973E-16, -1.443375672974062107, -11.87499999999999645 ) ) ;
#3658 = CARTESIAN_POINT ( 'NONE',  ( 1.520632937499998061, 1.862238259587409655E-16, -10.96874999931720041 ) ) ;
#3659 = CARTESIAN_POINT ( 'NONE',  ( -1.520632937499997617, -0.8779378358042360109, -15.11458333265053255 ) ) ;
#3660 = CARTESIAN_POINT ( 'NONE',  ( 1.520632937499998727, -0.8779378358042346786, -1.510416665983867812 ) ) ;
#3661 = CARTESIAN_POINT ( 'NONE',  ( -1.520632937499998283, 0.8779378358042350117, -1.260416665983867146 ) ) ;
#3662 = AXIS2_PLACEMENT_3D ( 'NONE', #6257, #1360, #3539 ) ;
#3663 = EDGE_CURVE ( 'NONE', #2512, #6543, #2669, .T. ) ;
#3664 = ORIENTED_EDGE ( 'NONE', *, *, #7018, .F. ) ;
#3665 = CARTESIAN_POINT ( 'NONE',  ( 1.249999999999998002, 1.530808498934189105E-16, -2.624999998634403919 ) ) ;
#3666 = CARTESIAN_POINT ( 'NONE',  ( 0.6249999999999986677, 1.082531754730546858, -10.04166666530106866 ) ) ;
#3667 = CARTESIAN_POINT ( 'NONE',  ( 1.520632937499997617, 0.8779378358042356778, -2.427083332650533887 ) ) ;
#3668 = DIRECTION ( 'NONE',  ( -0.000000000000000000, -0.000000000000000000, 1.000000000000000000 ) ) ;
#3669 = CARTESIAN_POINT ( 'NONE',  ( -1.520632937499997617, -0.8779378358042361219, -15.67708333265053433 ) ) ;
#3670 = CARTESIAN_POINT ( 'NONE',  ( 1.249999999999998002, 1.530808498934189105E-16, -15.74999999999999645 ) ) ;
#3671 = ORIENTED_EDGE ( 'NONE', *, *, #6426, .T. ) ;
#3672 = CARTESIAN_POINT ( 'NONE',  ( 1.520632937499997617, 0.8779378358042356778, -9.864583332650532554 ) ) ;
#3673 = CARTESIAN_POINT ( 'NONE',  ( -8.838126989374211143E-17, 1.443375672974062107, -2.499999998634403031 ) ) ;
#3674 = CARTESIAN_POINT ( 'NONE',  ( 0.7603164687499986973, 1.316906753706353017, -14.32291666598386648 ) ) ;
#3675 = CARTESIAN_POINT ( 'NONE',  ( -0.6249999999999982236, -1.082531754730547302, -5.416666666666663410 ) ) ;
#3676 = CARTESIAN_POINT ( 'NONE',  ( 0.6249999999999995559, -1.082531754730546414, -10.83333333333333037 ) ) ;
#3677 = CARTESIAN_POINT ( 'NONE',  ( 0.7603164687499986973, 1.316906753706353017, -16.38541666598386826 ) ) ;
#3678 = CARTESIAN_POINT ( 'NONE',  ( -0.7491496619449964367, -1.064379541052659084, -0.4513164047418353753 ) ) ;
#3679 = CARTESIAN_POINT ( 'NONE',  ( 0.7603164687499986973, 1.316906753706353017, -1.822916665983867146 ) ) ;
#3680 = CARTESIAN_POINT ( 'NONE',  ( -1.075163760468011098E-16, 1.755875671608470467, -9.343749999317200405 ) ) ;
#3681 = CARTESIAN_POINT ( 'NONE',  ( 0.7603164687499996965, -1.316906753706352573, -7.989583332650533443 ) ) ;
#3682 = CARTESIAN_POINT ( 'NONE',  ( -1.075163760468011222E-16, 1.755875671608470023, -0.7812499993172004054 ) ) ;
#3683 = CARTESIAN_POINT ( 'NONE',  ( 1.249999999999998002, 1.530808498934189105E-16, -4.249999999999996447 ) ) ;
#3684 = CARTESIAN_POINT ( 'NONE',  ( -0.7603164687499980312, -1.316906753706353461, -10.63541666598386648 ) ) ;
#3685 = CARTESIAN_POINT ( 'NONE',  ( 1.249999999999998002, 1.530808498934189105E-16, -7.249999999999997335 ) ) ;
#3686 = EDGE_LOOP ( 'NONE', ( #735, #5587, #4828, #3283 ) ) ;
#3687 = CARTESIAN_POINT ( 'NONE',  ( -0.7603164687499992525, 1.316906753706352795, -2.802083332650534331 ) ) ;
#3688 = DIRECTION ( 'NONE',  ( -0.000000000000000000, -0.000000000000000000, 1.000000000000000000 ) ) ;
#3689 = CARTESIAN_POINT ( 'NONE',  ( 1.249999999999998002, 1.530808498934189105E-16, -11.74999999999999645 ) ) ;
#3690 = CARTESIAN_POINT ( 'NONE',  ( -1.520632937499997617, -0.8779378358042361219, -10.67708333265053433 ) ) ;
#3691 = CARTESIAN_POINT ( 'NONE',  ( 1.520632937499998727, -0.8779378358042346786, -14.94791666598386826 ) ) ;
#3692 = DIRECTION ( 'NONE',  ( -0.000000000000000000, -0.000000000000000000, 1.000000000000000000 ) ) ;
#3693 = CARTESIAN_POINT ( 'NONE',  ( -1.520632937499998061, 0.000000000000000000, -1.718749999317200627 ) ) ;
#3694 = AXIS2_PLACEMENT_3D ( 'NONE', #5147, #2450, #2941 ) ;
#3695 = APPROVAL_ROLE ( '' ) ;
#3696 = CARTESIAN_POINT ( 'NONE',  ( 1.249999999999998002, 1.530808498934189105E-16, -13.62499999863440259 ) ) ;
#3697 = ORIENTED_EDGE ( 'NONE', *, *, #1669, .T. ) ;
#3698 = CARTESIAN_POINT ( 'NONE',  ( -1.249999999999998002, 0.7216878364870310536, -5.041666666666663410 ) ) ;
#3699 = CARTESIAN_POINT ( 'NONE',  ( -1.249999999999998224, 0.7216878364870308316, -8.916666665301068662 ) ) ;
#3700 = CARTESIAN_POINT ( 'NONE',  ( 3.225491281404032925E-16, -1.755875671608470467, -2.593749999317199961 ) ) ;
#3701 = CARTESIAN_POINT ( 'NONE',  ( 1.249999999999997780, 0.7216878364870316087, -4.708333333333330373 ) ) ;
#3702 = EDGE_CURVE ( 'NONE', #4435, #4359, #4867, .T. ) ;
#3703 = CARTESIAN_POINT ( 'NONE',  ( -1.520632937499998283, 0.8779378358042350117, -17.26041666598386826 ) ) ;
#3704 = AXIS2_PLACEMENT_3D ( 'NONE', #4362, #1662, #4939 ) ;
#3705 = CARTESIAN_POINT ( 'NONE',  ( 0.6249999999999986677, 1.082531754730546858, -12.16666666666666430 ) ) ;
#3706 = DIRECTION ( 'NONE',  ( 1.000000000000000000, 0.000000000000000000, 0.000000000000000000 ) ) ;
#3707 = ORIENTED_EDGE ( 'NONE', *, *, #3398, .F. ) ;
#3708 = CARTESIAN_POINT ( 'NONE',  ( -8.838126989374211143E-17, 1.443375672974062107, -2.999999998634403475 ) ) ;
#3709 = CARTESIAN_POINT ( 'NONE',  ( -0.7603164687499980312, -1.316906753706353461, -15.07291666598386648 ) ) ;
#3710 = CARTESIAN_POINT ( 'NONE',  ( -0.6249999999999982236, -1.082531754730547302, -10.29166666530106866 ) ) ;
#3711 = EDGE_CURVE ( 'NONE', #3946, #1928, #3795, .T. ) ;
#3712 = EDGE_CURVE ( 'NONE', #2528, #1313, #4645, .T. ) ;
#3713 = CARTESIAN_POINT ( 'NONE',  ( -0.6249999999999991118, 1.082531754730546636, -12.08333333333333215 ) ) ;
#3714 = CARTESIAN_POINT ( 'NONE',  ( -1.183509282804820151, 0.6634405216279458672, -17.59651603041176671 ) ) ;
#3715 = CARTESIAN_POINT ( 'NONE',  ( -1.099232270298733161, -0.6742810828913473609, -0.4721250404365144870 ) ) ;
#3716 = CARTESIAN_POINT ( 'NONE',  ( -0.7603164687499992525, 1.316906753706352795, -2.239583332650534331 ) ) ;
#3717 = CARTESIAN_POINT ( 'NONE',  ( 3.225491281404032925E-16, -1.755875671608470467, -12.59374999931720041 ) ) ;
#3718 = CARTESIAN_POINT ( 'NONE',  ( 3.225491281404032925E-16, -1.755875671608470467, -6.531249999317199517 ) ) ;
#3719 = ADVANCED_FACE ( 'NONE', ( #3442 ), #6153, .F. ) ;
#3720 = CARTESIAN_POINT ( 'NONE',  ( 1.520632937499997617, 0.8779378358042356778, -0.3645833326505339422 ) ) ;
#3721 = CARTESIAN_POINT ( 'NONE',  ( -0.6249999999999991118, 1.082531754730546636, -4.083333333333331261 ) ) ;
#3722 = CARTESIAN_POINT ( 'NONE',  ( -1.075163760468011222E-16, 1.755875671608470023, -13.34374999931720041 ) ) ;
#3723 = ORIENTED_EDGE ( 'NONE', *, *, #624, .T. ) ;
#3724 = CARTESIAN_POINT ( 'NONE',  ( 0.7603164687499996965, -1.316906753706352573, -3.052083332650533443 ) ) ;
#3725 = CARTESIAN_POINT ( 'NONE',  ( 1.249999999999998002, 1.530808498934189105E-16, -12.62499999863440259 ) ) ;
#3726 = CARTESIAN_POINT ( 'NONE',  ( 3.225491281404032925E-16, -1.755875671608470467, -14.59374999931720041 ) ) ;
#3727 = CARTESIAN_POINT ( 'NONE',  ( 1.520632937499997617, 0.8779378358042356778, -15.86458333265053433 ) ) ;
#3728 = CARTESIAN_POINT ( 'NONE',  ( -1.249999999999997558, -0.7216878364870317197, -2.458333333333331261 ) ) ;
#3729 = CARTESIAN_POINT ( 'NONE',  ( -0.7603164687499980312, -1.316906753706353461, -3.635416665983866924 ) ) ;
#3730 = APPROVAL_STATUS ( 'not_yet_approved' ) ;
#3731 = CYLINDRICAL_SURFACE ( 'NONE', #5483, 1.249999999999998002 ) ;
#3732 = ORIENTED_EDGE ( 'NONE', *, *, #742, .F. ) ;
#3733 = CARTESIAN_POINT ( 'NONE',  ( -0.7603164687499980312, -1.316906753706353461, -2.572916665983867368 ) ) ;
#3734 = CARTESIAN_POINT ( 'NONE',  ( 1.249999999999998002, 1.530808498934189105E-16, -5.249999999999997335 ) ) ;
#3735 = CARTESIAN_POINT ( 'NONE',  ( 1.249999999999998002, 1.530808498934189105E-16, -15.12499999863440259 ) ) ;
#3736 = CARTESIAN_POINT ( 'NONE',  ( -1.249999999999998002, 0.000000000000000000, -9.374999998634402587 ) ) ;
#3737 = CARTESIAN_POINT ( 'NONE',  ( -1.520632937499997617, -0.8779378358042361219, -5.177083332650533443 ) ) ;
#3738 = CARTESIAN_POINT ( 'NONE',  ( 1.249999999999998002, 0.000000000000000000, 0.000000000000000000 ) ) ;
#3739 = CARTESIAN_POINT ( 'NONE',  ( -1.520632937499997617, -0.8779378358042361219, -17.67708333265053611 ) ) ;
#3740 = EDGE_CURVE ( 'NONE', #1034, #5612, #3843, .T. ) ;
#3741 = ORIENTED_EDGE ( 'NONE', *, *, #142, .F. ) ;
#3742 = DIRECTION ( 'NONE',  ( -0.000000000000000000, -0.000000000000000000, 1.000000000000000000 ) ) ;
#3743 = ORIENTED_EDGE ( 'NONE', *, *, #1309, .T. ) ;
#3744 = CARTESIAN_POINT ( 'NONE',  ( -0.7603164687499980312, -1.316906753706353461, -11.57291666598386648 ) ) ;
#3745 = CARTESIAN_POINT ( 'NONE',  ( 1.249999999999998002, 1.530808498934189105E-16, -1.124999998634403919 ) ) ;
#3746 = CARTESIAN_POINT ( 'NONE',  ( 0.7603164687499996965, -1.316906753706352573, -13.48958333265053255 ) ) ;
#3747 = CARTESIAN_POINT ( 'NONE',  ( -0.6249999999999982236, -1.082531754730547302, -17.41666666666666430 ) ) ;
#3748 = CARTESIAN_POINT ( 'NONE',  ( -0.6249999999999982236, -1.082531754730547302, -11.41666666666666430 ) ) ;
#3749 = CARTESIAN_POINT ( 'NONE',  ( -1.249999999999998002, 0.7216878364870310536, -14.54166666666666430 ) ) ;
#3750 =( BOUNDED_CURVE ( )  B_SPLINE_CURVE ( 2, ( #2930, #5593, #1794, #1754, #1283, #719, #3852 ),
 .UNSPECIFIED., .F., .T. ) 
 B_SPLINE_CURVE_WITH_KNOTS ( ( 3, 2, 2, 3 ),
 ( 0.2027027027027027140, 0.2072072072072072002, 0.2117117117117117142, 0.2162162162162162282 ),
 .UNSPECIFIED. ) 
 CURVE ( )  GEOMETRIC_REPRESENTATION_ITEM ( )  RATIONAL_B_SPLINE_CURVE ( ( 1.000000000000000000, 0.8660254037844387076, 1.000000000000000000, 0.8660254037844387076, 1.000000000000000000, 0.8660254037844387076, 1.000000000000000000 ) ) 
 REPRESENTATION_ITEM ( '' )  );
#3751 = EDGE_CURVE ( 'NONE', #6561, #462, #3161, .T. ) ;
#3752 = CARTESIAN_POINT ( 'NONE',  ( 1.249999999999980016, 0.7216878364870418228, -16.70833333333332860 ) ) ;
#3753 = CARTESIAN_POINT ( 'NONE',  ( 1.520632937499998283, -0.8779378358042346786, -3.947916665983866924 ) ) ;
#3754 = CARTESIAN_POINT ( 'NONE',  ( -1.520632937499997617, -0.8779378358042361219, -12.17708333265053433 ) ) ;
#3755 = CARTESIAN_POINT ( 'NONE',  ( -1.520632937499997617, -0.8779378358042361219, -7.114583332650534331 ) ) ;
#3756 = CARTESIAN_POINT ( 'NONE',  ( -8.838126989374211143E-17, 1.443375672974062107, -3.124999999999997335 ) ) ;
#3757 = CARTESIAN_POINT ( 'NONE',  ( -0.7603164687499992525, 1.316906753706352795, -11.80208333265053433 ) ) ;
#3758 = ADVANCED_FACE ( 'NONE', ( #167 ), #3337, .F. ) ;
#3759 = ORIENTED_EDGE ( 'NONE', *, *, #6480, .T. ) ;
#3760 = CARTESIAN_POINT ( 'NONE',  ( -0.7603164687499992525, 1.316906753706352795, -3.302083332650533887 ) ) ;
#3761 = CARTESIAN_POINT ( 'NONE',  ( -1.249999999999998002, 1.530808498934189105E-16, 0.000000000000000000 ) ) ;
#3762 = CARTESIAN_POINT ( 'NONE',  ( 0.6249999999999995559, -1.082531754730546414, -11.83333333333333037 ) ) ;
#3763 = CARTESIAN_POINT ( 'NONE',  ( -1.520632937499998283, 0.8779378358042350117, -14.26041666598386826 ) ) ;
#3764 = FACE_OUTER_BOUND ( 'NONE', #1338, .T. ) ;
#3765 = CARTESIAN_POINT ( 'NONE',  ( -1.520632937499997617, -0.8779378358042360109, -3.177083332650533887 ) ) ;
#3766 = CYLINDRICAL_SURFACE ( 'NONE', #6296, 1.249999999999998002 ) ;
#3767 = ORIENTED_EDGE ( 'NONE', *, *, #5404, .F. ) ;
#3768 = CARTESIAN_POINT ( 'NONE',  ( 2.651438096812262973E-16, -1.443375672974062107, -10.24999999863440259 ) ) ;
#3769 = CARTESIAN_POINT ( 'NONE',  ( 0.7603164687499986973, 1.316906753706353017, -5.385416665983866480 ) ) ;
#3770 = CARTESIAN_POINT ( 'NONE',  ( 0.7603164687499986973, 1.316906753706353017, -8.322916665983866480 ) ) ;
#3771 = DIRECTION ( 'NONE',  ( 0.000000000000000000, 0.000000000000000000, 1.000000000000000000 ) ) ;
#3772 = CARTESIAN_POINT ( 'NONE',  ( 0.6249999999999995559, -1.082531754730546414, -10.70833333196773651 ) ) ;
#3773 = CC_DESIGN_PERSON_AND_ORGANIZATION_ASSIGNMENT ( #1056, #459, ( #825 ) ) ;
#3774 = VECTOR ( 'NONE', #6713, 1000.000000000000000 ) ;
#3775 = EDGE_LOOP ( 'NONE', ( #885, #4238, #6064, #2817 ) ) ;
#3776 = DIRECTION ( 'NONE',  ( 0.7071067811865487940, 0.000000000000000000, 0.7071067811865463515 ) ) ;
#3777 = VERTEX_POINT ( 'NONE', #1191 ) ;
#3778 = CARTESIAN_POINT ( 'NONE',  ( 0.6249999999999995559, -1.082531754730546414, -0.7083333319677370676 ) ) ;
#3779 = CARTESIAN_POINT ( 'NONE',  ( -1.520632937499997617, -0.8779378358042361219, -16.61458333265053611 ) ) ;
#3780 = CARTESIAN_POINT ( 'NONE',  ( -1.249999999999998002, 0.000000000000000000, -3.374999998634403919 ) ) ;
#3781 = CARTESIAN_POINT ( 'NONE',  ( -8.838126989374211143E-17, 1.443375672974062107, -13.12499999999999822 ) ) ;
#3782 = CARTESIAN_POINT ( 'NONE',  ( 1.249999999999998002, 1.530808498934189105E-16, -9.249999999999998224 ) ) ;
#3783 = CARTESIAN_POINT ( 'NONE',  ( 0.6249999999999986677, 1.082531754730546858, -14.04166666530106866 ) ) ;
#3784 = CARTESIAN_POINT ( 'NONE',  ( -1.250000000000033529, 0.7216878364870102924, -16.54166666666666075 ) ) ;
#3785 = CARTESIAN_POINT ( 'NONE',  ( 1.520632937499998061, 1.862238259587409655E-16, -2.406249999317200849 ) ) ;
#3786 = CARTESIAN_POINT ( 'NONE',  ( 0.7603164687499996965, -1.316906753706352573, -12.05208333265053433 ) ) ;
#3787 = CARTESIAN_POINT ( 'NONE',  ( -0.7603164687499980312, -1.316906753706353461, -10.07291666598386648 ) ) ;
#3788 = CARTESIAN_POINT ( 'NONE',  ( 0.7603164687499996965, -1.316906753706352573, -3.489583332650533887 ) ) ;
#3789 = CARTESIAN_POINT ( 'NONE',  ( -1.249999999999997780, -0.7216878364870316087, -3.458333333333330373 ) ) ;
#3790 = EDGE_CURVE ( 'NONE', #3059, #1239, #5004, .T. ) ;
#3791 = CARTESIAN_POINT ( 'NONE',  ( 3.225491281404033418E-16, -1.755875671608470023, -11.59374999931720041 ) ) ;
#3792 = ORIENTED_EDGE ( 'NONE', *, *, #3320, .T. ) ;
#3793 = CARTESIAN_POINT ( 'NONE',  ( 1.520632937499998283, -0.8779378358042346786, -4.010416665983867368 ) ) ;
#3794 = CARTESIAN_POINT ( 'NONE',  ( 0.6249999999999995559, -1.082531754730546414, -8.208333331967736513 ) ) ;
#3795 = LINE ( 'NONE', #6998, #3593 ) ;
#3796 = CARTESIAN_POINT ( 'NONE',  ( -1.520632937499998061, 0.000000000000000000, -14.21874999931719863 ) ) ;
#3797 = CARTESIAN_POINT ( 'NONE',  ( -1.249999999999998002, 0.000000000000000000, -13.87499999863440259 ) ) ;
#3798 = EDGE_CURVE ( 'NONE', #3349, #4159, #3831, .T. ) ;
#3799 = CARTESIAN_POINT ( 'NONE',  ( -1.520632937499997617, -0.8779378358042360109, -3.677083332650533443 ) ) ;
#3800 = APPROVAL_STATUS ( 'not_yet_approved' ) ;
#3801 = CARTESIAN_POINT ( 'NONE',  ( 0.000000000000000000, 0.000000000000000000, 0.000000000000000000 ) ) ;
#3802 = ORIENTED_EDGE ( 'NONE', *, *, #6202, .F. ) ;
#3803 = CARTESIAN_POINT ( 'NONE',  ( -1.249999999999998002, 1.530808498934189105E-16, -0.4999999999999973910 ) ) ;
#3804 = CARTESIAN_POINT ( 'NONE',  ( 1.249999999999998002, 1.530808498934189105E-16, -1.249999999999997335 ) ) ;
#3805 = CARTESIAN_POINT ( 'NONE',  ( -1.520632937499998061, 0.000000000000000000, -7.218749999317200405 ) ) ;
#3806 = CARTESIAN_POINT ( 'NONE',  ( -0.7603164687499992525, 1.316906753706352795, -7.239583332650533443 ) ) ;
#3807 = CARTESIAN_POINT ( 'NONE',  ( -1.249999999999998002, 0.000000000000000000, -10.87499999863440259 ) ) ;
#3808 = CARTESIAN_POINT ( 'NONE',  ( 2.651438096812262973E-16, -1.443375672974062107, -10.74999999863440259 ) ) ;
#3809 = CONICAL_SURFACE ( 'NONE', #2453, 4.650000000000001243, 0.7853981633974482790 ) ;
#3810 = VERTEX_POINT ( 'NONE', #1262 ) ;
#3811 = CYLINDRICAL_SURFACE ( 'NONE', #2792, 1.249999999999998002 ) ;
#3812 = ORIENTED_EDGE ( 'NONE', *, *, #2323, .T. ) ;
#3813 = CARTESIAN_POINT ( 'NONE',  ( -1.520632937499998283, 0.8779378358042350117, -11.19791666598386826 ) ) ;
#3814 = CARTESIAN_POINT ( 'NONE',  ( 1.249999999999998002, 1.530808498934189105E-16, -2.124999998634403919 ) ) ;
#3815 = CARTESIAN_POINT ( 'NONE',  ( -0.7603164687499992525, 1.316906753706352795, -16.73958333265053611 ) ) ;
#3816 = CARTESIAN_POINT ( 'NONE',  ( 1.249999999999998002, 1.530808498934189105E-16, -12.24999999999999645 ) ) ;
#3817 = AXIS2_PLACEMENT_3D ( 'NONE', #3422, #5519, #6029 ) ;
#3818 = FACE_OUTER_BOUND ( 'NONE', #778, .T. ) ;
#3819 = CARTESIAN_POINT ( 'NONE',  ( -0.6249999999999982236, -1.082531754730547302, -15.29166666530106866 ) ) ;
#3820 = CARTESIAN_POINT ( 'NONE',  ( 0.000000000000000000, 0.000000000000000000, 0.000000000000000000 ) ) ;
#3821 = CARTESIAN_POINT ( 'NONE',  ( 1.520632937499998283, -0.8779378358042346786, -3.447916665983867368 ) ) ;
#3822 = CARTESIAN_POINT ( 'NONE',  ( 1.520632937499998061, 1.862238259587409655E-16, -12.46874999931720041 ) ) ;
#3823 = CARTESIAN_POINT ( 'NONE',  ( -1.520632937499998283, 0.8779378358042350117, -10.19791666598386648 ) ) ;
#3824 = CARTESIAN_POINT ( 'NONE',  ( 0.7603164687499986973, 1.316906753706353017, -3.322916665983867368 ) ) ;
#3825 = CARTESIAN_POINT ( 'NONE',  ( -1.249999999999998002, 0.000000000000000000, -5.999999999999996447 ) ) ;
#3826 = CARTESIAN_POINT ( 'NONE',  ( -1.520632937499997617, -0.8779378358042360109, -12.67708333265053255 ) ) ;
#3827 = ORIENTED_EDGE ( 'NONE', *, *, #1186, .T. ) ;
#3828 = CARTESIAN_POINT ( 'NONE',  ( -1.520632937499998283, 0.8779378358042350117, -4.760416665983866480 ) ) ;
#3829 =( BOUNDED_CURVE ( )  B_SPLINE_CURVE ( 2, ( #6434, #5422, #5455, #550, #4890, #13, #581 ),
 .UNSPECIFIED., .F., .T. ) 
 B_SPLINE_CURVE_WITH_KNOTS ( ( 3, 2, 2, 3 ),
 ( 0.1081081081081081141, 0.1126126126126126142, 0.1171171171171171144, 0.1216216216216216284 ),
 .UNSPECIFIED. ) 
 CURVE ( )  GEOMETRIC_REPRESENTATION_ITEM ( )  RATIONAL_B_SPLINE_CURVE ( ( 1.000000000000000000, 0.8660254037844387076, 1.000000000000000000, 0.8660254037844387076, 1.000000000000000000, 0.8660254037844387076, 1.000000000000000000 ) ) 
 REPRESENTATION_ITEM ( '' )  );
#3830 = CARTESIAN_POINT ( 'NONE',  ( 2.651438096812262973E-16, -1.443375672974062107, -8.249999998634404363 ) ) ;
#3831 = LINE ( 'NONE', #661, #4271 ) ;
#3832 = CARTESIAN_POINT ( 'NONE',  ( -1.520632937499998283, 0.8779378358042350117, -13.76041666598386648 ) ) ;
#3833 = CARTESIAN_POINT ( 'NONE',  ( -1.249999999999998002, 0.000000000000000000, -8.499999999999996447 ) ) ;
#3834 = CARTESIAN_POINT ( 'NONE',  ( -1.075163760468011222E-16, 1.755875671608470023, -4.843749999317200405 ) ) ;
#3835 = DATE_TIME_ROLE ( 'creation_date' ) ;
#3836 = CYLINDRICAL_SURFACE ( 'NONE', #3220, 1.249999999999998002 ) ;
#3837 = EDGE_CURVE ( 'NONE', #5612, #1455, #4567, .T. ) ;
#3838 = ORIENTED_EDGE ( 'NONE', *, *, #501, .T. ) ;
#3839 = CARTESIAN_POINT ( 'NONE',  ( -1.249999999999979794, -0.7216878364870419338, -17.33333333196773651 ) ) ;
#3840 = CARTESIAN_POINT ( 'NONE',  ( 3.225491281404032925E-16, -1.755875671608470467, -5.593749999317201294 ) ) ;
#3841 = CARTESIAN_POINT ( 'NONE',  ( 1.520632937499997617, 0.8779378358042356778, -10.36458333265053255 ) ) ;
#3842 = DIRECTION ( 'NONE',  ( 0.000000000000000000, 0.000000000000000000, -1.000000000000000000 ) ) ;
#3843 =( BOUNDED_CURVE ( )  B_SPLINE_CURVE ( 2, ( #4971, #2345, #6048, #4503, #6631, #60, #5041 ),
 .UNSPECIFIED., .F., .T. ) 
 B_SPLINE_CURVE_WITH_KNOTS ( ( 3, 2, 2, 3 ),
 ( 0.9324324324324323454, 0.9369369369369368039, 0.9414414414414413734, 0.9459459459459458319 ),
 .UNSPECIFIED. ) 
 CURVE ( )  GEOMETRIC_REPRESENTATION_ITEM ( )  RATIONAL_B_SPLINE_CURVE ( ( 1.000000000000003331, 0.8660254037844353769, 1.000000000000000000, 0.8660254037844387076, 1.000000000000000000, 0.8660254037844420383, 0.9999999999999966693 ) ) 
 REPRESENTATION_ITEM ( '' )  );
#3844 = ADVANCED_FACE ( 'NONE', ( #3899 ), #629, .F. ) ;
#3845 = ORIENTED_EDGE ( 'NONE', *, *, #3185, .F. ) ;
#3846 = CARTESIAN_POINT ( 'NONE',  ( -1.249999999999998002, 0.000000000000000000, -17.37499999863440436 ) ) ;
#3847 = VERTEX_POINT ( 'NONE', #5468 ) ;
#3848 = CARTESIAN_POINT ( 'NONE',  ( -0.6249999999999982236, -1.082531754730547302, -4.291666665301070438 ) ) ;
#3849 = CARTESIAN_POINT ( 'NONE',  ( -0.7603164687499980312, -1.316906753706353461, -17.07291666598386826 ) ) ;
#3850 = CARTESIAN_POINT ( 'NONE',  ( 1.249999999999998002, 1.530808498934189105E-16, -12.74999999999999822 ) ) ;
#3851 = CARTESIAN_POINT ( 'NONE',  ( -0.6249999999999991118, 1.082531754730546636, -14.45833333196773651 ) ) ;
#3852 = CARTESIAN_POINT ( 'NONE',  ( -1.249999999999998002, 0.000000000000000000, -3.499999999999997335 ) ) ;
#3853 = CARTESIAN_POINT ( 'NONE',  ( 0.7603164687499996965, -1.316906753706352573, -4.489583332650534331 ) ) ;
#3854 = CARTESIAN_POINT ( 'NONE',  ( -1.520632937499998283, 0.8779378358042350117, -12.76041666598386648 ) ) ;
#3855 = CARTESIAN_POINT ( 'NONE',  ( -0.7603164687499980312, -1.316906753706353461, -8.572916665983866480 ) ) ;
#3856 = CARTESIAN_POINT ( 'NONE',  ( -0.7603164687499992525, 1.316906753706352795, -4.239583332650533443 ) ) ;
#3857 = CARTESIAN_POINT ( 'NONE',  ( -1.249999999999998002, 0.000000000000000000, -7.999999999999996447 ) ) ;
#3858 = CARTESIAN_POINT ( 'NONE',  ( -0.7603164687499980312, -1.316906753706353461, -13.13541666598386826 ) ) ;
#3859 = ORIENTED_EDGE ( 'NONE', *, *, #1983, .T. ) ;
#3860 = CARTESIAN_POINT ( 'NONE',  ( -1.520632937499998061, 0.000000000000000000, -5.218749999317200405 ) ) ;
#3861 = CARTESIAN_POINT ( 'NONE',  ( -0.7603164687499980312, -1.316906753706353461, -2.072916665983867812 ) ) ;
#3862 = CARTESIAN_POINT ( 'NONE',  ( -0.6249999999999991118, 1.082531754730546636, -7.458333331967737401 ) ) ;
#3863 = CYLINDRICAL_SURFACE ( 'NONE', #5993, 1.249999999999998002 ) ;
#3864 = CARTESIAN_POINT ( 'NONE',  ( 0.7603164687499986973, 1.316906753706353017, -12.88541666598386648 ) ) ;
#3865 = CARTESIAN_POINT ( 'NONE',  ( -0.6249999999999982236, -1.082531754730547302, 0.08333333333333597936 ) ) ;
#3866 = CARTESIAN_POINT ( 'NONE',  ( -0.7603164687499980312, -1.316906753706353461, -3.135416665983867368 ) ) ;
#3867 = DIRECTION ( 'NONE',  ( -0.000000000000000000, -0.000000000000000000, 1.000000000000000000 ) ) ;
#3868 = VERTEX_POINT ( 'NONE', #595 ) ;
#3869 = CARTESIAN_POINT ( 'NONE',  ( 1.249999999999998002, 1.530808498934189105E-16, -14.74999999999999822 ) ) ;
#3870 = LINE ( 'NONE', #1164, #294 ) ;
#3871 = CARTESIAN_POINT ( 'NONE',  ( -1.520632937499998061, 0.000000000000000000, -6.718749999317200405 ) ) ;
#3872 = CARTESIAN_POINT ( 'NONE',  ( -1.520632937499998061, 0.000000000000000000, -11.15624999931720041 ) ) ;
#3873 = FACE_OUTER_BOUND ( 'NONE', #284, .T. ) ;
#3874 = CARTESIAN_POINT ( 'NONE',  ( 1.249999999999998002, -0.7216878364870306095, -10.66666666530106689 ) ) ;
#3875 = EDGE_CURVE ( 'NONE', #1301, #1954, #2769, .T. ) ;
#3876 = ORIENTED_EDGE ( 'NONE', *, *, #1573, .T. ) ;
#3877 = CARTESIAN_POINT ( 'NONE',  ( 2.651438096812262973E-16, -1.443375672974062107, -15.74999999863440436 ) ) ;
#3878 = ORIENTED_EDGE ( 'NONE', *, *, #2151, .T. ) ;
#3879 = CARTESIAN_POINT ( 'NONE',  ( -1.520632937499998283, 0.8779378358042350117, -13.19791666598386648 ) ) ;
#3880 = CARTESIAN_POINT ( 'NONE',  ( 2.651438096812262973E-16, -1.443375672974062107, -4.749999998634403475 ) ) ;
#3881 = CARTESIAN_POINT ( 'NONE',  ( -0.7603164687499992525, 1.316906753706352795, -17.23958333265053611 ) ) ;
#3882 =( BOUNDED_CURVE ( )  B_SPLINE_CURVE ( 2, ( #433, #5958, #4773, #470, #2651, #4273, #2190 ),
 .UNSPECIFIED., .F., .T. ) 
 B_SPLINE_CURVE_WITH_KNOTS ( ( 3, 2, 2, 3 ),
 ( 0.3243243243243243423, 0.3288288288288288563, 0.3333333333333333148, 0.3378378378378378288 ),
 .UNSPECIFIED. ) 
 CURVE ( )  GEOMETRIC_REPRESENTATION_ITEM ( )  RATIONAL_B_SPLINE_CURVE ( ( 1.000000000000000000, 0.8660254037844387076, 1.000000000000000000, 0.8660254037844387076, 1.000000000000000000, 0.8660254037844387076, 1.000000000000000000 ) ) 
 REPRESENTATION_ITEM ( '' )  );
#3883 = CARTESIAN_POINT ( 'NONE',  ( -0.6249999999999982236, -1.082531754730547302, -12.41666666666666430 ) ) ;
#3884 = VECTOR ( 'NONE', #5880, 1000.000000000000000 ) ;
#3885 = CARTESIAN_POINT ( 'NONE',  ( -1.249999999999997780, -0.7216878364870316087, -15.83333333196773829 ) ) ;
#3886 = CARTESIAN_POINT ( 'NONE',  ( -1.249999999999998002, 0.000000000000000000, -3.499999999999997335 ) ) ;
#3887 = CARTESIAN_POINT ( 'NONE',  ( 0.7603164687499986973, 1.316906753706353017, -2.822916665983867368 ) ) ;
#3888 = CARTESIAN_POINT ( 'NONE',  ( 0.7603164687499996965, -1.316906753706352573, -14.55208333265053255 ) ) ;
#3889 = CARTESIAN_POINT ( 'NONE',  ( -1.520632937499998061, 0.000000000000000000, -9.656249999317200405 ) ) ;
#3890 = CIRCLE ( 'NONE', #2547, 2.250000000000000444 ) ;
#3891 = CARTESIAN_POINT ( 'NONE',  ( 1.520632937499998727, -0.8779378358042346786, -2.947916665983867368 ) ) ;
#3892 = CARTESIAN_POINT ( 'NONE',  ( 2.651438096812262973E-16, -1.443375672974062107, -7.374999999999998224 ) ) ;
#3893 = CARTESIAN_POINT ( 'NONE',  ( -1.520632937499998727, 0.8779378358042350117, -14.26041666598386648 ) ) ;
#3894 = APPROVAL_PERSON_ORGANIZATION ( #1519, #4292, #3239 ) ;
#3895 = CARTESIAN_POINT ( 'NONE',  ( -1.520632937499998283, 0.8779378358042350117, -6.260416665983867368 ) ) ;
#3896 = CARTESIAN_POINT ( 'NONE',  ( 1.520632937499997617, 0.8779378358042356778, -0.8645833326505339977 ) ) ;
#3897 = CARTESIAN_POINT ( 'NONE',  ( 0.6249999999999995559, -1.082531754730546414, -15.20833333196773474 ) ) ;
#3898 = CARTESIAN_POINT ( 'NONE',  ( -1.249999999999998002, 0.000000000000000000, -9.874999998634402587 ) ) ;
#3899 = FACE_OUTER_BOUND ( 'NONE', #6206, .T. ) ;
#3900 = CARTESIAN_POINT ( 'NONE',  ( -1.520632937499998061, 0.000000000000000000, -5.718749999317200405 ) ) ;
#3901 = DIRECTION ( 'NONE',  ( 1.000000000000000000, 0.000000000000000000, 0.000000000000000000 ) ) ;
#3902 = EDGE_LOOP ( 'NONE', ( #4009, #3456, #3802, #6897 ) ) ;
#3903 = CARTESIAN_POINT ( 'NONE',  ( 0.000000000000000000, 0.000000000000000000, 0.000000000000000000 ) ) ;
#3904 = CARTESIAN_POINT ( 'NONE',  ( 2.651438096812262973E-16, -1.443375672974062107, -4.374999999999997335 ) ) ;
#3905 = CARTESIAN_POINT ( 'NONE',  ( -0.7603164687499992525, 1.316906753706352795, -8.802083332650534331 ) ) ;
#3906 = CARTESIAN_POINT ( 'NONE',  ( 1.520632937499998727, -0.8779378358042346786, -10.44791666598386470 ) ) ;
#3907 = CARTESIAN_POINT ( 'NONE',  ( 1.249999999999989120, -0.7216878364870357165, -7.666666665301072214 ) ) ;
#3908 = CARTESIAN_POINT ( 'NONE',  ( -1.249999999999998002, 0.7216878364870310536, -12.54166666666666607 ) ) ;
#3909 = CARTESIAN_POINT ( 'NONE',  ( 0.6249999999999995559, -1.082531754730546414, -13.83333333333333037 ) ) ;
#3910 = ORIENTED_EDGE ( 'NONE', *, *, #3275, .T. ) ;
#3911 = ADVANCED_FACE ( 'NONE', ( #1730 ), #6598, .T. ) ;
#3912 = VERTEX_POINT ( 'NONE', #2279 ) ;
#3913 = CARTESIAN_POINT ( 'NONE',  ( 1.520632937499997617, 0.8779378358042356778, -12.36458333265053433 ) ) ;
#3914 = CARTESIAN_POINT ( 'NONE',  ( 1.249999999999998002, 1.530808498934189105E-16, -3.624999998634403919 ) ) ;
#3915 = CARTESIAN_POINT ( 'NONE',  ( -1.520632937499998283, 0.8779378358042350117, -17.69791666598387181 ) ) ;
#3916 = CYLINDRICAL_SURFACE ( 'NONE', #6877, 1.249999999999998002 ) ;
#3917 = CARTESIAN_POINT ( 'NONE',  ( 1.249999999999998002, 1.530808498934189105E-16, -14.62499999863440259 ) ) ;
#3918 = FACE_OUTER_BOUND ( 'NONE', #3948, .T. ) ;
#3919 =( BOUNDED_CURVE ( )  B_SPLINE_CURVE ( 2, ( #4346, #3255, #1175, #615, #1612, #4417, #5454 ),
 .UNSPECIFIED., .F., .T. ) 
 B_SPLINE_CURVE_WITH_KNOTS ( ( 3, 2, 2, 3 ),
 ( 0.6081081081081081141, 0.6126126126126125726, 0.6171171171171172531, 0.6216216216216217116 ),
 .UNSPECIFIED. ) 
 CURVE ( )  GEOMETRIC_REPRESENTATION_ITEM ( )  RATIONAL_B_SPLINE_CURVE ( ( 1.000000000000000000, 0.8660254037844387076, 1.000000000000000000, 0.8660254037844387076, 1.000000000000000000, 0.8660254037844353769, 1.000000000000003331 ) ) 
 REPRESENTATION_ITEM ( '' )  );
#3920 = ADVANCED_FACE ( 'NONE', ( #2909 ), #3863, .F. ) ;
#3921 = CARTESIAN_POINT ( 'NONE',  ( 1.520632937499998061, 1.862238259587409655E-16, -5.906249999317199517 ) ) ;
#3922 = AXIS2_PLACEMENT_3D ( 'NONE', #2687, #396, #1606 ) ;
#3923 = CARTESIAN_POINT ( 'NONE',  ( -1.075163760468011098E-16, 1.755875671608470467, -14.84374999931720041 ) ) ;
#3924 = CARTESIAN_POINT ( 'NONE',  ( -1.520632937499998061, 0.000000000000000000, -8.156249999317198629 ) ) ;
#3925 = CARTESIAN_POINT ( 'NONE',  ( -1.520632937499998061, 0.000000000000000000, -2.156249999317200849 ) ) ;
#3926 = CARTESIAN_POINT ( 'NONE',  ( -1.249999999999998224, 0.7216878364870308316, -6.041666666666663410 ) ) ;
#3927 = CARTESIAN_POINT ( 'NONE',  ( -1.520632937499998727, 0.8779378358042350117, -15.26041666598386648 ) ) ;
#3928 = VECTOR ( 'NONE', #987, 1000.000000000000000 ) ;
#3929 = EDGE_CURVE ( 'NONE', #1784, #4359, #743, .T. ) ;
#3930 = CARTESIAN_POINT ( 'NONE',  ( 2.651438096812262973E-16, -1.443375672974062107, -15.87499999999999645 ) ) ;
#3931 = CARTESIAN_POINT ( 'NONE',  ( -0.7603164687499980312, -1.316906753706353461, -6.635416665983866480 ) ) ;
#3932 = CARTESIAN_POINT ( 'NONE',  ( 1.520632937499997617, 0.8779378358042356778, -2.864583332650533887 ) ) ;
#3933 = CARTESIAN_POINT ( 'NONE',  ( 0.6249999999999986677, 1.082531754730546858, -10.16666666666666430 ) ) ;
#3934 = CARTESIAN_POINT ( 'NONE',  ( 1.249999999999998002, 0.7216878364870314977, -12.58333333196773651 ) ) ;
#3935 = CARTESIAN_POINT ( 'NONE',  ( 0.6249999999999986677, 1.082531754730546858, -10.54166666530106866 ) ) ;
#3936 = CARTESIAN_POINT ( 'NONE',  ( 1.249999999999998002, 1.530808498934189105E-16, -8.749999999999998224 ) ) ;
#3937 = CARTESIAN_POINT ( 'NONE',  ( -1.520632937499997617, -0.8779378358042360109, -5.677083332650533443 ) ) ;
#3938 = CARTESIAN_POINT ( 'NONE',  ( 0.000000000000000000, 0.000000000000000000, -1.750000000000003331 ) ) ;
#3939 = ORIENTED_EDGE ( 'NONE', *, *, #3532, .F. ) ;
#3940 = CARTESIAN_POINT ( 'NONE',  ( 1.250000000000000444, 0.7216878364870301654, -1.083333331967737401 ) ) ;
#3941 = CARTESIAN_POINT ( 'NONE',  ( 2.651438096812262973E-16, -1.443375672974062107, -6.749999998634403475 ) ) ;
#3942 = CARTESIAN_POINT ( 'NONE',  ( -1.520632937499998061, 0.000000000000000000, -9.218749999317200405 ) ) ;
#3943 = CARTESIAN_POINT ( 'NONE',  ( -0.7603164687499980312, -1.316906753706353461, -10.07291666598386648 ) ) ;
#3944 = CARTESIAN_POINT ( 'NONE',  ( -0.1937358467757754610, 1.508241012664735647, -17.77063293750047634 ) ) ;
#3945 = CARTESIAN_POINT ( 'NONE',  ( 0.6249999999999986677, 1.082531754730546858, -14.16666666666666430 ) ) ;
#3946 = VERTEX_POINT ( 'NONE', #5209 ) ;
#3947 = CARTESIAN_POINT ( 'NONE',  ( 0.6249999999999995559, -1.082531754730546414, -12.20833333196773651 ) ) ;
#3948 = EDGE_LOOP ( 'NONE', ( #2650, #5238, #573, #4732 ) ) ;
#3949 = CARTESIAN_POINT ( 'NONE',  ( -1.520632937499998061, 0.000000000000000000, -13.15624999931720041 ) ) ;
#3950 = CARTESIAN_POINT ( 'NONE',  ( -0.6249999999999991118, 1.082531754730546636, -3.458333331967737401 ) ) ;
#3951 = CARTESIAN_POINT ( 'NONE',  ( -1.520632937499997617, -0.8779378358042361219, -1.177083332650533887 ) ) ;
#3952 = CARTESIAN_POINT ( 'NONE',  ( 0.000000000000000000, 0.000000000000000000, 0.000000000000000000 ) ) ;
#3953 = CARTESIAN_POINT ( 'NONE',  ( 1.520632937499998061, 1.862238259587409655E-16, -15.46874999931720041 ) ) ;
#3954 = EDGE_CURVE ( 'NONE', #5577, #5221, #4887, .T. ) ;
#3955 = CARTESIAN_POINT ( 'NONE',  ( 2.651438096812262973E-16, -1.443375672974062107, -17.24999999863440436 ) ) ;
#3956 = CARTESIAN_POINT ( 'NONE',  ( -1.250000000000015321, -0.7216878364870213947, -9.333333331967736513 ) ) ;
#3957 = CARTESIAN_POINT ( 'NONE',  ( -0.7603164687499980312, -1.316906753706353461, -7.072916665983866480 ) ) ;
#3958 = CARTESIAN_POINT ( 'NONE',  ( 0.7603164687499986973, 1.316906753706353017, -14.38541666598386648 ) ) ;
#3959 = CARTESIAN_POINT ( 'NONE',  ( 1.520632937499997617, 0.8779378358042356778, -10.86458333265053433 ) ) ;
#3960 = CARTESIAN_POINT ( 'NONE',  ( 1.520632937499998061, 1.862238259587409655E-16, -6.406249999317200405 ) ) ;
#3961 = CARTESIAN_POINT ( 'NONE',  ( 0.6249999999999995559, -1.082531754730546414, -6.333333333333329485 ) ) ;
#3962 = CARTESIAN_POINT ( 'NONE',  ( -0.7603164687499992525, 1.316906753706352795, -14.30208333265053433 ) ) ;
#3963 = ADVANCED_FACE ( 'NONE', ( #2553 ), #3071, .F. ) ;
#3964 = CARTESIAN_POINT ( 'NONE',  ( -1.249999999999998002, 0.000000000000000000, -16.99999999999999289 ) ) ;
#3965 = CARTESIAN_POINT ( 'NONE',  ( 1.520632937499997617, 0.8779378358042356778, -5.927083332650533443 ) ) ;
#3966 = CARTESIAN_POINT ( 'NONE',  ( 1.520632937499998283, -0.8779378358042346786, -1.447916665983867368 ) ) ;
#3967 = CARTESIAN_POINT ( 'NONE',  ( -1.249999999999998002, 0.000000000000000000, -6.874999998634404363 ) ) ;
#3968 = CARTESIAN_POINT ( 'NONE',  ( 1.249999999999998002, 1.530808498934189105E-16, -11.62499999863440259 ) ) ;
#3969 = DIRECTION ( 'NONE',  ( -0.000000000000000000, -0.000000000000000000, 1.000000000000000000 ) ) ;
#3970 = CARTESIAN_POINT ( 'NONE',  ( -8.838126989374211143E-17, 1.443375672974062107, -8.999999998634402587 ) ) ;
#3971 = CARTESIAN_POINT ( 'NONE',  ( -1.520632937499997617, -0.8779378358042360109, -6.677083332650533443 ) ) ;
#3972 = EDGE_CURVE ( 'NONE', #4122, #5957, #438, .T. ) ;
#3973 =( BOUNDED_CURVE ( )  B_SPLINE_CURVE ( 2, ( #6261, #1362, #5710, #3006, #5247, #6952, #2557 ),
 .UNSPECIFIED., .F., .T. ) 
 B_SPLINE_CURVE_WITH_KNOTS ( ( 3, 2, 2, 3 ),
 ( 0.7702702702702701743, 0.7747747747747746327, 0.7792792792792793133, 0.7837837837837837718 ),
 .UNSPECIFIED. ) 
 CURVE ( )  GEOMETRIC_REPRESENTATION_ITEM ( )  RATIONAL_B_SPLINE_CURVE ( ( 1.000000000000003331, 0.8660254037844353769, 1.000000000000000000, 0.8660254037844387076, 1.000000000000000000, 0.8660254037844387076, 1.000000000000000000 ) ) 
 REPRESENTATION_ITEM ( '' )  );
#3974 = CARTESIAN_POINT ( 'NONE',  ( -1.249999999999998002, 0.000000000000000000, -8.499999999999996447 ) ) ;
#3975 = ORIENTED_EDGE ( 'NONE', *, *, #3798, .T. ) ;
#3976 = CARTESIAN_POINT ( 'NONE',  ( 1.249999999999998002, -0.7216878364870306095, -2.791666666666664298 ) ) ;
#3977 = CARTESIAN_POINT ( 'NONE',  ( 1.249999999999997780, 0.7216878364870316087, -3.583333331967736957 ) ) ;
#3978 = CARTESIAN_POINT ( 'NONE',  ( -1.520632937499997617, -0.8779378358042361219, -9.177083332650532554 ) ) ;
#3979 = CARTESIAN_POINT ( 'NONE',  ( 0.7603164687499996965, -1.316906753706352573, -11.98958333265053433 ) ) ;
#3980 = CARTESIAN_POINT ( 'NONE',  ( 2.500000000000000000, 0.000000000000000000, 0.000000000000000000 ) ) ;
#3981 = CARTESIAN_POINT ( 'NONE',  ( -0.9202661831703744522, -1.115030654096261564, -17.69282130974238143 ) ) ;
#3982 = CARTESIAN_POINT ( 'NONE',  ( -0.7603164687499992525, 1.316906753706352795, 0.2604166673494660023 ) ) ;
#3983 = ORIENTED_EDGE ( 'NONE', *, *, #3233, .T. ) ;
#3984 = ORIENTED_EDGE ( 'NONE', *, *, #3621, .F. ) ;
#3985 = CARTESIAN_POINT ( 'NONE',  ( -1.075163760468011098E-16, 1.755875671608470467, -13.28124999931720218 ) ) ;
#3986 = CARTESIAN_POINT ( 'NONE',  ( -1.249999999999998224, 0.7216878364870308316, -5.416666665301069550 ) ) ;
#3987 = CARTESIAN_POINT ( 'NONE',  ( -0.7603164687499980312, -1.316906753706353461, -0.6354166659838673681 ) ) ;
#3988 = CARTESIAN_POINT ( 'NONE',  ( -1.249999999999980460, 0.7216878364870411566, -13.04166666666666430 ) ) ;
#3989 = CARTESIAN_POINT ( 'NONE',  ( -1.249999999999998002, 0.000000000000000000, -17.37499999863440436 ) ) ;
#3990 = CARTESIAN_POINT ( 'NONE',  ( -1.505371808998420047, 0.2148958987107434659, -0.2293670624999990248 ) ) ;
#3991 = ORIENTED_EDGE ( 'NONE', *, *, #6297, .T. ) ;
#3992 = CARTESIAN_POINT ( 'NONE',  ( 0.7603164687499986973, 1.316906753706353017, -6.322916665983866480 ) ) ;
#3993 = CARTESIAN_POINT ( 'NONE',  ( 3.225491281404032925E-16, -1.755875671608470467, -14.59374999931720041 ) ) ;
#3994 = CARTESIAN_POINT ( 'NONE',  ( 1.520632937499998283, -0.8779378358042346786, -12.44791666598386648 ) ) ;
#3995 = CARTESIAN_POINT ( 'NONE',  ( 1.520632937499998061, 1.862238259587409655E-16, -4.406249999317200405 ) ) ;
#3996 = CARTESIAN_POINT ( 'NONE',  ( -0.6249999999999991118, 1.082531754730546636, -10.58333333333333037 ) ) ;
#3997 = CARTESIAN_POINT ( 'NONE',  ( -1.520632937499998727, 0.8779378358042350117, -14.76041666598386826 ) ) ;
#3998 = AXIS2_PLACEMENT_3D ( 'NONE', #2090, #477, #7027 ) ;
#3999 = CARTESIAN_POINT ( 'NONE',  ( 1.249999999999998224, -0.7216878364870306095, -15.79166666666666430 ) ) ;
#4000 = CARTESIAN_POINT ( 'NONE',  ( 0.7603164687499996965, -1.316906753706352573, -7.552083332650533443 ) ) ;
#4001 = CARTESIAN_POINT ( 'NONE',  ( 1.520632937499997617, 0.8779378358042356778, -4.864583332650533443 ) ) ;
#4002 = EDGE_CURVE ( 'NONE', #2258, #6561, #4538, .T. ) ;
#4003 = CARTESIAN_POINT ( 'NONE',  ( -1.249999999999998002, 1.530808498934189105E-16, 0.000000000000000000 ) ) ;
#4004 = CARTESIAN_POINT ( 'NONE',  ( -8.838126989374211143E-17, 1.443375672974062107, -12.99999999863440081 ) ) ;
#4005 = CARTESIAN_POINT ( 'NONE',  ( 2.651438096812262973E-16, -1.443375672974062107, -14.74999999863440259 ) ) ;
#4006 = CARTESIAN_POINT ( 'NONE',  ( 0.6249999999999986677, 1.082531754730546858, -9.041666665301070438 ) ) ;
#4007 = CARTESIAN_POINT ( 'NONE',  ( -1.520632937499998727, 0.8779378358042350117, -7.260416665983866480 ) ) ;
#4008 = FACE_OUTER_BOUND ( 'NONE', #170, .T. ) ;
#4009 = ORIENTED_EDGE ( 'NONE', *, *, #665, .T. ) ;
#4010 = CARTESIAN_POINT ( 'NONE',  ( 0.000000000000000000, 0.000000000000000000, -2.000000000000000000 ) ) ;
#4011 = CARTESIAN_POINT ( 'NONE',  ( 0.6249999999999986677, 1.082531754730546858, -11.54166666530106866 ) ) ;
#4012 = CARTESIAN_POINT ( 'NONE',  ( 1.520632937499998283, -0.8779378358042346786, -8.010416665983866480 ) ) ;
#4013 = CARTESIAN_POINT ( 'NONE',  ( -1.520632937499997617, -0.8779378358042360109, -14.61458333265053255 ) ) ;
#4014 = CARTESIAN_POINT ( 'NONE',  ( 1.249999999999998002, 1.530808498934189105E-16, -11.12499999863440259 ) ) ;
#4015 = LINE ( 'NONE', #1307, #6181 ) ;
#4016 =( BOUNDED_CURVE ( )  B_SPLINE_CURVE ( 2, ( #5549, #3907, #4547, #6608, #706, #1706, #6059 ),
 .UNSPECIFIED., .F., .T. ) 
 B_SPLINE_CURVE_WITH_KNOTS ( ( 3, 2, 2, 3 ),
 ( 0.4189189189189189699, 0.4234234234234234839, 0.4279279279279279424, 0.4324324324324324564 ),
 .UNSPECIFIED. ) 
 CURVE ( )  GEOMETRIC_REPRESENTATION_ITEM ( )  RATIONAL_B_SPLINE_CURVE ( ( 0.9999999999999983347, 0.8660254037844403729, 1.000000000000000000, 0.8660254037844387076, 1.000000000000000000, 0.8660254037844387076, 1.000000000000000000 ) ) 
 REPRESENTATION_ITEM ( '' )  );
#4017 = FACE_OUTER_BOUND ( 'NONE', #5300, .T. ) ;
#4018 = CARTESIAN_POINT ( 'NONE',  ( -0.3349364810322075781, 1.250000005488691057, -17.47767089989892852 ) ) ;
#4019 = EDGE_LOOP ( 'NONE', ( #700, #6251 ) ) ;
#4020 = CARTESIAN_POINT ( 'NONE',  ( -0.7603164687499992525, 1.316906753706352795, -14.23958333265053433 ) ) ;
#4021 = CARTESIAN_POINT ( 'NONE',  ( -1.249999999999997780, -0.7216878364870316087, -7.333333331967737401 ) ) ;
#4022 = CARTESIAN_POINT ( 'NONE',  ( -1.520632937499998061, 0.000000000000000000, -1.218749999317200627 ) ) ;
#4023 = CYLINDRICAL_SURFACE ( 'NONE', #2864, 1.249999999999998002 ) ;
#4024 = CARTESIAN_POINT ( 'NONE',  ( 0.6249999999999986677, 1.082531754730546858, -18.04166666530107221 ) ) ;
#4025 = DIRECTION ( 'NONE',  ( 1.000000000000000000, 0.000000000000000000, 0.000000000000000000 ) ) ;
#4026 = ORIENTED_EDGE ( 'NONE', *, *, #3740, .F. ) ;
#4027 = CARTESIAN_POINT ( 'NONE',  ( 3.225491281404032925E-16, -1.755875671608470467, -7.531249999317200405 ) ) ;
#4028 = CARTESIAN_POINT ( 'NONE',  ( -1.520632937499997617, -0.8779378358042361219, -18.17708333265053255 ) ) ;
#4029 = CARTESIAN_POINT ( 'NONE',  ( -0.7603164687499992525, 1.316906753706352795, -4.739583332650533443 ) ) ;
#4030 = AXIS2_PLACEMENT_3D ( 'NONE', #5831, #7039, #5867 ) ;
#4031 = CARTESIAN_POINT ( 'NONE',  ( 1.249999999999998224, -0.7216878364870306095, -10.79166666666666430 ) ) ;
#4032 = CARTESIAN_POINT ( 'NONE',  ( 3.225491281404033418E-16, -1.755875671608470023, -14.59374999931720041 ) ) ;
#4033 = VECTOR ( 'NONE', #6704, 1000.000000000000000 ) ;
#4034 = LINE ( 'NONE', #6880, #4492 ) ;
#4035 = CARTESIAN_POINT ( 'NONE',  ( 1.249999999999998224, -0.7216878364870306095, -17.29166666666666430 ) ) ;
#4036 = CARTESIAN_POINT ( 'NONE',  ( 3.225491281404032925E-16, -1.755875671608470467, -7.093749999317199517 ) ) ;
#4037 = CARTESIAN_POINT ( 'NONE',  ( -1.520632937499997617, -0.8779378358042361219, -3.614583332650533443 ) ) ;
#4038 = CARTESIAN_POINT ( 'NONE',  ( 0.8013439347633117826, 1.016140212169674317, -17.53313009013647061 ) ) ;
#4039 = CARTESIAN_POINT ( 'NONE',  ( -1.249999999999997780, -0.7216878364870316087, -13.33333333196773474 ) ) ;
#4040 = CARTESIAN_POINT ( 'NONE',  ( -8.838126989374211143E-17, 1.443375672974062107, -1.124999999999997335 ) ) ;
#4041 = CARTESIAN_POINT ( 'NONE',  ( -0.7603164687499980312, -1.316906753706353461, -7.135416665983866480 ) ) ;
#4042 = AXIS2_PLACEMENT_3D ( 'NONE', #5242, #3182, #6984 ) ;
#4043 =( BOUNDED_CURVE ( )  B_SPLINE_CURVE ( 2, ( #5007, #2945, #4541, #734, #5576, #169, #97 ),
 .UNSPECIFIED., .F., .T. ) 
 B_SPLINE_CURVE_WITH_KNOTS ( ( 3, 2, 2, 3 ),
 ( 0.5405405405405405705, 0.5450450450450450290, 0.5495495495495495986, 0.5540540540540540571 ),
 .UNSPECIFIED. ) 
 CURVE ( )  GEOMETRIC_REPRESENTATION_ITEM ( )  RATIONAL_B_SPLINE_CURVE ( ( 1.000000000000000000, 0.8660254037844387076, 1.000000000000000000, 0.8660254037844387076, 1.000000000000000000, 0.8660254037844387076, 1.000000000000000000 ) ) 
 REPRESENTATION_ITEM ( '' )  );
#4044 = CARTESIAN_POINT ( 'NONE',  ( 1.249999999999995781, -0.7216878364870319418, -1.166666665301070660 ) ) ;
#4045 = ORIENTED_EDGE ( 'NONE', *, *, #617, .T. ) ;
#4046 = CARTESIAN_POINT ( 'NONE',  ( 1.249999999999998002, 0.000000000000000000, 0.000000000000000000 ) ) ;
#4047 = DIRECTION ( 'NONE',  ( 1.000000000000000000, 0.000000000000000000, 0.000000000000000000 ) ) ;
#4048 = CARTESIAN_POINT ( 'NONE',  ( -1.520632937499997617, -0.8779378358042361219, -9.677083332650532554 ) ) ;
#4049 = CARTESIAN_POINT ( 'NONE',  ( -0.7603164687499980312, -1.316906753706353461, -13.57291666598386648 ) ) ;
#4050 = CARTESIAN_POINT ( 'NONE',  ( -0.7603164687499980312, -1.316906753706353461, -0.6354166659838673681 ) ) ;
#4051 = CARTESIAN_POINT ( 'NONE',  ( -1.250000000000006661, 0.7216878364870257245, -6.041666666666663410 ) ) ;
#4052 = CARTESIAN_POINT ( 'NONE',  ( 0.7603164687499996965, -1.316906753706352573, 0.01041666734946601613 ) ) ;
#4053 = EDGE_CURVE ( 'NONE', #6062, #1378, #364, .T. ) ;
#4054 = EDGE_LOOP ( 'NONE', ( #326, #6611, #922, #5229 ) ) ;
#4055 = CARTESIAN_POINT ( 'NONE',  ( -1.249999999999998002, 0.000000000000000000, -9.374999998634402587 ) ) ;
#4056 = ORIENTED_EDGE ( 'NONE', *, *, #6248, .F. ) ;
#4057 = CARTESIAN_POINT ( 'NONE',  ( -0.7603164687499992525, 1.316906753706352795, -16.73958333265053611 ) ) ;
#4058 = CARTESIAN_POINT ( 'NONE',  ( -1.249999999999997780, -0.7216878364870316087, -6.333333331967737401 ) ) ;
#4059 = CARTESIAN_POINT ( 'NONE',  ( 1.520632937499998283, -0.8779378358042346786, -2.010416665983866924 ) ) ;
#4060 = FACE_OUTER_BOUND ( 'NONE', #931, .T. ) ;
#4061 = ADVANCED_FACE ( 'NONE', ( #2049 ), #2383, .F. ) ;
#4062 = CARTESIAN_POINT ( 'NONE',  ( -1.249999999999998002, 0.000000000000000000, -17.87499999863440436 ) ) ;
#4063 = CARTESIAN_POINT ( 'NONE',  ( -1.389936645788191649, 0.5309786692991804724, -0.2711506137480443335 ) ) ;
#4064 = VERTEX_POINT ( 'NONE', #4173 ) ;
#4065 = CARTESIAN_POINT ( 'NONE',  ( -0.7603164687499992525, 1.316906753706352795, -7.739583332650533443 ) ) ;
#4066 = CARTESIAN_POINT ( 'NONE',  ( -1.520632937499997617, -0.8779378358042361219, -17.67708333265053611 ) ) ;
#4067 = CARTESIAN_POINT ( 'NONE',  ( 0.7603164687499986973, 1.316906753706353017, -6.322916665983866480 ) ) ;
#4068 = CARTESIAN_POINT ( 'NONE',  ( 0.6249999999999986677, 1.082531754730546858, -9.666666666666664298 ) ) ;
#4069 = FACE_OUTER_BOUND ( 'NONE', #6325, .T. ) ;
#4070 = CARTESIAN_POINT ( 'NONE',  ( -1.520632937499998727, 0.8779378358042350117, -17.19791666598386826 ) ) ;
#4071 = CARTESIAN_POINT ( 'NONE',  ( -8.838126989374211143E-17, 1.443375672974062107, -17.12499999999999645 ) ) ;
#4072 = CARTESIAN_POINT ( 'NONE',  ( -0.7603164687499980312, -1.316906753706353461, -9.635416665983866480 ) ) ;
#4073 = CARTESIAN_POINT ( 'NONE',  ( -1.075163760468011098E-16, 1.755875671608470467, -4.781249999317200405 ) ) ;
#4074 = DIRECTION ( 'NONE',  ( 0.7071067811865472397, 8.659560562354929160E-17, -0.7071067811865479058 ) ) ;
#4075 = CARTESIAN_POINT ( 'NONE',  ( 1.249999999999998002, 0.7216878364870314977, -2.708333333333330817 ) ) ;
#4076 = CARTESIAN_POINT ( 'NONE',  ( -1.520632937499998061, 0.000000000000000000, -8.718749999317200405 ) ) ;
#4077 = CARTESIAN_POINT ( 'NONE',  ( 1.249999999999998002, 1.530808498934189105E-16, -16.24999999999999645 ) ) ;
#4078 = ORIENTED_EDGE ( 'NONE', *, *, #1220, .F. ) ;
#4079 = DIRECTION ( 'NONE',  ( 1.000000000000000000, 0.000000000000000000, 0.000000000000000000 ) ) ;
#4080 = CARTESIAN_POINT ( 'NONE',  ( -0.6249999999999982236, -1.082531754730547302, -3.916666666666663854 ) ) ;
#4081 = CARTESIAN_POINT ( 'NONE',  ( -0.7603164687499980312, -1.316906753706353461, -10.63541666598386648 ) ) ;
#4082 = CARTESIAN_POINT ( 'NONE',  ( 1.520632937499998061, 1.862238259587409655E-16, -13.40624999931720041 ) ) ;
#4083 = CARTESIAN_POINT ( 'NONE',  ( -1.520632937499998727, 0.8779378358042350117, -1.760416665983867368 ) ) ;
#4084 = CARTESIAN_POINT ( 'NONE',  ( 1.249999999999998002, 1.530808498934189105E-16, -6.749999999999997335 ) ) ;
#4085 = CARTESIAN_POINT ( 'NONE',  ( -1.249999999999998002, 0.000000000000000000, -15.49999999999999822 ) ) ;
#4086 = ORIENTED_EDGE ( 'NONE', *, *, #2500, .F. ) ;
#4087 = CARTESIAN_POINT ( 'NONE',  ( 0.000000000000000000, 0.000000000000000000, 0.000000000000000000 ) ) ;
#4088 = ORIENTED_EDGE ( 'NONE', *, *, #2874, .T. ) ;
#4089 = CARTESIAN_POINT ( 'NONE',  ( -0.7603164687499992525, 1.316906753706352795, -16.23958333265053255 ) ) ;
#4090 = CARTESIAN_POINT ( 'NONE',  ( 1.249999999999998002, 1.530808498934189105E-16, -6.124999998634403475 ) ) ;
#4091 = CARTESIAN_POINT ( 'NONE',  ( 0.7603164687499986973, 1.316906753706353017, 0.1145833340161326735 ) ) ;
#4092 = CARTESIAN_POINT ( 'NONE',  ( 0.6249999999999986677, 1.082531754730546858, -13.04166666530107044 ) ) ;
#4093 = EDGE_CURVE ( 'NONE', #633, #7009, #5297, .T. ) ;
#4094 = CARTESIAN_POINT ( 'NONE',  ( -1.249999999999997780, -0.7216878364870316087, -18.33333333196773651 ) ) ;
#4095 = CARTESIAN_POINT ( 'NONE',  ( -0.3347407378069972572, 1.267991057479786132, -0.4488792203976002537 ) ) ;
#4096 = ORIENTED_EDGE ( 'NONE', *, *, #1186, .F. ) ;
#4097 = CARTESIAN_POINT ( 'NONE',  ( -1.520632937499998061, 0.000000000000000000, -10.15624999931719863 ) ) ;
#4098 = CARTESIAN_POINT ( 'NONE',  ( -0.7603164687499992525, 1.316906753706352795, -16.80208333265053611 ) ) ;
#4099 = CARTESIAN_POINT ( 'NONE',  ( 1.520632937499997617, 0.8779378358042356778, -11.86458333265053433 ) ) ;
#4100 = CARTESIAN_POINT ( 'NONE',  ( -1.520632937499998061, 0.000000000000000000, -4.656249999317200405 ) ) ;
#4101 = CARTESIAN_POINT ( 'NONE',  ( 1.249999999999998002, 1.530808498934189105E-16, -9.249999999999998224 ) ) ;
#4102 = CARTESIAN_POINT ( 'NONE',  ( 3.225491281404033418E-16, -1.755875671608470023, -17.59374999931720041 ) ) ;
#4103 = CARTESIAN_POINT ( 'NONE',  ( -0.7603164687499980312, -1.316906753706353461, -16.57291666598386826 ) ) ;
#4104 = CARTESIAN_POINT ( 'NONE',  ( 1.520632937499997617, 0.8779378358042356778, -0.3645833326505339422 ) ) ;
#4105 = CARTESIAN_POINT ( 'NONE',  ( 1.520632937499998283, -0.8779378358042346786, -10.01041666598386470 ) ) ;
#4106 = CARTESIAN_POINT ( 'NONE',  ( 0.7603164687499996965, -1.316906753706352573, -4.489583332650534331 ) ) ;
#4107 = LINE ( 'NONE', #6301, #4033 ) ;
#4108 =( BOUNDED_CURVE ( )  B_SPLINE_CURVE ( 2, ( #248, #6205, #6828, #352, #4123, #4696, #2503 ),
 .UNSPECIFIED., .F., .T. ) 
 B_SPLINE_CURVE_WITH_KNOTS ( ( 3, 2, 2, 3 ),
 ( 0.4324324324324324564, 0.4369369369369369149, 0.4414414414414414289, 0.4459459459459459429 ),
 .UNSPECIFIED. ) 
 CURVE ( )  GEOMETRIC_REPRESENTATION_ITEM ( )  RATIONAL_B_SPLINE_CURVE ( ( 1.000000000000000000, 0.8660254037844387076, 1.000000000000000000, 0.8660254037844387076, 1.000000000000000000, 0.8660254037844387076, 1.000000000000000000 ) ) 
 REPRESENTATION_ITEM ( '' )  );
#4109 = CARTESIAN_POINT ( 'NONE',  ( 0.6249999999999986677, 1.082531754730546858, -0.6666666666666639651 ) ) ;
#4110 = CARTESIAN_POINT ( 'NONE',  ( 0.7603164687499986973, 1.316906753706353017, -8.385416665983866480 ) ) ;
#4111 = AXIS2_PLACEMENT_3D ( 'NONE', #4808, #3842, #6025 ) ;
#4112 = ORIENTED_EDGE ( 'NONE', *, *, #4896, .T. ) ;
#4113 = CARTESIAN_POINT ( 'NONE',  ( 3.225491281404032925E-16, -1.755875671608470467, -2.593749999317199961 ) ) ;
#4114 = CARTESIAN_POINT ( 'NONE',  ( 0.6249999999999995559, -1.082531754730546414, -15.33333333333332860 ) ) ;
#4115 = FACE_OUTER_BOUND ( 'NONE', #2851, .T. ) ;
#4116 = CARTESIAN_POINT ( 'NONE',  ( -1.520632937499998283, 0.8779378358042350117, -12.76041666598386648 ) ) ;
#4117 = AXIS2_PLACEMENT_3D ( 'NONE', #5891, #440, #2624 ) ;
#4118 = CARTESIAN_POINT ( 'NONE',  ( -0.7603164687499992525, 1.316906753706352795, -12.23958333265053433 ) ) ;
#4119 = CARTESIAN_POINT ( 'NONE',  ( 1.520632937499998061, 1.862238259587409655E-16, -0.9687499993172007384 ) ) ;
#4120 = CARTESIAN_POINT ( 'NONE',  ( 1.520632937499998283, -0.8779378358042346786, -0.5104166659838672571 ) ) ;
#4121 = CARTESIAN_POINT ( 'NONE',  ( -1.249999999999998002, 0.000000000000000000, -13.87499999863440259 ) ) ;
#4122 = VERTEX_POINT ( 'NONE', #5889 ) ;
#4123 = CARTESIAN_POINT ( 'NONE',  ( 0.6249999999999986677, 1.082531754730546858, -7.666666666666663410 ) ) ;
#4124 = VERTEX_POINT ( 'NONE', #2088 ) ;
#4125 = CARTESIAN_POINT ( 'NONE',  ( 0.7603164687499996965, -1.316906753706352573, -14.98958333265053255 ) ) ;
#4126 = CARTESIAN_POINT ( 'NONE',  ( -0.6249999999999982236, -1.082531754730547302, -8.291666665301068662 ) ) ;
#4127 = CARTESIAN_POINT ( 'NONE',  ( -1.520632937499998061, 0.000000000000000000, -4.718749999317200405 ) ) ;
#4128 = CARTESIAN_POINT ( 'NONE',  ( 1.249999999999998002, 1.530808498934189105E-16, -10.24999999999999645 ) ) ;
#4129 = CARTESIAN_POINT ( 'NONE',  ( -1.520632937499998283, 0.8779378358042350117, -15.76041666598386826 ) ) ;
#4130 = EDGE_CURVE ( 'NONE', #4124, #3868, #6035, .T. ) ;
#4131 = CARTESIAN_POINT ( 'NONE',  ( -0.9325723458281558464, 1.201096728164074090, -0.2293670624999990804 ) ) ;
#4132 = ORIENTED_EDGE ( 'NONE', *, *, #1945, .T. ) ;
#4133 = CARTESIAN_POINT ( 'NONE',  ( 0.7603164687499996965, -1.316906753706352573, -7.989583332650533443 ) ) ;
#4134 = CARTESIAN_POINT ( 'NONE',  ( 0.7603164687499996965, -1.316906753706352573, -16.55208333265053255 ) ) ;
#4135 = CARTESIAN_POINT ( 'NONE',  ( 1.520632937499998061, 1.862238259587409655E-16, -14.40624999931720041 ) ) ;
#4136 = CARTESIAN_POINT ( 'NONE',  ( 1.249999999999998002, 1.530808498934189105E-16, -8.624999998634402587 ) ) ;
#4137 = CARTESIAN_POINT ( 'NONE',  ( 3.225491281404033418E-16, -1.755875671608470023, -7.531249999317200405 ) ) ;
#4138 = CARTESIAN_POINT ( 'NONE',  ( -1.249999999999998224, 0.7216878364870308316, -10.54166666666666430 ) ) ;
#4139 = CARTESIAN_POINT ( 'NONE',  ( 1.520632937499998061, 1.862238259587409655E-16, -16.96874999931720041 ) ) ;
#4140 = EDGE_CURVE ( 'NONE', #2208, #6561, #5607, .T. ) ;
#4141 = EDGE_CURVE ( 'NONE', #3024, #4262, #6778, .T. ) ;
#4142 = CARTESIAN_POINT ( 'NONE',  ( -1.075163760468011222E-16, 1.755875671608470023, -17.28124999931720041 ) ) ;
#4143 = CARTESIAN_POINT ( 'NONE',  ( -0.7603164687499992525, 1.316906753706352795, -0.2395833326505339422 ) ) ;
#4144 = CARTESIAN_POINT ( 'NONE',  ( -0.7603164687499992525, 1.316906753706352795, -9.302083332650532554 ) ) ;
#4145 = CARTESIAN_POINT ( 'NONE',  ( -1.075163760468011098E-16, 1.755875671608470467, -5.281249999317199517 ) ) ;
#4146 = CARTESIAN_POINT ( 'NONE',  ( -8.838126989374211143E-17, 1.443375672974062107, -6.999999998634403475 ) ) ;
#4147 = CARTESIAN_POINT ( 'NONE',  ( 0.6249999999999986677, 1.082531754730546858, -2.666666666666663854 ) ) ;
#4148 = CARTESIAN_POINT ( 'NONE',  ( 1.520632937499998061, 1.862238259587409655E-16, -9.968749999317200405 ) ) ;
#4149 = CARTESIAN_POINT ( 'NONE',  ( -0.6249999999999991118, 1.082531754730546636, -2.458333331967737401 ) ) ;
#4150 = ORIENTED_EDGE ( 'NONE', *, *, #5884, .F. ) ;
#4151 =( BOUNDED_CURVE ( )  B_SPLINE_CURVE ( 2, ( #3833, #6016, #5080, #5574, #6084, #4469, #3936 ),
 .UNSPECIFIED., .F., .T. ) 
 B_SPLINE_CURVE_WITH_KNOTS ( ( 3, 2, 2, 3 ),
 ( 0.4864864864864865135, 0.4909909909909909720, 0.4954954954954954860, 0.5000000000000000000 ),
 .UNSPECIFIED. ) 
 CURVE ( )  GEOMETRIC_REPRESENTATION_ITEM ( )  RATIONAL_B_SPLINE_CURVE ( ( 1.000000000000000000, 0.8660254037844387076, 1.000000000000000000, 0.8660254037844387076, 1.000000000000000000, 0.8660254037844387076, 1.000000000000000000 ) ) 
 REPRESENTATION_ITEM ( '' )  );
#4152 = CARTESIAN_POINT ( 'NONE',  ( -0.6249999999999982236, -1.082531754730547302, -13.29166666530107044 ) ) ;
#4153 = CARTESIAN_POINT ( 'NONE',  ( 3.225491281404032925E-16, -1.755875671608470467, -12.09374999931719863 ) ) ;
#4154 = CARTESIAN_POINT ( 'NONE',  ( 0.7603164687499996965, -1.316906753706352573, -14.48958333265053255 ) ) ;
#4155 = CARTESIAN_POINT ( 'NONE',  ( -1.075163760468011222E-16, 1.755875671608470023, -2.343749999317199961 ) ) ;
#4156 = CARTESIAN_POINT ( 'NONE',  ( -0.6249999999999982236, -1.082531754730547302, -7.291666665301069550 ) ) ;
#4157 = DIRECTION ( 'NONE',  ( 1.000000000000000000, 0.000000000000000000, 0.000000000000000000 ) ) ;
#4158 = ORIENTED_EDGE ( 'NONE', *, *, #449, .F. ) ;
#4159 = VERTEX_POINT ( 'NONE', #2754 ) ;
#4160 = ORIENTED_EDGE ( 'NONE', *, *, #964, .T. ) ;
#4161 = CARTESIAN_POINT ( 'NONE',  ( 0.7603164687499986973, 1.316906753706353017, -15.32291666598386648 ) ) ;
#4162 = CARTESIAN_POINT ( 'NONE',  ( -0.6249999999999991118, 1.082531754730546636, -7.958333331967735624 ) ) ;
#4163 = CARTESIAN_POINT ( 'NONE',  ( 1.520632937499998283, -0.8779378358042346786, -2.510416665983867368 ) ) ;
#4164 = FACE_OUTER_BOUND ( 'NONE', #2549, .T. ) ;
#4165 = CARTESIAN_POINT ( 'NONE',  ( -0.7603164687499980312, -1.316906753706353461, -15.63541666598386826 ) ) ;
#4166 = CARTESIAN_POINT ( 'NONE',  ( -1.249999999999997558, -0.7216878364870317197, -9.958333333333330373 ) ) ;
#4167 = ORIENTED_EDGE ( 'NONE', *, *, #6866, .F. ) ;
#4168 = CARTESIAN_POINT ( 'NONE',  ( 1.346727068290071383, 0.5467272056229007804, -0.3224175575692258544 ) ) ;
#4169 = ORIENTED_EDGE ( 'NONE', *, *, #1632, .F. ) ;
#4170 = CARTESIAN_POINT ( 'NONE',  ( 3.225491281404032925E-16, -1.755875671608470467, -8.531249999317198629 ) ) ;
#4171 = CARTESIAN_POINT ( 'NONE',  ( -0.7603164687499980312, -1.316906753706353461, -17.63541666598386826 ) ) ;
#4172 = CARTESIAN_POINT ( 'NONE',  ( -1.075163760468011098E-16, 1.755875671608470467, -12.78124999931720041 ) ) ;
#4173 = CARTESIAN_POINT ( 'NONE',  ( 4.900000000000000355, 0.000000000000000000, -0.2499999999999993616 ) ) ;
#4174 = CARTESIAN_POINT ( 'NONE',  ( 1.520632937499997617, 0.8779378358042356778, -8.364583332650534331 ) ) ;
#4175 = CARTESIAN_POINT ( 'NONE',  ( 2.651438096812262973E-16, -1.443375672974062107, -11.37499999999999822 ) ) ;
#4176 = CARTESIAN_POINT ( 'NONE',  ( 0.000000000000000000, 0.000000000000000000, -1.750000000000003331 ) ) ;
#4177 = CARTESIAN_POINT ( 'NONE',  ( -1.249999999999998002, 0.000000000000000000, -13.99999999999999645 ) ) ;
#4178 = CARTESIAN_POINT ( 'NONE',  ( 0.7603164687499996965, -1.316906753706352573, -1.489583332650533887 ) ) ;
#4179 = CARTESIAN_POINT ( 'NONE',  ( -1.520632937499998061, 0.000000000000000000, -8.218749999317198629 ) ) ;
#4180 = CARTESIAN_POINT ( 'NONE',  ( 1.520632937499997617, 0.8779378358042356778, -6.364583332650534331 ) ) ;
#4181 = CARTESIAN_POINT ( 'NONE',  ( -1.075163760468011222E-16, 1.755875671608470023, -1.281249999317200627 ) ) ;
#4182 = CARTESIAN_POINT ( 'NONE',  ( 0.6249999999999995559, -1.082531754730546414, -1.333333333333330595 ) ) ;
#4183 = ADVANCED_FACE ( 'NONE', ( #6617 ), #5420, .F. ) ;
#4184 = CARTESIAN_POINT ( 'NONE',  ( -1.520632937499998061, 0.000000000000000000, -9.218749999317200405 ) ) ;
#4185 = CARTESIAN_POINT ( 'NONE',  ( -0.6249999999999982236, -1.082531754730547302, -8.916666666666664298 ) ) ;
#4186 = VERTEX_POINT ( 'NONE', #6508 ) ;
#4187 = CARTESIAN_POINT ( 'NONE',  ( 2.651438096812262973E-16, -1.443375672974062107, -7.874999999999998224 ) ) ;
#4188 = CARTESIAN_POINT ( 'NONE',  ( -1.249999999999998002, 0.000000000000000000, -2.874999998634403919 ) ) ;
#4189 = CARTESIAN_POINT ( 'NONE',  ( -0.7603164687499992525, 1.316906753706352795, -10.80208333265053255 ) ) ;
#4190 = CARTESIAN_POINT ( 'NONE',  ( -1.520632937499997617, -0.8779378358042360109, -16.11458333265053255 ) ) ;
#4191 = CARTESIAN_POINT ( 'NONE',  ( -0.7603164687499992525, 1.316906753706352795, -0.3020833326505339422 ) ) ;
#4192 = ADVANCED_FACE ( 'NONE', ( #4278 ), #579, .F. ) ;
#4193 = CARTESIAN_POINT ( 'NONE',  ( 0.7603164687499986973, 1.316906753706353017, -0.3854166659838673126 ) ) ;
#4194 = ORIENTED_EDGE ( 'NONE', *, *, #308, .F. ) ;
#4195 = ORIENTED_EDGE ( 'NONE', *, *, #3972, .F. ) ;
#4196 = CARTESIAN_POINT ( 'NONE',  ( 1.249999999999998224, -0.7216878364870306095, -14.79166666666666252 ) ) ;
#4197 = CARTESIAN_POINT ( 'NONE',  ( -1.249999999999997558, -0.7216878364870317197, -3.333333331967737401 ) ) ;
#4198 = CARTESIAN_POINT ( 'NONE',  ( 0.7603164687499986973, 1.316906753706353017, -16.32291666598386826 ) ) ;
#4199 = CARTESIAN_POINT ( 'NONE',  ( 0.6249999999999986677, 1.082531754730546858, -9.041666665301070438 ) ) ;
#4200 = CARTESIAN_POINT ( 'NONE',  ( 3.225491281404032925E-16, -1.755875671608470467, -4.093749999317200405 ) ) ;
#4201 = CARTESIAN_POINT ( 'NONE',  ( 2.651438096812262973E-16, -1.443375672974062107, -4.874999999999997335 ) ) ;
#4202 = CARTESIAN_POINT ( 'NONE',  ( -0.7603164687499980312, -1.316906753706353461, -18.13541666598386826 ) ) ;
#4203 = CARTESIAN_POINT ( 'NONE',  ( 1.250000000000007105, -0.7216878364870256135, -5.791666666666663410 ) ) ;
#4204 = VERTEX_POINT ( 'NONE', #4923 ) ;
#4205 = CARTESIAN_POINT ( 'NONE',  ( -1.520632937499998061, 0.000000000000000000, -7.656249999317200405 ) ) ;
#4206 = CARTESIAN_POINT ( 'NONE',  ( 1.249999999999998224, -0.7216878364870306095, -2.166666665301070438 ) ) ;
#4207 = CARTESIAN_POINT ( 'NONE',  ( 1.520632937499998061, 1.862238259587409655E-16, -14.90624999931720041 ) ) ;
#4208 = CARTESIAN_POINT ( 'NONE',  ( -1.750000000000001554, 0.000000000000000000, -18.00000000000000355 ) ) ;
#4209 = CARTESIAN_POINT ( 'NONE',  ( 1.249999999999998002, 0.7216878364870314977, -11.20833333333333037 ) ) ;
#4210 = CARTESIAN_POINT ( 'NONE',  ( 3.225491281404033418E-16, -1.755875671608470023, -16.59374999931720396 ) ) ;
#4211 = CARTESIAN_POINT ( 'NONE',  ( -0.6038945986549352218, -1.159977741973821530, -0.4451294679746221616 ) ) ;
#4212 = CARTESIAN_POINT ( 'NONE',  ( 0.7603164687499986973, 1.316906753706353017, -0.8229166659838671460 ) ) ;
#4213 = CARTESIAN_POINT ( 'NONE',  ( -0.7603164687499992525, 1.316906753706352795, -8.302083332650534331 ) ) ;
#4214 = CARTESIAN_POINT ( 'NONE',  ( 1.520632937499998283, -0.8779378358042346786, -7.947916665983867368 ) ) ;
#4215 = CARTESIAN_POINT ( 'NONE',  ( -1.520632937499997617, -0.8779378358042360109, -0.6145833326505341088 ) ) ;
#4216 = CARTESIAN_POINT ( 'NONE',  ( 0.6249999999999986677, 1.082531754730546858, -3.666666666666663854 ) ) ;
#4217 = CARTESIAN_POINT ( 'NONE',  ( -1.520632937499998727, 0.8779378358042350117, -10.26041666598386470 ) ) ;
#4218 = CARTESIAN_POINT ( 'NONE',  ( 0.000000000000000000, 0.000000000000000000, 0.000000000000000000 ) ) ;
#4219 = EDGE_CURVE ( 'NONE', #5900, #544, #2264, .T. ) ;
#4220 = ORIENTED_EDGE ( 'NONE', *, *, #1752, .T. ) ;
#4221 = CARTESIAN_POINT ( 'NONE',  ( -0.7603164687499992525, 1.316906753706352795, -2.302083332650533887 ) ) ;
#4222 = DIRECTION ( 'NONE',  ( 1.000000000000000000, 0.000000000000000000, 0.000000000000000000 ) ) ;
#4223 = CARTESIAN_POINT ( 'NONE',  ( 1.249999999999998002, 1.530808498934189105E-16, -3.749999999999996891 ) ) ;
#4224 = CARTESIAN_POINT ( 'NONE',  ( 1.520632937499997617, 0.8779378358042356778, -11.42708333265053433 ) ) ;
#4225 = CARTESIAN_POINT ( 'NONE',  ( 0.7603164687499996965, -1.316906753706352573, -15.48958333265053078 ) ) ;
#4226 = CARTESIAN_POINT ( 'NONE',  ( -1.249999999999997558, -0.7216878364870317197, -5.333333331967738289 ) ) ;
#4227 = CARTESIAN_POINT ( 'NONE',  ( 3.225491281404032925E-16, -1.755875671608470467, -1.593749999317200405 ) ) ;
#4228 = EDGE_CURVE ( 'NONE', #2466, #462, #5386, .T. ) ;
#4229 = EDGE_CURVE ( 'NONE', #4881, #5776, #1071, .T. ) ;
#4230 = VERTEX_POINT ( 'NONE', #5491 ) ;
#4231 = EDGE_LOOP ( 'NONE', ( #2897, #3315, #5689, #2666 ) ) ;
#4232 = AXIS2_PLACEMENT_3D ( 'NONE', #2649, #4811, #7017 ) ;
#4233 = ORIENTED_EDGE ( 'NONE', *, *, #869, .F. ) ;
#4234 = CARTESIAN_POINT ( 'NONE',  ( 0.6249999999999995559, -1.082531754730546414, -10.20833333196773651 ) ) ;
#4235 = CARTESIAN_POINT ( 'NONE',  ( 1.520632937499998061, 1.862238259587409655E-16, -2.968749999317200849 ) ) ;
#4236 = CARTESIAN_POINT ( 'NONE',  ( 1.520632937499998283, -0.8779378358042346786, -17.01041666598386826 ) ) ;
#4237 = DIRECTION ( 'NONE',  ( 1.000000000000000000, 0.000000000000000000, 0.000000000000000000 ) ) ;
#4238 = ORIENTED_EDGE ( 'NONE', *, *, #6480, .F. ) ;
#4239 = CARTESIAN_POINT ( 'NONE',  ( 1.249999999999998002, 0.7216878364870314977, -1.583333331967736957 ) ) ;
#4240 = CARTESIAN_POINT ( 'NONE',  ( 0.7603164687499996965, -1.316906753706352573, -13.98958333265053433 ) ) ;
#4241 = CARTESIAN_POINT ( 'NONE',  ( 1.249999999999998002, 0.7216878364870314977, -11.70833333333333215 ) ) ;
#4242 = CARTESIAN_POINT ( 'NONE',  ( 1.249999999999998002, 1.530808498934189105E-16, -3.249999999999997335 ) ) ;
#4243 = CARTESIAN_POINT ( 'NONE',  ( -1.001481328019421024, -0.8239090381450269174, -0.4648016106305316031 ) ) ;
#4244 = CARTESIAN_POINT ( 'NONE',  ( -1.520632937499998283, 0.8779378358042350117, 0.3020833340161326319 ) ) ;
#4245 = CARTESIAN_POINT ( 'NONE',  ( 1.520632937499997617, 0.8779378358042356778, -11.92708333265053611 ) ) ;
#4246 = CARTESIAN_POINT ( 'NONE',  ( -0.7603164687499992525, 1.316906753706352795, -6.739583332650533443 ) ) ;
#4247 = CARTESIAN_POINT ( 'NONE',  ( -1.075163760468011222E-16, 1.755875671608470023, -0.2812499993172006829 ) ) ;
#4248 = CARTESIAN_POINT ( 'NONE',  ( -0.6249999999999982236, -1.082531754730547302, -5.416666666666663410 ) ) ;
#4249 = CARTESIAN_POINT ( 'NONE',  ( 3.225491281404033418E-16, -1.755875671608470023, -12.59374999931720041 ) ) ;
#4250 = EDGE_LOOP ( 'NONE', ( #4551, #5594, #6594, #6384, #1026, #4935, #2607, #4757, #5169, #6603, #2397, #3385, #3561, #6455, #3423, #6383, #1678, #6755, #1642, #6871, #2001, #2541, #5918, #215, #388, #3525, #1819, #282, #2565, #5959, #4045, #1657, #2889, #3026, #2914, #6428, #4542, #3169, #1676, #4473, #949, #5416, #427, #3144, #3983, #6177, #5631, #1135, #5135, #3910, #6098, #5838, #4112, #3991, #316, #6613, #2492, #5333, #1161, #4160, #3465, #1049, #398, #381, #5056, #2849, #4374, #1939, #146, #3491, #2641, #3160, #6087, #5757 ) ) ;
#4251 = CARTESIAN_POINT ( 'NONE',  ( -1.520632937499998283, 0.8779378358042350117, -4.260416665983867368 ) ) ;
#4252 = CARTESIAN_POINT ( 'NONE',  ( -1.249999999999997558, -0.7216878364870317197, -7.458333333333330373 ) ) ;
#4253 = CARTESIAN_POINT ( 'NONE',  ( -8.838126989374211143E-17, 1.443375672974062107, -4.499999998634403475 ) ) ;
#4254 = CARTESIAN_POINT ( 'NONE',  ( 1.520632937499998061, 1.862238259587409655E-16, -13.46874999931720041 ) ) ;
#4255 = CARTESIAN_POINT ( 'NONE',  ( -1.520632937499998727, 0.8779378358042350117, -15.69791666598386648 ) ) ;
#4256 = CARTESIAN_POINT ( 'NONE',  ( -1.249999999999998002, 0.000000000000000000, -2.499999999999997335 ) ) ;
#4257 = CARTESIAN_POINT ( 'NONE',  ( 0.000000000000000000, 0.000000000000000000, -18.00000000000000355 ) ) ;
#4258 = CONICAL_SURFACE ( 'NONE', #738, 3.300000000000002487, 0.7853981633974541632 ) ;
#4259 = DATE_AND_TIME ( #5873, #1736 ) ;
#4260 = CARTESIAN_POINT ( 'NONE',  ( 1.249999999999998002, 1.530808498934189105E-16, -9.249999999999998224 ) ) ;
#4261 = AXIS2_PLACEMENT_3D ( 'NONE', #820, #2997, #5168 ) ;
#4262 = VERTEX_POINT ( 'NONE', #2127 ) ;
#4263 = CARTESIAN_POINT ( 'NONE',  ( 1.520632937499998061, 1.862238259587409655E-16, -0.9062499993172006274 ) ) ;
#4264 = CARTESIAN_POINT ( 'NONE',  ( 1.249999999999998002, 0.000000000000000000, 0.000000000000000000 ) ) ;
#4265 = CARTESIAN_POINT ( 'NONE',  ( -1.520632937499998061, 0.000000000000000000, -17.65624999931720041 ) ) ;
#4266 = CARTESIAN_POINT ( 'NONE',  ( 1.249999999999998002, 0.7216878364870314977, -9.083333331967734736 ) ) ;
#4267 = CARTESIAN_POINT ( 'NONE',  ( 0.7603164687499996965, -1.316906753706352573, -2.552083332650533887 ) ) ;
#4268 = CYLINDRICAL_SURFACE ( 'NONE', #5479, 1.249999999999998002 ) ;
#4269 = CARTESIAN_POINT ( 'NONE',  ( -1.520632937499998061, 0.000000000000000000, -16.21874999931720396 ) ) ;
#4270 = EDGE_CURVE ( 'NONE', #3654, #3091, #6471, .T. ) ;
#4271 = VECTOR ( 'NONE', #1695, 1000.000000000000000 ) ;
#4272 = ORIENTED_EDGE ( 'NONE', *, *, #152, .F. ) ;
#4273 = CARTESIAN_POINT ( 'NONE',  ( 1.249999999999997780, 0.7216878364870316087, -6.083333331967736513 ) ) ;
#4274 = EDGE_LOOP ( 'NONE', ( #1533, #1277 ) ) ;
#4275 = CARTESIAN_POINT ( 'NONE',  ( -0.7603164687499980312, -1.316906753706353461, -12.07291666598386648 ) ) ;
#4276 = CARTESIAN_POINT ( 'NONE',  ( -1.249999999999998224, 0.7216878364870308316, -0.9166666653010704380 ) ) ;
#4277 = CARTESIAN_POINT ( 'NONE',  ( -1.520632937499997617, -0.8779378358042361219, -13.11458333265053255 ) ) ;
#4278 = FACE_OUTER_BOUND ( 'NONE', #5101, .T. ) ;
#4279 = CARTESIAN_POINT ( 'NONE',  ( -1.249999999999997780, -0.7216878364870316087, -11.95833333333333037 ) ) ;
#4281 = EDGE_CURVE ( 'NONE', #5357, #4656, #3919, .T. ) ;
#4280 = CARTESIAN_POINT ( 'NONE',  ( -1.112542692474634887, 0.8180141301324511671, -17.62085070246008556 ) ) ;
#4282 = CARTESIAN_POINT ( 'NONE',  ( -1.249999999999997558, -0.7216878364870317197, -4.333333331967737401 ) ) ;
#4283 = CARTESIAN_POINT ( 'NONE',  ( 1.520632937499998061, 1.862238259587409655E-16, -2.906249999317200849 ) ) ;
#4284 = CARTESIAN_POINT ( 'NONE',  ( -0.7603164687499980312, -1.316906753706353461, -12.63541666598386648 ) ) ;
#4285 = CARTESIAN_POINT ( 'NONE',  ( 3.225491281404032925E-16, -1.755875671608470467, -7.031249999317200405 ) ) ;
#4286 = CARTESIAN_POINT ( 'NONE',  ( 1.520632937499997617, 0.8779378358042356778, -1.364583332650533887 ) ) ;
#4287 =( BOUNDED_CURVE ( )  B_SPLINE_CURVE ( 2, ( #4128, #6321, #2078, #963, #3635, #288, #1494 ),
 .UNSPECIFIED., .F., .T. ) 
 B_SPLINE_CURVE_WITH_KNOTS ( ( 3, 2, 2, 3 ),
 ( 0.5810810810810810301, 0.5855855855855855996, 0.5900900900900900581, 0.5945945945945946276 ),
 .UNSPECIFIED. ) 
 CURVE ( )  GEOMETRIC_REPRESENTATION_ITEM ( )  RATIONAL_B_SPLINE_CURVE ( ( 1.000000000000000000, 0.8660254037844387076, 1.000000000000000000, 0.8660254037844387076, 1.000000000000000000, 0.8660254037844387076, 1.000000000000000000 ) ) 
 REPRESENTATION_ITEM ( '' )  );
#4288 = CARTESIAN_POINT ( 'NONE',  ( -0.6249999999999982236, -1.082531754730547302, -2.916666666666663854 ) ) ;
#4289 = CARTESIAN_POINT ( 'NONE',  ( 0.7603164687499986973, 1.316906753706353017, -13.38541666598386648 ) ) ;
#4290 = VERTEX_POINT ( 'NONE', #3780 ) ;
#4291 = CARTESIAN_POINT ( 'NONE',  ( 1.520632937499998061, 1.862238259587409655E-16, -4.468749999317200405 ) ) ;
#4292 = APPROVAL ( #1595, 'UNSPECIFIED' ) ;
#4293 = CARTESIAN_POINT ( 'NONE',  ( -1.249999999999998002, 0.000000000000000000, -4.999999999999997335 ) ) ;
#4294 = PLANE ( 'NONE',  #4958 ) ;
#4295 = CARTESIAN_POINT ( 'NONE',  ( 1.520632937499998061, 1.862238259587409655E-16, -14.96874999931720041 ) ) ;
#4296 = CARTESIAN_POINT ( 'NONE',  ( -1.249999999999998002, 0.000000000000000000, -2.999999999999997335 ) ) ;
#4297 = CARTESIAN_POINT ( 'NONE',  ( 1.520632937499997617, 0.8779378358042356778, -5.427083332650534331 ) ) ;
#4298 = FACE_OUTER_BOUND ( 'NONE', #3205, .T. ) ;
#4299 = EDGE_LOOP ( 'NONE', ( #5875, #4445, #4864, #4272 ) ) ;
#4300 = CARTESIAN_POINT ( 'NONE',  ( 1.249999999999998002, 0.000000000000000000, 0.000000000000000000 ) ) ;
#4301 = CARTESIAN_POINT ( 'NONE',  ( -1.249999999999998224, 0.7216878364870308316, -9.916666665301068662 ) ) ;
#4302 = CARTESIAN_POINT ( 'NONE',  ( 1.520632937499997617, 0.8779378358042356778, -5.427083332650534331 ) ) ;
#4303 = CARTESIAN_POINT ( 'NONE',  ( -0.7603164687499992525, 1.316906753706352795, -8.739583332650534331 ) ) ;
#4304 = CARTESIAN_POINT ( 'NONE',  ( 0.6249999999999986677, 1.082531754730546858, -11.04166666530107044 ) ) ;
#4305 = CARTESIAN_POINT ( 'NONE',  ( -1.249999999999998002, 0.000000000000000000, -7.874999998634403475 ) ) ;
#4306 = ORIENTED_EDGE ( 'NONE', *, *, #5855, .T. ) ;
#4307 = CARTESIAN_POINT ( 'NONE',  ( 2.651438096812262973E-16, -1.443375672974062107, -15.87499999999999645 ) ) ;
#4308 = EDGE_CURVE ( 'NONE', #5230, #1954, #4452, .T. ) ;
#4309 = ORIENTED_EDGE ( 'NONE', *, *, #3790, .T. ) ;
#4310 = CARTESIAN_POINT ( 'NONE',  ( -1.520632937499997617, -0.8779378358042361219, -10.61458333265053255 ) ) ;
#4311 = CARTESIAN_POINT ( 'NONE',  ( -0.6249999999999982236, -1.082531754730547302, -2.291666665301070882 ) ) ;
#4312 = CARTESIAN_POINT ( 'NONE',  ( 3.225491281404032925E-16, -1.755875671608470467, -16.53124999931720396 ) ) ;
#4313 = CARTESIAN_POINT ( 'NONE',  ( 0.6249999999999995559, -1.082531754730546414, -16.70833333196773651 ) ) ;
#4314 = CARTESIAN_POINT ( 'NONE',  ( 1.249999999999998002, 0.7216878364870314977, -12.70833333333333037 ) ) ;
#4315 = CARTESIAN_POINT ( 'NONE',  ( -1.249999999999998002, 0.000000000000000000, -13.87499999863440259 ) ) ;
#4316 = DIRECTION ( 'NONE',  ( -0.000000000000000000, -0.000000000000000000, 1.000000000000000000 ) ) ;
#4317 = CARTESIAN_POINT ( 'NONE',  ( -1.520632937499997617, -0.8779378358042361219, -3.114583332650534331 ) ) ;
#4318 = CARTESIAN_POINT ( 'NONE',  ( -1.075163760468011098E-16, 1.755875671608470467, -12.34374999931720041 ) ) ;
#4319 = CARTESIAN_POINT ( 'NONE',  ( 0.7603164687499986973, 1.316906753706353017, -8.822916665983866480 ) ) ;
#4320 = CARTESIAN_POINT ( 'NONE',  ( 1.520632937499997617, 0.8779378358042356778, -3.364583332650533887 ) ) ;
#4321 = CARTESIAN_POINT ( 'NONE',  ( -1.249999999999998002, 0.000000000000000000, -3.999999999999996447 ) ) ;
#4322 = CARTESIAN_POINT ( 'NONE',  ( -1.520632937499997617, -0.8779378358042360109, -12.17708333265053433 ) ) ;
#4323 = ORIENTED_EDGE ( 'NONE', *, *, #143, .F. ) ;
#4324 = CARTESIAN_POINT ( 'NONE',  ( 0.7603164687499996965, -1.316906753706352573, -5.552083332650533443 ) ) ;
#4325 = CARTESIAN_POINT ( 'NONE',  ( 1.249999999999998002, 1.530808498934189105E-16, -6.249999999999996447 ) ) ;
#4326 = CARTESIAN_POINT ( 'NONE',  ( 0.6249999999999995559, -1.082531754730546414, -2.708333331967736957 ) ) ;
#4327 = CARTESIAN_POINT ( 'NONE',  ( 1.520632937499998061, 1.862238259587409655E-16, -13.96874999931719863 ) ) ;
#4328 = DIRECTION ( 'NONE',  ( -0.000000000000000000, -0.000000000000000000, 1.000000000000000000 ) ) ;
#4329 = CARTESIAN_POINT ( 'NONE',  ( -1.520632937499997617, -0.8779378358042360109, -4.177083332650533443 ) ) ;
#4330 = DIRECTION ( 'NONE',  ( 1.000000000000000000, 0.000000000000000000, 0.000000000000000000 ) ) ;
#4331 = VERTEX_POINT ( 'NONE', #3850 ) ;
#4332 = CARTESIAN_POINT ( 'NONE',  ( 1.249999999999980016, 0.7216878364870418228, -17.08333333196773651 ) ) ;
#4333 = CARTESIAN_POINT ( 'NONE',  ( -1.075163760468011098E-16, 1.755875671608470467, -17.78124999931720041 ) ) ;
#4334 = CARTESIAN_POINT ( 'NONE',  ( 1.520632937499998061, 1.862238259587409655E-16, -7.468749999317200405 ) ) ;
#4335 = CARTESIAN_POINT ( 'NONE',  ( 1.520632937499997617, 0.8779378358042356778, -9.364583332650532554 ) ) ;
#4336 = CARTESIAN_POINT ( 'NONE',  ( -1.249999999999998002, 0.000000000000000000, -4.499999999999997335 ) ) ;
#4337 = DIRECTION ( 'NONE',  ( -0.000000000000000000, -0.000000000000000000, 1.000000000000000000 ) ) ;
#4338 =( BOUNDED_CURVE ( )  B_SPLINE_CURVE ( 2, ( #5120, #240, #383, #1408, #274, #5759, #1303 ),
 .UNSPECIFIED., .F., .T. ) 
 B_SPLINE_CURVE_WITH_KNOTS ( ( 3, 2, 2, 3 ),
 ( 0.8918918918918918859, 0.8963963963963963444, 0.9009009009009010249, 0.9054054054054054834 ),
 .UNSPECIFIED. ) 
 CURVE ( )  GEOMETRIC_REPRESENTATION_ITEM ( )  RATIONAL_B_SPLINE_CURVE ( ( 1.000000000000000000, 0.8660254037844387076, 1.000000000000000000, 0.8660254037844387076, 1.000000000000000000, 0.8660254037844353769, 1.000000000000003331 ) ) 
 REPRESENTATION_ITEM ( '' )  );
#4339 = VECTOR ( 'NONE', #3347, 1000.000000000000000 ) ;
#4340 = ORIENTED_EDGE ( 'NONE', *, *, #3050, .F. ) ;
#4341 = CARTESIAN_POINT ( 'NONE',  ( 0.000000000000000000, 0.000000000000000000, 0.000000000000000000 ) ) ;
#4342 = VERTEX_POINT ( 'NONE', #2725 ) ;
#4343 = CARTESIAN_POINT ( 'NONE',  ( -1.520632937499998283, 0.8779378358042350117, -10.69791666598386648 ) ) ;
#4344 = CARTESIAN_POINT ( 'NONE',  ( -1.249999999999998224, 0.7216878364870308316, -1.416666665301070216 ) ) ;
#4345 = CARTESIAN_POINT ( 'NONE',  ( -1.520632937499998061, 0.000000000000000000, -15.65624999931720218 ) ) ;
#4346 = CARTESIAN_POINT ( 'NONE',  ( 1.249999999999998002, 1.530808498934189105E-16, -11.12499999863440259 ) ) ;
#4347 = CARTESIAN_POINT ( 'NONE',  ( -1.249999999999998002, 0.000000000000000000, -16.99999999999999289 ) ) ;
#4348 = CARTESIAN_POINT ( 'NONE',  ( 1.249999999999998002, 1.530808498934189105E-16, -14.12499999863440259 ) ) ;
#4349 = CARTESIAN_POINT ( 'NONE',  ( 1.408493649053889074, 1.724907238933220600E-16, -0.3415063509461068181 ) ) ;
#4350 = CARTESIAN_POINT ( 'NONE',  ( 1.520632937499997617, 0.8779378358042356778, -4.864583332650533443 ) ) ;
#4351 = CARTESIAN_POINT ( 'NONE',  ( -1.520632937499998061, 0.000000000000000000, -13.21874999931720041 ) ) ;
#4352 = CARTESIAN_POINT ( 'NONE',  ( 3.225491281404032925E-16, -1.755875671608470467, -10.53124999931720041 ) ) ;
#4353 = CARTESIAN_POINT ( 'NONE',  ( -0.7603164687499980312, -1.316906753706353461, -3.572916665983867368 ) ) ;
#4354 = CARTESIAN_POINT ( 'NONE',  ( 0.6249999999999995559, -1.082531754730546414, -4.333333333333331261 ) ) ;
#4355 = CARTESIAN_POINT ( 'NONE',  ( -0.7603164687499980312, -1.316906753706353461, -12.63541666598386648 ) ) ;
#4356 = EDGE_CURVE ( 'NONE', #2583, #536, #1471, .T. ) ;
#4357 = PERSON ( 'UNSPECIFIED', 'UNSPECIFIED', 'UNSPECIFIED', ('UNSPECIFIED'), ('UNSPECIFIED'), ('UNSPECIFIED') ) ;
#4358 = CARTESIAN_POINT ( 'NONE',  ( 1.249999999999998002, 1.530808498934189105E-16, -15.24999999999999822 ) ) ;
#4359 = VERTEX_POINT ( 'NONE', #5346 ) ;
#4360 = CARTESIAN_POINT ( 'NONE',  ( 1.520632937499997617, 0.8779378358042356778, -4.427083332650534331 ) ) ;
#4361 = FACE_OUTER_BOUND ( 'NONE', #3902, .T. ) ;
#4362 = CARTESIAN_POINT ( 'NONE',  ( 0.000000000000000000, 0.000000000000000000, 0.000000000000000000 ) ) ;
#4363 = CARTESIAN_POINT ( 'NONE',  ( -1.249999999999998002, 0.000000000000000000, -5.374999998634403475 ) ) ;
#4364 = CARTESIAN_POINT ( 'NONE',  ( 1.520632937499998727, -0.8779378358042346786, -3.510416665983867368 ) ) ;
#4365 = CARTESIAN_POINT ( 'NONE',  ( 0.000000000000000000, 0.000000000000000000, 0.000000000000000000 ) ) ;
#4366 = EDGE_LOOP ( 'NONE', ( #1691, #5768, #993, #5160 ) ) ;
#4367 = CARTESIAN_POINT ( 'NONE',  ( 0.000000000000000000, 0.000000000000000000, -2.000000000000000000 ) ) ;
#4368 = CARTESIAN_POINT ( 'NONE',  ( 1.520632937499997617, 0.8779378358042356778, -17.86458333265053611 ) ) ;
#4369 = CARTESIAN_POINT ( 'NONE',  ( 1.520632937499997617, 0.8779378358042356778, -5.927083332650533443 ) ) ;
#4370 = CARTESIAN_POINT ( 'NONE',  ( -1.520632937499998727, 0.8779378358042350117, -8.697916665983866480 ) ) ;
#4371 = CARTESIAN_POINT ( 'NONE',  ( 1.249999999999998002, 1.530808498934189105E-16, -9.624999998634402587 ) ) ;
#4372 = CARTESIAN_POINT ( 'NONE',  ( -1.249999999999998002, 0.000000000000000000, -10.99999999999999822 ) ) ;
#4373 = AXIS2_PLACEMENT_3D ( 'NONE', #3046, #4572, #1912 ) ;
#4374 = ORIENTED_EDGE ( 'NONE', *, *, #177, .T. ) ;
#4375 = VERTEX_POINT ( 'NONE', #6034 ) ;
#4376 = CARTESIAN_POINT ( 'NONE',  ( -0.7603164687499992525, 1.316906753706352795, -10.73958333265053255 ) ) ;
#4377 = CARTESIAN_POINT ( 'NONE',  ( 0.6249999999999995559, -1.082531754730546414, -5.708333331967736513 ) ) ;
#4378 = CARTESIAN_POINT ( 'NONE',  ( -1.520632937499998283, 0.8779378358042350117, -15.69791666598386648 ) ) ;
#4379 =( BOUNDED_CURVE ( )  B_SPLINE_CURVE ( 2, ( #145, #6612, #4918, #3877, #2325, #2781, #6576 ),
 .UNSPECIFIED., .F., .T. ) 
 B_SPLINE_CURVE_WITH_KNOTS ( ( 3, 2, 2, 3 ),
 ( 0.8513513513513514264, 0.8558558558558559959, 0.8603603603603603434, 0.8648648648648649129 ),
 .UNSPECIFIED. ) 
 CURVE ( )  GEOMETRIC_REPRESENTATION_ITEM ( )  RATIONAL_B_SPLINE_CURVE ( ( 0.9999999999999966693, 0.8660254037844420383, 1.000000000000000000, 0.8660254037844387076, 1.000000000000000000, 0.8660254037844387076, 1.000000000000000000 ) ) 
 REPRESENTATION_ITEM ( '' )  );
#4380 = CARTESIAN_POINT ( 'NONE',  ( -1.249999999999997558, -0.7216878364870317197, -12.45833333333332860 ) ) ;
#4381 = CIRCLE ( 'NONE', #2240, 4.650000000000001243 ) ;
#4382 = CARTESIAN_POINT ( 'NONE',  ( 0.000000000000000000, 0.000000000000000000, 0.000000000000000000 ) ) ;
#4383 = CARTESIAN_POINT ( 'NONE',  ( -1.249999999999997780, -0.7216878364870316087, -14.83333333196773474 ) ) ;
#4384 = CARTESIAN_POINT ( 'NONE',  ( 1.249999999999998002, -0.7216878364870306095, -2.166666665301070438 ) ) ;
#4385 = CARTESIAN_POINT ( 'NONE',  ( 0.7603164687499986973, 1.316906753706353017, -2.322916665983867368 ) ) ;
#4386 = CARTESIAN_POINT ( 'NONE',  ( 1.520632937499998283, -0.8779378358042346786, -12.51041666598386826 ) ) ;
#4387 = CARTESIAN_POINT ( 'NONE',  ( -1.075163760468011098E-16, 1.755875671608470467, -9.781249999317200405 ) ) ;
#4388 = CARTESIAN_POINT ( 'NONE',  ( -1.520632937499998061, 0.000000000000000000, -4.156249999317200405 ) ) ;
#4389 = CARTESIAN_POINT ( 'NONE',  ( -0.6249999999999982236, -1.082531754730547302, -7.416666666666663410 ) ) ;
#4390 = CARTESIAN_POINT ( 'NONE',  ( 1.520632937499998061, 1.862238259587409655E-16, -11.46874999931720041 ) ) ;
#4391 = DIRECTION ( 'NONE',  ( -0.000000000000000000, -0.000000000000000000, 1.000000000000000000 ) ) ;
#4392 = ORIENTED_EDGE ( 'NONE', *, *, #5355, .T. ) ;
#4393 = CARTESIAN_POINT ( 'NONE',  ( 3.225491281404032925E-16, -1.755875671608470467, -3.093749999317200405 ) ) ;
#4394 = CARTESIAN_POINT ( 'NONE',  ( -0.7603164687499992525, 1.316906753706352795, -1.239583332650533887 ) ) ;
#4395 = EDGE_CURVE ( 'NONE', #1455, #6353, #5385, .T. ) ;
#4396 = CARTESIAN_POINT ( 'NONE',  ( 2.651438096812262973E-16, -1.443375672974062107, -10.87499999999999822 ) ) ;
#4397 = DIRECTION ( 'NONE',  ( -0.7071067811865469066, 8.659560562354927928E-17, 0.7071067811865482389 ) ) ;
#4398 = CARTESIAN_POINT ( 'NONE',  ( 0.7603164687499996965, -1.316906753706352573, -14.55208333265053255 ) ) ;
#4399 = CARTESIAN_POINT ( 'NONE',  ( -0.6249999999999991118, 1.082531754730546636, -1.458333331967736957 ) ) ;
#4400 = CARTESIAN_POINT ( 'NONE',  ( 1.520632937499998727, -0.8779378358042346786, -5.010416665983866480 ) ) ;
#4401 = CARTESIAN_POINT ( 'NONE',  ( -1.249999999999998002, 0.000000000000000000, -10.37499999863440259 ) ) ;
#4402 = ORIENTED_EDGE ( 'NONE', *, *, #1973, .F. ) ;
#4403 = ADVANCED_FACE ( 'NONE', ( #6722 ), #3462, .F. ) ;
#4404 = FACE_OUTER_BOUND ( 'NONE', #6486, .T. ) ;
#4405 = CARTESIAN_POINT ( 'NONE',  ( 1.249999999999998002, 1.530808498934189105E-16, -12.62499999863440259 ) ) ;
#4406 = CARTESIAN_POINT ( 'NONE',  ( 1.520632937499998283, -0.8779378358042346786, -6.510416665983866480 ) ) ;
#4407 = CARTESIAN_POINT ( 'NONE',  ( 1.520632937499998061, 1.862238259587409655E-16, -10.40624999931720041 ) ) ;
#4408 = CARTESIAN_POINT ( 'NONE',  ( 0.000000000000000000, 0.000000000000000000, -2.000000000000000000 ) ) ;
#4409 = CARTESIAN_POINT ( 'NONE',  ( 1.249999999999998002, 1.530808498934189105E-16, -11.24999999999999822 ) ) ;
#4410 = B_SPLINE_CURVE_WITH_KNOTS ( 'NONE', 3,
 ( #3990, #2231, #6584, #2790, #82, #2368 ),
 .UNSPECIFIED., .F., .F.,
 ( 4, 2, 4 ),
 ( 8.538565358060763509E-18, 0.0005853589617861414129, 0.001170717923572274152 ),
 .UNSPECIFIED. ) ;
#4411 = EDGE_LOOP ( 'NONE', ( #5343, #4900, #712, #5647 ) ) ;
#4412 = DIRECTION ( 'NONE',  ( -0.000000000000000000, -0.000000000000000000, 1.000000000000000000 ) ) ;
#4413 = ORIENTED_EDGE ( 'NONE', *, *, #5935, .F. ) ;
#4414 = CARTESIAN_POINT ( 'NONE',  ( 0.7603164687499986973, 1.316906753706353017, -13.32291666598386648 ) ) ;
#4415 = CARTESIAN_POINT ( 'NONE',  ( -8.838126989374211143E-17, 1.443375672974062107, -4.999999998634403475 ) ) ;
#4416 = CARTESIAN_POINT ( 'NONE',  ( 1.520632937499998061, 1.862238259587409655E-16, -17.40624999931720041 ) ) ;
#4417 = CARTESIAN_POINT ( 'NONE',  ( -1.250000000000015321, -0.7216878364870213947, -11.33333333196773651 ) ) ;
#4418 = CARTESIAN_POINT ( 'NONE',  ( 0.6249999999999995559, -1.082531754730546414, -15.70833333196773651 ) ) ;
#4419 = CARTESIAN_POINT ( 'NONE',  ( -1.249999999999998002, 0.000000000000000000, -7.999999999999996447 ) ) ;
#4420 = CARTESIAN_POINT ( 'NONE',  ( -1.520632937499998283, 0.8779378358042350117, -3.197916665983866924 ) ) ;
#4421 = CARTESIAN_POINT ( 'NONE',  ( 3.225491281404032925E-16, -1.755875671608470467, -14.09374999931719863 ) ) ;
#4422 = CARTESIAN_POINT ( 'NONE',  ( 0.7603164687499996965, -1.316906753706352573, -8.989583332650532554 ) ) ;
#4423 = CARTESIAN_POINT ( 'NONE',  ( -1.520632937499998061, 0.000000000000000000, -2.656249999317200849 ) ) ;
#4424 = CARTESIAN_POINT ( 'NONE',  ( 0.6249999999999986677, 1.082531754730546858, -5.666666666666663410 ) ) ;
#4425 = CARTESIAN_POINT ( 'NONE',  ( -1.075163760468011222E-16, 1.755875671608470023, -15.84374999931720218 ) ) ;
#4426 = CARTESIAN_POINT ( 'NONE',  ( -1.520632937499998061, 0.000000000000000000, -5.718749999317200405 ) ) ;
#4427 = CARTESIAN_POINT ( 'NONE',  ( -1.520632937499997617, -0.8779378358042361219, -0.6145833326505341088 ) ) ;
#4428 = CARTESIAN_POINT ( 'NONE',  ( 1.249999999999998002, -0.7216878364870306095, -15.16666666530107044 ) ) ;
#4429 = CARTESIAN_POINT ( 'NONE',  ( 1.249999999999998002, 1.530808498934189105E-16, -9.624999998634402587 ) ) ;
#4430 = DIRECTION ( 'NONE',  ( -0.000000000000000000, -0.000000000000000000, 1.000000000000000000 ) ) ;
#4431 = CARTESIAN_POINT ( 'NONE',  ( 1.249999999999998002, 0.7216878364870314977, 0.2916666666666693497 ) ) ;
#4432 = CARTESIAN_POINT ( 'NONE',  ( 3.225491281404033418E-16, -1.755875671608470023, -4.093749999317200405 ) ) ;
#4433 = ADVANCED_FACE ( 'NONE', ( #4991 ), #3438, .F. ) ;
#4434 = CARTESIAN_POINT ( 'NONE',  ( -1.249999999999998002, 0.000000000000000000, -1.499999999999997335 ) ) ;
#4435 = VERTEX_POINT ( 'NONE', #6173 ) ;
#4436 = CARTESIAN_POINT ( 'NONE',  ( 2.651438096812262973E-16, -1.443375672974062107, -2.874999999999996891 ) ) ;
#4437 = CARTESIAN_POINT ( 'NONE',  ( 2.651438096812262973E-16, -1.443375672974062107, -12.74999999863440259 ) ) ;
#4438 = CARTESIAN_POINT ( 'NONE',  ( 1.520632937499998061, 1.862238259587409655E-16, -8.468749999317200405 ) ) ;
#4439 = CARTESIAN_POINT ( 'NONE',  ( 1.520632937499998061, 1.862238259587409655E-16, -11.40624999931720041 ) ) ;
#4440 = CARTESIAN_POINT ( 'NONE',  ( -3.300000000000002487, 4.041334437186268961E-16, -2.000000000000000000 ) ) ;
#4441 = CARTESIAN_POINT ( 'NONE',  ( -1.249999999999998002, 0.000000000000000000, -11.87499999863440259 ) ) ;
#4442 = CARTESIAN_POINT ( 'NONE',  ( 1.249999999999998002, 1.530808498934189105E-16, -13.74999999999999645 ) ) ;
#4443 = ADVANCED_FACE ( 'NONE', ( #4060 ), #2927, .T. ) ;
#4444 = EDGE_CURVE ( 'NONE', #6317, #4122, #246, .T. ) ;
#4445 = ORIENTED_EDGE ( 'NONE', *, *, #3407, .T. ) ;
#4446 = CARTESIAN_POINT ( 'NONE',  ( 0.6249999999999986677, 1.082531754730546858, -8.541666665301068662 ) ) ;
#4447 = VERTEX_POINT ( 'NONE', #3355 ) ;
#4448 = CARTESIAN_POINT ( 'NONE',  ( 3.225491281404032925E-16, -1.755875671608470467, -13.53124999931720041 ) ) ;
#4449 = CARTESIAN_POINT ( 'NONE',  ( 1.249999999999998224, -0.7216878364870306095, -4.166666665301071326 ) ) ;
#4450 = CARTESIAN_POINT ( 'NONE',  ( -1.075163760468011098E-16, 1.755875671608470467, -15.78124999931720218 ) ) ;
#4451 = CARTESIAN_POINT ( 'NONE',  ( 1.249999999999998002, 1.530808498934189105E-16, -4.249999999999996447 ) ) ;
#4452 = CIRCLE ( 'NONE', #5824, 2.500000000000000000 ) ;
#4453 = CARTESIAN_POINT ( 'NONE',  ( 1.249999999999998002, 0.7216878364870314977, -15.08333333196773474 ) ) ;
#4454 = CARTESIAN_POINT ( 'NONE',  ( 0.6249999999999995559, -1.082531754730546414, -2.208333331967736957 ) ) ;
#4455 = CARTESIAN_POINT ( 'NONE',  ( 1.520632937499997617, 0.8779378358042356778, -6.364583332650534331 ) ) ;
#4456 = CARTESIAN_POINT ( 'NONE',  ( 1.520632937499997617, 0.8779378358042356778, -14.92708333265053255 ) ) ;
#4457 = CARTESIAN_POINT ( 'NONE',  ( -1.075163760468011098E-16, 1.755875671608470467, -10.28124999931719685 ) ) ;
#4458 = CIRCLE ( 'NONE', #3998, 1.750000000000001554 ) ;
#4459 = CARTESIAN_POINT ( 'NONE',  ( -0.7603164687499980312, -1.316906753706353461, -2.072916665983867812 ) ) ;
#4460 = CARTESIAN_POINT ( 'NONE',  ( 2.651438096812262973E-16, -1.443375672974062107, -5.874999999999996447 ) ) ;
#4461 = CARTESIAN_POINT ( 'NONE',  ( -1.520632937499998061, 0.000000000000000000, -13.71874999931720041 ) ) ;
#4462 = VECTOR ( 'NONE', #4391, 1000.000000000000000 ) ;
#4463 = CARTESIAN_POINT ( 'NONE',  ( 1.249999999999998002, 1.530808498934189105E-16, -16.24999999999999645 ) ) ;
#4464 = CARTESIAN_POINT ( 'NONE',  ( -1.520632937499998283, 0.8779378358042350117, -7.260416665983866480 ) ) ;
#4465 = CARTESIAN_POINT ( 'NONE',  ( 0.7603164687499996965, -1.316906753706352573, -1.989583332650533887 ) ) ;
#4466 = DIRECTION ( 'NONE',  ( -0.000000000000000000, -0.000000000000000000, 1.000000000000000000 ) ) ;
#4467 = CARTESIAN_POINT ( 'NONE',  ( -8.838126989374211143E-17, 1.443375672974062107, -12.49999999863440259 ) ) ;
#4468 = CARTESIAN_POINT ( 'NONE',  ( -1.250000000000015765, 0.7216878364870206175, -17.04166666666666430 ) ) ;
#4469 = CARTESIAN_POINT ( 'NONE',  ( 1.249999999999997780, 0.7216878364870316087, -8.708333333333330373 ) ) ;
#4470 = CARTESIAN_POINT ( 'NONE',  ( 0.7603164687499996965, -1.316906753706352573, -7.552083332650533443 ) ) ;
#4471 =( BOUNDED_CURVE ( )  B_SPLINE_CURVE ( 2, ( #3162, #1445, #4758, #1553, #912, #3656, #3725 ),
 .UNSPECIFIED., .F., .T. ) 
 B_SPLINE_CURVE_WITH_KNOTS ( ( 3, 2, 2, 3 ),
 ( 0.6756756756756756577, 0.6801801801801802272, 0.6846846846846846857, 0.6891891891891891442 ),
 .UNSPECIFIED. ) 
 CURVE ( )  GEOMETRIC_REPRESENTATION_ITEM ( )  RATIONAL_B_SPLINE_CURVE ( ( 1.000000000000000000, 0.8660254037844387076, 1.000000000000000000, 0.8660254037844387076, 1.000000000000000000, 0.8660254037844387076, 1.000000000000000000 ) ) 
 REPRESENTATION_ITEM ( '' )  );
#4472 = CARTESIAN_POINT ( 'NONE',  ( 1.249999999999998002, 1.530808498934189105E-16, -6.124999998634403475 ) ) ;
#4473 = ORIENTED_EDGE ( 'NONE', *, *, #4140, .T. ) ;
#4474 = CARTESIAN_POINT ( 'NONE',  ( -0.6249999999999991118, 1.082531754730546636, -11.45833333196773651 ) ) ;
#4475 = CARTESIAN_POINT ( 'NONE',  ( 3.225491281404032925E-16, -1.755875671608470467, -9.593749999317200405 ) ) ;
#4476 = CARTESIAN_POINT ( 'NONE',  ( 1.520632937499997617, 0.8779378358042356778, -9.864583332650532554 ) ) ;
#4477 = CARTESIAN_POINT ( 'NONE',  ( -8.838126989374211143E-17, 1.443375672974062107, -11.62500000000000000 ) ) ;
#4478 = CARTESIAN_POINT ( 'NONE',  ( -1.249999999999998002, 0.000000000000000000, -5.999999999999996447 ) ) ;
#4479 = CARTESIAN_POINT ( 'NONE',  ( -0.6249999999999991118, 1.082531754730546636, -14.08333333333333215 ) ) ;
#4480 = ORIENTED_EDGE ( 'NONE', *, *, #6925, .T. ) ;
#4481 = CARTESIAN_POINT ( 'NONE',  ( -0.9325723458281558464, 1.201096728164074090, -0.2293670624999990804 ) ) ;
#4482 = ORIENTED_EDGE ( 'NONE', *, *, #152, .T. ) ;
#4483 = CARTESIAN_POINT ( 'NONE',  ( 1.520632937499997617, 0.8779378358042356778, -14.86458333265053255 ) ) ;
#4484 = CARTESIAN_POINT ( 'NONE',  ( -1.249999999999998224, 0.7216878364870308316, -3.416666665301069994 ) ) ;
#4485 = CARTESIAN_POINT ( 'NONE',  ( 1.520632937499998283, -0.8779378358042346786, -1.010416665983867368 ) ) ;
#4486 = CARTESIAN_POINT ( 'NONE',  ( -1.249999999999998002, 0.000000000000000000, -13.49999999999999822 ) ) ;
#4487 = EDGE_CURVE ( 'NONE', #3179, #544, #2756, .T. ) ;
#4488 = VECTOR ( 'NONE', #6972, 1000.000000000000000 ) ;
#4489 = CARTESIAN_POINT ( 'NONE',  ( 1.249999999999998224, -0.7216878364870306095, -17.16666666530107221 ) ) ;
#4490 = CARTESIAN_POINT ( 'NONE',  ( -0.6249999999999991118, 1.082531754730546636, -6.458333331967737401 ) ) ;
#4491 = CARTESIAN_POINT ( 'NONE',  ( -0.7603164687499992525, 1.316906753706352795, -5.239583332650533443 ) ) ;
#4492 = VECTOR ( 'NONE', #4637, 999.9999999999998863 ) ;
#4493 = CARTESIAN_POINT ( 'NONE',  ( -1.520632937499998061, 0.000000000000000000, -14.21874999931719863 ) ) ;
#4494 = EDGE_CURVE ( 'NONE', #2652, #3059, #5017, .T. ) ;
#4495 = CARTESIAN_POINT ( 'NONE',  ( -0.7603164687499980312, -1.316906753706353461, -5.572916665983866480 ) ) ;
#4496 = CARTESIAN_POINT ( 'NONE',  ( 1.249999999999998002, 0.7216878364870314977, -7.208333333333330373 ) ) ;
#4497 = CARTESIAN_POINT ( 'NONE',  ( 0.7603164687499996965, -1.316906753706352573, -14.55208333265053255 ) ) ;
#4498 = CARTESIAN_POINT ( 'NONE',  ( 2.651438096812262973E-16, -1.443375672974062107, -17.37499999999999289 ) ) ;
#4499 = CARTESIAN_POINT ( 'NONE',  ( 3.225491281404032925E-16, -1.755875671608470467, -6.593749999317200405 ) ) ;
#4500 = CARTESIAN_POINT ( 'NONE',  ( -0.7603164687499992525, 1.316906753706352795, -2.239583332650534331 ) ) ;
#4501 = CARTESIAN_POINT ( 'NONE',  ( 0.000000000000000000, 0.000000000000000000, 0.000000000000000000 ) ) ;
#4502 = CARTESIAN_POINT ( 'NONE',  ( -8.838126989374211143E-17, 1.443375672974062107, -11.49999999863440259 ) ) ;
#4503 = CARTESIAN_POINT ( 'NONE',  ( 2.651438096812262973E-16, -1.443375672974062107, -16.87499999999999289 ) ) ;
#4504 = CARTESIAN_POINT ( 'NONE',  ( 1.250000000000000444, 0.7216878364870301654, -1.583333331967737401 ) ) ;
#4505 = CARTESIAN_POINT ( 'NONE',  ( 1.520632937499997617, 0.8779378358042356778, -7.427083332650533443 ) ) ;
#4506 = CC_DESIGN_PERSON_AND_ORGANIZATION_ASSIGNMENT ( #6521, #1143, ( #5735 ) ) ;
#4507 = ORIENTED_EDGE ( 'NONE', *, *, #1752, .F. ) ;
#4508 = CARTESIAN_POINT ( 'NONE',  ( 1.249999999999998002, 1.530808498934189105E-16, -17.12499999863440436 ) ) ;
#4509 = CARTESIAN_POINT ( 'NONE',  ( 1.520632937499998061, 1.862238259587409655E-16, -8.968749999317200405 ) ) ;
#4510 = CARTESIAN_POINT ( 'NONE',  ( -1.520632937499998727, 0.8779378358042350117, -11.19791666598386826 ) ) ;
#4511 = DIRECTION ( 'NONE',  ( -0.000000000000000000, -0.000000000000000000, 1.000000000000000000 ) ) ;
#4512 = CARTESIAN_POINT ( 'NONE',  ( 0.000000000000000000, 0.000000000000000000, 0.000000000000000000 ) ) ;
#4513 =( BOUNDED_CURVE ( )  B_SPLINE_CURVE ( 2, ( #3529, #4700, #5693, #816, #4092, #1384, #5842 ),
 .UNSPECIFIED., .F., .T. ) 
 B_SPLINE_CURVE_WITH_KNOTS ( ( 3, 2, 2, 3 ),
 ( 0.7027027027027027417, 0.7072072072072072002, 0.7117117117117116587, 0.7162162162162162282 ),
 .UNSPECIFIED. ) 
 CURVE ( )  GEOMETRIC_REPRESENTATION_ITEM ( )  RATIONAL_B_SPLINE_CURVE ( ( 1.000000000000000000, 0.8660254037844387076, 1.000000000000000000, 0.8660254037844387076, 1.000000000000000000, 0.8660254037844387076, 1.000000000000000000 ) ) 
 REPRESENTATION_ITEM ( '' )  );
#4514 = CARTESIAN_POINT ( 'NONE',  ( 1.249999999999998002, 1.530808498934189105E-16, -15.74999999999999645 ) ) ;
#4515 =( BOUNDED_CURVE ( )  B_SPLINE_CURVE ( 2, ( #1581, #1504, #4856, #5967, #5856, #5892, #978 ),
 .UNSPECIFIED., .F., .T. ) 
 B_SPLINE_CURVE_WITH_KNOTS ( ( 3, 2, 2, 3 ),
 ( 0.08108108108108108558, 0.08558558558558558571, 0.09009009009009008584, 0.09459459459459459985 ),
 .UNSPECIFIED. ) 
 CURVE ( )  GEOMETRIC_REPRESENTATION_ITEM ( )  RATIONAL_B_SPLINE_CURVE ( ( 1.000000000000000000, 0.8660254037844387076, 1.000000000000000000, 0.8660254037844387076, 1.000000000000000000, 0.8660254037844387076, 1.000000000000000000 ) ) 
 REPRESENTATION_ITEM ( '' )  );
#4516 = ORIENTED_EDGE ( 'NONE', *, *, #2206, .F. ) ;
#4517 = CARTESIAN_POINT ( 'NONE',  ( -1.249999999999998002, 0.000000000000000000, -12.37499999863440259 ) ) ;
#4518 = ORIENTED_EDGE ( 'NONE', *, *, #397, .T. ) ;
#4519 = CARTESIAN_POINT ( 'NONE',  ( 0.7603164687499996965, -1.316906753706352573, -13.48958333265053255 ) ) ;
#4520 = CARTESIAN_POINT ( 'NONE',  ( 0.6249999999999986677, 1.082531754730546858, -3.541666665301070438 ) ) ;
#4521 = CARTESIAN_POINT ( 'NONE',  ( 1.520632937499997617, 0.8779378358042356778, 0.07291666734946600226 ) ) ;
#4522 = DIRECTION ( 'NONE',  ( -1.000000000000000000, 0.000000000000000000, 0.000000000000000000 ) ) ;
#4523 = CARTESIAN_POINT ( 'NONE',  ( -0.6249999999999982236, -1.082531754730547302, -16.29166666530107221 ) ) ;
#4524 = ADVANCED_FACE ( 'NONE', ( #4591 ), #4023, .F. ) ;
#4525 = CARTESIAN_POINT ( 'NONE',  ( 1.249999999999998002, -0.7216878364870306095, -9.166666665301070438 ) ) ;
#4526 = ORIENTED_EDGE ( 'NONE', *, *, #5182, .F. ) ;
#4527 = CARTESIAN_POINT ( 'NONE',  ( -1.520632937499998283, 0.8779378358042350117, -6.197916665983866480 ) ) ;
#4528 = CARTESIAN_POINT ( 'NONE',  ( -0.7603164687499980312, -1.316906753706353461, -16.13541666598386826 ) ) ;
#4529 = CARTESIAN_POINT ( 'NONE',  ( 0.7603164687499986973, 1.316906753706353017, -11.82291666598386648 ) ) ;
#4530 = CARTESIAN_POINT ( 'NONE',  ( -1.520632937499998061, 0.000000000000000000, -5.156249999317200405 ) ) ;
#4531 = CARTESIAN_POINT ( 'NONE',  ( 0.6249999999999995559, -1.082531754730546414, -8.333333333333332149 ) ) ;
#4532 = CARTESIAN_POINT ( 'NONE',  ( -1.520632937499997617, -0.8779378358042360109, -14.67708333265053433 ) ) ;
#4533 = CARTESIAN_POINT ( 'NONE',  ( -0.6249999999999991118, 1.082531754730546636, -16.58333333333332860 ) ) ;
#4534 = CARTESIAN_POINT ( 'NONE',  ( -0.7603164687499980312, -1.316906753706353461, -7.135416665983866480 ) ) ;
#4535 = CARTESIAN_POINT ( 'NONE',  ( 1.520632937499997617, 0.8779378358042356778, -3.864583332650533443 ) ) ;
#4536 = DIRECTION ( 'NONE',  ( -0.000000000000000000, -0.000000000000000000, 1.000000000000000000 ) ) ;
#4537 = CARTESIAN_POINT ( 'NONE',  ( 0.6249999999999995559, -1.082531754730546414, -11.70833333196773651 ) ) ;
#4538 = LINE ( 'NONE', #5740, #3259 ) ;
#4539 = CARTESIAN_POINT ( 'NONE',  ( 1.249999999999998002, 1.530808498934189105E-16, -13.74999999999999645 ) ) ;
#4540 = CARTESIAN_POINT ( 'NONE',  ( 3.225491281404033418E-16, -1.755875671608470023, -6.593749999317200405 ) ) ;
#4541 = CARTESIAN_POINT ( 'NONE',  ( -0.6249999999999991118, 1.082531754730546636, -9.958333331967736513 ) ) ;
#4542 = ORIENTED_EDGE ( 'NONE', *, *, #2545, .T. ) ;
#4543 = CARTESIAN_POINT ( 'NONE',  ( -1.249999999999997558, -0.7216878364870317197, -15.45833333333332860 ) ) ;
#4544 = CARTESIAN_POINT ( 'NONE',  ( 1.249999999999998002, -0.7216878364870306095, -4.291666666666664298 ) ) ;
#4545 = CARTESIAN_POINT ( 'NONE',  ( 1.520632937499998283, -0.8779378358042346786, -9.510416665983864704 ) ) ;
#4546 = CARTESIAN_POINT ( 'NONE',  ( -1.520632937499998061, 0.000000000000000000, -9.656249999317200405 ) ) ;
#4547 = CARTESIAN_POINT ( 'NONE',  ( 0.6249999999999995559, -1.082531754730546414, -7.708333331967736513 ) ) ;
#4548 = CYLINDRICAL_SURFACE ( 'NONE', #937, 1.249999999999998002 ) ;
#4549 = EDGE_LOOP ( 'NONE', ( #5397, #2719, #4917, #2036 ) ) ;
#4550 = CARTESIAN_POINT ( 'NONE',  ( 1.249999999999998002, 1.530808498934189105E-16, -2.124999998634403919 ) ) ;
#4551 = ORIENTED_EDGE ( 'NONE', *, *, #4575, .T. ) ;
#4552 = CARTESIAN_POINT ( 'NONE',  ( -1.520632937499998061, 0.000000000000000000, -14.15624999931719863 ) ) ;
#4553 = CARTESIAN_POINT ( 'NONE',  ( 1.249999999999998224, -0.7216878364870306095, -7.666666665301070438 ) ) ;
#4554 = CARTESIAN_POINT ( 'NONE',  ( 0.7603164687499996965, -1.316906753706352573, -1.552083332650533887 ) ) ;
#4555 =( BOUNDED_CURVE ( )  B_SPLINE_CURVE ( 2, ( #4084, #6164, #1376, #5089, #3418, #1272, #5618 ),
 .UNSPECIFIED., .F., .T. ) 
 B_SPLINE_CURVE_WITH_KNOTS ( ( 3, 2, 2, 3 ),
 ( 0.3918918918918918859, 0.3963963963963963999, 0.4009009009009009139, 0.4054054054054054279 ),
 .UNSPECIFIED. ) 
 CURVE ( )  GEOMETRIC_REPRESENTATION_ITEM ( )  RATIONAL_B_SPLINE_CURVE ( ( 1.000000000000000000, 0.8660254037844387076, 1.000000000000000000, 0.8660254037844387076, 1.000000000000000000, 0.8660254037844387076, 1.000000000000000000 ) ) 
 REPRESENTATION_ITEM ( '' )  );
#4556 = DIRECTION ( 'NONE',  ( -1.000000000000000000, 0.000000000000000000, 0.000000000000000000 ) ) ;
#4557 = CARTESIAN_POINT ( 'NONE',  ( 0.6249999999999995559, -1.082531754730546414, -17.70833333196773651 ) ) ;
#4558 = CARTESIAN_POINT ( 'NONE',  ( 0.000000000000000000, 0.000000000000000000, 0.000000000000000000 ) ) ;
#4559 = EDGE_LOOP ( 'NONE', ( #769, #389, #6053, #7 ) ) ;
#4560 = CARTESIAN_POINT ( 'NONE',  ( 1.520632937499998283, -0.8779378358042346786, -5.947916665983866480 ) ) ;
#4561 = CARTESIAN_POINT ( 'NONE',  ( -1.520632937499997617, -0.8779378358042361219, -13.67708333265053255 ) ) ;
#4562 = CARTESIAN_POINT ( 'NONE',  ( 1.520632937499997617, 0.8779378358042356778, -4.864583332650533443 ) ) ;
#4563 = B_SPLINE_CURVE_WITH_KNOTS ( 'NONE', 3,
 ( #47, #1540, #6510, #3714, #4280, #6475, #1614, #2229, #2196, #1039 ),
 .UNSPECIFIED., .F., .F.,
 ( 4, 2, 2, 2, 4 ),
 ( 2.919697894951962683E-20, 0.0005059841822350415229, 0.001011968364470083046, 0.001517952546705124894, 0.002023936728940166959 ),
 .UNSPECIFIED. ) ;
#4564 = AXIS2_PLACEMENT_3D ( 'NONE', #4176, #5965, #3290 ) ;
#4565 = CARTESIAN_POINT ( 'NONE',  ( 1.249999999999998002, 0.7216878364870314977, -10.70833333333333037 ) ) ;
#4566 = CARTESIAN_POINT ( 'NONE',  ( 0.7603164687499996965, -1.316906753706352573, -15.55208333265053078 ) ) ;
#4567 =( BOUNDED_CURVE ( )  B_SPLINE_CURVE ( 2, ( #5505, #4468, #1120, #3302, #3405, #1155, #6564 ),
 .UNSPECIFIED., .F., .T. ) 
 B_SPLINE_CURVE_WITH_KNOTS ( ( 3, 2, 2, 3 ),
 ( 0.9459459459459458319, 0.9504504504504502904, 0.9549549549549548599, 0.9594594594594593184 ),
 .UNSPECIFIED. ) 
 CURVE ( )  GEOMETRIC_REPRESENTATION_ITEM ( )  RATIONAL_B_SPLINE_CURVE ( ( 1.000000000000003331, 0.8660254037844353769, 1.000000000000000000, 0.8660254037844387076, 1.000000000000000000, 0.8660254037844420383, 0.9999999999999966693 ) ) 
 REPRESENTATION_ITEM ( '' )  );
#4568 = CIRCLE ( 'NONE', #1501, 2.500000000000000000 ) ;
#4569 = CARTESIAN_POINT ( 'NONE',  ( -1.249999999999998224, 0.7216878364870308316, -16.54166666666666075 ) ) ;
#4570 = CARTESIAN_POINT ( 'NONE',  ( -0.7603164687499992525, 1.316906753706352795, -6.302083332650533443 ) ) ;
#4571 = CARTESIAN_POINT ( 'NONE',  ( -0.7603164687499980312, -1.316906753706353461, -4.072916665983867368 ) ) ;
#4572 = DIRECTION ( 'NONE',  ( -0.000000000000000000, -0.000000000000000000, 1.000000000000000000 ) ) ;
#4573 = CARTESIAN_POINT ( 'NONE',  ( -0.6249999999999982236, -1.082531754730547302, -13.29166666530107044 ) ) ;
#4574 = CARTESIAN_POINT ( 'NONE',  ( -1.249999999999998224, 0.7216878364870308316, -2.041666666666663854 ) ) ;
#4575 = EDGE_CURVE ( 'NONE', #1490, #3522, #2386, .T. ) ;
#4576 = CARTESIAN_POINT ( 'NONE',  ( -1.520632937499997617, -0.8779378358042360109, -8.177083332650534331 ) ) ;
#4577 = ORIENTED_EDGE ( 'NONE', *, *, #6773, .F. ) ;
#4578 = FACE_OUTER_BOUND ( 'NONE', #4685, .T. ) ;
#4579 = DIRECTION ( 'NONE',  ( 1.000000000000000000, 0.000000000000000000, 0.000000000000000000 ) ) ;
#4580 = CARTESIAN_POINT ( 'NONE',  ( -1.520632937499998061, 0.000000000000000000, -7.718749999317200405 ) ) ;
#4581 = CARTESIAN_POINT ( 'NONE',  ( 0.7603164687499986973, 1.316906753706353017, -12.32291666598386648 ) ) ;
#4582 = CARTESIAN_POINT ( 'NONE',  ( -0.7603164687499980312, -1.316906753706353461, -2.135416665983867368 ) ) ;
#4583 = CARTESIAN_POINT ( 'NONE',  ( -1.487740472715104456, 6.233605347491150371E-13, -17.73774047271510312 ) ) ;
#4584 = CARTESIAN_POINT ( 'NONE',  ( 0.6249999999999986677, 1.082531754730546858, -15.66666666666666252 ) ) ;
#4585 = ORIENTED_EDGE ( 'NONE', *, *, #6592, .F. ) ;
#4586 = CARTESIAN_POINT ( 'NONE',  ( -8.838126989374211143E-17, 1.443375672974062107, -1.999999998634403697 ) ) ;
#4587 = ORIENTED_EDGE ( 'NONE', *, *, #6814, .F. ) ;
#4588 = CARTESIAN_POINT ( 'NONE',  ( -1.520632937499998283, 0.8779378358042350117, -16.69791666598387181 ) ) ;
#4589 = CARTESIAN_POINT ( 'NONE',  ( 1.249999999999998224, -0.7216878364870306095, -8.166666665301068662 ) ) ;
#4590 = CARTESIAN_POINT ( 'NONE',  ( 1.520632937499997617, 0.8779378358042356778, -0.4270833326505338867 ) ) ;
#4591 = FACE_OUTER_BOUND ( 'NONE', #4054, .T. ) ;
#4592 = CARTESIAN_POINT ( 'NONE',  ( 0.6249999999999995559, -1.082531754730546414, -18.20833333196773651 ) ) ;
#4593 = CARTESIAN_POINT ( 'NONE',  ( 0.000000000000000000, 0.000000000000000000, -2.000000000000000000 ) ) ;
#4594 = ORIENTED_EDGE ( 'NONE', *, *, #6247, .T. ) ;
#4595 = CARTESIAN_POINT ( 'NONE',  ( -1.520632937499997617, -0.8779378358042361219, -5.614583332650533443 ) ) ;
#4596 = CARTESIAN_POINT ( 'NONE',  ( 1.520632937499997617, 0.8779378358042356778, -17.92708333265053611 ) ) ;
#4597 = CARTESIAN_POINT ( 'NONE',  ( -0.7603164687499992525, 1.316906753706352795, -10.73958333265053255 ) ) ;
#4598 = CARTESIAN_POINT ( 'NONE',  ( -1.520632937499997617, -0.8779378358042360109, -5.614583332650533443 ) ) ;
#4599 = VECTOR ( 'NONE', #2139, 1000.000000000000000 ) ;
#4600 = CARTESIAN_POINT ( 'NONE',  ( -0.6249999999999991118, 1.082531754730546636, -8.583333333333332149 ) ) ;
#4601 = CARTESIAN_POINT ( 'NONE',  ( -1.520632937499998061, 0.000000000000000000, -17.71874999931720041 ) ) ;
#4602 = VECTOR ( 'NONE', #1054, 1000.000000000000000 ) ;
#4603 = CARTESIAN_POINT ( 'NONE',  ( -0.1937358467757754610, 1.508241012664735647, -17.77063293750047634 ) ) ;
#4604 = CARTESIAN_POINT ( 'NONE',  ( 0.6249999999999995559, -1.082531754730546414, -16.83333333333332860 ) ) ;
#4605 = CARTESIAN_POINT ( 'NONE',  ( 1.520632937499997617, 0.8779378358042356778, -9.927083332650534331 ) ) ;
#4606 = CARTESIAN_POINT ( 'NONE',  ( 0.7603164687499996965, -1.316906753706352573, -3.489583332650533887 ) ) ;
#4607 = CARTESIAN_POINT ( 'NONE',  ( 1.249999999999998002, 0.000000000000000000, 0.000000000000000000 ) ) ;
#4608 =( BOUNDED_CURVE ( )  B_SPLINE_CURVE ( 2, ( #3314, #1102, #1677, #3284, #5449, #574, #41 ),
 .UNSPECIFIED., .F., .T. ) 
 B_SPLINE_CURVE_WITH_KNOTS ( ( 3, 2, 2, 3 ),
 ( 0.2567567567567567988, 0.2612612612612613128, 0.2657657657657657713, 0.2702702702702702853 ),
 .UNSPECIFIED. ) 
 CURVE ( )  GEOMETRIC_REPRESENTATION_ITEM ( )  RATIONAL_B_SPLINE_CURVE ( ( 0.9999999999999983347, 0.8660254037844403729, 1.000000000000000000, 0.8660254037844387076, 1.000000000000000000, 0.8660254037844387076, 1.000000000000000000 ) ) 
 REPRESENTATION_ITEM ( '' )  );
#4609 = CARTESIAN_POINT ( 'NONE',  ( -1.249999999999998224, 0.7216878364870308316, -1.541666666666663854 ) ) ;
#4610 = CARTESIAN_POINT ( 'NONE',  ( 1.520632937499998727, -0.8779378358042346786, -8.010416665983866480 ) ) ;
#4611 = CARTESIAN_POINT ( 'NONE',  ( -4.900000000000000355, 6.000769315822031726E-16, -1.750000000000003331 ) ) ;
#4612 = ADVANCED_FACE ( 'NONE', ( #253 ), #6688, .F. ) ;
#4613 = EDGE_LOOP ( 'NONE', ( #4594, #857, #5865, #2887 ) ) ;
#4614 = CARTESIAN_POINT ( 'NONE',  ( 1.249999999999980460, -0.7216878364870409346, -15.29166666666666430 ) ) ;
#4615 = CYLINDRICAL_SURFACE ( 'NONE', #859, 1.249999999999998002 ) ;
#4616 = CARTESIAN_POINT ( 'NONE',  ( -1.520632937499998283, 0.8779378358042350117, -12.26041666598386648 ) ) ;
#4617 = CARTESIAN_POINT ( 'NONE',  ( 0.7603164687499986973, 1.316906753706353017, -14.82291666598386648 ) ) ;
#4618 = CARTESIAN_POINT ( 'NONE',  ( 0.7603164687499996965, -1.316906753706352573, -2.052083332650533443 ) ) ;
#4619 = CARTESIAN_POINT ( 'NONE',  ( -1.249999999999998002, 0.7216878364870310536, -16.04166666666666075 ) ) ;
#4620 = CARTESIAN_POINT ( 'NONE',  ( -1.520632937499997617, -0.8779378358042361219, -0.1145833326505339839 ) ) ;
#4621 = ORIENTED_EDGE ( 'NONE', *, *, #6592, .T. ) ;
#4622 = ORIENTED_EDGE ( 'NONE', *, *, #3275, .F. ) ;
#4623 = CARTESIAN_POINT ( 'NONE',  ( 1.520632937499998283, -0.8779378358042346786, -15.44791666598386470 ) ) ;
#4624 = CARTESIAN_POINT ( 'NONE',  ( -0.6249999999999982236, -1.082531754730547302, -7.791666665301069550 ) ) ;
#4625 = CARTESIAN_POINT ( 'NONE',  ( -1.520632937499997617, -0.8779378358042361219, -0.6770833326505339977 ) ) ;
#4626 = CARTESIAN_POINT ( 'NONE',  ( -0.6249999999999982236, -1.082531754730547302, -4.916666666666664298 ) ) ;
#4627 = CARTESIAN_POINT ( 'NONE',  ( -0.7603164687499992525, 1.316906753706352795, -15.30208333265053255 ) ) ;
#4628 = CARTESIAN_POINT ( 'NONE',  ( -1.249999999999998224, 0.7216878364870308316, -16.41666666530107221 ) ) ;
#4629 = CYLINDRICAL_SURFACE ( 'NONE', #5517, 1.249999999999998002 ) ;
#4630 = ORIENTED_EDGE ( 'NONE', *, *, #278, .F. ) ;
#4631 = CARTESIAN_POINT ( 'NONE',  ( -0.7603164687499980312, -1.316906753706353461, -9.572916665983866480 ) ) ;
#4632 = CARTESIAN_POINT ( 'NONE',  ( -1.520632937499998061, 0.000000000000000000, -16.71874999931720041 ) ) ;
#4633 = CARTESIAN_POINT ( 'NONE',  ( -1.520632937499998061, 0.000000000000000000, -10.65624999931720041 ) ) ;
#4634 = CARTESIAN_POINT ( 'NONE',  ( -1.520632937499997617, -0.8779378358042360109, -4.614583332650533443 ) ) ;
#4635 = CARTESIAN_POINT ( 'NONE',  ( -8.838126989374211143E-17, 1.443375672974062107, -9.124999999999996447 ) ) ;
#4636 = CARTESIAN_POINT ( 'NONE',  ( 3.225491281404033418E-16, -1.755875671608470023, -17.09374999931720041 ) ) ;
#4637 = DIRECTION ( 'NONE',  ( 0.7071067811865469066, 0.000000000000000000, 0.7071067811865482389 ) ) ;
#4638 = CARTESIAN_POINT ( 'NONE',  ( -1.520632937499998061, 0.000000000000000000, 0.3437500006827993171 ) ) ;
#4639 = CARTESIAN_POINT ( 'NONE',  ( -0.7603164687499980312, -1.316906753706353461, -10.63541666598386648 ) ) ;
#4640 = CYLINDRICAL_SURFACE ( 'NONE', #3694, 1.249999999999998002 ) ;
#4641 = CARTESIAN_POINT ( 'NONE',  ( 2.651438096812262973E-16, -1.443375672974062107, -0.3749999999999974465 ) ) ;
#4642 = CARTESIAN_POINT ( 'NONE',  ( 1.520632937499998061, 1.862238259587409655E-16, -8.968749999317200405 ) ) ;
#4643 = CYLINDRICAL_SURFACE ( 'NONE', #4694, 1.249999999999998002 ) ;
#4644 = VERTEX_POINT ( 'NONE', #4486 ) ;
#4645 =( BOUNDED_CURVE ( )  B_SPLINE_CURVE ( 2, ( #2140, #7074, #2176, #5978, #1087, #5435, #562 ),
 .UNSPECIFIED., .F., .T. ) 
 B_SPLINE_CURVE_WITH_KNOTS ( ( 3, 2, 2, 3 ),
 ( 0.1351351351351351426, 0.1396396396396396289, 0.1441441441441441429, 0.1486486486486486569 ),
 .UNSPECIFIED. ) 
 CURVE ( )  GEOMETRIC_REPRESENTATION_ITEM ( )  RATIONAL_B_SPLINE_CURVE ( ( 1.000000000000000000, 0.8660254037844387076, 1.000000000000000000, 0.8660254037844387076, 1.000000000000000000, 0.8660254037844387076, 1.000000000000000000 ) ) 
 REPRESENTATION_ITEM ( '' )  );
#4646 = LINE ( 'NONE', #2389, #5512 ) ;
#4647 = CARTESIAN_POINT ( 'NONE',  ( 1.250000000000006661, -0.7216878364870255025, -3.791666666666663410 ) ) ;
#4648 = CARTESIAN_POINT ( 'NONE',  ( 1.520632937499997617, 0.8779378358042356778, -11.92708333265053611 ) ) ;
#4649 = CARTESIAN_POINT ( 'NONE',  ( 0.7603164687499996965, -1.316906753706352573, -13.48958333265053255 ) ) ;
#4650 = CARTESIAN_POINT ( 'NONE',  ( -1.520632937499998727, 0.8779378358042350117, -2.260416665983867368 ) ) ;
#4651 = CARTESIAN_POINT ( 'NONE',  ( 1.249999999999998002, -0.7216878364870306095, -7.166666665301070438 ) ) ;
#4652 = ADVANCED_FACE ( 'NONE', ( #716 ), #2434, .F. ) ;
#4653 = CARTESIAN_POINT ( 'NONE',  ( -0.6249999999999991118, 1.082531754730546636, -15.45833333196773651 ) ) ;
#4654 = EDGE_LOOP ( 'NONE', ( #1354, #958, #2137, #2502 ) ) ;
#4655 = CARTESIAN_POINT ( 'NONE',  ( -8.838126989374211143E-17, 1.443375672974062107, -5.499999998634403475 ) ) ;
#4656 = VERTEX_POINT ( 'NONE', #6246 ) ;
#4657 = CARTESIAN_POINT ( 'NONE',  ( 1.520632937499998061, 1.862238259587409655E-16, -15.40624999931720041 ) ) ;
#4658 = CARTESIAN_POINT ( 'NONE',  ( -0.6249999999999991118, 1.082531754730546636, -6.958333331967736513 ) ) ;
#4659 = CARTESIAN_POINT ( 'NONE',  ( -0.7603164687499980312, -1.316906753706353461, -4.135416665983867368 ) ) ;
#4660 = CARTESIAN_POINT ( 'NONE',  ( -0.6249999999999982236, -1.082531754730547302, -5.791666665301070438 ) ) ;
#4661 = B_SPLINE_CURVE_WITH_KNOTS ( 'NONE', 3,
 ( #5752, #2974, #6774, #6737, #834, #1294, #1877, #4038, #730, #5675, #798, #3475 ),
 .UNSPECIFIED., .F., .F.,
 ( 4, 2, 2, 2, 2, 4 ),
 ( 0.005378064718005545752, 0.005630274183775712746, 0.005882483649545879739, 0.006386902581086213726, 0.006891321512626548580, 0.007395740444166883434 ),
 .UNSPECIFIED. ) ;
#4662 = CARTESIAN_POINT ( 'NONE',  ( 3.225491281404032925E-16, -1.755875671608470467, -17.59374999931720041 ) ) ;
#4663 = ADVANCED_FACE ( 'NONE', ( #1751 ), #3916, .F. ) ;
#4664 = EDGE_CURVE ( 'NONE', #1067, #2258, #4287, .T. ) ;
#4665 = ORIENTED_EDGE ( 'NONE', *, *, #2970, .F. ) ;
#4666 = DIRECTION ( 'NONE',  ( 1.000000000000000000, 0.000000000000000000, 0.000000000000000000 ) ) ;
#4667 = EDGE_LOOP ( 'NONE', ( #360, #6445, #5450, #5128 ) ) ;
#4668 = CARTESIAN_POINT ( 'NONE',  ( 1.520632937499998061, 1.862238259587409655E-16, -7.906249999317200405 ) ) ;
#4669 = CARTESIAN_POINT ( 'NONE',  ( -1.520632937499997617, -0.8779378358042361219, -17.17708333265053611 ) ) ;
#4670 = CARTESIAN_POINT ( 'NONE',  ( 0.7603164687499996965, -1.316906753706352573, -12.98958333265053255 ) ) ;
#4671 = CARTESIAN_POINT ( 'NONE',  ( 1.249999999999998002, -0.7216878364870306095, -10.16666666530106866 ) ) ;
#4672 = CARTESIAN_POINT ( 'NONE',  ( -0.7603164687499992525, 1.316906753706352795, -7.739583332650533443 ) ) ;
#4673 = CARTESIAN_POINT ( 'NONE',  ( 1.249999999999998002, 1.530808498934189105E-16, -8.249999999999996447 ) ) ;
#4675 = ADVANCED_FACE ( 'NONE', ( #4164 ), #6832, .F. ) ;
#4674 = CARTESIAN_POINT ( 'NONE',  ( 0.7603164687499996965, -1.316906753706352573, -17.05208333265053611 ) ) ;
#4676 = LINE ( 'NONE', #3075, #3018 ) ;
#4677 = CARTESIAN_POINT ( 'NONE',  ( -1.520632937499997617, -0.8779378358042361219, -0.6145833326505341088 ) ) ;
#4678 = CARTESIAN_POINT ( 'NONE',  ( 1.520632937499998061, 1.862238259587409655E-16, -8.468749999317200405 ) ) ;
#4679 = CARTESIAN_POINT ( 'NONE',  ( -1.520632937499998061, 0.000000000000000000, -5.156249999317200405 ) ) ;
#4680 = CARTESIAN_POINT ( 'NONE',  ( -1.520632937499998727, 0.8779378358042350117, -1.197916665983867368 ) ) ;
#4681 = CARTESIAN_POINT ( 'NONE',  ( 2.651438096812262973E-16, -1.443375672974062107, -1.874999999999997335 ) ) ;
#4682 = CARTESIAN_POINT ( 'NONE',  ( -1.075163760468011222E-16, 1.755875671608470023, -10.84374999931720041 ) ) ;
#4683 = AXIS2_PLACEMENT_3D ( 'NONE', #4817, #7025, #6581 ) ;
#4684 = DIRECTION ( 'NONE',  ( -0.7071067811865487940, 8.659560562354950115E-17, 0.7071067811865463515 ) ) ;
#4685 = EDGE_LOOP ( 'NONE', ( #1463, #2430, #451, #1711 ) ) ;
#4686 = CARTESIAN_POINT ( 'NONE',  ( -1.520632937499998283, 0.8779378358042350117, -2.760416665983866924 ) ) ;
#4687 = CARTESIAN_POINT ( 'NONE',  ( -1.249999999999998002, 0.000000000000000000, -13.99999999999999645 ) ) ;
#4688 = CARTESIAN_POINT ( 'NONE',  ( 0.6249999999999995559, -1.082531754730546414, -13.20833333196773474 ) ) ;
#4689 = CARTESIAN_POINT ( 'NONE',  ( 1.520632937499998061, 1.862238259587409655E-16, -11.96874999931719863 ) ) ;
#4690 = AXIS2_PLACEMENT_3D ( 'NONE', #6231, #6634, #3446 ) ;
#4691 = CARTESIAN_POINT ( 'NONE',  ( 0.7603164687499996965, -1.316906753706352573, -13.98958333265053433 ) ) ;
#4692 = CARTESIAN_POINT ( 'NONE',  ( 0.7603164687499996965, -1.316906753706352573, -0.5520833326505338867 ) ) ;
#4693 = CARTESIAN_POINT ( 'NONE',  ( -1.520632937499998061, 0.000000000000000000, 0.2812500006827993171 ) ) ;
#4694 = AXIS2_PLACEMENT_3D ( 'NONE', #4218, #5253, #1405 ) ;
#4695 = VERTEX_POINT ( 'NONE', #3098 ) ;
#4696 = CARTESIAN_POINT ( 'NONE',  ( 1.249999999999997780, 0.7216878364870316087, -7.708333333333331261 ) ) ;
#4697 = ORIENTED_EDGE ( 'NONE', *, *, #580, .F. ) ;
#4698 = CARTESIAN_POINT ( 'NONE',  ( -8.838126989374211143E-17, 1.443375672974062107, -5.999999998634404363 ) ) ;
#4699 = CARTESIAN_POINT ( 'NONE',  ( -1.520632937499998061, 0.000000000000000000, -4.218749999317200405 ) ) ;
#4700 = CARTESIAN_POINT ( 'NONE',  ( -1.249999999999998002, 0.7216878364870310536, -12.91666666530107044 ) ) ;
#4701 = CARTESIAN_POINT ( 'NONE',  ( -0.7603164687499980312, -1.316906753706353461, -16.63541666598386826 ) ) ;
#4702 = CARTESIAN_POINT ( 'NONE',  ( 0.000000000000000000, 0.000000000000000000, -1.750000000000003331 ) ) ;
#4703 = EDGE_CURVE ( 'NONE', #5381, #4873, #1647, .T. ) ;
#4704 = ORIENTED_EDGE ( 'NONE', *, *, #4975, .T. ) ;
#4705 = CARTESIAN_POINT ( 'NONE',  ( 1.520632937499998283, -0.8779378358042346786, -9.447916665983866480 ) ) ;
#4706 = CARTESIAN_POINT ( 'NONE',  ( -0.7603164687499992525, 1.316906753706352795, -17.80208333265053611 ) ) ;
#4707 = CARTESIAN_POINT ( 'NONE',  ( 1.520632937499997617, 0.8779378358042356778, -13.36458333265053255 ) ) ;
#4708 = CARTESIAN_POINT ( 'NONE',  ( 1.250000000000007105, -0.7216878364870256135, -8.666666665301068662 ) ) ;
#4709 = CARTESIAN_POINT ( 'NONE',  ( 1.520632937499997617, 0.8779378358042356778, -7.864583332650533443 ) ) ;
#4710 = CARTESIAN_POINT ( 'NONE',  ( 1.249999999999998224, -0.7216878364870306095, -11.79166666666666252 ) ) ;
#4711 = CARTESIAN_POINT ( 'NONE',  ( -0.6249999999999982236, -1.082531754730547302, -14.29166666530106866 ) ) ;
#4712 = CARTESIAN_POINT ( 'NONE',  ( 3.225491281404033418E-16, -1.755875671608470023, -17.53124999931720041 ) ) ;
#4713 = EDGE_CURVE ( 'NONE', #3810, #1239, #4513, .T. ) ;
#4714 = CARTESIAN_POINT ( 'NONE',  ( -1.520632937499997617, -0.8779378358042361219, -1.114583332650533887 ) ) ;
#4715 = CARTESIAN_POINT ( 'NONE',  ( 3.225491281404032925E-16, -1.755875671608470467, -9.593749999317200405 ) ) ;
#4716 = CARTESIAN_POINT ( 'NONE',  ( 3.225491281404032925E-16, -1.755875671608470467, -7.531249999317200405 ) ) ;
#4717 = CARTESIAN_POINT ( 'NONE',  ( 1.249999999999998002, 1.530808498934189105E-16, -7.249999999999997335 ) ) ;
#4718 = CARTESIAN_POINT ( 'NONE',  ( -8.838126989374211143E-17, 1.443375672974062107, -1.624999999999997113 ) ) ;
#4719 = CARTESIAN_POINT ( 'NONE',  ( 3.225491281404033418E-16, -1.755875671608470023, -9.093749999317202182 ) ) ;
#4720 = AXIS2_PLACEMENT_3D ( 'NONE', #2064, #5359, #4222 ) ;
#4721 = CYLINDRICAL_SURFACE ( 'NONE', #717, 1.249999999999998002 ) ;
#4722 = VERTEX_POINT ( 'NONE', #5234 ) ;
#4723 = CARTESIAN_POINT ( 'NONE',  ( 1.520632937499998061, 1.862238259587409655E-16, -1.968749999317200627 ) ) ;
#4724 = CARTESIAN_POINT ( 'NONE',  ( 0.6249999999999995559, -1.082531754730546414, -7.333333333333330373 ) ) ;
#4725 = CARTESIAN_POINT ( 'NONE',  ( -1.249999999999988676, -0.7216878364870368268, -3.958333333333331261 ) ) ;
#4726 = AXIS2_PLACEMENT_3D ( 'NONE', #1963, #2002, #2954 ) ;
#4727 = CARTESIAN_POINT ( 'NONE',  ( -1.520632937499998061, 0.000000000000000000, -10.71874999931720041 ) ) ;
#4728 = CARTESIAN_POINT ( 'NONE',  ( -0.7603164687499992525, 1.316906753706352795, -16.23958333265053255 ) ) ;
#4729 = CARTESIAN_POINT ( 'NONE',  ( -1.520632937499997617, -0.8779378358042360109, -1.177083332650533887 ) ) ;
#4730 = CARTESIAN_POINT ( 'NONE',  ( 1.520632937499998061, 1.862238259587409655E-16, -0.9687499993172007384 ) ) ;
#4731 = ORIENTED_EDGE ( 'NONE', *, *, #3740, .T. ) ;
#4732 = ORIENTED_EDGE ( 'NONE', *, *, #7053, .F. ) ;
#4733 = CARTESIAN_POINT ( 'NONE',  ( -1.520632937499998061, 0.000000000000000000, -15.15624999931720041 ) ) ;
#4734 = CARTESIAN_POINT ( 'NONE',  ( 1.249999999999998002, 0.7216878364870314977, -9.583333331967734736 ) ) ;
#4735 = CARTESIAN_POINT ( 'NONE',  ( 3.225491281404032925E-16, -1.755875671608470467, -3.593749999317200849 ) ) ;
#4736 = CARTESIAN_POINT ( 'NONE',  ( -4.900000000000000355, 6.000769315822031726E-16, -1.750000000000003331 ) ) ;
#4737 = CARTESIAN_POINT ( 'NONE',  ( 0.7603164687499996965, -1.316906753706352573, -16.05208333265053255 ) ) ;
#4738 = CARTESIAN_POINT ( 'NONE',  ( 2.651438096812262973E-16, -1.443375672974062107, -5.874999999999996447 ) ) ;
#4739 = VERTEX_POINT ( 'NONE', #4736 ) ;
#4740 = CARTESIAN_POINT ( 'NONE',  ( -0.7603164687499992525, 1.316906753706352795, -9.739583332650532554 ) ) ;
#4741 = CARTESIAN_POINT ( 'NONE',  ( -1.249999999999997780, -0.7216878364870316087, -0.3333333319677370676 ) ) ;
#4742 = CARTESIAN_POINT ( 'NONE',  ( 1.520632937499998061, 1.862238259587409655E-16, -12.90624999931720041 ) ) ;
#4743 = CARTESIAN_POINT ( 'NONE',  ( 1.249999999999998002, 0.000000000000000000, 0.000000000000000000 ) ) ;
#4744 = CARTESIAN_POINT ( 'NONE',  ( 1.249999999999998002, 0.7216878364870314977, -12.20833333333333215 ) ) ;
#4745 = CARTESIAN_POINT ( 'NONE',  ( 1.520632937499998727, -0.8779378358042346786, -16.51041666598386826 ) ) ;
#4746 =( BOUNDED_CURVE ( )  B_SPLINE_CURVE ( 2, ( #3041, #298, #6294, #3074, #262, #2518, #2482 ),
 .UNSPECIFIED., .F., .T. ) 
 B_SPLINE_CURVE_WITH_KNOTS ( ( 3, 2, 2, 3 ),
 ( 0.7972972972972972583, 0.8018018018018018278, 0.8063063063063062863, 0.8108108108108108558 ),
 .UNSPECIFIED. ) 
 CURVE ( )  GEOMETRIC_REPRESENTATION_ITEM ( )  RATIONAL_B_SPLINE_CURVE ( ( 1.000000000000000000, 0.8660254037844387076, 1.000000000000000000, 0.8660254037844387076, 1.000000000000000000, 0.8660254037844387076, 1.000000000000000000 ) ) 
 REPRESENTATION_ITEM ( '' )  );
#4747 = EDGE_CURVE ( 'NONE', #5221, #3620, #153, .T. ) ;
#4748 = CARTESIAN_POINT ( 'NONE',  ( 1.520632937499997617, 0.8779378358042356778, -17.36458333265053611 ) ) ;
#4749 = CARTESIAN_POINT ( 'NONE',  ( 1.520632937499997617, 0.8779378358042356778, -1.364583332650533887 ) ) ;
#4750 = CARTESIAN_POINT ( 'NONE',  ( -1.520632937499997617, -0.8779378358042361219, -10.67708333265053433 ) ) ;
#4751 = CARTESIAN_POINT ( 'NONE',  ( -1.075163760468011098E-16, 1.755875671608470467, -7.781249999317201294 ) ) ;
#4752 = CARTESIAN_POINT ( 'NONE',  ( 1.249999999999997780, 0.7216878364870316087, -7.083333331967737401 ) ) ;
#4753 = CARTESIAN_POINT ( 'NONE',  ( -0.6249999999999982236, -1.082531754730547302, -4.416666666666664298 ) ) ;
#4754 = CARTESIAN_POINT ( 'NONE',  ( -1.520632937499997617, -0.8779378358042360109, -10.17708333265053433 ) ) ;
#4755 = CARTESIAN_POINT ( 'NONE',  ( 1.249999999999998002, 0.7216878364870314977, -13.58333333196773474 ) ) ;
#4756 = CARTESIAN_POINT ( 'NONE',  ( -8.838126989374211143E-17, 1.443375672974062107, -3.624999999999997780 ) ) ;
#4757 = ORIENTED_EDGE ( 'NONE', *, *, #1708, .T. ) ;
#4758 = CARTESIAN_POINT ( 'NONE',  ( -0.6249999999999991118, 1.082531754730546636, -12.45833333196773651 ) ) ;
#4759 = CARTESIAN_POINT ( 'NONE',  ( -0.6249999999999991118, 1.082531754730546636, -4.958333331967736513 ) ) ;
#4760 = CARTESIAN_POINT ( 'NONE',  ( -1.520632937499998283, 0.8779378358042350117, -11.76041666598386470 ) ) ;
#4761 = CARTESIAN_POINT ( 'NONE',  ( -0.7603164687499980312, -1.316906753706353461, -16.07291666598386826 ) ) ;
#4762 = CARTESIAN_POINT ( 'NONE',  ( 0.000000000000000000, 0.000000000000000000, 0.000000000000000000 ) ) ;
#4763 = CARTESIAN_POINT ( 'NONE',  ( 1.520632937499998283, -0.8779378358042346786, -1.510416665983867590 ) ) ;
#4764 = VERTEX_POINT ( 'NONE', #2472 ) ;
#4765 = ORIENTED_EDGE ( 'NONE', *, *, #358, .F. ) ;
#4766 = LINE ( 'NONE', #5371, #3356 ) ;
#4767 = CARTESIAN_POINT ( 'NONE',  ( 0.7603164687499996965, -1.316906753706352573, -17.48958333265053611 ) ) ;
#4768 = CARTESIAN_POINT ( 'NONE',  ( -8.838126989374211143E-17, 1.443375672974062107, -8.499999998634402587 ) ) ;
#4769 = CARTESIAN_POINT ( 'NONE',  ( -1.075163760468011098E-16, 1.755875671608470467, -4.343749999317200405 ) ) ;
#4770 = CARTESIAN_POINT ( 'NONE',  ( 1.249999999999997780, 0.7216878364870316087, -9.708333333333328596 ) ) ;
#4771 = CARTESIAN_POINT ( 'NONE',  ( -1.075163760468011098E-16, 1.755875671608470467, -16.84374999931720041 ) ) ;
#4772 = CARTESIAN_POINT ( 'NONE',  ( -1.249999999999997558, -0.7216878364870317197, -11.45833333333333037 ) ) ;
#4773 = CARTESIAN_POINT ( 'NONE',  ( -0.6249999999999991118, 1.082531754730546636, -5.958333331967736513 ) ) ;
#4774 = VERTEX_POINT ( 'NONE', #2042 ) ;
#4775 = CARTESIAN_POINT ( 'NONE',  ( -1.520632937499998061, 0.000000000000000000, -8.156249999317198629 ) ) ;
#4776 = CARTESIAN_POINT ( 'NONE',  ( -0.6249999999999991118, 1.082531754730546636, -2.958333331967737401 ) ) ;
#4777 = CARTESIAN_POINT ( 'NONE',  ( 3.225491281404032925E-16, -1.755875671608470467, -14.03124999931719685 ) ) ;
#4778 = DIRECTION ( 'NONE',  ( -0.000000000000000000, -0.000000000000000000, 1.000000000000000000 ) ) ;
#4779 = CARTESIAN_POINT ( 'NONE',  ( 0.6249999999999986677, 1.082531754730546858, -12.16666666666666430 ) ) ;
#4780 = DIRECTION ( 'NONE',  ( -0.000000000000000000, -0.000000000000000000, 1.000000000000000000 ) ) ;
#4781 = CARTESIAN_POINT ( 'NONE',  ( -0.8178163606238761929, -1.008290638694189445, -0.4546392014520649894 ) ) ;
#4782 = CARTESIAN_POINT ( 'NONE',  ( -0.7603164687499980312, -1.316906753706353461, -2.072916665983867812 ) ) ;
#4783 = CARTESIAN_POINT ( 'NONE',  ( -1.520632937499998283, 0.8779378358042350117, -11.76041666598386470 ) ) ;
#4784 = CARTESIAN_POINT ( 'NONE',  ( 1.520632937499998061, 1.862238259587409655E-16, -5.406249999317200405 ) ) ;
#4785 = EDGE_CURVE ( 'NONE', #1521, #821, #424, .T. ) ;
#4786 =( BOUNDED_SURFACE ( )  B_SPLINE_SURFACE ( 1, 2, ( 
 ( #5686, #6715, #3982, #280, #2464, #6165, #179, #809, #4052, #1273, #2986, #4620, #3454, #2920, #3488, #6823, #5654, #1923, #6628, #90, #2276, #5502, #3206, #4427, #1563, #2243, #4968, #1727, #6115, #3896, #4263, #6081, #58, #3402, #626, #1027, #1223, #5370, #4394, #1805, #2833, #6046, #1152, #3966, #6596, #6150, #1188, #7010, #1693, #2112, #5570, #3170, #5334, #6456, #3369, #693, #4465, #463, #3861, #2642, #6703, #3333, #4500, #2801, #500, #5536, #658, #4802, #5001, #2677, #3733, #5912, #125, #2308, #4937, #6664, #1765, #3932, #2867, #5038, #165, #2342, #5181, #1365, #5751, #3544, #5146, #1876, #3508, #1331, #2380, #2448, #4606, #2415, #266, #4037, #337, #833, #1911, #5674, #6846, #4535, #5076, #2906, #2522, #5714, #4571, #2940, #3580, #302, #2486, #6226, #797, #5604, #1949, #6736, #4106, #6810, #6300, #729, #1400, #3474, #1837, #4073, #868, #4001, #6187, #3045, #1293, #5216, #5111, #6772, #4679, #6884, #1986, #4145, #1258, #5319, #4784, #2166, #4824, #1013, #5860, #5931, #7032, #5787, #1475, #6438, #2133, #981, #2628, #3155, #3078, #6989, #3189, #3615, #5250, #1584, #7068, #1546, #3649, #4180, #906, #374, #2095, #3718, #409, #5895, #6338, #482, #4246, #520, #445, #5352, #6370, #2662, #2699, #4285, #6479, #3755, #1043, #2560, #3227, #6402, #3116, #5823, #5392, #1438, #4859, #4716, #6919, #2021, #944, #5285, #2593, #4751, #6955, #1507, #2055, #4214, #3681, #6587, #2269, #3263, #3924, #6554, #119, #159, #1113, #2235, #5030, #1686, #3295, #6516, #3855, #5497, #1216, #6623, #3325, #51, #4319, #6658, #1653, #3395, #4422, #687, #5461, #2202, #2794, #5563, #2301, #2860, #1721, #4931, #1757, #5427, #85, #555, #6006, #586, #3889, #6109, #6073, #4387, #1182, #3363, #1619, #2828, #5530, #6040, #3787, #4996, #5970, #3823, #652, #4457, #1146, #1078, #2732, #4895, #18, #4352, #2761, #6143, #4633, #3037, #4597, #6729, #194, #3959, #1252, #5138, #6803, #3468, #1905, #5208, #3536, #259, #3571, #6219, #6254, #2373, #1324, #2335, #1357, #5703, #3501, #824, #3434, #3001, #2408, #6180, #4529, #4099, #6696, #5667, #1797, #5597, #5069, #1831, #6290, #5172, #789, #723, #6766, #1391, #2900, #3994, #5635, #758, #2934, #5104, #227, #3181, #3218, #4172, #5278, #1036, #4742, #6362, #4670, #6948, #1500, #4277, #2621, #6397, #3108, #329, #2655, #4707, #6470, #437, #3746, #1466, #5241, #5851, #1577, #5345, #5923, #5312, #934, #3642, #6909, #4816, #4240, #4777, #401, #2048, #6874, #6983, #1977, #1536, #3674, #1005, #4135, #2087, #2552, #6328, #971, #2586, #898, #1429, #3608, #3147, #5815, #5779, #4207, #6431, #2013, #3070, #3709, #7024, #5888, #474, #2126, #363, #5490, #2228, #5999, #578, #5453, #6507, #6580, #1680, #4345, #4378, #1106, #4450, #4956, #6033, #2753, #1714, #1611, #2157, #7059, #6650, #614, #6546, #79, #4922, #5523, #5419, #6616, #1139, #2263, #4312, #2194, #3779, #1644, #3318, #3815, #1210, #2724, #113, #2822, #5384, #3288, #4886, #3849, #2785, #4852, #5962, #3881, #6067, #1070, #1750, #4416, #45, #646, #1174, #3354, #4990, #2297, #3915, #6101, #513, #2691, #3254, #548, #12, #5626, #3426, #218, #1789, #2365 ),
 ( #1931, #2958, #6172, #1280, #4091, #4521, #6283, #6758, #149, #6721, #2329, #3528, #3388, #5557, #6687, #1862, #5692, #4590, #681, #1824, #2854, #6831, #3987, #4625, #3461, #5590, #750, #6209, #5024, #2926, #715, #4485, #185, #1244, #1350, #3951, #4022, #6137, #2892, #5061, #5096, #815, #3494, #2400, #4554, #1316, #5660, #781, #5131, #252, #2433, #6795, #2993, #1898, #6245, #4059, #5165, #287, #2471, #5807, #5233, #3564, #925, #2577, #5338, #3667, #393, #4163, #4267, #3700, #5771, #467, #1493, #4807, #2544, #6320, #6941, #2645, #4235, #7014, #6390, #2006, #355, #891, #5879, #5305, #5841, #6355, #3097, #5732, #962, #3029, #2612, #4735, #2077, #852, #3138, #3601, #5202, #2041, #1458, #1969, #321, #997, #2507, #4200, #4659, #3062, #4699, #430, #3174, #4769, #3634, #6975, #6423, #1383, #1526, #2116, #5268, #6864, #4127, #1420, #6901, #6571, #4947, #1098, #2745, #5989, #3210, #4911, #1129, #3737, #5374, #1704, #101, #1672, #3769, #4302, #1029, #505, #2220, #3840, #539, #6023, #2287, #604, #36, #636, #3279, #4369, #6498, #5443, #2812, #3309, #5478, #569, #2775, #2681, #70, #6535, #5915, #4843, #2255, #4406, #7050, #4980, #6606, #1637, #3871, #6056, #1165, #3345, #5513, #6460, #2715, #1566, #2148, #1601, #5953, #1061, #3805, #3245, #5409, #4876, #3, #2185, #4334, #241, #739, #5547, #1268, #1232, #4580, #1814, #2318, #2424, #6675, #3414, #2981, #4012, #174, #2355, #5155, #5579, #275, #2916, #1200, #703, #3378, #6784, #4438, #6638, #670, #5086, #1887, #5650, #1739, #2879, #3905, #805, #5049, #5682, #4509, #1778, #6711, #211, #6090, #3978, #3942, #2844, #5012, #2391, #6161, #136, #3450, #4545, #6126, #4475, #6198, #4048, #1849, #1304, #6747, #6235, #3484, #5615, #772, #2949, #5121, #1341, #3517, #5797, #1409, #6346, #5224, #1515, #2031, #3086, #2532, #5833, #3553, #6271, #4081, #3690, #4727, #3589, #4189, #6892, #2601, #2496, #3658, #5257, #6379, #1373, #6309, #5723, #5760, #384, #881, #5328, #6854, #4224, #6966, #2460, #3053, #1958, #1447, #6931, #346, #4760, #1995, #312, #5293, #4648, #4689, #988, #1483, #4153, #3624, #3164, #914, #4616, #2567, #841, #953, #3019, #2066, #6819, #1919, #5192, #3126, #6413, #420, #4116, #5870, #455, #3864, #1053, #1696, #531, #2670, #6490, #3271, #1156, #2706, #4831, #6049, #6449, #4904, #1592, #4254, #5942, #28, #2141, #5904, #1663, #4940, #3832, #6015, #1121, #2246, #5469, #4327, #3236, #4868, #7075, #1555, #1628, #3796, #3763, #6527, #5400, #4793, #596, #1089, #2177, #4398, #3726, #1020, #2103, #6999, #3199, #5979, #5361, #493, #7041, #4295, #817, #5694, #2995, #5097, #220, #1864, #2474, #4627, #6833, #1791, #1933, #3953, #2118, #508, #927, #4165, #3669, #6977, #4129, #6322, #5881, #999, #5773, #1031, #1495, #4737, #4809, #6392, #432, #4269, #7016, #3213, #3099, #6425, #6463, #965, #5843, #3140, #6943, #4701, #5307, #3065, #3636, #2614, #4771, #469, #2079, #893, #4236, #1528, #2043, #1569, #6903, #3176, #3703, #5340, #1422, #1460, #3603, #5809, #2647, #5271, #4662, #2007, #3739, #5917, #6867, #394, #6357, #5377, #1971, #5235, #357, #2546, #2578, #4202, #6093, #6574 ) ),
 .UNSPECIFIED., .F., .F., .F. ) 
 B_SPLINE_SURFACE_WITH_KNOTS ( ( 2, 2 ),
 ( 3, 2, 2, 2, 2, 2, 2, 2, 2, 2, 2, 2, 2, 2, 2, 2, 2, 2, 2, 2, 2, 2, 2, 2, 2, 2, 2, 2, 2, 2, 2, 2, 2, 2, 2, 2, 2, 2, 2, 2, 2, 2, 2, 2, 2, 2, 2, 2, 2, 2, 2, 2, 2, 2, 2, 2, 2, 2, 2, 2, 2, 2, 2, 2, 2, 2, 2, 2, 2, 2, 2, 2, 2, 2, 2, 2, 2, 2, 2, 2, 2, 2, 2, 2, 2, 2, 2, 2, 2, 2, 2, 2, 2, 2, 2, 2, 2, 2, 2, 2, 2, 2, 2, 2, 2, 2, 2, 2, 2, 2, 2, 2, 2, 2, 2, 2, 2, 2, 2, 2, 2, 2, 2, 2, 2, 2, 2, 2, 2, 2, 2, 2, 2, 2, 2, 2, 2, 2, 2, 2, 2, 2, 2, 2, 2, 2, 2, 2, 2, 2, 2, 2, 2, 2, 2, 2, 2, 2, 2, 2, 2, 2, 2, 2, 2, 2, 2, 2, 2, 2, 2, 2, 2, 2, 2, 2, 2, 2, 2, 2, 2, 2, 2, 2, 2, 2, 2, 2, 2, 2, 2, 2, 2, 2, 2, 2, 2, 2, 2, 2, 2, 2, 2, 2, 2, 2, 2, 2, 2, 2, 2, 2, 2, 2, 2, 2, 2, 2, 2, 2, 2, 2, 3 ),
 ( 0.000000000000000000, 1.000000000000000000 ),
 ( 0.000000000000000000, 0.004504504504504504465, 0.009009009009009008931, 0.01351351351351351426, 0.01801801801801801786, 0.02252252252252252146, 0.02702702702702702853, 0.03153153153153152866, 0.03603603603603603572, 0.04054054054054054279, 0.04504504504504504292, 0.04954954954954954999, 0.05405405405405405705, 0.05855855855855855718, 0.06306306306306305731, 0.06756756756756757132, 0.07207207207207207145, 0.07657657657657657158, 0.08108108108108108558, 0.08558558558558558571, 0.09009009009009008584, 0.09459459459459459985, 0.09909909909909909997, 0.1036036036036036001, 0.1081081081081081141, 0.1126126126126126142, 0.1171171171171171144, 0.1216216216216216284, 0.1261261261261261146, 0.1306306306306306286, 0.1351351351351351426, 0.1396396396396396289, 0.1441441441441441429, 0.1486486486486486569, 0.1531531531531531432, 0.1576576576576576572, 0.1621621621621621712, 0.1666666666666666574, 0.1711711711711711714, 0.1756756756756756854, 0.1801801801801801717, 0.1846846846846846857, 0.1891891891891891997, 0.1936936936936936859, 0.1981981981981981999, 0.2027027027027027140, 0.2072072072072072002, 0.2117117117117117142, 0.2162162162162162282, 0.2207207207207207145, 0.2252252252252252285, 0.2297297297297297425, 0.2342342342342342287, 0.2387387387387387427, 0.2432432432432432567, 0.2477477477477477430, 0.2522522522522522292, 0.2567567567567567433, 0.2612612612612612573, 0.2657657657657657713, 0.2702702702702702853, 0.2747747747747747993, 0.2792792792792792578, 0.2837837837837837718, 0.2882882882882882858, 0.2927927927927927998, 0.2972972972972973138, 0.3018018018018018278, 0.3063063063063062863, 0.3108108108108108003, 0.3153153153153153143, 0.3198198198198198283, 0.3243243243243243423, 0.3288288288288288563, 0.3333333333333333148, 0.3378378378378378288, 0.3423423423423423428, 0.3468468468468468568, 0.3513513513513513709, 0.3558558558558558294, 0.3603603603603603434, 0.3648648648648648574, 0.3693693693693693714, 0.3738738738738738854, 0.3783783783783783994, 0.3828828828828828579, 0.3873873873873873719, 0.3918918918918918859, 0.3963963963963963999, 0.4009009009009009139, 0.4054054054054054279, 0.4099099099099098864, 0.4144144144144144004, 0.4189189189189189144, 0.4234234234234234284, 0.4279279279279279424, 0.4324324324324324564, 0.4369369369369369149, 0.4414414414414414289, 0.4459459459459459429, 0.4504504504504504570, 0.4549549549549549710, 0.4594594594594594850, 0.4639639639639639435, 0.4684684684684684575, 0.4729729729729729715, 0.4774774774774774855, 0.4819819819819819995, 0.4864864864864865135, 0.4909909909909909720, 0.4954954954954954860, 0.5000000000000000000, 0.5045045045045044585, 0.5090090090090090280, 0.5135135135135134865, 0.5180180180180180560, 0.5225225225225225145, 0.5270270270270269730, 0.5315315315315315425, 0.5360360360360360010, 0.5405405405405405705, 0.5450450450450450290, 0.5495495495495495986, 0.5540540540540540571, 0.5585585585585585155, 0.5630630630630630851, 0.5675675675675675436, 0.5720720720720721131, 0.5765765765765765716, 0.5810810810810810301, 0.5855855855855855996, 0.5900900900900900581, 0.5945945945945946276, 0.5990990990990990861, 0.6036036036036036556, 0.6081081081081081141, 0.6126126126126125726, 0.6171171171171171421, 0.6216216216216216006, 0.6261261261261261701, 0.6306306306306306286, 0.6351351351351350871, 0.6396396396396396566, 0.6441441441441441151, 0.6486486486486486847, 0.6531531531531531432, 0.6576576576576577127, 0.6621621621621621712, 0.6666666666666666297, 0.6711711711711711992, 0.6756756756756756577, 0.6801801801801802272, 0.6846846846846846857, 0.6891891891891891442, 0.6936936936936937137, 0.6981981981981981722, 0.7027027027027027417, 0.7072072072072072002, 0.7117117117117116587, 0.7162162162162162282, 0.7207207207207206867, 0.7252252252252252562, 0.7297297297297297147, 0.7342342342342342842, 0.7387387387387387427, 0.7432432432432432012, 0.7477477477477477708, 0.7522522522522522292, 0.7567567567567567988, 0.7612612612612612573, 0.7657657657657657158, 0.7702702702702702853, 0.7747747747747747438, 0.7792792792792793133, 0.7837837837837837718, 0.7882882882882883413, 0.7927927927927927998, 0.7972972972972972583, 0.8018018018018018278, 0.8063063063063062863, 0.8108108108108108558, 0.8153153153153153143, 0.8198198198198197728, 0.8243243243243243423, 0.8288288288288288008, 0.8333333333333333703, 0.8378378378378378288, 0.8423423423423422873, 0.8468468468468468568, 0.8513513513513513153, 0.8558558558558558849, 0.8603603603603603434, 0.8648648648648649129, 0.8693693693693693714, 0.8738738738738738299, 0.8783783783783783994, 0.8828828828828828579, 0.8873873873873874274, 0.8918918918918918859, 0.8963963963963963444, 0.9009009009009009139, 0.9054054054054053724, 0.9099099099099099419, 0.9144144144144144004, 0.9189189189189189699, 0.9234234234234234284, 0.9279279279279278869, 0.9324324324324324564, 0.9369369369369369149, 0.9414414414414414845, 0.9459459459459459429, 0.9504504504504504014, 0.9549549549549549710, 0.9594594594594594295, 0.9639639639639639990, 0.9684684684684684575, 0.9729729729729730270, 0.9774774774774774855, 0.9819819819819819440, 0.9864864864864865135, 0.9909909909909909720, 0.9954954954954955415, 1.000000000000000000 ),
 .UNSPECIFIED. ) 
 GEOMETRIC_REPRESENTATION_ITEM ( )  RATIONAL_B_SPLINE_SURFACE ( (
 ( 1.000000000000000000, 0.8660254037844387076, 1.000000000000000000, 0.8660254037844387076, 1.000000000000000000, 0.8660254037844387076, 1.000000000000000000, 0.8660254037844387076, 1.000000000000000000, 0.8660254037844387076, 1.000000000000000000, 0.8660254037844387076, 1.000000000000000000, 0.8660254037844387076, 1.000000000000000000, 0.8660254037844387076, 1.000000000000000000, 0.8660254037844387076, 1.000000000000000000, 0.8660254037844387076, 1.000000000000000000, 0.8660254037844387076, 1.000000000000000000, 0.8660254037844387076, 1.000000000000000000, 0.8660254037844387076, 1.000000000000000000, 0.8660254037844387076, 1.000000000000000000, 0.8660254037844387076, 1.000000000000000000, 0.8660254037844387076, 1.000000000000000000, 0.8660254037844387076, 1.000000000000000000, 0.8660254037844387076, 1.000000000000000000, 0.8660254037844387076, 1.000000000000000000, 0.8660254037844387076, 1.000000000000000000, 0.8660254037844387076, 1.000000000000000000, 0.8660254037844387076, 1.000000000000000000, 0.8660254037844387076, 1.000000000000000000, 0.8660254037844387076, 1.000000000000000000, 0.8660254037844387076, 1.000000000000000000, 0.8660254037844387076, 1.000000000000000000, 0.8660254037844387076, 1.000000000000000000, 0.8660254037844387076, 1.000000000000000000, 0.8660254037844387076, 1.000000000000000000, 0.8660254037844387076, 1.000000000000000000, 0.8660254037844387076, 1.000000000000000000, 0.8660254037844387076, 1.000000000000000000, 0.8660254037844387076, 1.000000000000000000, 0.8660254037844387076, 1.000000000000000000, 0.8660254037844387076, 1.000000000000000000, 0.8660254037844387076, 1.000000000000000000, 0.8660254037844387076, 1.000000000000000000, 0.8660254037844387076, 1.000000000000000000, 0.8660254037844387076, 1.000000000000000000, 0.8660254037844387076, 1.000000000000000000, 0.8660254037844387076, 1.000000000000000000, 0.8660254037844387076, 1.000000000000000000, 0.8660254037844387076, 1.000000000000000000, 0.8660254037844387076, 1.000000000000000000, 0.8660254037844387076, 1.000000000000000000, 0.8660254037844387076, 1.000000000000000000, 0.8660254037844387076, 1.000000000000000000, 0.8660254037844387076, 1.000000000000000000, 0.8660254037844387076, 1.000000000000000000, 0.8660254037844387076, 1.000000000000000000, 0.8660254037844387076, 1.000000000000000000, 0.8660254037844387076, 1.000000000000000000, 0.8660254037844387076, 1.000000000000000000, 0.8660254037844387076, 1.000000000000000000, 0.8660254037844387076, 1.000000000000000000, 0.8660254037844387076, 1.000000000000000000, 0.8660254037844387076, 1.000000000000000000, 0.8660254037844387076, 1.000000000000000000, 0.8660254037844387076, 1.000000000000000000, 0.8660254037844387076, 1.000000000000000000, 0.8660254037844387076, 1.000000000000000000, 0.8660254037844387076, 1.000000000000000000, 0.8660254037844387076, 1.000000000000000000, 0.8660254037844387076, 1.000000000000000000, 0.8660254037844387076, 1.000000000000000000, 0.8660254037844387076, 1.000000000000000000, 0.8660254037844387076, 1.000000000000000000, 0.8660254037844387076, 1.000000000000000000, 0.8660254037844387076, 1.000000000000000000, 0.8660254037844387076, 1.000000000000000000, 0.8660254037844387076, 1.000000000000000000, 0.8660254037844387076, 1.000000000000000000, 0.8660254037844387076, 1.000000000000000000, 0.8660254037844387076, 1.000000000000000000, 0.8660254037844387076, 1.000000000000000000, 0.8660254037844387076, 1.000000000000000000, 0.8660254037844387076, 1.000000000000000000, 0.8660254037844387076, 1.000000000000000000, 0.8660254037844387076, 1.000000000000000000, 0.8660254037844387076, 1.000000000000000000, 0.8660254037844387076, 1.000000000000000000, 0.8660254037844387076, 1.000000000000000000, 0.8660254037844387076, 1.000000000000000000, 0.8660254037844387076, 1.000000000000000000, 0.8660254037844387076, 1.000000000000000000, 0.8660254037844387076, 1.000000000000000000, 0.8660254037844387076, 1.000000000000000000, 0.8660254037844387076, 1.000000000000000000, 0.8660254037844387076, 1.000000000000000000, 0.8660254037844387076, 1.000000000000000000, 0.8660254037844387076, 1.000000000000000000, 0.8660254037844387076, 1.000000000000000000, 0.8660254037844387076, 1.000000000000000000, 0.8660254037844387076, 1.000000000000000000, 0.8660254037844387076, 1.000000000000000000, 0.8660254037844387076, 1.000000000000000000, 0.8660254037844387076, 1.000000000000000000, 0.8660254037844387076, 1.000000000000000000, 0.8660254037844387076, 1.000000000000000000, 0.8660254037844387076, 1.000000000000000000, 0.8660254037844387076, 1.000000000000000000, 0.8660254037844387076, 1.000000000000000000, 0.8660254037844387076, 1.000000000000000000, 0.8660254037844387076, 1.000000000000000000, 0.8660254037844387076, 1.000000000000000000, 0.8660254037844387076, 1.000000000000000000, 0.8660254037844387076, 1.000000000000000000, 0.8660254037844387076, 1.000000000000000000, 0.8660254037844387076, 1.000000000000000000, 0.8660254037844387076, 1.000000000000000000, 0.8660254037844387076, 1.000000000000000000, 0.8660254037844387076, 1.000000000000000000, 0.8660254037844387076, 1.000000000000000000, 0.8660254037844387076, 1.000000000000000000, 0.8660254037844387076, 1.000000000000000000, 0.8660254037844387076, 1.000000000000000000, 0.8660254037844387076, 1.000000000000000000, 0.8660254037844387076, 1.000000000000000000, 0.8660254037844387076, 1.000000000000000000, 0.8660254037844387076, 1.000000000000000000, 0.8660254037844387076, 1.000000000000000000, 0.8660254037844387076, 1.000000000000000000, 0.8660254037844387076, 1.000000000000000000, 0.8660254037844387076, 1.000000000000000000, 0.8660254037844387076, 1.000000000000000000, 0.8660254037844387076, 1.000000000000000000, 0.8660254037844387076, 1.000000000000000000, 0.8660254037844387076, 1.000000000000000000, 0.8660254037844387076, 1.000000000000000000, 0.8660254037844387076, 1.000000000000000000, 0.8660254037844387076, 1.000000000000000000, 0.8660254037844387076, 1.000000000000000000, 0.8660254037844387076, 1.000000000000000000, 0.8660254037844387076, 1.000000000000000000, 0.8660254037844387076, 1.000000000000000000, 0.8660254037844387076, 1.000000000000000000, 0.8660254037844387076, 1.000000000000000000, 0.8660254037844387076, 1.000000000000000000, 0.8660254037844387076, 1.000000000000000000, 0.8660254037844387076, 1.000000000000000000, 0.8660254037844387076, 1.000000000000000000, 0.8660254037844387076, 1.000000000000000000, 0.8660254037844387076, 1.000000000000000000, 0.8660254037844387076, 1.000000000000000000, 0.8660254037844387076, 1.000000000000000000, 0.8660254037844387076, 1.000000000000000000, 0.8660254037844387076, 1.000000000000000000, 0.8660254037844387076, 1.000000000000000000, 0.8660254037844387076, 1.000000000000000000, 0.8660254037844387076, 1.000000000000000000, 0.8660254037844387076, 1.000000000000000000, 0.8660254037844387076, 1.000000000000000000, 0.8660254037844387076, 1.000000000000000000, 0.8660254037844387076, 1.000000000000000000, 0.8660254037844387076, 1.000000000000000000, 0.8660254037844387076, 1.000000000000000000, 0.8660254037844387076, 1.000000000000000000, 0.8660254037844387076, 1.000000000000000000, 0.8660254037844387076, 1.000000000000000000, 0.8660254037844387076, 1.000000000000000000, 0.8660254037844387076, 1.000000000000000000, 0.8660254037844387076, 1.000000000000000000, 0.8660254037844387076, 1.000000000000000000, 0.8660254037844387076, 1.000000000000000000, 0.8660254037844387076, 1.000000000000000000, 0.8660254037844387076, 1.000000000000000000, 0.8660254037844387076, 1.000000000000000000, 0.8660254037844387076, 1.000000000000000000, 0.8660254037844387076, 1.000000000000000000, 0.8660254037844387076, 1.000000000000000000, 0.8660254037844387076, 1.000000000000000000, 0.8660254037844387076, 1.000000000000000000, 0.8660254037844387076, 1.000000000000000000, 0.8660254037844387076, 1.000000000000000000, 0.8660254037844387076, 1.000000000000000000, 0.8660254037844387076, 1.000000000000000000, 0.8660254037844387076, 1.000000000000000000, 0.8660254037844387076, 1.000000000000000000, 0.8660254037844387076, 1.000000000000000000, 0.8660254037844387076, 1.000000000000000000, 0.8660254037844387076, 1.000000000000000000, 0.8660254037844387076, 1.000000000000000000, 0.8660254037844387076, 1.000000000000000000, 0.8660254037844387076, 1.000000000000000000, 0.8660254037844387076, 1.000000000000000000, 0.8660254037844387076, 1.000000000000000000, 0.8660254037844387076, 1.000000000000000000, 0.8660254037844387076, 1.000000000000000000, 0.8660254037844387076, 1.000000000000000000, 0.8660254037844387076, 1.000000000000000000, 0.8660254037844387076, 1.000000000000000000, 0.8660254037844387076, 1.000000000000000000, 0.8660254037844387076, 1.000000000000000000, 0.8660254037844387076, 1.000000000000000000, 0.8660254037844387076, 1.000000000000000000, 0.8660254037844387076, 1.000000000000000000, 0.8660254037844387076, 1.000000000000000000, 0.8660254037844387076, 1.000000000000000000, 0.8660254037844387076, 1.000000000000000000, 0.8660254037844387076, 1.000000000000000000, 0.8660254037844387076, 1.000000000000000000, 0.8660254037844387076, 1.000000000000000000, 0.8660254037844387076, 1.000000000000000000, 0.8660254037844387076, 1.000000000000000000, 0.8660254037844387076, 1.000000000000000000, 0.8660254037844387076, 1.000000000000000000, 0.8660254037844387076, 1.000000000000000000, 0.8660254037844387076, 1.000000000000000000, 0.8660254037844387076, 1.000000000000000000, 0.8660254037844387076, 1.000000000000000000, 0.8660254037844387076, 1.000000000000000000, 0.8660254037844387076, 1.000000000000000000, 0.8660254037844387076, 1.000000000000000000, 0.8660254037844387076, 1.000000000000000000, 0.8660254037844387076, 1.000000000000000000, 0.8660254037844387076, 1.000000000000000000, 0.8660254037844387076, 1.000000000000000000, 0.8660254037844387076, 1.000000000000000000, 0.8660254037844387076, 1.000000000000000000, 0.8660254037844387076, 1.000000000000000000, 0.8660254037844387076, 1.000000000000000000, 0.8660254037844387076, 1.000000000000000000),
 ( 1.000000000000000000, 0.8660254037844387076, 1.000000000000000000, 0.8660254037844387076, 1.000000000000000000, 0.8660254037844387076, 1.000000000000000000, 0.8660254037844387076, 1.000000000000000000, 0.8660254037844387076, 1.000000000000000000, 0.8660254037844387076, 1.000000000000000000, 0.8660254037844387076, 1.000000000000000000, 0.8660254037844387076, 1.000000000000000000, 0.8660254037844387076, 1.000000000000000000, 0.8660254037844387076, 1.000000000000000000, 0.8660254037844387076, 1.000000000000000000, 0.8660254037844387076, 1.000000000000000000, 0.8660254037844387076, 1.000000000000000000, 0.8660254037844387076, 1.000000000000000000, 0.8660254037844387076, 1.000000000000000000, 0.8660254037844387076, 1.000000000000000000, 0.8660254037844387076, 1.000000000000000000, 0.8660254037844387076, 1.000000000000000000, 0.8660254037844387076, 1.000000000000000000, 0.8660254037844387076, 1.000000000000000000, 0.8660254037844387076, 1.000000000000000000, 0.8660254037844387076, 1.000000000000000000, 0.8660254037844387076, 1.000000000000000000, 0.8660254037844387076, 1.000000000000000000, 0.8660254037844387076, 1.000000000000000000, 0.8660254037844387076, 1.000000000000000000, 0.8660254037844387076, 1.000000000000000000, 0.8660254037844387076, 1.000000000000000000, 0.8660254037844387076, 1.000000000000000000, 0.8660254037844387076, 1.000000000000000000, 0.8660254037844387076, 1.000000000000000000, 0.8660254037844387076, 1.000000000000000000, 0.8660254037844387076, 1.000000000000000000, 0.8660254037844387076, 1.000000000000000000, 0.8660254037844387076, 1.000000000000000000, 0.8660254037844387076, 1.000000000000000000, 0.8660254037844387076, 1.000000000000000000, 0.8660254037844387076, 1.000000000000000000, 0.8660254037844387076, 1.000000000000000000, 0.8660254037844387076, 1.000000000000000000, 0.8660254037844387076, 1.000000000000000000, 0.8660254037844387076, 1.000000000000000000, 0.8660254037844387076, 1.000000000000000000, 0.8660254037844387076, 1.000000000000000000, 0.8660254037844387076, 1.000000000000000000, 0.8660254037844387076, 1.000000000000000000, 0.8660254037844387076, 1.000000000000000000, 0.8660254037844387076, 1.000000000000000000, 0.8660254037844387076, 1.000000000000000000, 0.8660254037844387076, 1.000000000000000000, 0.8660254037844387076, 1.000000000000000000, 0.8660254037844387076, 1.000000000000000000, 0.8660254037844387076, 1.000000000000000000, 0.8660254037844387076, 1.000000000000000000, 0.8660254037844387076, 1.000000000000000000, 0.8660254037844387076, 1.000000000000000000, 0.8660254037844387076, 1.000000000000000000, 0.8660254037844387076, 1.000000000000000000, 0.8660254037844387076, 1.000000000000000000, 0.8660254037844387076, 1.000000000000000000, 0.8660254037844387076, 1.000000000000000000, 0.8660254037844387076, 1.000000000000000000, 0.8660254037844387076, 1.000000000000000000, 0.8660254037844387076, 1.000000000000000000, 0.8660254037844387076, 1.000000000000000000, 0.8660254037844387076, 1.000000000000000000, 0.8660254037844387076, 1.000000000000000000, 0.8660254037844387076, 1.000000000000000000, 0.8660254037844387076, 1.000000000000000000, 0.8660254037844387076, 1.000000000000000000, 0.8660254037844387076, 1.000000000000000000, 0.8660254037844387076, 1.000000000000000000, 0.8660254037844387076, 1.000000000000000000, 0.8660254037844387076, 1.000000000000000000, 0.8660254037844387076, 1.000000000000000000, 0.8660254037844387076, 1.000000000000000000, 0.8660254037844387076, 1.000000000000000000, 0.8660254037844387076, 1.000000000000000000, 0.8660254037844387076, 1.000000000000000000, 0.8660254037844387076, 1.000000000000000000, 0.8660254037844387076, 1.000000000000000000, 0.8660254037844387076, 1.000000000000000000, 0.8660254037844387076, 1.000000000000000000, 0.8660254037844387076, 1.000000000000000000, 0.8660254037844387076, 1.000000000000000000, 0.8660254037844387076, 1.000000000000000000, 0.8660254037844387076, 1.000000000000000000, 0.8660254037844387076, 1.000000000000000000, 0.8660254037844387076, 1.000000000000000000, 0.8660254037844387076, 1.000000000000000000, 0.8660254037844387076, 1.000000000000000000, 0.8660254037844387076, 1.000000000000000000, 0.8660254037844387076, 1.000000000000000000, 0.8660254037844387076, 1.000000000000000000, 0.8660254037844387076, 1.000000000000000000, 0.8660254037844387076, 1.000000000000000000, 0.8660254037844387076, 1.000000000000000000, 0.8660254037844387076, 1.000000000000000000, 0.8660254037844387076, 1.000000000000000000, 0.8660254037844387076, 1.000000000000000000, 0.8660254037844387076, 1.000000000000000000, 0.8660254037844387076, 1.000000000000000000, 0.8660254037844387076, 1.000000000000000000, 0.8660254037844387076, 1.000000000000000000, 0.8660254037844387076, 1.000000000000000000, 0.8660254037844387076, 1.000000000000000000, 0.8660254037844387076, 1.000000000000000000, 0.8660254037844387076, 1.000000000000000000, 0.8660254037844387076, 1.000000000000000000, 0.8660254037844387076, 1.000000000000000000, 0.8660254037844387076, 1.000000000000000000, 0.8660254037844387076, 1.000000000000000000, 0.8660254037844387076, 1.000000000000000000, 0.8660254037844387076, 1.000000000000000000, 0.8660254037844387076, 1.000000000000000000, 0.8660254037844387076, 1.000000000000000000, 0.8660254037844387076, 1.000000000000000000, 0.8660254037844387076, 1.000000000000000000, 0.8660254037844387076, 1.000000000000000000, 0.8660254037844387076, 1.000000000000000000, 0.8660254037844387076, 1.000000000000000000, 0.8660254037844387076, 1.000000000000000000, 0.8660254037844387076, 1.000000000000000000, 0.8660254037844387076, 1.000000000000000000, 0.8660254037844387076, 1.000000000000000000, 0.8660254037844387076, 1.000000000000000000, 0.8660254037844387076, 1.000000000000000000, 0.8660254037844387076, 1.000000000000000000, 0.8660254037844387076, 1.000000000000000000, 0.8660254037844387076, 1.000000000000000000, 0.8660254037844387076, 1.000000000000000000, 0.8660254037844387076, 1.000000000000000000, 0.8660254037844387076, 1.000000000000000000, 0.8660254037844387076, 1.000000000000000000, 0.8660254037844387076, 1.000000000000000000, 0.8660254037844387076, 1.000000000000000000, 0.8660254037844387076, 1.000000000000000000, 0.8660254037844387076, 1.000000000000000000, 0.8660254037844387076, 1.000000000000000000, 0.8660254037844387076, 1.000000000000000000, 0.8660254037844387076, 1.000000000000000000, 0.8660254037844387076, 1.000000000000000000, 0.8660254037844387076, 1.000000000000000000, 0.8660254037844387076, 1.000000000000000000, 0.8660254037844387076, 1.000000000000000000, 0.8660254037844387076, 1.000000000000000000, 0.8660254037844387076, 1.000000000000000000, 0.8660254037844387076, 1.000000000000000000, 0.8660254037844387076, 1.000000000000000000, 0.8660254037844387076, 1.000000000000000000, 0.8660254037844387076, 1.000000000000000000, 0.8660254037844387076, 1.000000000000000000, 0.8660254037844387076, 1.000000000000000000, 0.8660254037844387076, 1.000000000000000000, 0.8660254037844387076, 1.000000000000000000, 0.8660254037844387076, 1.000000000000000000, 0.8660254037844387076, 1.000000000000000000, 0.8660254037844387076, 1.000000000000000000, 0.8660254037844387076, 1.000000000000000000, 0.8660254037844387076, 1.000000000000000000, 0.8660254037844387076, 1.000000000000000000, 0.8660254037844387076, 1.000000000000000000, 0.8660254037844387076, 1.000000000000000000, 0.8660254037844387076, 1.000000000000000000, 0.8660254037844387076, 1.000000000000000000, 0.8660254037844387076, 1.000000000000000000, 0.8660254037844387076, 1.000000000000000000, 0.8660254037844387076, 1.000000000000000000, 0.8660254037844387076, 1.000000000000000000, 0.8660254037844387076, 1.000000000000000000, 0.8660254037844387076, 1.000000000000000000, 0.8660254037844387076, 1.000000000000000000, 0.8660254037844387076, 1.000000000000000000, 0.8660254037844387076, 1.000000000000000000, 0.8660254037844387076, 1.000000000000000000, 0.8660254037844387076, 1.000000000000000000, 0.8660254037844387076, 1.000000000000000000, 0.8660254037844387076, 1.000000000000000000, 0.8660254037844387076, 1.000000000000000000, 0.8660254037844387076, 1.000000000000000000, 0.8660254037844387076, 1.000000000000000000, 0.8660254037844387076, 1.000000000000000000, 0.8660254037844387076, 1.000000000000000000, 0.8660254037844387076, 1.000000000000000000, 0.8660254037844387076, 1.000000000000000000, 0.8660254037844387076, 1.000000000000000000, 0.8660254037844387076, 1.000000000000000000, 0.8660254037844387076, 1.000000000000000000, 0.8660254037844387076, 1.000000000000000000, 0.8660254037844387076, 1.000000000000000000, 0.8660254037844387076, 1.000000000000000000, 0.8660254037844387076, 1.000000000000000000, 0.8660254037844387076, 1.000000000000000000, 0.8660254037844387076, 1.000000000000000000, 0.8660254037844387076, 1.000000000000000000, 0.8660254037844387076, 1.000000000000000000, 0.8660254037844387076, 1.000000000000000000, 0.8660254037844387076, 1.000000000000000000, 0.8660254037844387076, 1.000000000000000000, 0.8660254037844387076, 1.000000000000000000, 0.8660254037844387076, 1.000000000000000000, 0.8660254037844387076, 1.000000000000000000, 0.8660254037844387076, 1.000000000000000000, 0.8660254037844387076, 1.000000000000000000, 0.8660254037844387076, 1.000000000000000000, 0.8660254037844387076, 1.000000000000000000, 0.8660254037844387076, 1.000000000000000000, 0.8660254037844387076, 1.000000000000000000, 0.8660254037844387076, 1.000000000000000000, 0.8660254037844387076, 1.000000000000000000, 0.8660254037844387076, 1.000000000000000000, 0.8660254037844387076, 1.000000000000000000, 0.8660254037844387076, 1.000000000000000000, 0.8660254037844387076, 1.000000000000000000, 0.8660254037844387076, 1.000000000000000000, 0.8660254037844387076, 1.000000000000000000, 0.8660254037844387076, 1.000000000000000000, 0.8660254037844387076, 1.000000000000000000, 0.8660254037844387076, 1.000000000000000000, 0.8660254037844387076, 1.000000000000000000, 0.8660254037844387076, 1.000000000000000000, 0.8660254037844387076, 1.000000000000000000) ) ) 
 REPRESENTATION_ITEM ( '' )  SURFACE ( )  );
#4787 = CARTESIAN_POINT ( 'NONE',  ( -8.838126989374211143E-17, 1.443375672974062107, -5.124999999999997335 ) ) ;
#4788 = CARTESIAN_POINT ( 'NONE',  ( -1.520632937499998727, 0.8779378358042350117, -13.26041666598386826 ) ) ;
#4789 = EDGE_LOOP ( 'NONE', ( #133, #5020, #4577, #2224 ) ) ;
#4790 = ADVANCED_FACE ( 'NONE', ( #1970 ), #6391, .F. ) ;
#4791 = CARTESIAN_POINT ( 'NONE',  ( 0.6249999999999986677, 1.082531754730546858, -6.666666666666664298 ) ) ;
#4792 = DIRECTION ( 'NONE',  ( 0.000000000000000000, -0.000000000000000000, 1.000000000000000000 ) ) ;
#4793 = CARTESIAN_POINT ( 'NONE',  ( 0.7603164687499986973, 1.316906753706353017, -14.38541666598386648 ) ) ;
#4794 = CARTESIAN_POINT ( 'NONE',  ( 1.520632937499998727, -0.8779378358042346786, -15.44791666598386470 ) ) ;
#4795 = CARTESIAN_POINT ( 'NONE',  ( 1.249999999999998002, -0.7216878364870306095, -2.291666666666663854 ) ) ;
#4796 = CARTESIAN_POINT ( 'NONE',  ( -0.7603164687499980312, -1.316906753706353461, -1.635416665983867146 ) ) ;
#4797 = COORDINATED_UNIVERSAL_TIME_OFFSET ( 6, 0, .BEHIND. ) ;
#4798 = VECTOR ( 'NONE', #6677, 1000.000000000000000 ) ;
#4799 = DIRECTION ( 'NONE',  ( 0.000000000000000000, 0.000000000000000000, -1.000000000000000000 ) ) ;
#4800 = ORIENTED_EDGE ( 'NONE', *, *, #6742, .T. ) ;
#4801 = CIRCLE ( 'NONE', #5949, 4.900000000000000355 ) ;
#4802 = CARTESIAN_POINT ( 'NONE',  ( 1.520632937499998283, -0.8779378358042346786, -2.447916665983867368 ) ) ;
#4803 = ADVANCED_FACE ( 'NONE', ( #5166 ), #5366, .T. ) ;
#4804 = CARTESIAN_POINT ( 'NONE',  ( -0.6249999999999991118, 1.082531754730546636, -5.083333333333330373 ) ) ;
#4805 = CARTESIAN_POINT ( 'NONE',  ( -1.249999999999998002, 0.7216878364870310536, -14.91666666530107221 ) ) ;
#4806 = CARTESIAN_POINT ( 'NONE',  ( 1.249999999999998002, 0.7216878364870314977, -10.58333333196773474 ) ) ;
#4807 = CARTESIAN_POINT ( 'NONE',  ( -1.520632937499998283, 0.8779378358042350117, -2.760416665983866924 ) ) ;
#4808 = CARTESIAN_POINT ( 'NONE',  ( 0.000000000000000000, 1.249999999999996447, 0.000000000000000000 ) ) ;
#4809 = CARTESIAN_POINT ( 'NONE',  ( 3.225491281404032925E-16, -1.755875671608470467, -16.09374999931720041 ) ) ;
#4810 = VECTOR ( 'NONE', #6559, 1000.000000000000000 ) ;
#4811 = DIRECTION ( 'NONE',  ( -0.000000000000000000, -0.000000000000000000, 1.000000000000000000 ) ) ;
#4812 = ORIENTED_EDGE ( 'NONE', *, *, #5055, .F. ) ;
#4813 = ORIENTED_EDGE ( 'NONE', *, *, #829, .F. ) ;
#4814 = CARTESIAN_POINT ( 'NONE',  ( 1.520632937499998283, -0.8779378358042346786, -11.94791666598386826 ) ) ;
#4815 = CARTESIAN_POINT ( 'NONE',  ( 2.651438096812262973E-16, -1.443375672974062107, -1.749999998634403697 ) ) ;
#4816 = CARTESIAN_POINT ( 'NONE',  ( 1.520632937499998283, -0.8779378358042346786, -13.94791666598386648 ) ) ;
#4817 = CARTESIAN_POINT ( 'NONE',  ( 0.000000000000000000, 0.000000000000000000, 0.000000000000000000 ) ) ;
#4818 = CARTESIAN_POINT ( 'NONE',  ( 1.249999999999998224, -0.7216878364870306095, -11.29166666666666430 ) ) ;
#4819 = CARTESIAN_POINT ( 'NONE',  ( 2.651438096812262973E-16, -1.443375672974062107, -1.374999999999997335 ) ) ;
#4820 = CC_DESIGN_PERSON_AND_ORGANIZATION_ASSIGNMENT ( #1666, #2639, ( #291 ) ) ;
#4821 = CARTESIAN_POINT ( 'NONE',  ( -1.249999999999998002, 1.530808498934189105E-16, 0.000000000000000000 ) ) ;
#4822 = CARTESIAN_POINT ( 'NONE',  ( -0.7603164687499992525, 1.316906753706352795, -2.739583332650534331 ) ) ;
#4823 = CARTESIAN_POINT ( 'NONE',  ( 1.520632937499998283, -0.8779378358042346786, -12.01041666598386648 ) ) ;
#4824 = CARTESIAN_POINT ( 'NONE',  ( 0.7603164687499996965, -1.316906753706352573, -5.489583332650533443 ) ) ;
#4825 = CARTESIAN_POINT ( 'NONE',  ( 0.6249999999999986677, 1.082531754730546858, -7.041666665301070438 ) ) ;
#4826 = CARTESIAN_POINT ( 'NONE',  ( 0.6249999999999995559, -1.082531754730546414, -3.833333333333330373 ) ) ;
#4827 = CARTESIAN_POINT ( 'NONE',  ( -1.520632937499997617, -0.8779378358042360109, -11.67708333265053255 ) ) ;
#4828 = ORIENTED_EDGE ( 'NONE', *, *, #3152, .T. ) ;
#4829 = CARTESIAN_POINT ( 'NONE',  ( 1.520632937499998283, -0.8779378358042346786, -4.510416665983867368 ) ) ;
#4830 = CARTESIAN_POINT ( 'NONE',  ( -1.249999999999998002, 1.530808498934189105E-16, 0.000000000000000000 ) ) ;
#4831 = CARTESIAN_POINT ( 'NONE',  ( -1.520632937499998283, 0.8779378358042350117, -13.26041666598386826 ) ) ;
#4832 = CARTESIAN_POINT ( 'NONE',  ( 0.7603164687499986973, 1.316906753706353017, -16.32291666598386826 ) ) ;
#4833 = DIRECTION ( 'NONE',  ( -0.000000000000000000, -0.000000000000000000, 1.000000000000000000 ) ) ;
#4834 = CARTESIAN_POINT ( 'NONE',  ( -0.7603164687499992525, 1.316906753706352795, -3.802083332650533443 ) ) ;
#4835 = VECTOR ( 'NONE', #1812, 1000.000000000000000 ) ;
#4836 = EDGE_CURVE ( 'NONE', #3522, #6543, #3104, .T. ) ;
#4837 = CARTESIAN_POINT ( 'NONE',  ( 0.000000000000000000, 0.000000000000000000, -2.000000000000000000 ) ) ;
#4838 = AXIS2_PLACEMENT_3D ( 'NONE', #2962, #325, #6358 ) ;
#4839 = ORIENTED_EDGE ( 'NONE', *, *, #5571, .T. ) ;
#4840 = CARTESIAN_POINT ( 'NONE',  ( 1.249999999999998002, -0.7216878364870306095, -3.166666665301070438 ) ) ;
#4841 = CARTESIAN_POINT ( 'NONE',  ( 3.225491281404032925E-16, -1.755875671608470467, -18.03124999931720396 ) ) ;
#4842 = CARTESIAN_POINT ( 'NONE',  ( -1.249999999999997780, -0.7216878364870316087, -9.333333331967736513 ) ) ;
#4843 = CARTESIAN_POINT ( 'NONE',  ( 1.520632937499997617, 0.8779378358042356778, -6.427083332650533443 ) ) ;
#4844 = CARTESIAN_POINT ( 'NONE',  ( 1.520632937499998061, 1.862238259587409655E-16, -8.406249999317198629 ) ) ;
#4845 = CARTESIAN_POINT ( 'NONE',  ( -1.249999999999998002, 1.530808498934189105E-16, 0.000000000000000000 ) ) ;
#4846 =( BOUNDED_CURVE ( )  B_SPLINE_CURVE ( 2, ( #630, #1263, #5470, #2280, #1697, #5540, #4539 ),
 .UNSPECIFIED., .F., .T. ) 
 B_SPLINE_CURVE_WITH_KNOTS ( ( 3, 2, 2, 3 ),
 ( 0.7567567567567567988, 0.7612612612612612573, 0.7657657657657656047, 0.7702702702702701743 ),
 .UNSPECIFIED. ) 
 CURVE ( )  GEOMETRIC_REPRESENTATION_ITEM ( )  RATIONAL_B_SPLINE_CURVE ( ( 1.000000000000000000, 0.8660254037844387076, 1.000000000000000000, 0.8660254037844387076, 1.000000000000000000, 0.8660254037844420383, 0.9999999999999966693 ) ) 
 REPRESENTATION_ITEM ( '' )  );
#4847 = ORIENTED_EDGE ( 'NONE', *, *, #4130, .T. ) ;
#4848 = LINE ( 'NONE', #2153, #405 ) ;
#4849 = ORIENTED_EDGE ( 'NONE', *, *, #3320, .F. ) ;
#4850 = CARTESIAN_POINT ( 'NONE',  ( -1.520632937499998061, 0.000000000000000000, -12.15624999931719863 ) ) ;
#4851 = CARTESIAN_POINT ( 'NONE',  ( -8.838126989374211143E-17, 1.443375672974062107, -0.4999999986344037528 ) ) ;
#4852 = CARTESIAN_POINT ( 'NONE',  ( -1.520632937499998061, 0.000000000000000000, -17.15624999931720041 ) ) ;
#4853 = DIRECTION ( 'NONE',  ( -0.000000000000000000, -0.000000000000000000, 1.000000000000000000 ) ) ;
#4854 = CARTESIAN_POINT ( 'NONE',  ( -1.249999999999997780, -0.7216878364870316087, -12.45833333333332860 ) ) ;
#4855 = CARTESIAN_POINT ( 'NONE',  ( 1.249999999999997780, 0.7216878364870316087, -3.083333331967737401 ) ) ;
#4856 = CARTESIAN_POINT ( 'NONE',  ( -0.6249999999999991118, 1.082531754730546636, -1.083333333333330595 ) ) ;
#4857 = CARTESIAN_POINT ( 'NONE',  ( 0.7603164687499986973, 1.316906753706353017, -4.822916665983867368 ) ) ;
#4858 = CARTESIAN_POINT ( 'NONE',  ( -1.520632937499997617, -0.8779378358042361219, -13.17708333265053255 ) ) ;
#4859 = CARTESIAN_POINT ( 'NONE',  ( 0.7603164687499996965, -1.316906753706352573, -7.489583332650533443 ) ) ;
#4860 = CARTESIAN_POINT ( 'NONE',  ( -1.520632937499998061, 0.000000000000000000, -3.156249999317200849 ) ) ;
#4861 = CARTESIAN_POINT ( 'NONE',  ( 2.651438096812262973E-16, -1.443375672974062107, -4.874999999999996447 ) ) ;
#4862 = CARTESIAN_POINT ( 'NONE',  ( 3.225491281404033418E-16, -1.755875671608470023, -11.09374999931720041 ) ) ;
#4863 = LINE ( 'NONE', #1083, #4810 ) ;
#4864 = ORIENTED_EDGE ( 'NONE', *, *, #1742, .F. ) ;
#4865 = CARTESIAN_POINT ( 'NONE',  ( 1.520632937499998061, 1.862238259587409655E-16, -2.968749999317200849 ) ) ;
#4866 = CARTESIAN_POINT ( 'NONE',  ( 0.6249999999999995559, -1.082531754730546414, -6.333333333333329485 ) ) ;
#4867 = LINE ( 'NONE', #5868, #3928 ) ;
#4868 = CARTESIAN_POINT ( 'NONE',  ( 0.7603164687499996965, -1.316906753706352573, -14.05208333265053433 ) ) ;
#4869 = DIRECTION ( 'NONE',  ( -0.000000000000000000, -0.000000000000000000, 1.000000000000000000 ) ) ;
#4870 = CARTESIAN_POINT ( 'NONE',  ( 1.520632937499998061, 1.862238259587409655E-16, -3.468749999317200405 ) ) ;
#4871 = SECURITY_CLASSIFICATION_LEVEL ( 'unclassified' ) ;
#4872 = DIRECTION ( 'NONE',  ( -0.000000000000000000, -0.000000000000000000, 1.000000000000000000 ) ) ;
#4873 = VERTEX_POINT ( 'NONE', #6461 ) ;
#4874 = CARTESIAN_POINT ( 'NONE',  ( -8.838126989374211143E-17, 1.443375672974062107, -16.99999999863440436 ) ) ;
#4875 = CARTESIAN_POINT ( 'NONE',  ( 1.520632937499998283, -0.8779378358042346786, -17.94791666598386826 ) ) ;
#4876 = CARTESIAN_POINT ( 'NONE',  ( -1.075163760468011098E-16, 1.755875671608470467, -7.343749999317199517 ) ) ;
#4877 = CARTESIAN_POINT ( 'NONE',  ( -1.520632937499998727, 0.8779378358042350117, -9.197916665983868256 ) ) ;
#4878 = FACE_OUTER_BOUND ( 'NONE', #1745, .T. ) ;
#4879 = EDGE_CURVE ( 'NONE', #353, #1784, #5955, .T. ) ;
#4880 = LINE ( 'NONE', #2223, #1274 ) ;
#4881 = VERTEX_POINT ( 'NONE', #1527 ) ;
#4882 = LINE ( 'NONE', #8, #2693 ) ;
#4883 = ORIENTED_EDGE ( 'NONE', *, *, #655, .F. ) ;
#4884 = CARTESIAN_POINT ( 'NONE',  ( -0.7603164687499992525, 1.316906753706352795, -11.73958333265053433 ) ) ;
#4885 = CARTESIAN_POINT ( 'NONE',  ( 0.6249999999999995559, -1.082531754730546414, -1.208333331967737179 ) ) ;
#4886 = CARTESIAN_POINT ( 'NONE',  ( 3.225491281404032925E-16, -1.755875671608470467, -17.03124999931720041 ) ) ;
#4887 =( BOUNDED_CURVE ( )  B_SPLINE_CURVE ( 2, ( #330, #2622, #2587, #6363, #1006, #6949, #6910 ),
 .UNSPECIFIED., .F., .T. ) 
 B_SPLINE_CURVE_WITH_KNOTS ( ( 3, 2, 2, 3 ),
 ( 0.5270270270270270840, 0.5315315315315316536, 0.5360360360360360010, 0.5405405405405405705 ),
 .UNSPECIFIED. ) 
 CURVE ( )  GEOMETRIC_REPRESENTATION_ITEM ( )  RATIONAL_B_SPLINE_CURVE ( ( 0.9999999999999966693, 0.8660254037844420383, 1.000000000000000000, 0.8660254037844387076, 1.000000000000000000, 0.8660254037844387076, 1.000000000000000000 ) ) 
 REPRESENTATION_ITEM ( '' )  );
#4888 = CARTESIAN_POINT ( 'NONE',  ( 1.249999999999998002, 0.000000000000000000, 0.000000000000000000 ) ) ;
#4889 = ADVANCED_FACE ( 'NONE', ( #4878 ), #4268, .F. ) ;
#4890 = CARTESIAN_POINT ( 'NONE',  ( 0.6249999999999986677, 1.082531754730546858, -1.666666666666663854 ) ) ;
#4891 = CARTESIAN_POINT ( 'NONE',  ( 0.6249999999999995559, -1.082531754730546414, -14.70833333196773474 ) ) ;
#4892 = CARTESIAN_POINT ( 'NONE',  ( 0.7283461594442505183, -1.148885132290137889, -0.3924634496682468665 ) ) ;
#4893 = CARTESIAN_POINT ( 'NONE',  ( -1.075163760468011098E-16, 1.755875671608470467, -4.281249999317200405 ) ) ;
#4894 = CARTESIAN_POINT ( 'NONE',  ( 0.7603164687499996965, -1.316906753706352573, -11.05208333265053255 ) ) ;
#4895 = CARTESIAN_POINT ( 'NONE',  ( 1.520632937499998283, -0.8779378358042346786, -10.44791666598386826 ) ) ;
#4896 = EDGE_CURVE ( 'NONE', #6671, #76, #1607, .T. ) ;
#4897 = CARTESIAN_POINT ( 'NONE',  ( 3.225491281404033418E-16, -1.755875671608470023, -2.031249999317200849 ) ) ;
#4898 = CARTESIAN_POINT ( 'NONE',  ( -1.249999999999998224, 0.7216878364870308316, -3.041666666666663854 ) ) ;
#4899 = CARTESIAN_POINT ( 'NONE',  ( 3.225491281404033418E-16, -1.755875671608470023, -12.09374999931719863 ) ) ;
#4900 = ORIENTED_EDGE ( 'NONE', *, *, #663, .T. ) ;
#4901 = CARTESIAN_POINT ( 'NONE',  ( -0.7603164687499980312, -1.316906753706353461, -4.635416665983866480 ) ) ;
#4902 = CARTESIAN_POINT ( 'NONE',  ( 1.249999999999998002, 1.530808498934189105E-16, -10.74999999999999822 ) ) ;
#4903 = CARTESIAN_POINT ( 'NONE',  ( 0.6249999999999986677, 1.082531754730546858, -5.041666665301070438 ) ) ;
#4904 = CARTESIAN_POINT ( 'NONE',  ( 0.7603164687499986973, 1.316906753706353017, -13.38541666598386648 ) ) ;
#4905 = CARTESIAN_POINT ( 'NONE',  ( 2.651438096812262973E-16, -1.443375672974062107, -5.249999998634404363 ) ) ;
#4906 = CARTESIAN_POINT ( 'NONE',  ( -0.7603164687499992525, 1.316906753706352795, -4.302083332650533443 ) ) ;
#4907 = CARTESIAN_POINT ( 'NONE',  ( 1.250000000000015543, 0.7216878364870213947, -9.208333333333330373 ) ) ;
#4908 = ORIENTED_EDGE ( 'NONE', *, *, #3875, .T. ) ;
#4909 = CARTESIAN_POINT ( 'NONE',  ( 0.6249999999999986677, 1.082531754730546858, -1.041666665301070438 ) ) ;
#4910 = CARTESIAN_POINT ( 'NONE',  ( 0.6249999999999986677, 1.082531754730546858, -15.04166666530107044 ) ) ;
#4911 = CARTESIAN_POINT ( 'NONE',  ( 3.225491281404032925E-16, -1.755875671608470467, -5.093749999317199517 ) ) ;
#4912 = AXIS2_PLACEMENT_3D ( 'NONE', #1816, #3416, #5014 ) ;
#4913 = CARTESIAN_POINT ( 'NONE',  ( 0.7603164687499986973, 1.316906753706353017, -9.322916665983868256 ) ) ;
#4914 = DIRECTION ( 'NONE',  ( -0.000000000000000000, -0.000000000000000000, 1.000000000000000000 ) ) ;
#4915 = CARTESIAN_POINT ( 'NONE',  ( 1.249999999999998002, 1.530808498934189105E-16, -4.124999998634403475 ) ) ;
#4916 = VECTOR ( 'NONE', #992, 1000.000000000000000 ) ;
#4917 = ORIENTED_EDGE ( 'NONE', *, *, #2631, .T. ) ;
#4918 = CARTESIAN_POINT ( 'NONE',  ( 0.6249999999999995559, -1.082531754730546414, -15.70833333196773651 ) ) ;
#4919 = VERTEX_POINT ( 'NONE', #1063 ) ;
#4920 = CARTESIAN_POINT ( 'NONE',  ( -1.520632937499997617, -0.8779378358042361219, -11.11458333265053255 ) ) ;
#4921 = CARTESIAN_POINT ( 'NONE',  ( -1.249999999999997780, -0.7216878364870316087, -1.833333331967736957 ) ) ;
#4922 = CARTESIAN_POINT ( 'NONE',  ( -1.075163760468011098E-16, 1.755875671608470467, -16.28124999931720396 ) ) ;
#4923 = CARTESIAN_POINT ( 'NONE',  ( -1.249999999999998002, 0.000000000000000000, -1.374999998634403697 ) ) ;
#4924 = PRODUCT_DEFINITION_FORMATION_WITH_SPECIFIED_SOURCE ( 'ANY', '', #5735, .NOT_KNOWN. ) ;
#4925 = CARTESIAN_POINT ( 'NONE',  ( 1.249999999999997780, 0.7216878364870316087, -14.70833333333333037 ) ) ;
#4926 = CARTESIAN_POINT ( 'NONE',  ( 1.249999999999998224, -0.7216878364870306095, -15.66666666530107044 ) ) ;
#4927 = EDGE_CURVE ( 'NONE', #3349, #1521, #610, .T. ) ;
#4928 = DIRECTION ( 'NONE',  ( 1.000000000000000000, 0.000000000000000000, 0.000000000000000000 ) ) ;
#4929 = CARTESIAN_POINT ( 'NONE',  ( -1.520632937499997617, -0.8779378358042361219, -4.114583332650533443 ) ) ;
#4930 = CARTESIAN_POINT ( 'NONE',  ( -1.075163760468011098E-16, 1.755875671608470467, -12.84374999931720041 ) ) ;
#4931 = CARTESIAN_POINT ( 'NONE',  ( 1.520632937499997617, 0.8779378358042356778, -9.364583332650532554 ) ) ;
#4932 = CARTESIAN_POINT ( 'NONE',  ( -0.7603164687499992525, 1.316906753706352795, -2.739583332650534331 ) ) ;
#4933 = CARTESIAN_POINT ( 'NONE',  ( -1.249999999999997780, -0.7216878364870316087, -6.458333333333329485 ) ) ;
#4934 = CARTESIAN_POINT ( 'NONE',  ( -0.7603164687499980312, -1.316906753706353461, -11.13541666598386826 ) ) ;
#4935 = ORIENTED_EDGE ( 'NONE', *, *, #2273, .T. ) ;
#4936 = CARTESIAN_POINT ( 'NONE',  ( 3.225491281404032925E-16, -1.755875671608470467, -5.093749999317199517 ) ) ;
#4937 = CARTESIAN_POINT ( 'NONE',  ( -0.7603164687499992525, 1.316906753706352795, -2.739583332650534331 ) ) ;
#4938 = CARTESIAN_POINT ( 'NONE',  ( -1.249999999999998002, 0.7216878364870310536, -10.04166666666666430 ) ) ;
#4939 = DIRECTION ( 'NONE',  ( 1.000000000000000000, 0.000000000000000000, 0.000000000000000000 ) ) ;
#4940 = CARTESIAN_POINT ( 'NONE',  ( -1.520632937499998061, 0.000000000000000000, -13.71874999931720041 ) ) ;
#4941 = CARTESIAN_POINT ( 'NONE',  ( -1.520632937499998061, 0.000000000000000000, -3.218749999317200849 ) ) ;
#4942 = PERSON_AND_ORGANIZATION ( #4357, #1856 ) ;
#4943 = FACE_OUTER_BOUND ( 'NONE', #5994, .T. ) ;
#4944 = ORIENTED_EDGE ( 'NONE', *, *, #742, .T. ) ;
#4945 = CARTESIAN_POINT ( 'NONE',  ( -1.249999999999998002, 0.000000000000000000, -10.87499999863440259 ) ) ;
#4946 = AXIS2_PLACEMENT_3D ( 'NONE', #2343, #6525, #2739 ) ;
#4947 = CARTESIAN_POINT ( 'NONE',  ( 0.7603164687499986973, 1.316906753706353017, -4.885416665983867368 ) ) ;
#4948 = CARTESIAN_POINT ( 'NONE',  ( -0.7603164687499980312, -1.316906753706353461, -11.07291666598386826 ) ) ;
#4949 = CARTESIAN_POINT ( 'NONE',  ( -1.249999999999998002, 0.000000000000000000, -2.499999999999997335 ) ) ;
#4950 = CARTESIAN_POINT ( 'NONE',  ( -8.838126989374211143E-17, 1.443375672974062107, -11.99999999863440259 ) ) ;
#4951 = ORIENTED_EDGE ( 'NONE', *, *, #5019, .F. ) ;
#4952 = CYLINDRICAL_SURFACE ( 'NONE', #3817, 1.249999999999998002 ) ;
#4953 = ORIENTED_EDGE ( 'NONE', *, *, #5100, .F. ) ;
#4954 = CARTESIAN_POINT ( 'NONE',  ( -0.7603164687499980312, -1.316906753706353461, -11.07291666598386826 ) ) ;
#4955 = CARTESIAN_POINT ( 'NONE',  ( 2.651438096812262973E-16, -1.443375672974062107, -5.749999998634404363 ) ) ;
#4956 = CARTESIAN_POINT ( 'NONE',  ( 0.7603164687499986973, 1.316906753706353017, -15.82291666598386826 ) ) ;
#4957 = CARTESIAN_POINT ( 'NONE',  ( 1.250000000000015765, -0.7216878364870203955, -17.29166666666666430 ) ) ;
#4958 = AXIS2_PLACEMENT_3D ( 'NONE', #1019, #4792, #6448 ) ;
#4959 = CARTESIAN_POINT ( 'NONE',  ( 1.249999999999998002, 1.530808498934189105E-16, -13.62499999863440259 ) ) ;
#4960 = CYLINDRICAL_SURFACE ( 'NONE', #6442, 1.249999999999998002 ) ;
#4961 = CARTESIAN_POINT ( 'NONE',  ( -1.520632937499998283, 0.8779378358042350117, -4.197916665983867368 ) ) ;
#4962 = CARTESIAN_POINT ( 'NONE',  ( -0.7603164687499980312, -1.316906753706353461, -15.13541666598386648 ) ) ;
#4963 = CARTESIAN_POINT ( 'NONE',  ( -1.520632937499997617, -0.8779378358042360109, -2.114583332650533887 ) ) ;
#4964 = CARTESIAN_POINT ( 'NONE',  ( -0.6249999999999991118, 1.082531754730546636, -8.083333333333332149 ) ) ;
#4965 = EDGE_CURVE ( 'NONE', #2182, #3605, #6537, .T. ) ;
#4966 = CARTESIAN_POINT ( 'NONE',  ( -0.7603164687499980312, -1.316906753706353461, -15.13541666598386648 ) ) ;
#4967 = CARTESIAN_POINT ( 'NONE',  ( 3.225491281404032925E-16, -1.755875671608470467, -5.593749999317201294 ) ) ;
#4968 = CARTESIAN_POINT ( 'NONE',  ( -0.7603164687499992525, 1.316906753706352795, -0.7395833326505338867 ) ) ;
#4969 = CARTESIAN_POINT ( 'NONE',  ( -1.249999999999998002, 1.530808498934189105E-16, 0.000000000000000000 ) ) ;
#4970 = CARTESIAN_POINT ( 'NONE',  ( 1.249999999999998224, -0.7216878364870306095, -10.66666666530106866 ) ) ;
#4971 = CARTESIAN_POINT ( 'NONE',  ( 1.249999999999998002, 1.530808498934189105E-16, -16.74999999999999289 ) ) ;
#4972 = CARTESIAN_POINT ( 'NONE',  ( 0.6249999999999986677, 1.082531754730546858, -1.541666665301070438 ) ) ;
#4973 = EDGE_CURVE ( 'NONE', #324, #5357, #3063, .T. ) ;
#4974 = CARTESIAN_POINT ( 'NONE',  ( -1.520632937499998061, 0.000000000000000000, -5.218749999317200405 ) ) ;
#4975 = EDGE_CURVE ( 'NONE', #1380, #4774, #7052, .T. ) ;
#4976 =( BOUNDED_CURVE ( )  B_SPLINE_CURVE ( 2, ( #1694, #4428, #3897, #6013, #6629, #5467, #1728 ),
 .UNSPECIFIED., .F., .T. ) 
 B_SPLINE_CURVE_WITH_KNOTS ( ( 3, 2, 2, 3 ),
 ( 0.8243243243243243423, 0.8288288288288288008, 0.8333333333333334814, 0.8378378378378379399 ),
 .UNSPECIFIED. ) 
 CURVE ( )  GEOMETRIC_REPRESENTATION_ITEM ( )  RATIONAL_B_SPLINE_CURVE ( ( 1.000000000000000000, 0.8660254037844387076, 1.000000000000000000, 0.8660254037844387076, 1.000000000000000000, 0.8660254037844353769, 1.000000000000003331 ) ) 
 REPRESENTATION_ITEM ( '' )  );
#4977 = CARTESIAN_POINT ( 'NONE',  ( -1.378181189365440096, 0.6367245401038522656, -17.75935819960324125 ) ) ;
#4978 = ORIENTED_EDGE ( 'NONE', *, *, #2597, .F. ) ;
#4979 = CYLINDRICAL_SURFACE ( 'NONE', #402, 1.249999999999998002 ) ;
#4980 = CARTESIAN_POINT ( 'NONE',  ( 3.225491281404032925E-16, -1.755875671608470467, -6.593749999317200405 ) ) ;
#4981 = CARTESIAN_POINT ( 'NONE',  ( -0.7603164687499992525, 1.316906753706352795, -10.73958333265053255 ) ) ;
#4982 = CARTESIAN_POINT ( 'NONE',  ( -1.249999999999998002, 0.000000000000000000, -7.374999998634403475 ) ) ;
#4983 = DIRECTION ( 'NONE',  ( -0.000000000000000000, -0.000000000000000000, 1.000000000000000000 ) ) ;
#4984 = CARTESIAN_POINT ( 'NONE',  ( -0.6249999999999991118, 1.082531754730546636, -13.58333333333333037 ) ) ;
#4985 = VERTEX_POINT ( 'NONE', #4371 ) ;
#4986 = CARTESIAN_POINT ( 'NONE',  ( -1.249999999999998002, 0.000000000000000000, -5.999999999999996447 ) ) ;
#4987 = EDGE_LOOP ( 'NONE', ( #3249, #6028, #6168, #2841 ) ) ;
#4988 = CARTESIAN_POINT ( 'NONE',  ( -0.7603164687499980312, -1.316906753706353461, -13.57291666598386648 ) ) ;
#4989 = CARTESIAN_POINT ( 'NONE',  ( -1.249999999999998224, 0.7216878364870308316, -4.916666665301070438 ) ) ;
#4990 = CARTESIAN_POINT ( 'NONE',  ( -1.520632937499997617, -0.8779378358042361219, -17.61458333265053611 ) ) ;
#4991 = FACE_OUTER_BOUND ( 'NONE', #214, .T. ) ;
#4992 = CARTESIAN_POINT ( 'NONE',  ( -1.249999999999998224, 0.7216878364870308316, -13.91666666530106689 ) ) ;
#4993 = CARTESIAN_POINT ( 'NONE',  ( -1.249999999999998002, 0.000000000000000000, -9.999999999999996447 ) ) ;
#4994 = CARTESIAN_POINT ( 'NONE',  ( 3.225491281404032925E-16, -1.755875671608470467, -5.031249999317200405 ) ) ;
#4995 = CARTESIAN_POINT ( 'NONE',  ( -0.7603164687499980312, -1.316906753706353461, -14.13541666598386648 ) ) ;
#4996 = CARTESIAN_POINT ( 'NONE',  ( -1.520632937499997617, -0.8779378358042361219, -10.11458333265053433 ) ) ;
#4997 = CARTESIAN_POINT ( 'NONE',  ( 0.7603164687499996965, -1.316906753706352573, -2.489583332650533887 ) ) ;
#4998 = CARTESIAN_POINT ( 'NONE',  ( 0.6249999999999986677, 1.082531754730546858, -6.166666666666664298 ) ) ;
#4999 = CARTESIAN_POINT ( 'NONE',  ( 3.225491281404033418E-16, -1.755875671608470023, -16.09374999931720396 ) ) ;
#5000 = CARTESIAN_POINT ( 'NONE',  ( -0.7603164687499992525, 1.316906753706352795, -5.802083332650533443 ) ) ;
#5001 = CARTESIAN_POINT ( 'NONE',  ( 0.7603164687499996965, -1.316906753706352573, -2.489583332650533887 ) ) ;
#5002 = CARTESIAN_POINT ( 'NONE',  ( -0.6249999999999982236, -1.082531754730547302, -8.291666665301068662 ) ) ;
#5003 = CARTESIAN_POINT ( 'NONE',  ( -0.6249999999999991118, 1.082531754730546636, -12.45833333196773651 ) ) ;
#5004 = LINE ( 'NONE', #2870, #1542 ) ;
#5005 = CARTESIAN_POINT ( 'NONE',  ( -8.838126989374211143E-17, 1.443375672974062107, -0.1249999999999974049 ) ) ;
#5006 = CARTESIAN_POINT ( 'NONE',  ( 0.7603164687499996965, -1.316906753706352573, -6.052083332650533443 ) ) ;
#5007 = CARTESIAN_POINT ( 'NONE',  ( -1.249999999999998002, 0.000000000000000000, -9.874999998634402587 ) ) ;
#5008 = ADVANCED_FACE ( 'NONE', ( #1674, #5339 ), #2646, .F. ) ;
#5009 = ORIENTED_EDGE ( 'NONE', *, *, #4140, .F. ) ;
#5010 = CARTESIAN_POINT ( 'NONE',  ( 1.250000000000015765, -0.7216878364870203955, -17.16666666530107221 ) ) ;
#5011 = CARTESIAN_POINT ( 'NONE',  ( 0.6249999999999995559, -1.082531754730546414, -4.333333333333331261 ) ) ;
#5012 = CARTESIAN_POINT ( 'NONE',  ( -0.7603164687499992525, 1.316906753706352795, -9.302083332650532554 ) ) ;
#5013 = CARTESIAN_POINT ( 'NONE',  ( 1.520632937499997617, 0.8779378358042356778, -11.86458333265053433 ) ) ;
#5014 = DIRECTION ( 'NONE',  ( 1.000000000000000000, 0.000000000000000000, 0.000000000000000000 ) ) ;
#5015 = FACE_OUTER_BOUND ( 'NONE', #5290, .T. ) ;
#5016 = CARTESIAN_POINT ( 'NONE',  ( -1.249999999999998224, 0.7216878364870308316, -14.04166666666666430 ) ) ;
#5017 =( BOUNDED_CURVE ( )  B_SPLINE_CURVE ( 2, ( #5062, #3988, #2893, #114, #6759, #1863, #647 ),
 .UNSPECIFIED., .F., .T. ) 
 B_SPLINE_CURVE_WITH_KNOTS ( ( 3, 2, 2, 3 ),
 ( 0.7297297297297298257, 0.7342342342342343953, 0.7387387387387388538, 0.7432432432432433123 ),
 .UNSPECIFIED. ) 
 CURVE ( )  GEOMETRIC_REPRESENTATION_ITEM ( )  RATIONAL_B_SPLINE_CURVE ( ( 0.9999999999999966693, 0.8660254037844420383, 1.000000000000000000, 0.8660254037844387076, 1.000000000000000000, 0.8660254037844353769, 1.000000000000003331 ) ) 
 REPRESENTATION_ITEM ( '' )  );
#5018 =( BOUNDED_CURVE ( )  B_SPLINE_CURVE ( 2, ( #6938, #3243, #5408, #4874, #2183, #4332, #6533 ),
 .UNSPECIFIED., .F., .T. ) 
 B_SPLINE_CURVE_WITH_KNOTS ( ( 3, 2, 2, 3 ),
 ( 0.9189189189189187479, 0.9234234234234232064, 0.9279279279279277759, 0.9324324324324323454 ),
 .UNSPECIFIED. ) 
 CURVE ( )  GEOMETRIC_REPRESENTATION_ITEM ( )  RATIONAL_B_SPLINE_CURVE ( ( 1.000000000000006661, 0.8660254037844321573, 1.000000000000000000, 0.8660254037844387076, 1.000000000000000000, 0.8660254037844420383, 0.9999999999999966693 ) ) 
 REPRESENTATION_ITEM ( '' )  );
#5019 = EDGE_CURVE ( 'NONE', #2182, #3777, #6259, .T. ) ;
#5020 = ORIENTED_EDGE ( 'NONE', *, *, #5270, .T. ) ;
#5021 = ORIENTED_EDGE ( 'NONE', *, *, #3751, .F. ) ;
#5022 = CARTESIAN_POINT ( 'NONE',  ( -1.075163760468011098E-16, 1.755875671608470467, -14.78124999931720041 ) ) ;
#5023 = CARTESIAN_POINT ( 'NONE',  ( 0.6249999999999995559, -1.082531754730546414, -3.208333331967736957 ) ) ;
#5024 = CARTESIAN_POINT ( 'NONE',  ( 0.7603164687499986973, 1.316906753706353017, -0.8854166659838672571 ) ) ;
#5025 = AXIS2_PLACEMENT_3D ( 'NONE', #1790, #6796, #1899 ) ;
#5026 = CARTESIAN_POINT ( 'NONE',  ( -0.6249999999999982236, -1.082531754730547302, -17.79166666530107221 ) ) ;
#5027 = CARTESIAN_POINT ( 'NONE',  ( 1.249999999999998002, 1.530808498934189105E-16, -9.124999998634402587 ) ) ;
#5028 = CARTESIAN_POINT ( 'NONE',  ( 3.225491281404032925E-16, -1.755875671608470467, -5.531249999317200405 ) ) ;
#5029 = CARTESIAN_POINT ( 'NONE',  ( 1.520632937499997617, 0.8779378358042356778, -13.92708333265053433 ) ) ;
#5030 = CARTESIAN_POINT ( 'NONE',  ( 1.520632937499998061, 1.862238259587409655E-16, -8.406249999317198629 ) ) ;
#5031 = CIRCLE ( 'NONE', #1850, 4.650000000000003020 ) ;
#5032 = CARTESIAN_POINT ( 'NONE',  ( 1.520632937499998727, -0.8779378358042346786, -5.947916665983867368 ) ) ;
#5033 = CARTESIAN_POINT ( 'NONE',  ( 2.651438096812262973E-16, -1.443375672974062107, -6.874999999999998224 ) ) ;
#5034 = CARTESIAN_POINT ( 'NONE',  ( -1.520632937499997617, -0.8779378358042360109, -14.17708333265053611 ) ) ;
#5035 = APPROVAL_PERSON_ORGANIZATION ( #5982, #1246, #5908 ) ;
#5036 = CARTESIAN_POINT ( 'NONE',  ( 0.6249999999999995559, -1.082531754730546414, -16.33333333333332860 ) ) ;
#5037 = CARTESIAN_POINT ( 'NONE',  ( 1.520632937499998283, -0.8779378358042346786, -6.010416665983867368 ) ) ;
#5038 = CARTESIAN_POINT ( 'NONE',  ( 1.520632937499998283, -0.8779378358042346786, -2.947916665983867368 ) ) ;
#5039 = CARTESIAN_POINT ( 'NONE',  ( -0.6249999999999982236, -1.082531754730547302, -10.91666666666666430 ) ) ;
#5040 = CARTESIAN_POINT ( 'NONE',  ( 1.249999999999998224, -0.7216878364870306095, -13.16666666530107044 ) ) ;
#5041 = CARTESIAN_POINT ( 'NONE',  ( -1.249999999999998002, 0.000000000000000000, -16.99999999999999289 ) ) ;
#5042 = CARTESIAN_POINT ( 'NONE',  ( -1.249999999999998002, 0.000000000000000000, -1.374999998634403697 ) ) ;
#5043 = CARTESIAN_POINT ( 'NONE',  ( -1.520632937499998727, 0.8779378358042350117, -6.260416665983866480 ) ) ;
#5044 = B_SPLINE_CURVE_WITH_KNOTS ( 'NONE', 3,
 ( #1810, #1300, #4977, #5082, #2840, #2808 ),
 .UNSPECIFIED., .F., .F.,
 ( 4, 2, 4 ),
 ( 7.835024338451166983E-17, 0.0004845370408561265867, 0.0009690740817121748941 ),
 .UNSPECIFIED. ) ;
#5045 = CARTESIAN_POINT ( 'NONE',  ( -1.250000000000015321, -0.7216878364870213947, -12.95833333333333037 ) ) ;
#5046 = ORIENTED_EDGE ( 'NONE', *, *, #1541, .T. ) ;
#5047 = CARTESIAN_POINT ( 'NONE',  ( 0.000000000000000000, 0.000000000000000000, 0.000000000000000000 ) ) ;
#5048 = CARTESIAN_POINT ( 'NONE',  ( -1.249999999999998002, 0.000000000000000000, -6.874999998634404363 ) ) ;
#5049 = CARTESIAN_POINT ( 'NONE',  ( 0.7603164687499986973, 1.316906753706353017, -8.885416665983866480 ) ) ;
#5050 = CARTESIAN_POINT ( 'NONE',  ( -1.075163760468011222E-16, 1.755875671608470023, -10.78124999931720041 ) ) ;
#5051 = CARTESIAN_POINT ( 'NONE',  ( 1.249999999999998002, 0.000000000000000000, 0.000000000000000000 ) ) ;
#5052 = CARTESIAN_POINT ( 'NONE',  ( 1.249999999999998002, 1.530808498934189105E-16, -6.249999999999996447 ) ) ;
#5053 = CARTESIAN_POINT ( 'NONE',  ( -8.838126989374211143E-17, 1.443375672974062107, -14.12499999999999645 ) ) ;
#5054 = CARTESIAN_POINT ( 'NONE',  ( -1.249999999999998002, 0.7216878364870310536, -15.54166666666666430 ) ) ;
#5055 = EDGE_CURVE ( 'NONE', #1490, #2931, #811, .T. ) ;
#5056 = ORIENTED_EDGE ( 'NONE', *, *, #3398, .T. ) ;
#5057 = DIRECTION ( 'NONE',  ( -0.000000000000000000, -0.000000000000000000, 1.000000000000000000 ) ) ;
#5058 = ORIENTED_EDGE ( 'NONE', *, *, #5610, .T. ) ;
#5059 = CARTESIAN_POINT ( 'NONE',  ( -1.520632937499998283, 0.8779378358042350117, -13.69791666598386648 ) ) ;
#5060 = CARTESIAN_POINT ( 'NONE',  ( -0.6249999999999982236, -1.082531754730547302, -5.291666665301070438 ) ) ;
#5061 = CARTESIAN_POINT ( 'NONE',  ( -1.075163760468011098E-16, 1.755875671608470467, -1.343749999317200627 ) ) ;
#5062 = CARTESIAN_POINT ( 'NONE',  ( -1.249999999999998002, 0.000000000000000000, -12.99999999999999822 ) ) ;
#5063 = CARTESIAN_POINT ( 'NONE',  ( 1.249999999999998224, -0.7216878364870306095, -17.66666666530107221 ) ) ;
#5064 = CARTESIAN_POINT ( 'NONE',  ( 1.249999999999998002, 1.530808498934189105E-16, -6.624999998634403475 ) ) ;
#5065 = EDGE_LOOP ( 'NONE', ( #6132, #1426, #144, #292 ) ) ;
#5066 = CARTESIAN_POINT ( 'NONE',  ( 0.7603164687499986973, 1.316906753706353017, -5.322916665983866480 ) ) ;
#5067 = CONICAL_SURFACE ( 'NONE', #5177, 2.500000000000000000, 0.7853981633974473908 ) ;
#5068 = CARTESIAN_POINT ( 'NONE',  ( 1.520632937499997617, 0.8779378358042356778, -15.92708333265053433 ) ) ;
#5069 = CARTESIAN_POINT ( 'NONE',  ( -0.7603164687499980312, -1.316906753706353461, -12.07291666598386648 ) ) ;
#5070 = CARTESIAN_POINT ( 'NONE',  ( 1.520632937499998727, -0.8779378358042346786, -6.447916665983866480 ) ) ;
#5071 = CARTESIAN_POINT ( 'NONE',  ( 1.249999999999998224, -0.7216878364870306095, -7.791666666666663410 ) ) ;
#5072 = CARTESIAN_POINT ( 'NONE',  ( 0.7603164687499996965, -1.316906753706352573, -14.05208333265053433 ) ) ;
#5073 =( BOUNDED_CURVE ( )  B_SPLINE_CURVE ( 2, ( #840, #4647, #5256, #3552, #4080, #4725, #2980 ),
 .UNSPECIFIED., .F., .T. ) 
 B_SPLINE_CURVE_WITH_KNOTS ( ( 3, 2, 2, 3 ),
 ( 0.2297297297297296870, 0.2342342342342341732, 0.2387387387387386872, 0.2432432432432432012 ),
 .UNSPECIFIED. ) 
 CURVE ( )  GEOMETRIC_REPRESENTATION_ITEM ( )  RATIONAL_B_SPLINE_CURVE ( ( 1.000000000000001776, 0.8660254037844371533, 1.000000000000000000, 0.8660254037844387076, 1.000000000000000000, 0.8660254037844403729, 0.9999999999999983347 ) ) 
 REPRESENTATION_ITEM ( '' )  );
#5074 = CARTESIAN_POINT ( 'NONE',  ( -1.249999999999997780, -0.7216878364870316087, -15.95833333333332682 ) ) ;
#5075 = CARTESIAN_POINT ( 'NONE',  ( 0.7603164687499986973, 1.316906753706353017, -5.885416665983867368 ) ) ;
#5076 = CARTESIAN_POINT ( 'NONE',  ( 1.520632937499998061, 1.862238259587409655E-16, -3.906249999317200405 ) ) ;
#5077 = CARTESIAN_POINT ( 'NONE',  ( -1.249999999999998002, 0.000000000000000000, -10.99999999999999822 ) ) ;
#5078 = CARTESIAN_POINT ( 'NONE',  ( -1.249999999999998002, 0.000000000000000000, -12.37499999863440259 ) ) ;
#5079 = CARTESIAN_POINT ( 'NONE',  ( -1.249999999999998002, 0.000000000000000000, -10.37499999863440259 ) ) ;
#5080 = CARTESIAN_POINT ( 'NONE',  ( -0.6249999999999991118, 1.082531754730546636, -8.583333333333332149 ) ) ;
#5081 = CARTESIAN_POINT ( 'NONE',  ( 0.7603164687499996965, -1.316906753706352573, -8.052083332650534331 ) ) ;
#5082 = CARTESIAN_POINT ( 'NONE',  ( -1.471781923130293102, 0.3237984474792459100, -17.74811485135866107 ) ) ;
#5083 = ORIENTED_EDGE ( 'NONE', *, *, #3004, .F. ) ;
#5084 = CARTESIAN_POINT ( 'NONE',  ( -1.249999999999998002, 0.000000000000000000, -15.49999999999999822 ) ) ;
#5085 = CARTESIAN_POINT ( 'NONE',  ( 0.6249999999999986677, 1.082531754730546858, -14.54166666530106866 ) ) ;
#5086 = CARTESIAN_POINT ( 'NONE',  ( 3.225491281404032925E-16, -1.755875671608470467, -8.593749999317200405 ) ) ;
#5087 = CARTESIAN_POINT ( 'NONE',  ( 0.7603164687499996965, -1.316906753706352573, -9.989583332650534331 ) ) ;
#5088 = DIRECTION ( 'NONE',  ( -0.000000000000000000, -0.000000000000000000, 1.000000000000000000 ) ) ;
#5089 = CARTESIAN_POINT ( 'NONE',  ( 2.651438096812262973E-16, -1.443375672974062107, -6.874999999999997335 ) ) ;
#5090 = CARTESIAN_POINT ( 'NONE',  ( -1.249999999999998002, 0.000000000000000000, -0.9999999999999974465 ) ) ;
#5091 = ORIENTED_EDGE ( 'NONE', *, *, #3233, .F. ) ;
#5092 = CARTESIAN_POINT ( 'NONE',  ( -1.249999999999998002, 0.000000000000000000, -12.99999999999999822 ) ) ;
#5093 = ORIENTED_EDGE ( 'NONE', *, *, #6247, .F. ) ;
#5094 = CARTESIAN_POINT ( 'NONE',  ( 3.225491281404032925E-16, -1.755875671608470467, -14.03124999931719685 ) ) ;
#5095 = CARTESIAN_POINT ( 'NONE',  ( 1.249999999999998224, -0.7216878364870306095, -7.166666665301071326 ) ) ;
#5096 = CARTESIAN_POINT ( 'NONE',  ( 0.7603164687499986973, 1.316906753706353017, -1.385416665983867146 ) ) ;
#5097 = CARTESIAN_POINT ( 'NONE',  ( -0.7603164687499980312, -1.316906753706353461, -15.13541666598386648 ) ) ;
#5098 = CARTESIAN_POINT ( 'NONE',  ( -1.249999999999998224, 0.7216878364870308316, -16.91666666530107221 ) ) ;
#5099 = CARTESIAN_POINT ( 'NONE',  ( 1.408493649053889074, 1.724907238933220600E-16, -0.3415063509461068181 ) ) ;
#5100 = EDGE_CURVE ( 'NONE', #6752, #3267, #1603, .T. ) ;
#5101 = EDGE_LOOP ( 'NONE', ( #488, #3697, #1775, #434 ) ) ;
#5102 = CARTESIAN_POINT ( 'NONE',  ( -1.520632937499997617, -0.8779378358042361219, -7.114583332650534331 ) ) ;
#5103 = CARTESIAN_POINT ( 'NONE',  ( -1.520632937499998061, 0.000000000000000000, -15.71874999931720218 ) ) ;
#5104 = CARTESIAN_POINT ( 'NONE',  ( -1.520632937499997617, -0.8779378358042361219, -12.61458333265053255 ) ) ;
#5105 = CARTESIAN_POINT ( 'NONE',  ( -1.520632937499998061, 0.000000000000000000, -6.156249999317200405 ) ) ;
#5106 = CARTESIAN_POINT ( 'NONE',  ( 0.6249999999999986677, 1.082531754730546858, -10.16666666666666430 ) ) ;
#5107 = CARTESIAN_POINT ( 'NONE',  ( -1.075163760468011222E-16, 1.755875671608470023, -13.84374999931720041 ) ) ;
#5108 = EDGE_CURVE ( 'NONE', #1857, #5987, #23, .T. ) ;
#5109 = CARTESIAN_POINT ( 'NONE',  ( -0.6249999999999982236, -1.082531754730547302, -15.91666666666666252 ) ) ;
#5110 = CARTESIAN_POINT ( 'NONE',  ( 3.225491281404032925E-16, -1.755875671608470467, -8.093749999317202182 ) ) ;
#5111 = CARTESIAN_POINT ( 'NONE',  ( -0.7603164687499980312, -1.316906753706353461, -5.072916665983867368 ) ) ;
#5112 = DIRECTION ( 'NONE',  ( -0.000000000000000000, -0.000000000000000000, 1.000000000000000000 ) ) ;
#5113 = CARTESIAN_POINT ( 'NONE',  ( -1.249999999999998002, 0.000000000000000000, -11.87499999863440259 ) ) ;
#5114 =( BOUNDED_CURVE ( )  B_SPLINE_CURVE ( 2, ( #1927, #5127, #2922, #4586, #5728, #777, #4550 ),
 .UNSPECIFIED., .F., .T. ) 
 B_SPLINE_CURVE_WITH_KNOTS ( ( 3, 2, 2, 3 ),
 ( 0.1081081081081081141, 0.1126126126126126142, 0.1171171171171171144, 0.1216216216216216284 ),
 .UNSPECIFIED. ) 
 CURVE ( )  GEOMETRIC_REPRESENTATION_ITEM ( )  RATIONAL_B_SPLINE_CURVE ( ( 1.000000000000000000, 0.8660254037844387076, 1.000000000000000000, 0.8660254037844387076, 1.000000000000000000, 0.8660254037844387076, 1.000000000000000000 ) ) 
 REPRESENTATION_ITEM ( '' )  );
#5115 = CARTESIAN_POINT ( 'NONE',  ( 1.249999999999998224, -0.7216878364870306095, -2.291666666666663854 ) ) ;
#5116 = CARTESIAN_POINT ( 'NONE',  ( -1.520632937499998727, 0.8779378358042350117, -7.760416665983865592 ) ) ;
#5117 = CARTESIAN_POINT ( 'NONE',  ( 1.249999999999998002, -0.7216878364870306095, -6.166666665301070438 ) ) ;
#5118 = EDGE_LOOP ( 'NONE', ( #2439, #3277, #1370, #720 ) ) ;
#5119 = CARTESIAN_POINT ( 'NONE',  ( 1.249999999999998002, 0.000000000000000000, 0.000000000000000000 ) ) ;
#5120 = CARTESIAN_POINT ( 'NONE',  ( -1.249999999999998002, 0.000000000000000000, -16.37499999863440436 ) ) ;
#5121 = CARTESIAN_POINT ( 'NONE',  ( 0.7603164687499996965, -1.316906753706352573, -10.05208333265053433 ) ) ;
#5122 = CARTESIAN_POINT ( 'NONE',  ( 3.225491281404033418E-16, -1.755875671608470023, -14.03124999931720041 ) ) ;
#5123 = CARTESIAN_POINT ( 'NONE',  ( 0.000000000000000000, 0.000000000000000000, 0.000000000000000000 ) ) ;
#5124 = DIRECTION ( 'NONE',  ( 1.000000000000000000, 0.000000000000000000, 0.000000000000000000 ) ) ;
#5125 = CARTESIAN_POINT ( 'NONE',  ( 0.000000000000000000, 0.000000000000000000, 0.000000000000000000 ) ) ;
#5126 = ORIENTED_EDGE ( 'NONE', *, *, #6473, .F. ) ;
#5127 = CARTESIAN_POINT ( 'NONE',  ( -1.249999999999998002, 0.7216878364870310536, -1.916666665301070216 ) ) ;
#5128 = ORIENTED_EDGE ( 'NONE', *, *, #4219, .F. ) ;
#5129 = CARTESIAN_POINT ( 'NONE',  ( 3.225491281404032925E-16, -1.755875671608470467, -16.53124999931720396 ) ) ;
#5130 = CARTESIAN_POINT ( 'NONE',  ( 0.6249999999999995559, -1.082531754730546414, -6.208333331967737401 ) ) ;
#5131 = CARTESIAN_POINT ( 'NONE',  ( -1.520632937499998061, 0.000000000000000000, -1.718749999317200627 ) ) ;
#5132 = CARTESIAN_POINT ( 'NONE',  ( 1.249999999999998002, 1.530808498934189105E-16, -0.6249999986344038083 ) ) ;
#5133 = CARTESIAN_POINT ( 'NONE',  ( -0.6249999999999991118, 1.082531754730546636, -16.45833333196773651 ) ) ;
#5134 = DIRECTION ( 'NONE',  ( 1.000000000000000000, 0.000000000000000000, 0.000000000000000000 ) ) ;
#5135 = ORIENTED_EDGE ( 'NONE', *, *, #673, .T. ) ;
#5136 = CARTESIAN_POINT ( 'NONE',  ( 1.520632937499998061, 1.862238259587409655E-16, -6.906249999317199517 ) ) ;
#5137 = CARTESIAN_POINT ( 'NONE',  ( -1.075163760468011098E-16, 1.755875671608470467, -16.84374999931720041 ) ) ;
#5138 = CARTESIAN_POINT ( 'NONE',  ( 1.520632937499998283, -0.8779378358042346786, -10.94791666598386648 ) ) ;
#5139 = CARTESIAN_POINT ( 'NONE',  ( 0.7603164687499996965, -1.316906753706352573, -5.489583332650533443 ) ) ;
#5140 = CARTESIAN_POINT ( 'NONE',  ( -1.249999999999998002, 0.000000000000000000, -8.499999999999996447 ) ) ;
#5141 = CARTESIAN_POINT ( 'NONE',  ( -0.1937358467757754610, 1.508241012664735647, -17.77063293750047634 ) ) ;
#5142 = ADVANCED_FACE ( 'NONE', ( #3873 ), #6749, .F. ) ;
#5143 = CARTESIAN_POINT ( 'NONE',  ( -1.520632937499998061, 0.000000000000000000, -16.65624999931720041 ) ) ;
#5144 = CARTESIAN_POINT ( 'NONE',  ( -1.249999999999998002, 0.000000000000000000, -17.49999999999999645 ) ) ;
#5145 = CARTESIAN_POINT ( 'NONE',  ( 0.7603164687499996965, -1.316906753706352573, -9.052083332650532554 ) ) ;
#5146 = CARTESIAN_POINT ( 'NONE',  ( -0.7603164687499992525, 1.316906753706352795, -3.239583332650534331 ) ) ;
#5147 = CARTESIAN_POINT ( 'NONE',  ( 0.000000000000000000, 0.000000000000000000, 0.000000000000000000 ) ) ;
#5148 = CARTESIAN_POINT ( 'NONE',  ( -1.249999999999998002, 0.000000000000000000, -2.499999999999997335 ) ) ;
#5149 = CARTESIAN_POINT ( 'NONE',  ( -1.075163760468011222E-16, 1.755875671608470023, -6.343749999317199517 ) ) ;
#5150 = AXIS2_PLACEMENT_3D ( 'NONE', #5792, #3121, #910 ) ;
#5151 = CARTESIAN_POINT ( 'NONE',  ( 1.249999999999998002, 1.530808498934189105E-16, -6.749999999999997335 ) ) ;
#5152 = ORIENTED_EDGE ( 'NONE', *, *, #1934, .T. ) ;
#5153 = LINE ( 'NONE', #273, #3584 ) ;
#5154 = CARTESIAN_POINT ( 'NONE',  ( 1.249999999999997780, 0.7216878364870316087, -16.08333333196773651 ) ) ;
#5155 = CARTESIAN_POINT ( 'NONE',  ( -0.7603164687499980312, -1.316906753706353461, -8.135416665983866480 ) ) ;
#5156 = CARTESIAN_POINT ( 'NONE',  ( -1.520632937499998061, 0.000000000000000000, -14.65624999931720041 ) ) ;
#5157 = CARTESIAN_POINT ( 'NONE',  ( 0.7603164687499986973, 1.316906753706353017, -2.885416665983866924 ) ) ;
#5158 = DIRECTION ( 'NONE',  ( -0.000000000000000000, -0.000000000000000000, 1.000000000000000000 ) ) ;
#5159 = CARTESIAN_POINT ( 'NONE',  ( 1.249999999999998002, 1.530808498934189105E-16, -1.749999999999997113 ) ) ;
#5160 = ORIENTED_EDGE ( 'NONE', *, *, #4053, .F. ) ;
#5161 = CARTESIAN_POINT ( 'NONE',  ( -0.6249999999999991118, 1.082531754730546636, -5.458333331967737401 ) ) ;
#5162 = EDGE_LOOP ( 'NONE', ( #3629, #6195, #3132, #6569 ) ) ;
#5163 = CARTESIAN_POINT ( 'NONE',  ( -1.075163760468011098E-16, 1.755875671608470467, -16.78124999931720041 ) ) ;
#5164 = CARTESIAN_POINT ( 'NONE',  ( 0.6249999999999995559, -1.082531754730546414, -7.708333331967736513 ) ) ;
#5165 = CARTESIAN_POINT ( 'NONE',  ( 0.7603164687499996965, -1.316906753706352573, -2.052083332650533443 ) ) ;
#5166 = FACE_OUTER_BOUND ( 'NONE', #6935, .T. ) ;
#5167 = CARTESIAN_POINT ( 'NONE',  ( 2.651438096812262973E-16, -1.443375672974062107, -18.24999999863440436 ) ) ;
#5168 = DIRECTION ( 'NONE',  ( 1.000000000000000000, 0.000000000000000000, 0.000000000000000000 ) ) ;
#5169 = ORIENTED_EDGE ( 'NONE', *, *, #6968, .T. ) ;
#5170 = CARTESIAN_POINT ( 'NONE',  ( -1.520632937499997617, -0.8779378358042361219, -9.114583332650532554 ) ) ;
#5171 = CARTESIAN_POINT ( 'NONE',  ( 1.520632937499998283, -0.8779378358042346786, -17.51041666598386826 ) ) ;
#5172 = CARTESIAN_POINT ( 'NONE',  ( -1.520632937499998283, 0.8779378358042350117, -12.19791666598386648 ) ) ;
#5173 = CARTESIAN_POINT ( 'NONE',  ( -1.520632937499997617, -0.8779378358042360109, -6.614583332650533443 ) ) ;
#5174 = VECTOR ( 'NONE', #1838, 1000.000000000000000 ) ;
#5175 = CARTESIAN_POINT ( 'NONE',  ( -1.249999999999998224, 0.7216878364870308316, -10.04166666666666252 ) ) ;
#5176 = CARTESIAN_POINT ( 'NONE',  ( 1.520632937499998061, 1.862238259587409655E-16, -16.46874999931720396 ) ) ;
#5177 = AXIS2_PLACEMENT_3D ( 'NONE', #2720, #6466, #7020 ) ;
#5178 = CARTESIAN_POINT ( 'NONE',  ( -0.6249999999999991118, 1.082531754730546636, -14.08333333333333215 ) ) ;
#5179 = CARTESIAN_POINT ( 'NONE',  ( 1.520632937499997617, 0.8779378358042356778, 0.1354166673494660023 ) ) ;
#5180 = CARTESIAN_POINT ( 'NONE',  ( -1.520632937499997617, -0.8779378358042361219, -9.177083332650532554 ) ) ;
#5181 = CARTESIAN_POINT ( 'NONE',  ( -0.7603164687499980312, -1.316906753706353461, -3.072916665983867368 ) ) ;
#5182 = EDGE_CURVE ( 'NONE', #5230, #191, #2289, .T. ) ;
#5183 = CARTESIAN_POINT ( 'NONE',  ( 1.249999999999998002, 1.530808498934189105E-16, -13.12499999863440259 ) ) ;
#5184 = CARTESIAN_POINT ( 'NONE',  ( -8.838126989374211143E-17, 1.443375672974062107, -0.6249999999999973355 ) ) ;
#5185 = CARTESIAN_POINT ( 'NONE',  ( -1.520632937499997617, -0.8779378358042360109, -9.677083332650532554 ) ) ;
#5186 = CARTESIAN_POINT ( 'NONE',  ( -1.249999999999962030, -0.7216878364870522589, -16.45833333333332860 ) ) ;
#5187 = ORIENTED_EDGE ( 'NONE', *, *, #6019, .F. ) ;
#5188 = EDGE_CURVE ( 'NONE', #3375, #5987, #1167, .T. ) ;
#5189 = CARTESIAN_POINT ( 'NONE',  ( 0.000000000000000000, 0.000000000000000000, 0.000000000000000000 ) ) ;
#5190 = DIRECTION ( 'NONE',  ( -0.000000000000000000, -0.000000000000000000, 1.000000000000000000 ) ) ;
#5191 = EDGE_CURVE ( 'NONE', #2421, #6763, #2122, .T. ) ;
#5192 = CARTESIAN_POINT ( 'NONE',  ( 3.225491281404032925E-16, -1.755875671608470467, -12.59374999931720041 ) ) ;
#5193 = CARTESIAN_POINT ( 'NONE',  ( 3.225491281404033418E-16, -1.755875671608470023, -14.53124999931719863 ) ) ;
#5194 = CARTESIAN_POINT ( 'NONE',  ( 3.225491281404033418E-16, -1.755875671608470023, -1.093749999317200627 ) ) ;
#5195 = DIRECTION ( 'NONE',  ( -0.000000000000000000, -0.000000000000000000, 1.000000000000000000 ) ) ;
#5196 = ORIENTED_EDGE ( 'NONE', *, *, #709, .T. ) ;
#5197 = CARTESIAN_POINT ( 'NONE',  ( 1.249999999999998002, 1.530808498934189105E-16, -7.749999999999998224 ) ) ;
#5198 = EDGE_CURVE ( 'NONE', #6945, #5803, #4016, .T. ) ;
#5199 = ORIENTED_EDGE ( 'NONE', *, *, #1924, .F. ) ;
#5200 = CARTESIAN_POINT ( 'NONE',  ( -0.7603164687499980312, -1.316906753706353461, -17.07291666598386826 ) ) ;
#5201 = CARTESIAN_POINT ( 'NONE',  ( 0.6249999999999986677, 1.082531754730546858, -7.541666665301070438 ) ) ;
#5202 = CARTESIAN_POINT ( 'NONE',  ( -0.7603164687499992525, 1.316906753706352795, -3.802083332650533443 ) ) ;
#5203 =( BOUNDED_CURVE ( )  B_SPLINE_CURVE ( 2, ( #1513, #6488, #3197, #4187, #418, #5326, #2634 ),
 .UNSPECIFIED., .F., .F. ) 
 B_SPLINE_CURVE_WITH_KNOTS ( ( 3, 2, 2, 3 ),
 ( 0.4459459459459459429, 0.4504504504504504014, 0.4549549549549549154, 0.4594594594594593739 ),
 .UNSPECIFIED. ) 
 CURVE ( )  GEOMETRIC_REPRESENTATION_ITEM ( )  RATIONAL_B_SPLINE_CURVE ( ( 1.000000000000000000, 0.8660254037844387076, 1.000000000000000000, 0.8660254037844387076, 1.000000000000000000, 0.8660254037844420383, 0.9999999999999966693 ) ) 
 REPRESENTATION_ITEM ( '' )  );
#5204 = DIRECTION ( 'NONE',  ( -0.000000000000000000, -0.000000000000000000, 1.000000000000000000 ) ) ;
#5205 = ORIENTED_EDGE ( 'NONE', *, *, #6653, .F. ) ;
#5206 = CARTESIAN_POINT ( 'NONE',  ( 1.520632937499998061, 1.862238259587409655E-16, -8.406249999317198629 ) ) ;
#5207 = CARTESIAN_POINT ( 'NONE',  ( 0.7603164687499986973, 1.316906753706353017, -16.88541666598386826 ) ) ;
#5208 = CARTESIAN_POINT ( 'NONE',  ( -1.520632937499997617, -0.8779378358042361219, -11.11458333265053255 ) ) ;
#5209 = CARTESIAN_POINT ( 'NONE',  ( 1.249999999999998002, 1.530808498934189105E-16, -6.249999999999996447 ) ) ;
#5210 = CARTESIAN_POINT ( 'NONE',  ( -1.075163760468011222E-16, 1.755875671608470023, -7.781249999317200405 ) ) ;
#5211 = CARTESIAN_POINT ( 'NONE',  ( 0.6249999999999995559, -1.082531754730546414, -10.33333333333333215 ) ) ;
#5212 = CARTESIAN_POINT ( 'NONE',  ( -1.520632937499997617, -0.8779378358042360109, -17.17708333265053611 ) ) ;
#5213 = CARTESIAN_POINT ( 'NONE',  ( 0.7603164687499986973, 1.316906753706353017, -17.32291666598386826 ) ) ;
#5214 = CARTESIAN_POINT ( 'NONE',  ( -1.520632937499997617, -0.8779378358042361219, -1.614583332650533887 ) ) ;
#5215 = CARTESIAN_POINT ( 'NONE',  ( 0.7603164687499986973, 1.316906753706353017, -9.385416665983868256 ) ) ;
#5216 = CARTESIAN_POINT ( 'NONE',  ( 3.225491281404032925E-16, -1.755875671608470467, -5.031249999317200405 ) ) ;
#5217 = CARTESIAN_POINT ( 'NONE',  ( 1.249999999999998002, 0.7216878364870314977, -0.2083333333333306780 ) ) ;
#5218 = CARTESIAN_POINT ( 'NONE',  ( -1.520632937499998727, 0.8779378358042350117, -10.76041666598386648 ) ) ;
#5219 = EDGE_CURVE ( 'NONE', #249, #4186, #5581, .T. ) ;
#5220 = LINE ( 'NONE', #6010, #4462 ) ;
#5221 = VERTEX_POINT ( 'NONE', #2951 ) ;
#5222 = CARTESIAN_POINT ( 'NONE',  ( 1.249999999999997780, 0.7216878364870316087, -8.083333331967736513 ) ) ;
#5223 = CARTESIAN_POINT ( 'NONE',  ( 1.249999999999998002, -0.7216878364870306095, -13.16666666530107044 ) ) ;
#5224 = CARTESIAN_POINT ( 'NONE',  ( -0.7603164687499992525, 1.316906753706352795, -10.30208333265053433 ) ) ;
#5225 = CARTESIAN_POINT ( 'NONE',  ( -1.075163760468011222E-16, 1.755875671608470023, -13.78124999931719863 ) ) ;
#5226 = CARTESIAN_POINT ( 'NONE',  ( 1.520632937499998727, -0.8779378358042346786, -1.010416665983867368 ) ) ;
#5227 = CARTESIAN_POINT ( 'NONE',  ( 1.520632937499998283, -0.8779378358042346786, -1.010416665983867368 ) ) ;
#5228 = EDGE_CURVE ( 'NONE', #1709, #4290, #1234, .T. ) ;
#5229 = ORIENTED_EDGE ( 'NONE', *, *, #1000, .F. ) ;
#5230 = VERTEX_POINT ( 'NONE', #1852 ) ;
#5231 = CARTESIAN_POINT ( 'NONE',  ( 1.520632937499998283, -0.8779378358042346786, -14.94791666598386826 ) ) ;
#5232 = CARTESIAN_POINT ( 'NONE',  ( -1.249999999999997780, -0.7216878364870316087, -5.833333331967737401 ) ) ;
#5233 = CARTESIAN_POINT ( 'NONE',  ( -1.520632937499998061, 0.000000000000000000, -2.218749999317200849 ) ) ;
#5234 = CARTESIAN_POINT ( 'NONE',  ( -4.900000000000000355, 6.000769315822031726E-16, -0.2499999999999993616 ) ) ;
#5235 = CARTESIAN_POINT ( 'NONE',  ( 1.520632937499998061, 1.862238259587409655E-16, -17.96874999931720041 ) ) ;
#5236 = EDGE_CURVE ( 'NONE', #1455, #6241, #2814, .T. ) ;
#5237 = CARTESIAN_POINT ( 'NONE',  ( -0.3118688250573200538, 1.472193735674095727, -0.2512509740465585506 ) ) ;
#5238 = ORIENTED_EDGE ( 'NONE', *, *, #6814, .T. ) ;
#5239 = CARTESIAN_POINT ( 'NONE',  ( -1.520632937499998061, 0.000000000000000000, -9.156249999317200405 ) ) ;
#5240 = CARTESIAN_POINT ( 'NONE',  ( 0.7603164687499996965, -1.316906753706352573, -17.55208333265053611 ) ) ;
#5241 = CARTESIAN_POINT ( 'NONE',  ( -0.7603164687499980312, -1.316906753706353461, -13.57291666598386648 ) ) ;
#5242 = CARTESIAN_POINT ( 'NONE',  ( 0.000000000000000000, 0.000000000000000000, 0.000000000000000000 ) ) ;
#5243 = CARTESIAN_POINT ( 'NONE',  ( -1.520632937499998061, 0.000000000000000000, -8.156249999317198629 ) ) ;
#5244 = CARTESIAN_POINT ( 'NONE',  ( 1.249999999999998002, 1.530808498934189105E-16, -8.749999999999998224 ) ) ;
#5245 = CARTESIAN_POINT ( 'NONE',  ( 0.6249999999999995559, -1.082531754730546414, -14.20833333196773651 ) ) ;
#5246 =( BOUNDED_CURVE ( )  B_SPLINE_CURVE ( 2, ( #6951, #1395, #5245, #2444, #4711, #6914, #2017 ),
 .UNSPECIFIED., .F., .T. ) 
 B_SPLINE_CURVE_WITH_KNOTS ( ( 3, 2, 2, 3 ),
 ( 0.7702702702702701743, 0.7747747747747746327, 0.7792792792792793133, 0.7837837837837837718 ),
 .UNSPECIFIED. ) 
 CURVE ( )  GEOMETRIC_REPRESENTATION_ITEM ( )  RATIONAL_B_SPLINE_CURVE ( ( 1.000000000000003331, 0.8660254037844353769, 1.000000000000000000, 0.8660254037844387076, 1.000000000000000000, 0.8660254037844387076, 1.000000000000000000 ) ) 
 REPRESENTATION_ITEM ( '' )  );
#5247 = CARTESIAN_POINT ( 'NONE',  ( -0.6249999999999982236, -1.082531754730547302, -13.91666666666666430 ) ) ;
#5248 = CARTESIAN_POINT ( 'NONE',  ( 1.520632937499998283, -0.8779378358042346786, 0.05208333401613270824 ) ) ;
#5249 = CARTESIAN_POINT ( 'NONE',  ( 3.225491281404032925E-16, -1.755875671608470467, -8.593749999317200405 ) ) ;
#5250 = CARTESIAN_POINT ( 'NONE',  ( -1.520632937499998061, 0.000000000000000000, -6.156249999317200405 ) ) ;
#5251 = CARTESIAN_POINT ( 'NONE',  ( -0.6249999999999991118, 1.082531754730546636, -1.083333333333330595 ) ) ;
#5252 = CARTESIAN_POINT ( 'NONE',  ( 1.520632937499997617, 0.8779378358042356778, -10.92708333265053078 ) ) ;
#5253 = DIRECTION ( 'NONE',  ( -0.000000000000000000, -0.000000000000000000, 1.000000000000000000 ) ) ;
#5254 = ORIENTED_EDGE ( 'NONE', *, *, #2631, .F. ) ;
#5255 = CARTESIAN_POINT ( 'NONE',  ( 1.249999999999998002, 1.530808498934189105E-16, -3.124999998634403919 ) ) ;
#5256 = CARTESIAN_POINT ( 'NONE',  ( 0.6249999999999995559, -1.082531754730546414, -3.833333333333330373 ) ) ;
#5257 = CARTESIAN_POINT ( 'NONE',  ( 1.520632937499998283, -0.8779378358042346786, -11.01041666598386826 ) ) ;
#5258 = AXIS2_PLACEMENT_3D ( 'NONE', #237, #2420, #3901 ) ;
#5259 = CARTESIAN_POINT ( 'NONE',  ( 1.520632937499997617, 0.8779378358042356778, -14.36458333265053611 ) ) ;
#5260 = CARTESIAN_POINT ( 'NONE',  ( 0.7603164687499996965, -1.316906753706352573, -1.552083332650533887 ) ) ;
#5261 = CARTESIAN_POINT ( 'NONE',  ( 1.520632937499997617, 0.8779378358042356778, -0.9270833326505339977 ) ) ;
#5262 = LOCAL_TIME ( 10, 55, 33.00000000000000000, #1559 ) ;
#5263 = VERTEX_POINT ( 'NONE', #4982 ) ;
#5264 = VERTEX_POINT ( 'NONE', #672 ) ;
#5265 = ORIENTED_EDGE ( 'NONE', *, *, #2198, .T. ) ;
#5266 = CARTESIAN_POINT ( 'NONE',  ( 1.520632937499998283, -0.8779378358042346786, -16.44791666598386826 ) ) ;
#5267 = CARTESIAN_POINT ( 'NONE',  ( -0.6249999999999982236, -1.082531754730547302, -10.79166666530106866 ) ) ;
#5268 = CARTESIAN_POINT ( 'NONE',  ( -0.7603164687499980312, -1.316906753706353461, -4.635416665983866480 ) ) ;
#5269 = CARTESIAN_POINT ( 'NONE',  ( 0.6249999999999995559, -1.082531754730546414, -5.708333331967736513 ) ) ;
#5270 = EDGE_CURVE ( 'NONE', #5679, #1348, #103, .T. ) ;
#5271 = CARTESIAN_POINT ( 'NONE',  ( 0.7603164687499996965, -1.316906753706352573, -17.55208333265053611 ) ) ;
#5272 = CARTESIAN_POINT ( 'NONE',  ( 0.000000000000000000, 0.000000000000000000, 0.000000000000000000 ) ) ;
#5273 = CARTESIAN_POINT ( 'NONE',  ( -1.249999999999998002, 0.000000000000000000, -15.99999999999999645 ) ) ;
#5274 =( BOUNDED_CURVE ( )  B_SPLINE_CURVE ( 2, ( #4472, #5117, #6157, #666, #5646, #6122, #699 ),
 .UNSPECIFIED., .F., .T. ) 
 B_SPLINE_CURVE_WITH_KNOTS ( ( 3, 2, 2, 3 ),
 ( 0.3378378378378378288, 0.3423423423423423428, 0.3468468468468468568, 0.3513513513513513709 ),
 .UNSPECIFIED. ) 
 CURVE ( )  GEOMETRIC_REPRESENTATION_ITEM ( )  RATIONAL_B_SPLINE_CURVE ( ( 1.000000000000000000, 0.8660254037844387076, 1.000000000000000000, 0.8660254037844387076, 1.000000000000000000, 0.8660254037844387076, 1.000000000000000000 ) ) 
 REPRESENTATION_ITEM ( '' )  );
#5275 = VERTEX_POINT ( 'NONE', #3944 ) ;
#5276 = CARTESIAN_POINT ( 'NONE',  ( -1.520632937499998283, 0.8779378358042350117, -7.697916665983866480 ) ) ;
#5277 = CARTESIAN_POINT ( 'NONE',  ( 1.520632937499997617, 0.8779378358042356778, -17.42708333265053255 ) ) ;
#5278 = CARTESIAN_POINT ( 'NONE',  ( 0.7603164687499986973, 1.316906753706353017, -12.82291666598386648 ) ) ;
#5279 = CARTESIAN_POINT ( 'NONE',  ( -1.249999999999997558, -0.7216878364870317197, -14.83333333196773296 ) ) ;
#5280 = CARTESIAN_POINT ( 'NONE',  ( -1.249999999999997780, -0.7216878364870316087, -13.45833333333333037 ) ) ;
#5281 = CARTESIAN_POINT ( 'NONE',  ( -1.520632937499998727, 0.8779378358042350117, -17.26041666598386826 ) ) ;
#5282 = CARTESIAN_POINT ( 'NONE',  ( -1.075163760468011222E-16, 1.755875671608470023, -16.78124999931720041 ) ) ;
#5283 = CARTESIAN_POINT ( 'NONE',  ( -0.7603164687499992525, 1.316906753706352795, 0.2604166673494660023 ) ) ;
#5284 = CARTESIAN_POINT ( 'NONE',  ( -1.520632937499998061, 0.000000000000000000, -9.218749999317200405 ) ) ;
#5285 = CARTESIAN_POINT ( 'NONE',  ( -1.520632937499998283, 0.8779378358042350117, -7.697916665983866480 ) ) ;
#5286 = CARTESIAN_POINT ( 'NONE',  ( -0.6249999999999991118, 1.082531754730546636, -5.083333333333330373 ) ) ;
#5287 = CARTESIAN_POINT ( 'NONE',  ( 1.520632937499997617, 0.8779378358042356778, -9.927083332650534331 ) ) ;
#5288 = VECTOR ( 'NONE', #3171, 1000.000000000000000 ) ;
#5289 = CARTESIAN_POINT ( 'NONE',  ( 0.000000000000000000, 0.000000000000000000, 0.000000000000000000 ) ) ;
#5290 = EDGE_LOOP ( 'NONE', ( #3094, #1551, #3596, #776 ) ) ;
#5291 = CARTESIAN_POINT ( 'NONE',  ( -0.6249999999999982236, -1.082531754730547302, -7.416666666666663410 ) ) ;
#5292 = CARTESIAN_POINT ( 'NONE',  ( 0.6249999999999986677, 1.082531754730546858, -4.541666665301070438 ) ) ;
#5293 = CARTESIAN_POINT ( 'NONE',  ( 0.7603164687499986973, 1.316906753706353017, -11.88541666598386648 ) ) ;
#5294 = CARTESIAN_POINT ( 'NONE',  ( -0.7603164687499980312, -1.316906753706353461, -15.57291666598386648 ) ) ;
#5295 = CARTESIAN_POINT ( 'NONE',  ( 0.7603164687499986973, 1.316906753706353017, -0.3854166659838673126 ) ) ;
#5296 = CARTESIAN_POINT ( 'NONE',  ( -0.7603164687499992525, 1.316906753706352795, 0.1979166673494660300 ) ) ;
#5297 =( BOUNDED_CURVE ( )  B_SPLINE_CURVE ( 2, ( #4136, #4708, #6739, #2014, #1430, #1840, #3643 ),
 .UNSPECIFIED., .F., .T. ) 
 B_SPLINE_CURVE_WITH_KNOTS ( ( 3, 2, 2, 3 ),
 ( 0.4729729729729729160, 0.4774774774774774300, 0.4819819819819819995, 0.4864864864864865135 ),
 .UNSPECIFIED. ) 
 CURVE ( )  GEOMETRIC_REPRESENTATION_ITEM ( )  RATIONAL_B_SPLINE_CURVE ( ( 1.000000000000001554, 0.8660254037844369313, 1.000000000000000000, 0.8660254037844387076, 1.000000000000000000, 0.8660254037844387076, 1.000000000000000000 ) ) 
 REPRESENTATION_ITEM ( '' )  );
#5298 = FACE_OUTER_BOUND ( 'NONE', #1095, .T. ) ;
#5299 = ORIENTED_EDGE ( 'NONE', *, *, #5198, .F. ) ;
#5300 = EDGE_LOOP ( 'NONE', ( #6134, #546, #2780, #24 ) ) ;
#5301 = CARTESIAN_POINT ( 'NONE',  ( -8.838126989374211143E-17, 1.443375672974062107, -15.12499999999999645 ) ) ;
#5302 = CARTESIAN_POINT ( 'NONE',  ( 1.249999999999997780, 0.7216878364870316087, -10.70833333333333037 ) ) ;
#5303 = CARTESIAN_POINT ( 'NONE',  ( 1.249999999999998002, 1.530808498934189105E-16, -16.62499999863440436 ) ) ;
#5304 = CARTESIAN_POINT ( 'NONE',  ( -1.249999999999997780, -0.7216878364870316087, -10.83333333196773829 ) ) ;
#5305 = CARTESIAN_POINT ( 'NONE',  ( -1.520632937499998283, 0.8779378358042350117, -3.260416665983867368 ) ) ;
#5306 = CARTESIAN_POINT ( 'NONE',  ( -1.249999999999997558, -0.7216878364870317197, -4.958333333333330373 ) ) ;
#5307 = CARTESIAN_POINT ( 'NONE',  ( -1.520632937499997617, -0.8779378358042361219, -16.67708333265053611 ) ) ;
#5308 = DIRECTION ( 'NONE',  ( -0.000000000000000000, -0.000000000000000000, 1.000000000000000000 ) ) ;
#5309 = ORIENTED_EDGE ( 'NONE', *, *, #4141, .F. ) ;
#5310 = CARTESIAN_POINT ( 'NONE',  ( 1.520632937499998283, -0.8779378358042346786, -7.947916665983867368 ) ) ;
#5311 = CARTESIAN_POINT ( 'NONE',  ( 2.651438096812262973E-16, -1.443375672974062107, -2.249999998634403919 ) ) ;
#5312 = CARTESIAN_POINT ( 'NONE',  ( -1.075163760468011098E-16, 1.755875671608470467, -13.78124999931719863 ) ) ;
#5313 = CARTESIAN_POINT ( 'NONE',  ( -1.249999999999998224, 0.7216878364870308316, -12.54166666666666607 ) ) ;
#5314 = CARTESIAN_POINT ( 'NONE',  ( -1.249999999999998002, 0.000000000000000000, -14.37499999863440259 ) ) ;
#5315 = EDGE_CURVE ( 'NONE', #6353, #3313, #1269, .T. ) ;
#5316 = DIRECTION ( 'NONE',  ( -0.000000000000000000, -0.000000000000000000, 1.000000000000000000 ) ) ;
#5317 = CARTESIAN_POINT ( 'NONE',  ( 1.520632937499997617, 0.8779378358042356778, -1.864583332650534109 ) ) ;
#5318 = CARTESIAN_POINT ( 'NONE',  ( 1.520632937499998061, 1.862238259587409655E-16, -11.46874999931720041 ) ) ;
#5319 = CARTESIAN_POINT ( 'NONE',  ( 1.520632937499997617, 0.8779378358042356778, -5.364583332650533443 ) ) ;
#5320 = CARTESIAN_POINT ( 'NONE',  ( -1.249999999999998002, 1.530808498934189105E-16, 0.000000000000000000 ) ) ;
#5321 = CARTESIAN_POINT ( 'NONE',  ( 2.651438096812262973E-16, -1.443375672974062107, -3.374999999999997335 ) ) ;
#5322 = CARTESIAN_POINT ( 'NONE',  ( 1.520632937499997617, 0.8779378358042356778, -8.427083332650534331 ) ) ;
#5323 = ADVANCED_FACE ( 'NONE', ( #1271 ), #2846, .F. ) ;
#5324 = ORIENTED_EDGE ( 'NONE', *, *, #4395, .F. ) ;
#5325 = CARTESIAN_POINT ( 'NONE',  ( 1.520632937499998283, -0.8779378358042346786, -2.010416665983866924 ) ) ;
#5326 = CARTESIAN_POINT ( 'NONE',  ( -1.249999999999979794, -0.7216878364870419338, -7.958333333333329485 ) ) ;
#5327 = CARTESIAN_POINT ( 'NONE',  ( 1.249999999999980460, -0.7216878364870409346, -13.29166666666666252 ) ) ;
#5328 = CARTESIAN_POINT ( 'NONE',  ( -1.075163760468011098E-16, 1.755875671608470467, -11.34374999931719863 ) ) ;
#5329 = CARTESIAN_POINT ( 'NONE',  ( -1.520632937499997617, -0.8779378358042360109, -15.61458333265053255 ) ) ;
#5330 = CYLINDRICAL_SURFACE ( 'NONE', #5525, 1.249999999999998002 ) ;
#5331 = CARTESIAN_POINT ( 'NONE',  ( -1.520632937499998283, 0.8779378358042350117, -0.7604166659838673681 ) ) ;
#5332 = DATE_AND_TIME ( #6492, #6304 ) ;
#5333 = ORIENTED_EDGE ( 'NONE', *, *, #3929, .T. ) ;
#5334 = CARTESIAN_POINT ( 'NONE',  ( 0.7603164687499986973, 1.316906753706353017, -1.822916665983867146 ) ) ;
#5335 = LINE ( 'NONE', #3803, #3013 ) ;
#5336 = CARTESIAN_POINT ( 'NONE',  ( 0.6249999999999986677, 1.082531754730546858, -0.6666666666666639651 ) ) ;
#5337 = CARTESIAN_POINT ( 'NONE',  ( -0.6249999999999991118, 1.082531754730546636, -8.958333331967736513 ) ) ;
#5338 = CARTESIAN_POINT ( 'NONE',  ( 0.7603164687499986973, 1.316906753706353017, -2.385416665983867368 ) ) ;
#5339 = FACE_BOUND ( 'NONE', #5379, .T. ) ;
#5340 = CARTESIAN_POINT ( 'NONE',  ( -0.7603164687499992525, 1.316906753706352795, -17.30208333265053611 ) ) ;
#5341 =( BOUNDED_CURVE ( )  B_SPLINE_CURVE ( 2, ( #3846, #5485, #609, #4018, #2989 ),
 .UNSPECIFIED., .F., .T. ) 
 B_SPLINE_CURVE_WITH_KNOTS ( ( 3, 2, 3 ),
 ( 0.9459459459459458319, 0.9504504504504504014, 0.9527027027715744278 ),
 .UNSPECIFIED. ) 
 CURVE ( )  GEOMETRIC_REPRESENTATION_ITEM ( )  RATIONAL_B_SPLINE_CURVE ( ( 1.000000000000003331, 0.8660254037844353769, 1.000000000000000000, 0.9330126998438111885, 0.9330127018922194093 ) ) 
 REPRESENTATION_ITEM ( '' )  );
#5342 = CYLINDRICAL_SURFACE ( 'NONE', #4232, 1.249999999999998002 ) ;
#5343 = ORIENTED_EDGE ( 'NONE', *, *, #2073, .T. ) ;
#5344 = CARTESIAN_POINT ( 'NONE',  ( 1.249999999999998224, -0.7216878364870306095, -0.6666666653010704380 ) ) ;
#5345 = CARTESIAN_POINT ( 'NONE',  ( -1.520632937499998283, 0.8779378358042350117, -13.69791666598386648 ) ) ;
#5346 = CARTESIAN_POINT ( 'NONE',  ( -1.249999999999998002, 0.000000000000000000, -14.87499999863440259 ) ) ;
#5347 = CARTESIAN_POINT ( 'NONE',  ( 1.249999999999998002, 1.530808498934189105E-16, -11.74999999999999645 ) ) ;
#5348 = CYLINDRICAL_SURFACE ( 'NONE', #4117, 1.249999999999998002 ) ;
#5349 = CARTESIAN_POINT ( 'NONE',  ( -1.249999999999998002, 0.000000000000000000, -0.4999999999999973910 ) ) ;
#5350 = CARTESIAN_POINT ( 'NONE',  ( -1.520632937499998061, 0.000000000000000000, -3.156249999317200849 ) ) ;
#5351 = CARTESIAN_POINT ( 'NONE',  ( 1.520632937499998061, 1.862238259587409655E-16, -10.96874999931720041 ) ) ;
#5352 = CARTESIAN_POINT ( 'NONE',  ( 1.520632937499997617, 0.8779378358042356778, -6.864583332650533443 ) ) ;
#5353 = CARTESIAN_POINT ( 'NONE',  ( -1.520632937499998061, 0.000000000000000000, -1.156249999317200627 ) ) ;
#5354 = CARTESIAN_POINT ( 'NONE',  ( 2.651438096812262973E-16, -1.443375672974062107, -2.874999999999996891 ) ) ;
#5355 = EDGE_CURVE ( 'NONE', #3533, #324, #5617, .T. ) ;
#5356 = CARTESIAN_POINT ( 'NONE',  ( -1.520632937499998061, 0.000000000000000000, -12.71874999931720041 ) ) ;
#5357 = VERTEX_POINT ( 'NONE', #4014 ) ;
#5358 = CARTESIAN_POINT ( 'NONE',  ( -1.520632937499997617, -0.8779378358042361219, -3.677083332650533443 ) ) ;
#5359 = DIRECTION ( 'NONE',  ( -0.000000000000000000, -0.000000000000000000, 1.000000000000000000 ) ) ;
#5360 = CARTESIAN_POINT ( 'NONE',  ( 1.250000000000006439, 0.7216878364870263907, -4.583333331967738289 ) ) ;
#5361 = CARTESIAN_POINT ( 'NONE',  ( -1.075163760468011098E-16, 1.755875671608470467, -14.84374999931720041 ) ) ;
#5362 = CARTESIAN_POINT ( 'NONE',  ( 0.7603164687499996965, -1.316906753706352573, -15.98958333265053433 ) ) ;
#5363 = CYLINDRICAL_SURFACE ( 'NONE', #6095, 1.249999999999998002 ) ;
#5364 = CARTESIAN_POINT ( 'NONE',  ( 0.7603164687499986973, 1.316906753706353017, -5.385416665983866480 ) ) ;
#5365 = DATE_AND_TIME ( #2180, #2987 ) ;
#5366 = CONICAL_SURFACE ( 'NONE', #6057, 4.900000000000000355, 0.7853981633974500554 ) ;
#5367 = DIRECTION ( 'NONE',  ( 1.000000000000000000, 0.000000000000000000, 0.000000000000000000 ) ) ;
#5368 = ORIENTED_EDGE ( 'NONE', *, *, #1708, .F. ) ;
#5369 = VECTOR ( 'NONE', #4337, 1000.000000000000000 ) ;
#5370 = CARTESIAN_POINT ( 'NONE',  ( -1.520632937499998283, 0.8779378358042350117, -1.197916665983867368 ) ) ;
#5371 = CARTESIAN_POINT ( 'NONE',  ( -4.650000000000001243, 0.000000000000000000, 0.000000000000000000 ) ) ;
#5372 = CARTESIAN_POINT ( 'NONE',  ( -1.249999999999998002, 0.000000000000000000, -0.4999999999999973910 ) ) ;
#5373 = CARTESIAN_POINT ( 'NONE',  ( -1.249999999999997780, -0.7216878364870316087, -8.833333331967736513 ) ) ;
#5374 = CARTESIAN_POINT ( 'NONE',  ( -1.520632937499998061, 0.000000000000000000, -5.218749999317200405 ) ) ;
#5375 = CARTESIAN_POINT ( 'NONE',  ( 3.225491281404033418E-16, -1.755875671608470023, -7.031249999317200405 ) ) ;
#5376 = CARTESIAN_POINT ( 'NONE',  ( -1.249999999999998002, 0.000000000000000000, -13.37499999863440259 ) ) ;
#5377 = CARTESIAN_POINT ( 'NONE',  ( 0.7603164687499986973, 1.316906753706353017, -17.88541666598386826 ) ) ;
#5378 = CC_DESIGN_APPROVAL ( #1246, ( #825 ) ) ;
#5379 = EDGE_LOOP ( 'NONE', ( #4480, #2573 ) ) ;
#5380 = DIRECTION ( 'NONE',  ( -0.000000000000000000, -0.000000000000000000, 1.000000000000000000 ) ) ;
#5381 = VERTEX_POINT ( 'NONE', #212 ) ;
#5382 = CARTESIAN_POINT ( 'NONE',  ( 1.520632937499997617, 0.8779378358042356778, -10.36458333265053255 ) ) ;
#5383 = CARTESIAN_POINT ( 'NONE',  ( -0.6249999999999982236, -1.082531754730547302, -0.7916666653010704380 ) ) ;
#5384 = CARTESIAN_POINT ( 'NONE',  ( 1.520632937499998283, -0.8779378358042346786, -16.94791666598386826 ) ) ;
#5385 =( BOUNDED_CURVE ( )  B_SPLINE_CURVE ( 2, ( #2786, #4957, #80, #2656, #3747, #1037, #1281 ),
 .UNSPECIFIED., .F., .T. ) 
 B_SPLINE_CURVE_WITH_KNOTS ( ( 3, 2, 2, 3 ),
 ( 0.9594594594594593184, 0.9639639639639638879, 0.9684684684684684575, 0.9729729729729730270 ),
 .UNSPECIFIED. ) 
 CURVE ( )  GEOMETRIC_REPRESENTATION_ITEM ( )  RATIONAL_B_SPLINE_CURVE ( ( 1.000000000000003331, 0.8660254037844353769, 1.000000000000000000, 0.8660254037844387076, 1.000000000000000000, 0.8660254037844387076, 1.000000000000000000 ) ) 
 REPRESENTATION_ITEM ( '' )  );
#5386 = LINE ( 'NONE', #475, #137 ) ;
#5387 = CARTESIAN_POINT ( 'NONE',  ( -1.249999999999998224, 0.7216878364870308316, -13.04166666666666430 ) ) ;
#5388 = CARTESIAN_POINT ( 'NONE',  ( -1.249999999999998002, 0.000000000000000000, -1.499999999999997335 ) ) ;
#5389 = FACE_OUTER_BOUND ( 'NONE', #56, .T. ) ;
#5390 = CARTESIAN_POINT ( 'NONE',  ( -0.7603164687499980312, -1.316906753706353461, -3.572916665983867368 ) ) ;
#5391 = CARTESIAN_POINT ( 'NONE',  ( 1.520632937499998283, -0.8779378358042346786, -13.01041666598386648 ) ) ;
#5392 = CARTESIAN_POINT ( 'NONE',  ( 1.520632937499998061, 1.862238259587409655E-16, -7.406249999317200405 ) ) ;
#5393 = CARTESIAN_POINT ( 'NONE',  ( 0.7603164687499986973, 1.316906753706353017, -0.3229166659838673126 ) ) ;
#5394 = CARTESIAN_POINT ( 'NONE',  ( -0.6249999999999991118, 1.082531754730546636, -3.083333333333330817 ) ) ;
#5395 = CARTESIAN_POINT ( 'NONE',  ( 1.520632937499998061, 1.862238259587409655E-16, -12.96874999931720041 ) ) ;
#5396 = EDGE_CURVE ( 'NONE', #2084, #5465, #918, .T. ) ;
#5397 = ORIENTED_EDGE ( 'NONE', *, *, #2238, .F. ) ;
#5398 = CARTESIAN_POINT ( 'NONE',  ( 0.7603164687499986973, 1.316906753706353017, -5.385416665983866480 ) ) ;
#5399 = DIRECTION ( 'NONE',  ( 1.000000000000000000, 0.000000000000000000, 0.000000000000000000 ) ) ;
#5400 = CARTESIAN_POINT ( 'NONE',  ( -1.075163760468011098E-16, 1.755875671608470467, -14.34374999931719863 ) ) ;
#5401 = DIRECTION ( 'NONE',  ( 1.000000000000000000, 0.000000000000000000, 0.000000000000000000 ) ) ;
#5402 = CARTESIAN_POINT ( 'NONE',  ( 3.225491281404033418E-16, -1.755875671608470023, -5.593749999317200405 ) ) ;
#5403 = VECTOR ( 'NONE', #6344, 1000.000000000000000 ) ;
#5404 = EDGE_CURVE ( 'NONE', #5275, #5465, #2779, .T. ) ;
#5405 = CONICAL_SURFACE ( 'NONE', #5984, 4.900000000000000355, 0.7853981633974500554 ) ;
#5406 = EDGE_CURVE ( 'NONE', #4695, #3514, #4746, .T. ) ;
#5407 = ORIENTED_EDGE ( 'NONE', *, *, #709, .F. ) ;
#5408 = CARTESIAN_POINT ( 'NONE',  ( -0.6249999999999991118, 1.082531754730546636, -16.95833333196773651 ) ) ;
#5409 = CARTESIAN_POINT ( 'NONE',  ( -0.7603164687499992525, 1.316906753706352795, -7.302083332650533443 ) ) ;
#5410 = CARTESIAN_POINT ( 'NONE',  ( 1.520632937499998727, -0.8779378358042346786, -8.947916665983866480 ) ) ;
#5411 = CARTESIAN_POINT ( 'NONE',  ( 1.249999999999998002, 0.000000000000000000, 0.000000000000000000 ) ) ;
#5412 = AXIS2_PLACEMENT_3D ( 'NONE', #732, #1768, #94 ) ;
#5413 = EDGE_CURVE ( 'NONE', #2324, #5554, #5246, .T. ) ;
#5414 = EDGE_LOOP ( 'NONE', ( #847, #5196, #2721, #1266 ) ) ;
#5415 = CARTESIAN_POINT ( 'NONE',  ( 0.6249999999999995559, -1.082531754730546414, -15.83333333333332860 ) ) ;
#5416 = ORIENTED_EDGE ( 'NONE', *, *, #5976, .T. ) ;
#5417 = CARTESIAN_POINT ( 'NONE',  ( -1.520632937499997617, -0.8779378358042361219, -11.61458333265053433 ) ) ;
#5418 = CARTESIAN_POINT ( 'NONE',  ( 0.6249999999999986677, 1.082531754730546858, -3.041666665301070438 ) ) ;
#5419 = CARTESIAN_POINT ( 'NONE',  ( 1.520632937499997617, 0.8779378358042356778, -16.36458333265053611 ) ) ;
#5420 = CYLINDRICAL_SURFACE ( 'NONE', #1150, 1.249999999999998002 ) ;
#5421 = CARTESIAN_POINT ( 'NONE',  ( -8.838126989374211143E-17, 1.443375672974062107, -11.12499999999999822 ) ) ;
#5422 = CARTESIAN_POINT ( 'NONE',  ( -1.249999999999998002, 0.7216878364870310536, -1.541666666666663854 ) ) ;
#5423 = CARTESIAN_POINT ( 'NONE',  ( -1.249999999999998002, 0.000000000000000000, -15.37499999863440259 ) ) ;
#5424 = CARTESIAN_POINT ( 'NONE',  ( 0.8722253072345478309, -1.051852080783532095, -0.3863101170936383277 ) ) ;
#5425 = CARTESIAN_POINT ( 'NONE',  ( 0.7603164687499986973, 1.316906753706353017, -3.822916665983867368 ) ) ;
#5426 = CARTESIAN_POINT ( 'NONE',  ( 1.520632937499998283, -0.8779378358042346786, -11.51041666598386648 ) ) ;
#5427 = CARTESIAN_POINT ( 'NONE',  ( 1.520632937499998283, -0.8779378358042346786, -9.447916665983866480 ) ) ;
#5428 = CARTESIAN_POINT ( 'NONE',  ( -0.7603164687499992525, 1.316906753706352795, -2.239583332650534331 ) ) ;
#5429 = CARTESIAN_POINT ( 'NONE',  ( -1.249999999999998224, 0.7216878364870308316, -3.541666666666663410 ) ) ;
#5430 = CARTESIAN_POINT ( 'NONE',  ( 0.7603164687499986973, 1.316906753706353017, -11.88541666598386648 ) ) ;
#5431 =( BOUNDED_CURVE ( )  B_SPLINE_CURVE ( 2, ( #1956, #3587, #6817, #5758, #770, #5222, #2947 ),
 .UNSPECIFIED., .F., .T. ) 
 B_SPLINE_CURVE_WITH_KNOTS ( ( 3, 2, 2, 3 ),
 ( 0.4324324324324324564, 0.4369369369369369149, 0.4414414414414414289, 0.4459459459459459429 ),
 .UNSPECIFIED. ) 
 CURVE ( )  GEOMETRIC_REPRESENTATION_ITEM ( )  RATIONAL_B_SPLINE_CURVE ( ( 1.000000000000000000, 0.8660254037844387076, 1.000000000000000000, 0.8660254037844387076, 1.000000000000000000, 0.8660254037844387076, 1.000000000000000000 ) ) 
 REPRESENTATION_ITEM ( '' )  );
#5432 = ORIENTED_EDGE ( 'NONE', *, *, #6682, .F. ) ;
#5433 = CARTESIAN_POINT ( 'NONE',  ( 1.520632937499997617, 0.8779378358042356778, -2.927083332650534331 ) ) ;
#5434 = CARTESIAN_POINT ( 'NONE',  ( -1.249999999999998002, 0.7216878364870310536, -7.416666665301069550 ) ) ;
#5435 = CARTESIAN_POINT ( 'NONE',  ( 1.249999999999997780, 0.7216878364870316087, -2.208333333333330817 ) ) ;
#5436 = CARTESIAN_POINT ( 'NONE',  ( 1.249999999999980016, 0.7216878364870418228, -14.08333333196773651 ) ) ;
#5437 = CARTESIAN_POINT ( 'NONE',  ( -1.520632937499998727, 0.8779378358042350117, -4.260416665983867368 ) ) ;
#5438 = ADVANCED_FACE ( 'NONE', ( #4069 ), #1379, .F. ) ;
#5439 = CARTESIAN_POINT ( 'NONE',  ( 0.000000000000000000, 0.000000000000000000, -2.799999999999993161 ) ) ;
#5440 = ORIENTED_EDGE ( 'NONE', *, *, #1699, .T. ) ;
#5441 = FACE_OUTER_BOUND ( 'NONE', #5065, .T. ) ;
#5442 = CARTESIAN_POINT ( 'NONE',  ( -1.075163760468011098E-16, 1.755875671608470467, -17.28124999931720041 ) ) ;
#5443 = CARTESIAN_POINT ( 'NONE',  ( 1.520632937499998283, -0.8779378358042346786, -6.010416665983867368 ) ) ;
#5444 = CARTESIAN_POINT ( 'NONE',  ( 0.7603164687499996965, -1.316906753706352573, -7.989583332650533443 ) ) ;
#5445 = CARTESIAN_POINT ( 'NONE',  ( -8.838126989374211143E-17, 1.443375672974062107, -10.99999999863440259 ) ) ;
#5446 = CYLINDRICAL_SURFACE ( 'NONE', #33, 1.249999999999998002 ) ;
#5447 = EDGE_CURVE ( 'NONE', #426, #4739, #591, .T. ) ;
#5448 = ORIENTED_EDGE ( 'NONE', *, *, #2894, .T. ) ;
#5449 = CARTESIAN_POINT ( 'NONE',  ( -0.6249999999999982236, -1.082531754730547302, -4.791666665301070438 ) ) ;
#5450 = ORIENTED_EDGE ( 'NONE', *, *, #6925, .F. ) ;
#5451 = CARTESIAN_POINT ( 'NONE',  ( -1.520632937499998061, 0.000000000000000000, -11.65624999931720041 ) ) ;
#5452 = CARTESIAN_POINT ( 'NONE',  ( 1.249999999999998002, 1.530808498934189105E-16, -3.124999998634403919 ) ) ;
#5453 = CARTESIAN_POINT ( 'NONE',  ( 0.7603164687499996965, -1.316906753706352573, -15.48958333265053078 ) ) ;
#5454 = CARTESIAN_POINT ( 'NONE',  ( -1.249999999999998002, 0.000000000000000000, -11.37499999863440259 ) ) ;
#5456 = EDGE_CURVE ( 'NONE', #1241, #747, #6212, .T. ) ;
#5455 = CARTESIAN_POINT ( 'NONE',  ( -0.6249999999999991118, 1.082531754730546636, -1.583333333333330595 ) ) ;
#5457 = CARTESIAN_POINT ( 'NONE',  ( -0.6249999999999982236, -1.082531754730547302, -13.79166666530106866 ) ) ;
#5458 = CARTESIAN_POINT ( 'NONE',  ( -0.1119640763534772987, -1.331707610990674917, -0.4251815418836272786 ) ) ;
#5459 = CARTESIAN_POINT ( 'NONE',  ( -0.7603164687499980312, -1.316906753706353461, -4.072916665983867368 ) ) ;
#5460 = CARTESIAN_POINT ( 'NONE',  ( -0.7603164687499992525, 1.316906753706352795, -11.80208333265053433 ) ) ;
#5461 = CARTESIAN_POINT ( 'NONE',  ( -0.7603164687499980312, -1.316906753706353461, -9.072916665983866480 ) ) ;
#5462 = CARTESIAN_POINT ( 'NONE',  ( -0.7603164687499980312, -1.316906753706353461, -3.072916665983867368 ) ) ;
#5463 = CARTESIAN_POINT ( 'NONE',  ( 2.651438096812262973E-16, -1.443375672974062107, -7.874999999999998224 ) ) ;
#5464 = CARTESIAN_POINT ( 'NONE',  ( 1.520632937499997617, 0.8779378358042356778, -12.42708333265053433 ) ) ;
#5465 = VERTEX_POINT ( 'NONE', #2658 ) ;
#5466 = CARTESIAN_POINT ( 'NONE',  ( 1.520632937499998061, 1.862238259587409655E-16, -3.968749999317199961 ) ) ;
#5467 = CARTESIAN_POINT ( 'NONE',  ( -1.250000000000015321, -0.7216878364870213947, -15.33333333196773474 ) ) ;
#5468 = CARTESIAN_POINT ( 'NONE',  ( -1.249999999999998002, 0.000000000000000000, -16.37499999863440436 ) ) ;
#5469 = CARTESIAN_POINT ( 'NONE',  ( 1.520632937499997617, 0.8779378358042356778, -13.92708333265053433 ) ) ;
#5470 = CARTESIAN_POINT ( 'NONE',  ( -0.6249999999999991118, 1.082531754730546636, -13.58333333333333037 ) ) ;
#5471 = CARTESIAN_POINT ( 'NONE',  ( 0.7603164687499986973, 1.316906753706353017, -4.385416665983866480 ) ) ;
#5472 =( BOUNDED_CURVE ( )  B_SPLINE_CURVE ( 2, ( #4372, #5482, #104, #2815, #1203, #5992, #4409 ),
 .UNSPECIFIED., .F., .T. ) 
 B_SPLINE_CURVE_WITH_KNOTS ( ( 3, 2, 2, 3 ),
 ( 0.6216216216216217116, 0.6261261261261262812, 0.6306306306306307397, 0.6351351351351351981 ),
 .UNSPECIFIED. ) 
 CURVE ( )  GEOMETRIC_REPRESENTATION_ITEM ( )  RATIONAL_B_SPLINE_CURVE ( ( 0.9999999999999966693, 0.8660254037844420383, 1.000000000000000000, 0.8660254037844387076, 1.000000000000000000, 0.8660254037844353769, 1.000000000000003331 ) ) 
 REPRESENTATION_ITEM ( '' )  );
#5473 =( BOUNDED_CURVE ( )  B_SPLINE_CURVE ( 2, ( #4508, #5010, #6088, #5510, #1776, #3839, #2218 ),
 .UNSPECIFIED., .F., .T. ) 
 B_SPLINE_CURVE_WITH_KNOTS ( ( 3, 2, 2, 3 ),
 ( 0.9324324324324323454, 0.9369369369369368039, 0.9414414414414413734, 0.9459459459459458319 ),
 .UNSPECIFIED. ) 
 CURVE ( )  GEOMETRIC_REPRESENTATION_ITEM ( )  RATIONAL_B_SPLINE_CURVE ( ( 1.000000000000003331, 0.8660254037844353769, 1.000000000000000000, 0.8660254037844387076, 1.000000000000000000, 0.8660254037844420383, 0.9999999999999966693 ) ) 
 REPRESENTATION_ITEM ( '' )  );
#5474 = CARTESIAN_POINT ( 'NONE',  ( -1.249999999999998002, 0.7216878364870310536, -3.916666665301070438 ) ) ;
#5475 = ORIENTED_EDGE ( 'NONE', *, *, #4356, .T. ) ;
#5476 = CARTESIAN_POINT ( 'NONE',  ( -0.6249999999999982236, -1.082531754730547302, -2.916666666666663854 ) ) ;
#5477 = CYLINDRICAL_SURFACE ( 'NONE', #6801, 1.249999999999998002 ) ;
#5478 = CARTESIAN_POINT ( 'NONE',  ( -0.7603164687499980312, -1.316906753706353461, -6.135416665983867368 ) ) ;
#5479 = AXIS2_PLACEMENT_3D ( 'NONE', #5, #606, #2222 ) ;
#5480 = CARTESIAN_POINT ( 'NONE',  ( -1.520632937499997617, -0.8779378358042360109, -10.61458333265053255 ) ) ;
#5481 = CARTESIAN_POINT ( 'NONE',  ( -8.838126989374211143E-17, 1.443375672974062107, -13.49999999863440081 ) ) ;
#5482 = CARTESIAN_POINT ( 'NONE',  ( -1.249999999999980460, 0.7216878364870411566, -11.04166666666666252 ) ) ;
#5483 = AXIS2_PLACEMENT_3D ( 'NONE', #3801, #565, #1596 ) ;
#5484 = ORIENTED_EDGE ( 'NONE', *, *, #1842, .T. ) ;
#5485 = CARTESIAN_POINT ( 'NONE',  ( -1.250000000000015765, 0.7216878364870206175, -17.41666666530107221 ) ) ;
#5486 = EDGE_CURVE ( 'NONE', #3514, #353, #5745, .T. ) ;
#5487 = ORIENTED_EDGE ( 'NONE', *, *, #673, .F. ) ;
#5488 = CARTESIAN_POINT ( 'NONE',  ( 0.7603164687499986973, 1.316906753706353017, -10.82291666598386648 ) ) ;
#5489 = CARTESIAN_POINT ( 'NONE',  ( -0.6249999999999982236, -1.082531754730547302, -3.291666665301070438 ) ) ;
#5490 = CARTESIAN_POINT ( 'NONE',  ( 0.7603164687499986973, 1.316906753706353017, -15.32291666598386648 ) ) ;
#5491 = CARTESIAN_POINT ( 'NONE',  ( 1.249999999999998002, 1.530808498934189105E-16, -8.749999999999998224 ) ) ;
#5492 = CARTESIAN_POINT ( 'NONE',  ( -1.249999999999998224, 0.7216878364870308316, -15.41666666530106866 ) ) ;
#5493 = CARTESIAN_POINT ( 'NONE',  ( -8.838126989374211143E-17, 1.443375672974062107, -6.499999998634403475 ) ) ;
#5494 = CARTESIAN_POINT ( 'NONE',  ( 0.7603164687499996965, -1.316906753706352573, -2.989583332650533887 ) ) ;
#5495 = EDGE_CURVE ( 'NONE', #3058, #6790, #1567, .T. ) ;
#5496 = CARTESIAN_POINT ( 'NONE',  ( 1.520632937499998061, 1.862238259587409655E-16, -15.46874999931720041 ) ) ;
#5497 = CARTESIAN_POINT ( 'NONE',  ( -1.520632937499997617, -0.8779378358042361219, -8.614583332650534331 ) ) ;
#5498 = CARTESIAN_POINT ( 'NONE',  ( 1.520632937499998727, -0.8779378358042346786, -2.447916665983867368 ) ) ;
#5499 = CARTESIAN_POINT ( 'NONE',  ( -1.249999999999998224, 0.7216878364870308316, -8.041666666666664298 ) ) ;
#5500 = CARTESIAN_POINT ( 'NONE',  ( 1.520632937499998061, 1.862238259587409655E-16, -10.96874999931720041 ) ) ;
#5501 = CARTESIAN_POINT ( 'NONE',  ( -0.7603164687499980312, -1.316906753706353461, -5.135416665983867368 ) ) ;
#5502 = CARTESIAN_POINT ( 'NONE',  ( 3.225491281404032925E-16, -1.755875671608470467, -0.5312499993172007384 ) ) ;
#5503 = CARTESIAN_POINT ( 'NONE',  ( -1.249999999999979794, -0.7216878364870419338, -8.333333331967736513 ) ) ;
#5504 = CARTESIAN_POINT ( 'NONE',  ( 1.249999999999998002, 1.530808498934189105E-16, -8.624999998634402587 ) ) ;
#5505 = CARTESIAN_POINT ( 'NONE',  ( -1.249999999999998002, 0.000000000000000000, -16.99999999999999289 ) ) ;
#5506 = CARTESIAN_POINT ( 'NONE',  ( 1.249999999999997780, 0.7216878364870316087, -3.208333333333330373 ) ) ;
#5507 = CARTESIAN_POINT ( 'NONE',  ( 3.225491281404033418E-16, -1.755875671608470023, -4.593749999317200405 ) ) ;
#5508 = DIRECTION ( 'NONE',  ( 1.000000000000000000, 0.000000000000000000, 0.000000000000000000 ) ) ;
#5509 = VERTEX_POINT ( 'NONE', #4242 ) ;
#5510 = CARTESIAN_POINT ( 'NONE',  ( 2.651438096812262973E-16, -1.443375672974062107, -17.24999999863440436 ) ) ;
#5511 = FACE_OUTER_BOUND ( 'NONE', #559, .T. ) ;
#5512 = VECTOR ( 'NONE', #1407, 1000.000000000000000 ) ;
#5513 = CARTESIAN_POINT ( 'NONE',  ( 0.7603164687499986973, 1.316906753706353017, -6.885416665983867368 ) ) ;
#5514 = CARTESIAN_POINT ( 'NONE',  ( -1.520632937499998061, 0.000000000000000000, -10.65624999931720041 ) ) ;
#5515 = CARTESIAN_POINT ( 'NONE',  ( -1.249999999999998002, 0.7216878364870310536, -11.54166666666666252 ) ) ;
#5516 = CARTESIAN_POINT ( 'NONE',  ( -1.249999999999998002, 0.000000000000000000, -4.874999998634404363 ) ) ;
#5517 = AXIS2_PLACEMENT_3D ( 'NONE', #1901, #3638, #4025 ) ;
#5518 = EDGE_LOOP ( 'NONE', ( #921, #6647, #3306, #2370 ) ) ;
#5519 = DIRECTION ( 'NONE',  ( -0.000000000000000000, -0.000000000000000000, 1.000000000000000000 ) ) ;
#5520 = ORIENTED_EDGE ( 'NONE', *, *, #6074, .T. ) ;
#5521 = CARTESIAN_POINT ( 'NONE',  ( 1.520632937499998061, 1.862238259587409655E-16, -14.40624999931720041 ) ) ;
#5522 = CARTESIAN_POINT ( 'NONE',  ( 1.249999999999998224, -0.7216878364870306095, -3.166666665301070438 ) ) ;
#5523 = CARTESIAN_POINT ( 'NONE',  ( 0.7603164687499986973, 1.316906753706353017, -16.32291666598386826 ) ) ;
#5524 = CARTESIAN_POINT ( 'NONE',  ( 0.000000000000000000, 0.000000000000000000, 0.000000000000000000 ) ) ;
#5525 = AXIS2_PLACEMENT_3D ( 'NONE', #4762, #563, #990 ) ;
#5526 = CARTESIAN_POINT ( 'NONE',  ( -8.838126989374211143E-17, 1.443375672974062107, -14.99999999863440259 ) ) ;
#5527 = CARTESIAN_POINT ( 'NONE',  ( 0.6249999999999986677, 1.082531754730546858, -8.166666666666664298 ) ) ;
#5528 = CARTESIAN_POINT ( 'NONE',  ( 1.520632937499998061, 1.862238259587409655E-16, -5.406249999317200405 ) ) ;
#5529 = CARTESIAN_POINT ( 'NONE',  ( 1.520632937499998061, 1.862238259587409655E-16, -15.96874999931720218 ) ) ;
#5530 = CARTESIAN_POINT ( 'NONE',  ( 0.7603164687499996965, -1.316906753706352573, -9.989583332650534331 ) ) ;
#5531 = CARTESIAN_POINT ( 'NONE',  ( 1.520632937499998727, -0.8779378358042346786, -3.947916665983866924 ) ) ;
#5532 = CARTESIAN_POINT ( 'NONE',  ( -0.6249999999999982236, -1.082531754730547302, -6.416666666666664298 ) ) ;
#5533 = CARTESIAN_POINT ( 'NONE',  ( -1.520632937499998061, 0.000000000000000000, -15.21874999931720041 ) ) ;
#5534 = EDGE_CURVE ( 'NONE', #4331, #4375, #2695, .T. ) ;
#5535 = CARTESIAN_POINT ( 'NONE',  ( -1.520632937499997617, -0.8779378358042361219, -7.677083332650533443 ) ) ;
#5536 = CARTESIAN_POINT ( 'NONE',  ( 1.520632937499997617, 0.8779378358042356778, -2.364583332650534331 ) ) ;
#5537 = CARTESIAN_POINT ( 'NONE',  ( -1.249999999999998002, 0.000000000000000000, -8.374999998634402587 ) ) ;
#5538 = CARTESIAN_POINT ( 'NONE',  ( 0.6249999999999995559, -1.082531754730546414, -11.20833333196773474 ) ) ;
#5539 = CARTESIAN_POINT ( 'NONE',  ( 1.249999999999998002, 1.530808498934189105E-16, -10.62499999863440259 ) ) ;
#5540 = CARTESIAN_POINT ( 'NONE',  ( 1.249999999999980016, 0.7216878364870418228, -13.70833333333332682 ) ) ;
#5541 = CARTESIAN_POINT ( 'NONE',  ( 0.7603164687499986973, 1.316906753706353017, -5.885416665983867368 ) ) ;
#5542 = EDGE_CURVE ( 'NONE', #1378, #1786, #4458, .T. ) ;
#5543 = CARTESIAN_POINT ( 'NONE',  ( 1.249999999999998002, 1.530808498934189105E-16, -4.124999998634403475 ) ) ;
#5544 = ORIENTED_EDGE ( 'NONE', *, *, #6155, .T. ) ;
#5545 = LINE ( 'NONE', #6604, #518 ) ;
#5546 = CARTESIAN_POINT ( 'NONE',  ( -0.6249999999999991118, 1.082531754730546636, -14.45833333196773651 ) ) ;
#5547 = CARTESIAN_POINT ( 'NONE',  ( 3.225491281404032925E-16, -1.755875671608470467, -7.593749999317201294 ) ) ;
#5548 = CARTESIAN_POINT ( 'NONE',  ( 0.7603164687499986973, 1.316906753706353017, -9.822916665983866480 ) ) ;
#5549 = CARTESIAN_POINT ( 'NONE',  ( 1.249999999999998002, 1.530808498934189105E-16, -7.624999998634403475 ) ) ;
#5550 = FACE_OUTER_BOUND ( 'NONE', #6726, .T. ) ;
#5551 = CARTESIAN_POINT ( 'NONE',  ( 0.6249999999999986677, 1.082531754730546858, -14.66666666666666430 ) ) ;
#5552 = ORIENTED_EDGE ( 'NONE', *, *, #1309, .F. ) ;
#5553 = CARTESIAN_POINT ( 'NONE',  ( -1.249999999999998002, 0.000000000000000000, -10.49999999999999645 ) ) ;
#5554 = VERTEX_POINT ( 'NONE', #5314 ) ;
#5555 = CARTESIAN_POINT ( 'NONE',  ( -1.520632937499998283, 0.8779378358042350117, -14.69791666598386648 ) ) ;
#5556 = CARTESIAN_POINT ( 'NONE',  ( 2.651438096812262973E-16, -1.443375672974062107, -5.249999998634404363 ) ) ;
#5557 = CARTESIAN_POINT ( 'NONE',  ( -1.520632937499998283, 0.8779378358042350117, -0.2604166659838673126 ) ) ;
#5558 = DIRECTION ( 'NONE',  ( 1.000000000000000000, 0.000000000000000000, 0.000000000000000000 ) ) ;
#5559 = CARTESIAN_POINT ( 'NONE',  ( 1.249999999999998002, 0.7216878364870314977, -17.58333333196773651 ) ) ;
#5560 = DIRECTION ( 'NONE',  ( -0.000000000000000000, -0.000000000000000000, 1.000000000000000000 ) ) ;
#5561 = CARTESIAN_POINT ( 'NONE',  ( -1.520632937499997617, -0.8779378358042361219, -5.114583332650532554 ) ) ;
#5562 = CARTESIAN_POINT ( 'NONE',  ( 3.225491281404032925E-16, -1.755875671608470467, -15.59374999931720041 ) ) ;
#5563 = CARTESIAN_POINT ( 'NONE',  ( -1.520632937499998283, 0.8779378358042350117, -9.197916665983866480 ) ) ;
#5564 = CARTESIAN_POINT ( 'NONE',  ( -1.520632937499998727, 0.8779378358042350117, -6.197916665983866480 ) ) ;
#5565 = CARTESIAN_POINT ( 'NONE',  ( 1.249999999999998224, -0.7216878364870306095, -6.791666666666664298 ) ) ;
#5566 = CARTESIAN_POINT ( 'NONE',  ( 1.520632937499997617, 0.8779378358042356778, -15.42708333265053078 ) ) ;
#5567 =( BOUNDED_CURVE ( )  B_SPLINE_CURVE ( 2, ( #1136, #5586, #1206, #2293, #1820, #677, #642 ),
 .UNSPECIFIED., .F., .T. ) 
 B_SPLINE_CURVE_WITH_KNOTS ( ( 3, 2, 2, 3 ),
 ( 0.09459459459459461372, 0.09909909909909911385, 0.1036036036036036001, 0.1081081081081081141 ),
 .UNSPECIFIED. ) 
 CURVE ( )  GEOMETRIC_REPRESENTATION_ITEM ( )  RATIONAL_B_SPLINE_CURVE ( ( 0.9999999999999995559, 0.8660254037844391517, 1.000000000000000000, 0.8660254037844387076, 1.000000000000000000, 0.8660254037844387076, 1.000000000000000000 ) ) 
 REPRESENTATION_ITEM ( '' )  );
#5568 = CARTESIAN_POINT ( 'NONE',  ( 1.249999999999998002, 0.7216878364870314977, -17.70833333333332860 ) ) ;
#5569 = CARTESIAN_POINT ( 'NONE',  ( 1.520632937499998061, 1.862238259587409655E-16, -7.968749999317200405 ) ) ;
#5570 = CARTESIAN_POINT ( 'NONE',  ( -0.7603164687499992525, 1.316906753706352795, -1.739583332650533887 ) ) ;
#5571 = EDGE_CURVE ( 'NONE', #6790, #6504, #3829, .T. ) ;
#5572 = CARTESIAN_POINT ( 'NONE',  ( -8.838126989374211143E-17, 1.443375672974062107, -7.499999998634403475 ) ) ;
#5573 = CARTESIAN_POINT ( 'NONE',  ( -1.249999999999997780, -0.7216878364870316087, -11.83333333196773651 ) ) ;
#5574 = CARTESIAN_POINT ( 'NONE',  ( -8.838126989374211143E-17, 1.443375672974062107, -8.624999999999996447 ) ) ;
#5575 = CARTESIAN_POINT ( 'NONE',  ( 3.225491281404033418E-16, -1.755875671608470023, -8.093749999317200405 ) ) ;
#5576 = CARTESIAN_POINT ( 'NONE',  ( 0.6249999999999986677, 1.082531754730546858, -10.04166666530106866 ) ) ;
#5577 = VERTEX_POINT ( 'NONE', #3782 ) ;
#5578 = DIRECTION ( 'NONE',  ( -0.000000000000000000, -0.000000000000000000, 1.000000000000000000 ) ) ;
#5579 = CARTESIAN_POINT ( 'NONE',  ( -1.520632937499997617, -0.8779378358042361219, -8.177083332650532554 ) ) ;
#5580 = CARTESIAN_POINT ( 'NONE',  ( 3.225491281404033418E-16, -1.755875671608470023, -10.03124999931719863 ) ) ;
#5581 = LINE ( 'NONE', #6128, #3774 ) ;
#5582 = CARTESIAN_POINT ( 'NONE',  ( -4.650000000000003020, 5.847688465928614763E-16, -2.000000000000000000 ) ) ;
#5583 = CARTESIAN_POINT ( 'NONE',  ( -0.6249999999999982236, -1.082531754730547302, -13.91666666666666430 ) ) ;
#5584 = DIRECTION ( 'NONE',  ( 1.000000000000000000, 0.000000000000000000, 0.000000000000000000 ) ) ;
#5585 = ORIENTED_EDGE ( 'NONE', *, *, #4664, .T. ) ;
#5586 = CARTESIAN_POINT ( 'NONE',  ( 1.249999999999995781, -0.7216878364870319418, -1.666666665301070216 ) ) ;
#5587 = ORIENTED_EDGE ( 'NONE', *, *, #142, .T. ) ;
#5588 = CARTESIAN_POINT ( 'NONE',  ( -1.520632937499997617, -0.8779378358042361219, -12.61458333265053255 ) ) ;
#5589 = CARTESIAN_POINT ( 'NONE',  ( 1.249999999999998002, 0.7216878364870314977, -4.583333331967738289 ) ) ;
#5590 = CARTESIAN_POINT ( 'NONE',  ( -1.520632937499998283, 0.8779378358042350117, -0.7604166659838673681 ) ) ;
#5591 = CARTESIAN_POINT ( 'NONE',  ( 0.6249999999999986677, 1.082531754730546858, -4.166666666666664298 ) ) ;
#5592 = CARTESIAN_POINT ( 'NONE',  ( -8.838126989374211143E-17, 1.443375672974062107, -16.99999999863440081 ) ) ;
#5593 = CARTESIAN_POINT ( 'NONE',  ( 1.249999999999998002, -0.7216878364870306095, -3.291666666666664298 ) ) ;
#5594 = ORIENTED_EDGE ( 'NONE', *, *, #4836, .T. ) ;
#5595 = CARTESIAN_POINT ( 'NONE',  ( -1.075163760468011098E-16, 1.755875671608470467, -6.781249999317201294 ) ) ;
#5596 = CARTESIAN_POINT ( 'NONE',  ( -1.520632937499998283, 0.8779378358042350117, -14.76041666598386826 ) ) ;
#5597 = CARTESIAN_POINT ( 'NONE',  ( 3.225491281404032925E-16, -1.755875671608470467, -12.03124999931719863 ) ) ;
#5598 = AXIS2_PLACEMENT_3D ( 'NONE', #1999, #1452, #4157 ) ;
#5599 = CARTESIAN_POINT ( 'NONE',  ( -1.075163760468011222E-16, 1.755875671608470023, -6.781249999317201294 ) ) ;
#5600 = CARTESIAN_POINT ( 'NONE',  ( -1.249999999999998002, 0.000000000000000000, -7.499999999999998224 ) ) ;
#5601 = CARTESIAN_POINT ( 'NONE',  ( 1.520632937499998061, 1.862238259587409655E-16, -14.46874999931720041 ) ) ;
#5602 = CARTESIAN_POINT ( 'NONE',  ( 2.651438096812262973E-16, -1.443375672974062107, -17.87499999999999289 ) ) ;
#5603 = CARTESIAN_POINT ( 'NONE',  ( 0.7603164687499986973, 1.316906753706353017, -6.885416665983867368 ) ) ;
#5604 = CARTESIAN_POINT ( 'NONE',  ( 1.520632937499997617, 0.8779378358042356778, -4.364583332650534331 ) ) ;
#5605 = DIRECTION ( 'NONE',  ( -0.000000000000000000, -0.000000000000000000, 1.000000000000000000 ) ) ;
#5606 = CARTESIAN_POINT ( 'NONE',  ( 1.249999999999998002, 0.7216878364870314977, -12.08333333196773474 ) ) ;
#5607 =( BOUNDED_CURVE ( )  B_SPLINE_CURVE ( 2, ( #6432, #4671, #1537, #972, #3710, #3148, #2515 ),
 .UNSPECIFIED., .F., .T. ) 
 B_SPLINE_CURVE_WITH_KNOTS ( ( 3, 2, 2, 3 ),
 ( 0.5540540540540540571, 0.5585585585585585155, 0.5630630630630630851, 0.5675675675675675436 ),
 .UNSPECIFIED. ) 
 CURVE ( )  GEOMETRIC_REPRESENTATION_ITEM ( )  RATIONAL_B_SPLINE_CURVE ( ( 1.000000000000000000, 0.8660254037844387076, 1.000000000000000000, 0.8660254037844387076, 1.000000000000000000, 0.8660254037844387076, 1.000000000000000000 ) ) 
 REPRESENTATION_ITEM ( '' )  );
#5608 = CARTESIAN_POINT ( 'NONE',  ( -1.249999999999998002, 0.000000000000000000, 0.5000000000000026645 ) ) ;
#5609 = CARTESIAN_POINT ( 'NONE',  ( 0.7603164687499986973, 1.316906753706353017, -7.385416665983866480 ) ) ;
#5610 = EDGE_CURVE ( 'NONE', #6353, #5275, #4563, .T. ) ;
#5611 = CARTESIAN_POINT ( 'NONE',  ( 0.000000000000000000, 0.000000000000000000, -17.75000000000000355 ) ) ;
#5612 = VERTEX_POINT ( 'NONE', #4347 ) ;
#5613 = CARTESIAN_POINT ( 'NONE',  ( 1.749999999999998002, 0.000000000000000000, 0.000000000000000000 ) ) ;
#5614 = CARTESIAN_POINT ( 'NONE',  ( -0.6249999999999982236, -1.082531754730547302, -12.79166666530107044 ) ) ;
#5615 = CARTESIAN_POINT ( 'NONE',  ( 1.520632937499997617, 0.8779378358042356778, -9.927083332650534331 ) ) ;
#5616 = CARTESIAN_POINT ( 'NONE',  ( -1.520632937499997617, -0.8779378358042360109, -12.11458333265053611 ) ) ;
#5617 = LINE ( 'NONE', #2918, #2648 ) ;
#5618 = CARTESIAN_POINT ( 'NONE',  ( -1.249999999999998002, 0.000000000000000000, -6.999999999999997335 ) ) ;
#5619 = CARTESIAN_POINT ( 'NONE',  ( 0.6249999999999995559, -1.082531754730546414, -0.8333333333333307058 ) ) ;
#5620 = ADVANCED_FACE ( 'NONE', ( #6548 ), #5348, .F. ) ;
#5621 = ORIENTED_EDGE ( 'NONE', *, *, #1433, .F. ) ;
#5622 = CARTESIAN_POINT ( 'NONE',  ( 0.6249999999999986677, 1.082531754730546858, -5.541666665301070438 ) ) ;
#5623 = ORIENTED_EDGE ( 'NONE', *, *, #1479, .T. ) ;
#5624 = CARTESIAN_POINT ( 'NONE',  ( -1.520632937499998283, 0.8779378358042350117, -12.69791666598386470 ) ) ;
#5625 = CARTESIAN_POINT ( 'NONE',  ( 1.249999999999998002, 0.7216878364870314977, -5.583333331967737401 ) ) ;
#5626 = CARTESIAN_POINT ( 'NONE',  ( 0.7603164687499996965, -1.316906753706352573, -17.98958333265053611 ) ) ;
#5627 = CARTESIAN_POINT ( 'NONE',  ( 0.000000000000000000, 0.000000000000000000, -18.00000000000000355 ) ) ;
#5628 = AXIS2_PLACEMENT_3D ( 'NONE', #1153, #694, #3370 ) ;
#5629 = CARTESIAN_POINT ( 'NONE',  ( 1.249999999999998002, 1.530808498934189105E-16, -16.12499999863440436 ) ) ;
#5630 = CARTESIAN_POINT ( 'NONE',  ( 0.6249999999999986677, 1.082531754730546858, -6.541666665301070438 ) ) ;
#5631 = ORIENTED_EDGE ( 'NONE', *, *, #5946, .T. ) ;
#5632 = CARTESIAN_POINT ( 'NONE',  ( 3.225491281404032925E-16, -1.755875671608470467, -7.031249999317200405 ) ) ;
#5633 = CIRCLE ( 'NONE', #1082, 3.300000000000002487 ) ;
#5634 = CARTESIAN_POINT ( 'NONE',  ( -0.7603164687499992525, 1.316906753706352795, -13.80208333265053433 ) ) ;
#5635 = CARTESIAN_POINT ( 'NONE',  ( 0.7603164687499996965, -1.316906753706352573, -12.48958333265053433 ) ) ;
#5636 = ADVANCED_BREP_SHAPE_REPRESENTATION ( 'RR-410', ( #307, #3331 ), #378 ) ;
#5637 = CARTESIAN_POINT ( 'NONE',  ( 0.7603164687499996965, -1.316906753706352573, -4.989583332650533443 ) ) ;
#5638 = CARTESIAN_POINT ( 'NONE',  ( 1.249999999999998002, 0.7216878364870314977, -9.708333333333328596 ) ) ;
#5639 = CARTESIAN_POINT ( 'NONE',  ( -0.7603164687499992525, 1.316906753706352795, -15.80208333265053433 ) ) ;
#5640 = CARTESIAN_POINT ( 'NONE',  ( -0.6249999999999982236, -1.082531754730547302, -15.41666666666666430 ) ) ;
#5641 = CARTESIAN_POINT ( 'NONE',  ( 1.520632937499998283, -0.8779378358042346786, -8.010416665983866480 ) ) ;
#5642 = CARTESIAN_POINT ( 'NONE',  ( -1.250000000000015321, -0.7216878364870213947, -10.95833333333333215 ) ) ;
#5643 = CARTESIAN_POINT ( 'NONE',  ( 0.6249999999999995559, -1.082531754730546414, -13.20833333196773474 ) ) ;
#5644 = CARTESIAN_POINT ( 'NONE',  ( 1.249999999999998002, 0.7216878364870314977, -1.708333333333330817 ) ) ;
#5645 = CARTESIAN_POINT ( 'NONE',  ( -1.520632937499998061, 0.000000000000000000, -7.218749999317200405 ) ) ;
#5646 = CARTESIAN_POINT ( 'NONE',  ( -0.6249999999999982236, -1.082531754730547302, -6.291666665301070438 ) ) ;
#5647 = ORIENTED_EDGE ( 'NONE', *, *, #6512, .F. ) ;
#5648 = CARTESIAN_POINT ( 'NONE',  ( 0.6249999999999995559, -1.082531754730546414, -11.70833333196773651 ) ) ;
#5649 = FACE_OUTER_BOUND ( 'NONE', #3686, .T. ) ;
#5650 = CARTESIAN_POINT ( 'NONE',  ( -1.520632937499997617, -0.8779378358042361219, -8.677083332650534331 ) ) ;
#5651 = CARTESIAN_POINT ( 'NONE',  ( -0.7603164687499980312, -1.316906753706353461, -13.07291666598386826 ) ) ;
#5652 = DIRECTION ( 'NONE',  ( -0.000000000000000000, -0.000000000000000000, 1.000000000000000000 ) ) ;
#5653 = FACE_OUTER_BOUND ( 'NONE', #2988, .T. ) ;
#5654 = CARTESIAN_POINT ( 'NONE',  ( 0.7603164687499986973, 1.316906753706353017, -0.3229166659838673126 ) ) ;
#5655 = ORIENTED_EDGE ( 'NONE', *, *, #5396, .T. ) ;
#5656 = CARTESIAN_POINT ( 'NONE',  ( -0.6249999999999991118, 1.082531754730546636, -9.458333331967734736 ) ) ;
#5657 = ORIENTED_EDGE ( 'NONE', *, *, #5946, .F. ) ;
#5658 = CARTESIAN_POINT ( 'NONE',  ( 0.7603164687499986973, 1.316906753706353017, -14.32291666598386648 ) ) ;
#5659 = CARTESIAN_POINT ( 'NONE',  ( 0.6249999999999986677, 1.082531754730546858, -8.041666665301068662 ) ) ;
#5660 = CARTESIAN_POINT ( 'NONE',  ( -0.7603164687499980312, -1.316906753706353461, -1.635416665983867146 ) ) ;
#5661 = CARTESIAN_POINT ( 'NONE',  ( 0.000000000000000000, 0.000000000000000000, 0.000000000000000000 ) ) ;
#5662 = ADVANCED_FACE ( 'NONE', ( #3818 ), #3150, .F. ) ;
#5663 = CARTESIAN_POINT ( 'NONE',  ( 1.249999999999998224, -0.7216878364870306095, -18.16666666530106866 ) ) ;
#5664 = ORIENTED_EDGE ( 'NONE', *, *, #2727, .F. ) ;
#5665 = CARTESIAN_POINT ( 'NONE',  ( -0.7603164687499980312, -1.316906753706353461, -6.072916665983867368 ) ) ;
#5666 = CARTESIAN_POINT ( 'NONE',  ( 0.7603164687499986973, 1.316906753706353017, -17.38541666598386826 ) ) ;
#5667 = CARTESIAN_POINT ( 'NONE',  ( 1.520632937499998283, -0.8779378358042346786, -11.94791666598386826 ) ) ;
#5668 = CARTESIAN_POINT ( 'NONE',  ( 0.7603164687499986973, 1.316906753706353017, -4.822916665983867368 ) ) ;
#5669 = CARTESIAN_POINT ( 'NONE',  ( -1.249999999999998002, 0.000000000000000000, -8.999999999999998224 ) ) ;
#5670 = CARTESIAN_POINT ( 'NONE',  ( 1.520632937499998061, 1.862238259587409655E-16, -15.46874999931720041 ) ) ;
#5671 = CARTESIAN_POINT ( 'NONE',  ( -0.7603164687499992525, 1.316906753706352795, -16.73958333265053611 ) ) ;
#5672 = CARTESIAN_POINT ( 'NONE',  ( 0.6249999999999986677, 1.082531754730546858, -16.66666666666666430 ) ) ;
#5673 = CARTESIAN_POINT ( 'NONE',  ( 1.520632937499998061, 1.862238259587409655E-16, -5.968749999317199517 ) ) ;
#5674 = CARTESIAN_POINT ( 'NONE',  ( -1.075163760468011098E-16, 1.755875671608470467, -3.781249999317200849 ) ) ;
#5675 = CARTESIAN_POINT ( 'NONE',  ( 0.3411950264987433368, 1.228896510075455861, -17.51429020013388183 ) ) ;
#5676 = CARTESIAN_POINT ( 'NONE',  ( -0.6249999999999982236, -1.082531754730547302, -2.416666666666663854 ) ) ;
#5677 = CARTESIAN_POINT ( 'NONE',  ( -0.7603164687499992525, 1.316906753706352795, -7.802083332650533443 ) ) ;
#5678 = CARTESIAN_POINT ( 'NONE',  ( -1.249999999999998002, 0.000000000000000000, -8.874999998634402587 ) ) ;
#5679 = VERTEX_POINT ( 'NONE', #6275 ) ;
#5680 = CARTESIAN_POINT ( 'NONE',  ( 1.249999999999998002, 1.530808498934189105E-16, -10.62499999863440259 ) ) ;
#5681 = CARTESIAN_POINT ( 'NONE',  ( -1.249999999999998002, 0.000000000000000000, -4.374999998634403475 ) ) ;
#5682 = CARTESIAN_POINT ( 'NONE',  ( 1.520632937499997617, 0.8779378358042356778, -8.927083332650532554 ) ) ;
#5683 = CARTESIAN_POINT ( 'NONE',  ( -1.520632937499998727, 0.8779378358042350117, -12.69791666598386470 ) ) ;
#5684 = CARTESIAN_POINT ( 'NONE',  ( -1.520632937499998061, 0.000000000000000000, -2.718749999317200405 ) ) ;
#5685 = CARTESIAN_POINT ( 'NONE',  ( 1.329246823662035837, -2.457124835778049698E-11, -17.57924682366203939 ) ) ;
#5686 = CARTESIAN_POINT ( 'NONE',  ( -1.520632937499998061, 0.000000000000000000, 0.3437500006827993171 ) ) ;
#5687 = EDGE_LOOP ( 'NONE', ( #4847, #592, #5766, #3092 ) ) ;
#5688 = CARTESIAN_POINT ( 'NONE',  ( -1.249999999999980460, 0.7216878364870411566, -9.416666665301070438 ) ) ;
#5689 = ORIENTED_EDGE ( 'NONE', *, *, #928, .F. ) ;
#5690 = CARTESIAN_POINT ( 'NONE',  ( 1.520632937499998283, -0.8779378358042346786, -15.94791666598386826 ) ) ;
#5691 = CARTESIAN_POINT ( 'NONE',  ( -0.6249999999999982236, -1.082531754730547302, -7.291666665301069550 ) ) ;
#5692 = CARTESIAN_POINT ( 'NONE',  ( 0.7603164687499986973, 1.316906753706353017, -0.3854166659838673126 ) ) ;
#5693 = CARTESIAN_POINT ( 'NONE',  ( -0.6249999999999991118, 1.082531754730546636, -12.95833333196773474 ) ) ;
#5694 = CARTESIAN_POINT ( 'NONE',  ( 0.7603164687499996965, -1.316906753706352573, -15.05208333265053255 ) ) ;
#5695 =( BOUNDED_CURVE ( )  B_SPLINE_CURVE ( 2, ( #4085, #5054, #6201, #1308, #4584, #3521, #4514 ),
 .UNSPECIFIED., .F., .T. ) 
 B_SPLINE_CURVE_WITH_KNOTS ( ( 3, 2, 2, 3 ),
 ( 0.8648648648648649129, 0.8693693693693693714, 0.8738738738738738299, 0.8783783783783783994 ),
 .UNSPECIFIED. ) 
 CURVE ( )  GEOMETRIC_REPRESENTATION_ITEM ( )  RATIONAL_B_SPLINE_CURVE ( ( 1.000000000000000000, 0.8660254037844387076, 1.000000000000000000, 0.8660254037844387076, 1.000000000000000000, 0.8660254037844387076, 1.000000000000000000 ) ) 
 REPRESENTATION_ITEM ( '' )  );
#5696 = CARTESIAN_POINT ( 'NONE',  ( -0.6249999999999991118, 1.082531754730546636, -16.95833333196773651 ) ) ;
#5697 = EDGE_CURVE ( 'NONE', #6504, #2528, #5983, .T. ) ;
#5698 =( BOUNDED_CURVE ( )  B_SPLINE_CURVE ( 2, ( #3301, #5434, #3862, #5572, #594, #5977, #627 ),
 .UNSPECIFIED., .F., .T. ) 
 B_SPLINE_CURVE_WITH_KNOTS ( ( 3, 2, 2, 3 ),
 ( 0.4054054054054054279, 0.4099099099099098864, 0.4144144144144144559, 0.4189189189189189699 ),
 .UNSPECIFIED. ) 
 CURVE ( )  GEOMETRIC_REPRESENTATION_ITEM ( )  RATIONAL_B_SPLINE_CURVE ( ( 1.000000000000000000, 0.8660254037844387076, 1.000000000000000000, 0.8660254037844387076, 1.000000000000000000, 0.8660254037844370423, 1.000000000000001554 ) ) 
 REPRESENTATION_ITEM ( '' )  );
#5699 = DIRECTION ( 'NONE',  ( 1.000000000000000000, 0.000000000000000000, 0.000000000000000000 ) ) ;
#5700 = ORIENTED_EDGE ( 'NONE', *, *, #5188, .T. ) ;
#5701 = CARTESIAN_POINT ( 'NONE',  ( -1.520632937499998061, 0.000000000000000000, -9.656249999317200405 ) ) ;
#5702 = CARTESIAN_POINT ( 'NONE',  ( -0.7603164687499992525, 1.316906753706352795, -16.30208333265053255 ) ) ;
#5703 = CARTESIAN_POINT ( 'NONE',  ( 3.225491281404032925E-16, -1.755875671608470467, -11.53124999931720041 ) ) ;
#5704 = CARTESIAN_POINT ( 'NONE',  ( -0.7603164687499980312, -1.316906753706353461, -6.572916665983866480 ) ) ;
#5705 = AXIS2_PLACEMENT_3D ( 'NONE', #682, #2855, #4556 ) ;
#5706 = CARTESIAN_POINT ( 'NONE',  ( 1.249999999999998002, 1.530808498934189105E-16, -9.749999999999998224 ) ) ;
#5707 = CARTESIAN_POINT ( 'NONE',  ( -1.520632937499997617, -0.8779378358042360109, -16.67708333265053611 ) ) ;
#5708 = EDGE_CURVE ( 'NONE', #5985, #2512, #6723, .T. ) ;
#5709 = ADVANCED_FACE ( 'NONE', ( #4017 ), #4548, .F. ) ;
#5710 = CARTESIAN_POINT ( 'NONE',  ( 0.6249999999999995559, -1.082531754730546414, -13.83333333333333037 ) ) ;
#5711 = VECTOR ( 'NONE', #7045, 1000.000000000000000 ) ;
#5712 = CARTESIAN_POINT ( 'NONE',  ( -1.249999999999998002, 0.000000000000000000, -16.49999999999999289 ) ) ;
#5713 = CARTESIAN_POINT ( 'NONE',  ( -0.7603164687499980312, -1.316906753706353461, -9.135416665983868256 ) ) ;
#5714 = CARTESIAN_POINT ( 'NONE',  ( 3.225491281404032925E-16, -1.755875671608470467, -4.031249999317199517 ) ) ;
#5715 = CARTESIAN_POINT ( 'NONE',  ( 0.6249999999999995559, -1.082531754730546414, -8.333333333333332149 ) ) ;
#5716 = CARTESIAN_POINT ( 'NONE',  ( -0.6249999999999982236, -1.082531754730547302, -0.4166666666666640206 ) ) ;
#5717 = CARTESIAN_POINT ( 'NONE',  ( 1.520632937499998061, 1.862238259587409655E-16, -8.468749999317200405 ) ) ;
#5718 = EDGE_CURVE ( 'NONE', #1521, #6268, #2428, .T. ) ;
#5719 = CARTESIAN_POINT ( 'NONE',  ( 1.249999999999998002, 1.530808498934189105E-16, -3.749999999999996891 ) ) ;
#5720 = ORIENTED_EDGE ( 'NONE', *, *, #4713, .F. ) ;
#5721 = CARTESIAN_POINT ( 'NONE',  ( 2.651438096812262973E-16, -1.443375672974062107, -11.74999999863440259 ) ) ;
#5722 = CARTESIAN_POINT ( 'NONE',  ( -1.249999999999998002, 0.7216878364870310536, -4.416666665301070438 ) ) ;
#5723 = CARTESIAN_POINT ( 'NONE',  ( -1.520632937499997617, -0.8779378358042361219, -11.17708333265053255 ) ) ;
#5724 = CARTESIAN_POINT ( 'NONE',  ( -1.520632937499998727, 0.8779378358042350117, -13.69791666598386648 ) ) ;
#5725 = CARTESIAN_POINT ( 'NONE',  ( 1.520632937499997617, 0.8779378358042356778, -0.4270833326505338867 ) ) ;
#5726 = CARTESIAN_POINT ( 'NONE',  ( 1.520632937499997617, 0.8779378358042356778, 0.07291666734946600226 ) ) ;
#5727 = ORIENTED_EDGE ( 'NONE', *, *, #5191, .F. ) ;
#5728 = CARTESIAN_POINT ( 'NONE',  ( 0.6249999999999986677, 1.082531754730546858, -2.041666665301070438 ) ) ;
#5729 = ORIENTED_EDGE ( 'NONE', *, *, #5447, .T. ) ;
#5730 = CARTESIAN_POINT ( 'NONE',  ( 1.520632937499998061, 1.862238259587409655E-16, -16.40624999931720396 ) ) ;
#5731 = CARTESIAN_POINT ( 'NONE',  ( -8.838126989374211143E-17, 1.443375672974062107, -6.499999998634404363 ) ) ;
#5732 = CARTESIAN_POINT ( 'NONE',  ( 1.520632937499997617, 0.8779378358042356778, -3.427083332650533887 ) ) ;
#5733 =( BOUNDED_CURVE ( )  B_SPLINE_CURVE ( 2, ( #2282, #1882, #208, #1772, #2387, #5045, #768 ),
 .UNSPECIFIED., .F., .T. ) 
 B_SPLINE_CURVE_WITH_KNOTS ( ( 3, 2, 2, 3 ),
 ( 0.7162162162162162282, 0.7207207207207206867, 0.7252252252252253673, 0.7297297297297298257 ),
 .UNSPECIFIED. ) 
 CURVE ( )  GEOMETRIC_REPRESENTATION_ITEM ( )  RATIONAL_B_SPLINE_CURVE ( ( 1.000000000000000000, 0.8660254037844387076, 1.000000000000000000, 0.8660254037844387076, 1.000000000000000000, 0.8660254037844353769, 1.000000000000003331 ) ) 
 REPRESENTATION_ITEM ( '' )  );
#5734 = CARTESIAN_POINT ( 'NONE',  ( 1.249999999999998002, 1.530808498934189105E-16, -5.624999998634403475 ) ) ;
#5735 = PRODUCT ( 'RR-410', 'RR-410', '', ( #1588 ) ) ;
#5736 = CARTESIAN_POINT ( 'NONE',  ( 2.048390084236239555E-08, 1.249999999999997558, -0.4999999999999971689 ) ) ;
#5737 = ORIENTED_EDGE ( 'NONE', *, *, #2894, .F. ) ;
#5738 = CARTESIAN_POINT ( 'NONE',  ( -0.7603164687499980312, -1.316906753706353461, -8.572916665983866480 ) ) ;
#5739 = CARTESIAN_POINT ( 'NONE',  ( 1.520632937499998283, -0.8779378358042346786, -18.01041666598386826 ) ) ;
#5740 = CARTESIAN_POINT ( 'NONE',  ( -1.249999999999998002, 1.530808498934189105E-16, 0.000000000000000000 ) ) ;
#5741 = CARTESIAN_POINT ( 'NONE',  ( -0.7603164687499980312, -1.316906753706353461, -9.072916665983866480 ) ) ;
#5742 = VECTOR ( 'NONE', #3688, 1000.000000000000000 ) ;
#5743 = CARTESIAN_POINT ( 'NONE',  ( 1.249999999999998224, -0.7216878364870306095, -8.291666666666664298 ) ) ;
#5744 = CARTESIAN_POINT ( 'NONE',  ( 1.520632937499998061, 1.862238259587409655E-16, -17.46874999931720041 ) ) ;
#5745 =( BOUNDED_CURVE ( )  B_SPLINE_CURVE ( 2, ( #2162, #3749, #1783, #1108, #3184, #4925, #3257 ),
 .UNSPECIFIED., .F., .T. ) 
 B_SPLINE_CURVE_WITH_KNOTS ( ( 3, 2, 2, 3 ),
 ( 0.8108108108108108558, 0.8153153153153153143, 0.8198198198198197728, 0.8243243243243243423 ),
 .UNSPECIFIED. ) 
 CURVE ( )  GEOMETRIC_REPRESENTATION_ITEM ( )  RATIONAL_B_SPLINE_CURVE ( ( 1.000000000000000000, 0.8660254037844387076, 1.000000000000000000, 0.8660254037844387076, 1.000000000000000000, 0.8660254037844387076, 1.000000000000000000 ) ) 
 REPRESENTATION_ITEM ( '' )  );
#5746 =( BOUNDED_CURVE ( )  B_SPLINE_CURVE ( 2, ( #1127, #3976, #3307, #4436, #5476, #68, #3343 ),
 .UNSPECIFIED., .F., .T. ) 
 B_SPLINE_CURVE_WITH_KNOTS ( ( 3, 2, 2, 3 ),
 ( 0.1756756756756756854, 0.1801801801801801717, 0.1846846846846846857, 0.1891891891891891997 ),
 .UNSPECIFIED. ) 
 CURVE ( )  GEOMETRIC_REPRESENTATION_ITEM ( )  RATIONAL_B_SPLINE_CURVE ( ( 1.000000000000000000, 0.8660254037844387076, 1.000000000000000000, 0.8660254037844387076, 1.000000000000000000, 0.8660254037844387076, 1.000000000000000000 ) ) 
 REPRESENTATION_ITEM ( '' )  );
#5747 = VECTOR ( 'NONE', #3215, 1000.000000000000000 ) ;
#5748 = CARTESIAN_POINT ( 'NONE',  ( 0.6249999999999986677, 1.082531754730546858, -5.666666666666663410 ) ) ;
#5749 = CARTESIAN_POINT ( 'NONE',  ( 1.520632937499998061, 1.862238259587409655E-16, 0.09375000068279933096 ) ) ;
#5750 = CARTESIAN_POINT ( 'NONE',  ( -0.7603164687499992525, 1.316906753706352795, -10.30208333265053433 ) ) ;
#5751 = CARTESIAN_POINT ( 'NONE',  ( -1.520632937499998061, 0.000000000000000000, -3.156249999317200849 ) ) ;
#5752 = CARTESIAN_POINT ( 'NONE',  ( 1.329246823662035837, -2.457124835778049698E-11, -17.57924682366203939 ) ) ;
#5753 = CARTESIAN_POINT ( 'NONE',  ( -0.6249999999999982236, -1.082531754730547302, -1.416666666666663854 ) ) ;
#5754 = EDGE_CURVE ( 'NONE', #3285, #249, #5695, .T. ) ;
#5755 = CARTESIAN_POINT ( 'NONE',  ( 0.7603164687499996965, -1.316906753706352573, -8.552083332650534331 ) ) ;
#5756 = CARTESIAN_POINT ( 'NONE',  ( -1.249999999999998002, 0.000000000000000000, -8.999999999999998224 ) ) ;
#5757 = ORIENTED_EDGE ( 'NONE', *, *, #1934, .F. ) ;
#5758 = CARTESIAN_POINT ( 'NONE',  ( -8.838126989374211143E-17, 1.443375672974062107, -7.999999998634403475 ) ) ;
#5759 = CARTESIAN_POINT ( 'NONE',  ( 1.250000000000015543, 0.7216878364870213947, -16.58333333196773651 ) ) ;
#5760 = CARTESIAN_POINT ( 'NONE',  ( -1.520632937499998061, 0.000000000000000000, -11.21874999931720041 ) ) ;
#5761 = CARTESIAN_POINT ( 'NONE',  ( -1.075163760468011222E-16, 1.755875671608470023, -13.28124999931720041 ) ) ;
#5762 = CARTESIAN_POINT ( 'NONE',  ( -1.520632937499997617, -0.8779378358042360109, -2.677083332650533887 ) ) ;
#5763 = ADVANCED_FACE ( 'NONE', ( #1891 ), #4786, .T. ) ;
#5764 = CARTESIAN_POINT ( 'NONE',  ( 3.225491281404032925E-16, -1.755875671608470467, -1.093749999317200627 ) ) ;
#5765 = CARTESIAN_POINT ( 'NONE',  ( -8.838126989374211143E-17, 1.443375672974062107, -15.49999999863440259 ) ) ;
#5766 = ORIENTED_EDGE ( 'NONE', *, *, #2798, .F. ) ;
#5767 = DIRECTION ( 'NONE',  ( 1.000000000000000000, 0.000000000000000000, 0.000000000000000000 ) ) ;
#5768 = ORIENTED_EDGE ( 'NONE', *, *, #1178, .T. ) ;
#5769 = CARTESIAN_POINT ( 'NONE',  ( -1.520632937499997617, -0.8779378358042361219, -16.11458333265053255 ) ) ;
#5770 = CARTESIAN_POINT ( 'NONE',  ( -1.249999999999998002, 0.000000000000000000, -7.874999998634403475 ) ) ;
#5771 = CARTESIAN_POINT ( 'NONE',  ( -0.7603164687499980312, -1.316906753706353461, -2.635416665983866924 ) ) ;
#5772 = CARTESIAN_POINT ( 'NONE',  ( 0.6249999999999995559, -1.082531754730546414, -0.7083333319677370676 ) ) ;
#5773 = CARTESIAN_POINT ( 'NONE',  ( 1.520632937499997617, 0.8779378358042356778, -15.92708333265053433 ) ) ;
#5774 = CARTESIAN_POINT ( 'NONE',  ( 1.249999999999998002, 1.530808498934189105E-16, -14.74999999999999822 ) ) ;
#5775 =( BOUNDED_CURVE ( )  B_SPLINE_CURVE ( 2, ( #6850, #1511, #4149, #2454, #1953, #1915, #5828 ),
 .UNSPECIFIED., .F., .T. ) 
 B_SPLINE_CURVE_WITH_KNOTS ( ( 3, 2, 2, 3 ),
 ( 0.1351351351351351426, 0.1396396396396396289, 0.1441441441441441429, 0.1486486486486486569 ),
 .UNSPECIFIED. ) 
 CURVE ( )  GEOMETRIC_REPRESENTATION_ITEM ( )  RATIONAL_B_SPLINE_CURVE ( ( 1.000000000000000000, 0.8660254037844387076, 1.000000000000000000, 0.8660254037844387076, 1.000000000000000000, 0.8660254037844387076, 1.000000000000000000 ) ) 
 REPRESENTATION_ITEM ( '' )  );
#5776 = VERTEX_POINT ( 'NONE', #1675 ) ;
#5777 = CARTESIAN_POINT ( 'NONE',  ( 0.7603164687499986973, 1.316906753706353017, -9.322916665983868256 ) ) ;
#5778 = CARTESIAN_POINT ( 'NONE',  ( -0.7603164687499980312, -1.316906753706353461, -17.13541666598386826 ) ) ;
#5779 = CARTESIAN_POINT ( 'NONE',  ( 1.520632937499997617, 0.8779378358042356778, -14.86458333265053255 ) ) ;
#5780 = CARTESIAN_POINT ( 'NONE',  ( -0.6249999999999982236, -1.082531754730547302, -14.79166666530107044 ) ) ;
#5781 = CARTESIAN_POINT ( 'NONE',  ( -0.7603164687499980312, -1.316906753706353461, -8.572916665983866480 ) ) ;
#5782 = CARTESIAN_POINT ( 'NONE',  ( -1.249999999999998224, 0.7216878364870308316, -8.541666666666664298 ) ) ;
#5783 = CARTESIAN_POINT ( 'NONE',  ( 0.7603164687499986973, 1.316906753706353017, -16.88541666598386826 ) ) ;
#5784 = CARTESIAN_POINT ( 'NONE',  ( 1.249999999999988898, 0.7216878364870367157, -5.708333333333331261 ) ) ;
#5785 = CARTESIAN_POINT ( 'NONE',  ( -0.7603164687499992525, 1.316906753706352795, -1.739583332650533887 ) ) ;
#5786 = CARTESIAN_POINT ( 'NONE',  ( 0.7603164687499986973, 1.316906753706353017, -8.385416665983866480 ) ) ;
#5787 = CARTESIAN_POINT ( 'NONE',  ( -1.520632937499998283, 0.8779378358042350117, -5.697916665983867368 ) ) ;
#5788 = CARTESIAN_POINT ( 'NONE',  ( -8.838126989374211143E-17, 1.443375672974062107, -7.124999999999997335 ) ) ;
#5789 =( BOUNDED_CURVE ( )  B_SPLINE_CURVE ( 2, ( #1064, #3248, #2718, #1168, #1101, #3348, #2321 ),
 .UNSPECIFIED., .F., .T. ) 
 B_SPLINE_CURVE_WITH_KNOTS ( ( 3, 2, 2, 3 ),
 ( 0.5270270270270270840, 0.5315315315315316536, 0.5360360360360360010, 0.5405405405405405705 ),
 .UNSPECIFIED. ) 
 CURVE ( )  GEOMETRIC_REPRESENTATION_ITEM ( )  RATIONAL_B_SPLINE_CURVE ( ( 0.9999999999999966693, 0.8660254037844420383, 1.000000000000000000, 0.8660254037844387076, 1.000000000000000000, 0.8660254037844387076, 1.000000000000000000 ) ) 
 REPRESENTATION_ITEM ( '' )  );
#5790 = CARTESIAN_POINT ( 'NONE',  ( 1.249999999999998002, 0.7216878364870314977, -0.7083333333333307058 ) ) ;
#5791 = CARTESIAN_POINT ( 'NONE',  ( -1.075163760468011222E-16, 1.755875671608470023, -10.34374999931719863 ) ) ;
#5792 = CARTESIAN_POINT ( 'NONE',  ( 0.000000000000000000, 0.000000000000000000, 0.000000000000000000 ) ) ;
#5793 = EDGE_CURVE ( 'NONE', #3533, #6971, #5472, .T. ) ;
#5794 = EDGE_LOOP ( 'NONE', ( #4518, #1487, #3481, #4849 ) ) ;
#5795 = CARTESIAN_POINT ( 'NONE',  ( -1.249999999999998002, 0.000000000000000000, -6.499999999999997335 ) ) ;
#5796 = CARTESIAN_POINT ( 'NONE',  ( 0.000000000000000000, 0.000000000000000000, -0.4999999999999973910 ) ) ;
#5797 = CARTESIAN_POINT ( 'NONE',  ( -1.520632937499997617, -0.8779378358042361219, -10.17708333265053433 ) ) ;
#5798 = CARTESIAN_POINT ( 'NONE',  ( 0.7603164687499986973, 1.316906753706353017, -12.82291666598386648 ) ) ;
#5799 = CARTESIAN_POINT ( 'NONE',  ( -1.520632937499998061, 0.000000000000000000, -0.7187499993172007384 ) ) ;
#5800 = CARTESIAN_POINT ( 'NONE',  ( -0.7603164687499980312, -1.316906753706353461, -0.1354166659838673126 ) ) ;
#5801 =( BOUNDED_CURVE ( )  B_SPLINE_CURVE ( 2, ( #2212, #2707, #1517, #4905, #1557, #4226, #4363 ),
 .UNSPECIFIED., .F., .T. ) 
 B_SPLINE_CURVE_WITH_KNOTS ( ( 3, 2, 2, 3 ),
 ( 0.2837837837837837718, 0.2882882882882882858, 0.2927927927927927998, 0.2972972972972973138 ),
 .UNSPECIFIED. ) 
 CURVE ( )  GEOMETRIC_REPRESENTATION_ITEM ( )  RATIONAL_B_SPLINE_CURVE ( ( 1.000000000000000000, 0.8660254037844387076, 1.000000000000000000, 0.8660254037844387076, 1.000000000000000000, 0.8660254037844387076, 1.000000000000000000 ) ) 
 REPRESENTATION_ITEM ( '' )  );
#5802 = ORIENTED_EDGE ( 'NONE', *, *, #5708, .F. ) ;
#5803 = VERTEX_POINT ( 'NONE', #4305 ) ;
#5804 = ORIENTED_EDGE ( 'NONE', *, *, #2928, .T. ) ;
#5805 = CARTESIAN_POINT ( 'NONE',  ( -1.520632937499998061, 0.000000000000000000, -15.65624999931720218 ) ) ;
#5806 = CARTESIAN_POINT ( 'NONE',  ( -1.249999999999998224, 0.7216878364870308316, -6.916666665301071326 ) ) ;
#5807 = CARTESIAN_POINT ( 'NONE',  ( -1.520632937499997617, -0.8779378358042361219, -2.177083332650533887 ) ) ;
#5808 = DIRECTION ( 'NONE',  ( 1.000000000000000000, 0.000000000000000000, 0.000000000000000000 ) ) ;
#5809 = CARTESIAN_POINT ( 'NONE',  ( 1.520632937499998061, 1.862238259587409655E-16, -17.46874999931720041 ) ) ;
#5810 = FACE_OUTER_BOUND ( 'NONE', #342, .T. ) ;
#5811 = LINE ( 'NONE', #3604, #744 ) ;
#5812 = EDGE_LOOP ( 'NONE', ( #2061, #3743, #2921, #667 ) ) ;
#5813 = CARTESIAN_POINT ( 'NONE',  ( 1.520632937499998061, 1.862238259587409655E-16, -8.906249999317200405 ) ) ;
#5814 = CARTESIAN_POINT ( 'NONE',  ( 0.6249999999999986677, 1.082531754730546858, -0.04166666530107043798 ) ) ;
#5815 = CARTESIAN_POINT ( 'NONE',  ( 0.7603164687499986973, 1.316906753706353017, -14.82291666598386648 ) ) ;
#5816 = CARTESIAN_POINT ( 'NONE',  ( 1.249999999999989120, -0.7216878364870357165, -5.291666666666664298 ) ) ;
#5817 = CARTESIAN_POINT ( 'NONE',  ( -1.520632937499998061, 0.000000000000000000, -7.156249999317200405 ) ) ;
#5818 = CARTESIAN_POINT ( 'NONE',  ( 2.651438096812262973E-16, -1.443375672974062107, -13.37499999999999822 ) ) ;
#5819 = CARTESIAN_POINT ( 'NONE',  ( 1.520632937499997617, 0.8779378358042356778, -16.92708333265053611 ) ) ;
#5820 = CARTESIAN_POINT ( 'NONE',  ( -8.838126989374211143E-17, 1.443375672974062107, -14.12499999999999645 ) ) ;
#5821 = CARTESIAN_POINT ( 'NONE',  ( 3.225491281404032925E-16, -1.755875671608470467, -0.03124999931720067251 ) ) ;
#5822 = CARTESIAN_POINT ( 'NONE',  ( -1.520632937499998283, 0.8779378358042350117, -9.760416665983866480 ) ) ;
#5823 = CARTESIAN_POINT ( 'NONE',  ( 1.520632937499997617, 0.8779378358042356778, -7.364583332650532554 ) ) ;
#5824 = AXIS2_PLACEMENT_3D ( 'NONE', #5963, #5924, #1578 ) ;
#5825 = CARTESIAN_POINT ( 'NONE',  ( -0.6249999999999991118, 1.082531754730546636, -4.583333333333329485 ) ) ;
#5826 = CARTESIAN_POINT ( 'NONE',  ( -1.075163760468011222E-16, 1.755875671608470023, -9.843749999317200405 ) ) ;
#5827 = AXIS2_PLACEMENT_3D ( 'NONE', #5272, #6464, #3142 ) ;
#5828 = CARTESIAN_POINT ( 'NONE',  ( 1.249999999999998002, 1.530808498934189105E-16, -2.624999998634403919 ) ) ;
#5829 = ORIENTED_EDGE ( 'NONE', *, *, #6462, .T. ) ;
#5830 = CARTESIAN_POINT ( 'NONE',  ( -1.075163760468011098E-16, 1.755875671608470467, -2.343749999317199961 ) ) ;
#5831 = CARTESIAN_POINT ( 'NONE',  ( 0.000000000000000000, 0.000000000000000000, -18.00000000000000355 ) ) ;
#5832 = CARTESIAN_POINT ( 'NONE',  ( -0.6249999999999982236, -1.082531754730547302, -11.91666666666666430 ) ) ;
#5833 = CARTESIAN_POINT ( 'NONE',  ( 1.520632937499998283, -0.8779378358042346786, -10.51041666598386826 ) ) ;
#5834 = CARTESIAN_POINT ( 'NONE',  ( 1.520632937499998061, 1.862238259587409655E-16, -16.40624999931720396 ) ) ;
#5835 = CARTESIAN_POINT ( 'NONE',  ( -0.7603164687499992525, 1.316906753706352795, -0.8020833326505339977 ) ) ;
#5836 = CARTESIAN_POINT ( 'NONE',  ( -0.7603164687499992525, 1.316906753706352795, -1.302083332650533887 ) ) ;
#5837 = CARTESIAN_POINT ( 'NONE',  ( 1.249999999999980460, -0.7216878364870409346, -13.66666666530107044 ) ) ;
#5838 = ORIENTED_EDGE ( 'NONE', *, *, #3447, .T. ) ;
#5839 = CARTESIAN_POINT ( 'NONE',  ( -1.249999999999998002, 0.000000000000000000, -15.37499999863440259 ) ) ;
#5840 = CARTESIAN_POINT ( 'NONE',  ( 1.249999999999998002, 0.7216878364870314977, -10.08333333196773651 ) ) ;
#5841 = CARTESIAN_POINT ( 'NONE',  ( -0.7603164687499992525, 1.316906753706352795, -3.302083332650533887 ) ) ;
#5842 = CARTESIAN_POINT ( 'NONE',  ( 1.249999999999998002, 1.530808498934189105E-16, -13.12499999863440259 ) ) ;
#5843 = CARTESIAN_POINT ( 'NONE',  ( 1.520632937499998283, -0.8779378358042346786, -16.51041666598386826 ) ) ;
#5844 =( BOUNDED_SURFACE ( )  B_SPLINE_SURFACE ( 1, 2, ( 
 ( #5608, #2910, #61, #2247, #2384, #4431, #597, #2770, #6632, #2838, #3865, #6050, #1157, #1192, #3372, #5005, #304, #5217, #3080, #6848, #2488, #4641, #5716, #3510, #1951, #1879, #2451, #5184, #4109, #5790, #835, #6265, #3618, #268, #908, #3010, #1335, #3477, #5251, #4040, #6886, #3047, #1367, #3546, #4182, #376, #5753, #2418, #2562, #4609, #235, #4718, #6372, #5644, #6776, #6302, #6922, #4681, #766, #6812, #1402, #4574, #3582, #339, #2943, #6229, #2023, #5115, #871, #799, #5676, #2975, #5148, #2524, #1988, #1913, #4147, #4075, #6339, #1440, #2734, #5354, #4288, #6405, #3191, #4898, #5394, #3756, #486, #6483, #412, #1586, #1548, #5321, #3119, #3789, #2663, #5429, #3651, #946, #4216, #1509, #5972, #5933, #4826, #2204, #1046, #1014, #4321, #2169, #3721, #3229, #2595, #1080, #3683, #6518, #4354, #447, #4753, #5897, #557, #2630, #5825, #7034, #2135, #20, #983, #522, #2701, #4861, #3265, #5862, #1476, #7070, #5286, #4787, #3157, #1622, #6956, #2057, #6991, #2097, #4248, #6440, #1760, #1254, #3397, #6660, #4424, #6076, #6042, #654, #1218, #4460, #2830, #161, #3825, #3926, #589, #1115, #4998, #622, #53, #3297, #3961, #2764, #5532, #4933, #1148, #3329, #2303, #6145, #6111, #87, #121, #5565, #2375, #5033, #689, #1184, #3436, #2337, #6008, #1688, #2862, #4496, #3365, #6698, #1799, #3892, #4389, #6556, #5600, #2237, #725, #2902, #2271, #6625, #197, #5071, #1655, #5463, #6589, #2796, #3857, #5499, #4964, #1723, #760, #3003, #4673, #5743, #4531, #791, #6731, #901, #5140, #5782, #4600, #6768, #3503, #297, #5244, #6805, #1872, #3073, #3470, #2481, #5669, #1288, #2967, #4635, #6221, #2936, #4101, #6878, #1943, #1394, #6841, #1980, #6293, #1359, #261, #1907, #4068, #5638, #5706, #827, #2443, #3538, #6256, #3611, #3574, #5175, #863, #3040, #5106, #229, #6183, #367, #5211, #332, #2517, #1833, #2410, #4138, #3996, #6332, #1432, #4565, #1326, #4031, #3676, #3183, #5853, #1469, #6950, #2050, #6474, #5421, #974, #4209, #1539, #4818, #2016, #4175, #3748, #1502, #2555, #1072, #2588, #2623, #2694, #4241, #5347, #4710, #403, #1038, #6433, #4279, #2161, #5890, #3713, #1007, #4779, #4744, #476, #938, #3149, #2657, #7026, #4854, #6985, #5313, #7061, #6398, #2129, #4314, #6509, #1579, #1613, #5925, #3221, #439, #2089, #5387, #515, #3781, #5964, #3256, #6913, #6365, #3644, #5818, #3110, #5280, #6094, #2291, #4984, #3419, #105, #2848, #4442, #1744, #3909, #141, #5583, #2322, #1204, #5016, #4479, #5053, #3945, #6679, #675, #707, #6130, #2816, #6643, #1782, #1236, #2883, #640, #3382, #5551, #2766, #1690, #4196, #3134, #2274, #6937, #6593, #2736, #2207, #1489, #5301, #6079, #2037, #4358, #6385, #6560, #6224, #5640, #6262, #1835, #762, #2865, #6734, #1363, #1874, #231, #3999, #2938, #3930, #5109, #5074, #1803, #6662, #264, #6185, #1909, #123, #4463, #691, #5036, #2446, #2413, #1291, #5712, #4569, #4533, #795, #5672, #200, #6770, #6113, #4604, #163, #2972, #831, #3964, #1221, #2378, #4071, #6148, #2306, #3472, #4035, #3542, #4498, #1329, #3506, #5144, #6808, #2340, #1763, #3400, #5568, #1256, #6701, #3439, #5602, #727, #2904, #3076 ),
 ( #4638, #4244, #5283, #1984, #2591, #5179, #5749, #5248, #2484, #5821, #6953, #6844, #6882, #1947, #4143, #3647, #6336, #4104, #335, #2520, #2053, #5893, #1436, #4677, #2019, #407, #6298, #1398, #4212, #3613, #3007, #1544, #3043, #372, #3153, #4714, #942, #300, #866, #1505, #6917, #4749, #2626, #6368, #4178, #1473, #2558, #5214, #3114, #3578, #5785, #6400, #3679, #5317, #5857, #904, #443, #979, #4782, #6987, #2093, #6436, #3716, #1582, #4385, #584, #3785, #5968, #1719, #619, #3293, #7029, #1144, #2164, #4822, #3323, #3887, #1011, #4283, #6552, #5494, #2232, #3187, #4317, #5350, #4420, #1617, #2267, #1076, #3225, #7066, #3821, #480, #3261, #5390, #6621, #2131, #6004, #6514, #6477, #5425, #1111, #2697, #3753, #2759, #2791, #5459, #4929, #49, #4961, #6585, #4893, #553, #2730, #1684, #16, #3853, #2660, #5929, #2200, #1041, #6038, #83, #517, #4857, #4350, #1650, #6727, #2333, #4994, #3393, #5561, #2932, #1903, #4491, #685, #5066, #1285, #5528, #650, #225, #5028, #6071, #4595, #6107, #6141, #6216, #721, #1829, #1179, #3921, #4560, #2898, #756, #5665, #2371, #192, #4527, #1250, #1214, #3992, #4455, #157, #6178, #3466, #1322, #3432, #1795, #787, #2858, #2964, #5595, #6693, #3360, #5136, #6656, #2406, #5632, #3957, #5102, #6800, #257, #6764, #117, #2440, #1869, #2826, #2299, #1755, #4027, #293, #2550, #4205, #5276, #4065, #327, #6252, #435, #4668, #5310, #4133, #6288, #3035, #6907, #4775, #6326, #1389, #2619, #2999, #2010, #5206, #822, #2513, #4170, #5738, #2478, #3640, #6395, #1464, #932, #6360, #1498, #5813, #896, #6872, #1427, #3606, #5170, #5239, #361, #1975, #3068, #5777, #3145, #3106, #4705, #399, #2584, #4631, #6838, #5701, #6981, #4740, #6946, #2046, #3672, #5849, #969, #1940, #1355, #3569, #3534, #4097, #858, #1003, #2155, #3316, #5382, #6429, #6505, #3252, #6031, #1575, #4310, #2192, #4343, #4376, #6468, #5488, #6544, #2783, #511, #7022, #2722, #4954, #4920, #2085, #3813, #6578, #1534, #5997, #5886, #1104, #3286, #7057, #5960, #3744, #5417, #5451, #576, #4884, #2751, #472, #43, #2653, #4814, #2124, #2689, #4275, #5921, #4850, #1068, #6135, #3352, #1748, #3913, #2890, #6756, #183, #679, #1242, #5588, #2956, #5624, #1822, #6684, #1860, #748, #6614, #2295, #2363, #2924, #1787, #3424, #3949, #3879, #713, #3985, #4414, #6065, #2398, #779, #4519, #4448, #4988, #1712, #1172, #5059, #6719, #1208, #6169, #77, #1278, #3459, #1314, #5094, #216, #110, #4552, #3492, #4020, #6207, #5658, #2261, #5521, #644, #147, #6099, #2820, #6648, #3386, #5555, #2852, #5022, #2327, #4483, #391, #5231, #4125, #960, #3060, #2575, #4733, #2542, #6939, #2004, #4161, #3027, #4657, #4623, #6318, #1456, #3632, #1418, #5805, #2431, #923, #3526, #6793, #3599, #6281, #5690, #1896, #2039, #813, #5769, #2991, #1929, #4089, #889, #4198, #3095, #5730, #5266, #6388, #5129, #1491, #250, #6862, #4588, #4057, #5163, #285, #2469, #1381, #1967, #3562, #850, #5200, #319, #2505, #428, #6973, #5442, #6022, #3244, #465, #995, #4767, #2075, #5951, #538, #4265, #2714, #3136, #4333, #1060, #4368, #7048, #4875, #3172, #4841, #1671, #2, #2184 ) ),
 .UNSPECIFIED., .F., .F., .F. ) 
 B_SPLINE_SURFACE_WITH_KNOTS ( ( 2, 2 ),
 ( 3, 2, 2, 2, 2, 2, 2, 2, 2, 2, 2, 2, 2, 2, 2, 2, 2, 2, 2, 2, 2, 2, 2, 2, 2, 2, 2, 2, 2, 2, 2, 2, 2, 2, 2, 2, 2, 2, 2, 2, 2, 2, 2, 2, 2, 2, 2, 2, 2, 2, 2, 2, 2, 2, 2, 2, 2, 2, 2, 2, 2, 2, 2, 2, 2, 2, 2, 2, 2, 2, 2, 2, 2, 2, 2, 2, 2, 2, 2, 2, 2, 2, 2, 2, 2, 2, 2, 2, 2, 2, 2, 2, 2, 2, 2, 2, 2, 2, 2, 2, 2, 2, 2, 2, 2, 2, 2, 2, 2, 2, 2, 2, 2, 2, 2, 2, 2, 2, 2, 2, 2, 2, 2, 2, 2, 2, 2, 2, 2, 2, 2, 2, 2, 2, 2, 2, 2, 2, 2, 2, 2, 2, 2, 2, 2, 2, 2, 2, 2, 2, 2, 2, 2, 2, 2, 2, 2, 2, 2, 2, 2, 2, 2, 2, 2, 2, 2, 2, 2, 2, 2, 2, 2, 2, 2, 2, 2, 2, 2, 2, 2, 2, 2, 2, 2, 2, 2, 2, 2, 2, 2, 2, 2, 2, 2, 2, 2, 2, 2, 2, 2, 2, 2, 2, 2, 2, 2, 2, 2, 2, 2, 2, 2, 2, 2, 2, 2, 2, 2, 2, 2, 2, 3 ),
 ( 0.000000000000000000, 1.000000000000000000 ),
 ( 0.000000000000000000, 0.004504504504504504465, 0.009009009009009008931, 0.01351351351351351426, 0.01801801801801801786, 0.02252252252252252146, 0.02702702702702702853, 0.03153153153153152866, 0.03603603603603603572, 0.04054054054054054279, 0.04504504504504504292, 0.04954954954954954999, 0.05405405405405405705, 0.05855855855855855718, 0.06306306306306305731, 0.06756756756756757132, 0.07207207207207207145, 0.07657657657657657158, 0.08108108108108108558, 0.08558558558558558571, 0.09009009009009008584, 0.09459459459459459985, 0.09909909909909909997, 0.1036036036036036001, 0.1081081081081081141, 0.1126126126126126142, 0.1171171171171171144, 0.1216216216216216284, 0.1261261261261261146, 0.1306306306306306286, 0.1351351351351351426, 0.1396396396396396289, 0.1441441441441441429, 0.1486486486486486569, 0.1531531531531531432, 0.1576576576576576572, 0.1621621621621621712, 0.1666666666666666574, 0.1711711711711711714, 0.1756756756756756854, 0.1801801801801801717, 0.1846846846846846857, 0.1891891891891891997, 0.1936936936936936859, 0.1981981981981981999, 0.2027027027027027140, 0.2072072072072072002, 0.2117117117117117142, 0.2162162162162162282, 0.2207207207207207145, 0.2252252252252252285, 0.2297297297297297425, 0.2342342342342342287, 0.2387387387387387427, 0.2432432432432432567, 0.2477477477477477430, 0.2522522522522522292, 0.2567567567567567433, 0.2612612612612612573, 0.2657657657657657713, 0.2702702702702702853, 0.2747747747747747993, 0.2792792792792792578, 0.2837837837837837718, 0.2882882882882882858, 0.2927927927927927998, 0.2972972972972973138, 0.3018018018018018278, 0.3063063063063062863, 0.3108108108108108003, 0.3153153153153153143, 0.3198198198198198283, 0.3243243243243243423, 0.3288288288288288563, 0.3333333333333333148, 0.3378378378378378288, 0.3423423423423423428, 0.3468468468468468568, 0.3513513513513513709, 0.3558558558558558294, 0.3603603603603603434, 0.3648648648648648574, 0.3693693693693693714, 0.3738738738738738854, 0.3783783783783783994, 0.3828828828828828579, 0.3873873873873873719, 0.3918918918918918859, 0.3963963963963963999, 0.4009009009009009139, 0.4054054054054054279, 0.4099099099099098864, 0.4144144144144144004, 0.4189189189189189144, 0.4234234234234234284, 0.4279279279279279424, 0.4324324324324324564, 0.4369369369369369149, 0.4414414414414414289, 0.4459459459459459429, 0.4504504504504504570, 0.4549549549549549710, 0.4594594594594594850, 0.4639639639639639435, 0.4684684684684684575, 0.4729729729729729715, 0.4774774774774774855, 0.4819819819819819995, 0.4864864864864865135, 0.4909909909909909720, 0.4954954954954954860, 0.5000000000000000000, 0.5045045045045044585, 0.5090090090090090280, 0.5135135135135134865, 0.5180180180180180560, 0.5225225225225225145, 0.5270270270270269730, 0.5315315315315315425, 0.5360360360360360010, 0.5405405405405405705, 0.5450450450450450290, 0.5495495495495495986, 0.5540540540540540571, 0.5585585585585585155, 0.5630630630630630851, 0.5675675675675675436, 0.5720720720720721131, 0.5765765765765765716, 0.5810810810810810301, 0.5855855855855855996, 0.5900900900900900581, 0.5945945945945946276, 0.5990990990990990861, 0.6036036036036036556, 0.6081081081081081141, 0.6126126126126125726, 0.6171171171171171421, 0.6216216216216216006, 0.6261261261261261701, 0.6306306306306306286, 0.6351351351351350871, 0.6396396396396396566, 0.6441441441441441151, 0.6486486486486486847, 0.6531531531531531432, 0.6576576576576577127, 0.6621621621621621712, 0.6666666666666666297, 0.6711711711711711992, 0.6756756756756756577, 0.6801801801801802272, 0.6846846846846846857, 0.6891891891891891442, 0.6936936936936937137, 0.6981981981981981722, 0.7027027027027027417, 0.7072072072072072002, 0.7117117117117116587, 0.7162162162162162282, 0.7207207207207206867, 0.7252252252252252562, 0.7297297297297297147, 0.7342342342342342842, 0.7387387387387387427, 0.7432432432432432012, 0.7477477477477477708, 0.7522522522522522292, 0.7567567567567567988, 0.7612612612612612573, 0.7657657657657657158, 0.7702702702702702853, 0.7747747747747747438, 0.7792792792792793133, 0.7837837837837837718, 0.7882882882882883413, 0.7927927927927927998, 0.7972972972972972583, 0.8018018018018018278, 0.8063063063063062863, 0.8108108108108108558, 0.8153153153153153143, 0.8198198198198197728, 0.8243243243243243423, 0.8288288288288288008, 0.8333333333333333703, 0.8378378378378378288, 0.8423423423423422873, 0.8468468468468468568, 0.8513513513513513153, 0.8558558558558558849, 0.8603603603603603434, 0.8648648648648649129, 0.8693693693693693714, 0.8738738738738738299, 0.8783783783783783994, 0.8828828828828828579, 0.8873873873873874274, 0.8918918918918918859, 0.8963963963963963444, 0.9009009009009009139, 0.9054054054054053724, 0.9099099099099099419, 0.9144144144144144004, 0.9189189189189189699, 0.9234234234234234284, 0.9279279279279278869, 0.9324324324324324564, 0.9369369369369369149, 0.9414414414414414845, 0.9459459459459459429, 0.9504504504504504014, 0.9549549549549549710, 0.9594594594594594295, 0.9639639639639639990, 0.9684684684684684575, 0.9729729729729730270, 0.9774774774774774855, 0.9819819819819819440, 0.9864864864864865135, 0.9909909909909909720, 0.9954954954954955415, 1.000000000000000000 ),
 .UNSPECIFIED. ) 
 GEOMETRIC_REPRESENTATION_ITEM ( )  RATIONAL_B_SPLINE_SURFACE ( (
 ( 1.000000000000000000, 0.8660254037844387076, 1.000000000000000000, 0.8660254037844387076, 1.000000000000000000, 0.8660254037844387076, 1.000000000000000000, 0.8660254037844387076, 1.000000000000000000, 0.8660254037844387076, 1.000000000000000000, 0.8660254037844387076, 1.000000000000000000, 0.8660254037844387076, 1.000000000000000000, 0.8660254037844387076, 1.000000000000000000, 0.8660254037844387076, 1.000000000000000000, 0.8660254037844387076, 1.000000000000000000, 0.8660254037844387076, 1.000000000000000000, 0.8660254037844387076, 1.000000000000000000, 0.8660254037844387076, 1.000000000000000000, 0.8660254037844387076, 1.000000000000000000, 0.8660254037844387076, 1.000000000000000000, 0.8660254037844387076, 1.000000000000000000, 0.8660254037844387076, 1.000000000000000000, 0.8660254037844387076, 1.000000000000000000, 0.8660254037844387076, 1.000000000000000000, 0.8660254037844387076, 1.000000000000000000, 0.8660254037844387076, 1.000000000000000000, 0.8660254037844387076, 1.000000000000000000, 0.8660254037844387076, 1.000000000000000000, 0.8660254037844387076, 1.000000000000000000, 0.8660254037844387076, 1.000000000000000000, 0.8660254037844387076, 1.000000000000000000, 0.8660254037844387076, 1.000000000000000000, 0.8660254037844387076, 1.000000000000000000, 0.8660254037844387076, 1.000000000000000000, 0.8660254037844387076, 1.000000000000000000, 0.8660254037844387076, 1.000000000000000000, 0.8660254037844387076, 1.000000000000000000, 0.8660254037844387076, 1.000000000000000000, 0.8660254037844387076, 1.000000000000000000, 0.8660254037844387076, 1.000000000000000000, 0.8660254037844387076, 1.000000000000000000, 0.8660254037844387076, 1.000000000000000000, 0.8660254037844387076, 1.000000000000000000, 0.8660254037844387076, 1.000000000000000000, 0.8660254037844387076, 1.000000000000000000, 0.8660254037844387076, 1.000000000000000000, 0.8660254037844387076, 1.000000000000000000, 0.8660254037844387076, 1.000000000000000000, 0.8660254037844387076, 1.000000000000000000, 0.8660254037844387076, 1.000000000000000000, 0.8660254037844387076, 1.000000000000000000, 0.8660254037844387076, 1.000000000000000000, 0.8660254037844387076, 1.000000000000000000, 0.8660254037844387076, 1.000000000000000000, 0.8660254037844387076, 1.000000000000000000, 0.8660254037844387076, 1.000000000000000000, 0.8660254037844387076, 1.000000000000000000, 0.8660254037844387076, 1.000000000000000000, 0.8660254037844387076, 1.000000000000000000, 0.8660254037844387076, 1.000000000000000000, 0.8660254037844387076, 1.000000000000000000, 0.8660254037844387076, 1.000000000000000000, 0.8660254037844387076, 1.000000000000000000, 0.8660254037844387076, 1.000000000000000000, 0.8660254037844387076, 1.000000000000000000, 0.8660254037844387076, 1.000000000000000000, 0.8660254037844387076, 1.000000000000000000, 0.8660254037844387076, 1.000000000000000000, 0.8660254037844387076, 1.000000000000000000, 0.8660254037844387076, 1.000000000000000000, 0.8660254037844387076, 1.000000000000000000, 0.8660254037844387076, 1.000000000000000000, 0.8660254037844387076, 1.000000000000000000, 0.8660254037844387076, 1.000000000000000000, 0.8660254037844387076, 1.000000000000000000, 0.8660254037844387076, 1.000000000000000000, 0.8660254037844387076, 1.000000000000000000, 0.8660254037844387076, 1.000000000000000000, 0.8660254037844387076, 1.000000000000000000, 0.8660254037844387076, 1.000000000000000000, 0.8660254037844387076, 1.000000000000000000, 0.8660254037844387076, 1.000000000000000000, 0.8660254037844387076, 1.000000000000000000, 0.8660254037844387076, 1.000000000000000000, 0.8660254037844387076, 1.000000000000000000, 0.8660254037844387076, 1.000000000000000000, 0.8660254037844387076, 1.000000000000000000, 0.8660254037844387076, 1.000000000000000000, 0.8660254037844387076, 1.000000000000000000, 0.8660254037844387076, 1.000000000000000000, 0.8660254037844387076, 1.000000000000000000, 0.8660254037844387076, 1.000000000000000000, 0.8660254037844387076, 1.000000000000000000, 0.8660254037844387076, 1.000000000000000000, 0.8660254037844387076, 1.000000000000000000, 0.8660254037844387076, 1.000000000000000000, 0.8660254037844387076, 1.000000000000000000, 0.8660254037844387076, 1.000000000000000000, 0.8660254037844387076, 1.000000000000000000, 0.8660254037844387076, 1.000000000000000000, 0.8660254037844387076, 1.000000000000000000, 0.8660254037844387076, 1.000000000000000000, 0.8660254037844387076, 1.000000000000000000, 0.8660254037844387076, 1.000000000000000000, 0.8660254037844387076, 1.000000000000000000, 0.8660254037844387076, 1.000000000000000000, 0.8660254037844387076, 1.000000000000000000, 0.8660254037844387076, 1.000000000000000000, 0.8660254037844387076, 1.000000000000000000, 0.8660254037844387076, 1.000000000000000000, 0.8660254037844387076, 1.000000000000000000, 0.8660254037844387076, 1.000000000000000000, 0.8660254037844387076, 1.000000000000000000, 0.8660254037844387076, 1.000000000000000000, 0.8660254037844387076, 1.000000000000000000, 0.8660254037844387076, 1.000000000000000000, 0.8660254037844387076, 1.000000000000000000, 0.8660254037844387076, 1.000000000000000000, 0.8660254037844387076, 1.000000000000000000, 0.8660254037844387076, 1.000000000000000000, 0.8660254037844387076, 1.000000000000000000, 0.8660254037844387076, 1.000000000000000000, 0.8660254037844387076, 1.000000000000000000, 0.8660254037844387076, 1.000000000000000000, 0.8660254037844387076, 1.000000000000000000, 0.8660254037844387076, 1.000000000000000000, 0.8660254037844387076, 1.000000000000000000, 0.8660254037844387076, 1.000000000000000000, 0.8660254037844387076, 1.000000000000000000, 0.8660254037844387076, 1.000000000000000000, 0.8660254037844387076, 1.000000000000000000, 0.8660254037844387076, 1.000000000000000000, 0.8660254037844387076, 1.000000000000000000, 0.8660254037844387076, 1.000000000000000000, 0.8660254037844387076, 1.000000000000000000, 0.8660254037844387076, 1.000000000000000000, 0.8660254037844387076, 1.000000000000000000, 0.8660254037844387076, 1.000000000000000000, 0.8660254037844387076, 1.000000000000000000, 0.8660254037844387076, 1.000000000000000000, 0.8660254037844387076, 1.000000000000000000, 0.8660254037844387076, 1.000000000000000000, 0.8660254037844387076, 1.000000000000000000, 0.8660254037844387076, 1.000000000000000000, 0.8660254037844387076, 1.000000000000000000, 0.8660254037844387076, 1.000000000000000000, 0.8660254037844387076, 1.000000000000000000, 0.8660254037844387076, 1.000000000000000000, 0.8660254037844387076, 1.000000000000000000, 0.8660254037844387076, 1.000000000000000000, 0.8660254037844387076, 1.000000000000000000, 0.8660254037844387076, 1.000000000000000000, 0.8660254037844387076, 1.000000000000000000, 0.8660254037844387076, 1.000000000000000000, 0.8660254037844387076, 1.000000000000000000, 0.8660254037844387076, 1.000000000000000000, 0.8660254037844387076, 1.000000000000000000, 0.8660254037844387076, 1.000000000000000000, 0.8660254037844387076, 1.000000000000000000, 0.8660254037844387076, 1.000000000000000000, 0.8660254037844387076, 1.000000000000000000, 0.8660254037844387076, 1.000000000000000000, 0.8660254037844387076, 1.000000000000000000, 0.8660254037844387076, 1.000000000000000000, 0.8660254037844387076, 1.000000000000000000, 0.8660254037844387076, 1.000000000000000000, 0.8660254037844387076, 1.000000000000000000, 0.8660254037844387076, 1.000000000000000000, 0.8660254037844387076, 1.000000000000000000, 0.8660254037844387076, 1.000000000000000000, 0.8660254037844387076, 1.000000000000000000, 0.8660254037844387076, 1.000000000000000000, 0.8660254037844387076, 1.000000000000000000, 0.8660254037844387076, 1.000000000000000000, 0.8660254037844387076, 1.000000000000000000, 0.8660254037844387076, 1.000000000000000000, 0.8660254037844387076, 1.000000000000000000, 0.8660254037844387076, 1.000000000000000000, 0.8660254037844387076, 1.000000000000000000, 0.8660254037844387076, 1.000000000000000000, 0.8660254037844387076, 1.000000000000000000, 0.8660254037844387076, 1.000000000000000000, 0.8660254037844387076, 1.000000000000000000, 0.8660254037844387076, 1.000000000000000000, 0.8660254037844387076, 1.000000000000000000, 0.8660254037844387076, 1.000000000000000000, 0.8660254037844387076, 1.000000000000000000, 0.8660254037844387076, 1.000000000000000000, 0.8660254037844387076, 1.000000000000000000, 0.8660254037844387076, 1.000000000000000000, 0.8660254037844387076, 1.000000000000000000, 0.8660254037844387076, 1.000000000000000000, 0.8660254037844387076, 1.000000000000000000, 0.8660254037844387076, 1.000000000000000000, 0.8660254037844387076, 1.000000000000000000, 0.8660254037844387076, 1.000000000000000000, 0.8660254037844387076, 1.000000000000000000, 0.8660254037844387076, 1.000000000000000000, 0.8660254037844387076, 1.000000000000000000, 0.8660254037844387076, 1.000000000000000000, 0.8660254037844387076, 1.000000000000000000, 0.8660254037844387076, 1.000000000000000000, 0.8660254037844387076, 1.000000000000000000, 0.8660254037844387076, 1.000000000000000000, 0.8660254037844387076, 1.000000000000000000, 0.8660254037844387076, 1.000000000000000000, 0.8660254037844387076, 1.000000000000000000, 0.8660254037844387076, 1.000000000000000000, 0.8660254037844387076, 1.000000000000000000, 0.8660254037844387076, 1.000000000000000000, 0.8660254037844387076, 1.000000000000000000, 0.8660254037844387076, 1.000000000000000000, 0.8660254037844387076, 1.000000000000000000, 0.8660254037844387076, 1.000000000000000000, 0.8660254037844387076, 1.000000000000000000, 0.8660254037844387076, 1.000000000000000000, 0.8660254037844387076, 1.000000000000000000, 0.8660254037844387076, 1.000000000000000000, 0.8660254037844387076, 1.000000000000000000, 0.8660254037844387076, 1.000000000000000000, 0.8660254037844387076, 1.000000000000000000, 0.8660254037844387076, 1.000000000000000000, 0.8660254037844387076, 1.000000000000000000, 0.8660254037844387076, 1.000000000000000000, 0.8660254037844387076, 1.000000000000000000, 0.8660254037844387076, 1.000000000000000000, 0.8660254037844387076, 1.000000000000000000),
 ( 1.000000000000000000, 0.8660254037844387076, 1.000000000000000000, 0.8660254037844387076, 1.000000000000000000, 0.8660254037844387076, 1.000000000000000000, 0.8660254037844387076, 1.000000000000000000, 0.8660254037844387076, 1.000000000000000000, 0.8660254037844387076, 1.000000000000000000, 0.8660254037844387076, 1.000000000000000000, 0.8660254037844387076, 1.000000000000000000, 0.8660254037844387076, 1.000000000000000000, 0.8660254037844387076, 1.000000000000000000, 0.8660254037844387076, 1.000000000000000000, 0.8660254037844387076, 1.000000000000000000, 0.8660254037844387076, 1.000000000000000000, 0.8660254037844387076, 1.000000000000000000, 0.8660254037844387076, 1.000000000000000000, 0.8660254037844387076, 1.000000000000000000, 0.8660254037844387076, 1.000000000000000000, 0.8660254037844387076, 1.000000000000000000, 0.8660254037844387076, 1.000000000000000000, 0.8660254037844387076, 1.000000000000000000, 0.8660254037844387076, 1.000000000000000000, 0.8660254037844387076, 1.000000000000000000, 0.8660254037844387076, 1.000000000000000000, 0.8660254037844387076, 1.000000000000000000, 0.8660254037844387076, 1.000000000000000000, 0.8660254037844387076, 1.000000000000000000, 0.8660254037844387076, 1.000000000000000000, 0.8660254037844387076, 1.000000000000000000, 0.8660254037844387076, 1.000000000000000000, 0.8660254037844387076, 1.000000000000000000, 0.8660254037844387076, 1.000000000000000000, 0.8660254037844387076, 1.000000000000000000, 0.8660254037844387076, 1.000000000000000000, 0.8660254037844387076, 1.000000000000000000, 0.8660254037844387076, 1.000000000000000000, 0.8660254037844387076, 1.000000000000000000, 0.8660254037844387076, 1.000000000000000000, 0.8660254037844387076, 1.000000000000000000, 0.8660254037844387076, 1.000000000000000000, 0.8660254037844387076, 1.000000000000000000, 0.8660254037844387076, 1.000000000000000000, 0.8660254037844387076, 1.000000000000000000, 0.8660254037844387076, 1.000000000000000000, 0.8660254037844387076, 1.000000000000000000, 0.8660254037844387076, 1.000000000000000000, 0.8660254037844387076, 1.000000000000000000, 0.8660254037844387076, 1.000000000000000000, 0.8660254037844387076, 1.000000000000000000, 0.8660254037844387076, 1.000000000000000000, 0.8660254037844387076, 1.000000000000000000, 0.8660254037844387076, 1.000000000000000000, 0.8660254037844387076, 1.000000000000000000, 0.8660254037844387076, 1.000000000000000000, 0.8660254037844387076, 1.000000000000000000, 0.8660254037844387076, 1.000000000000000000, 0.8660254037844387076, 1.000000000000000000, 0.8660254037844387076, 1.000000000000000000, 0.8660254037844387076, 1.000000000000000000, 0.8660254037844387076, 1.000000000000000000, 0.8660254037844387076, 1.000000000000000000, 0.8660254037844387076, 1.000000000000000000, 0.8660254037844387076, 1.000000000000000000, 0.8660254037844387076, 1.000000000000000000, 0.8660254037844387076, 1.000000000000000000, 0.8660254037844387076, 1.000000000000000000, 0.8660254037844387076, 1.000000000000000000, 0.8660254037844387076, 1.000000000000000000, 0.8660254037844387076, 1.000000000000000000, 0.8660254037844387076, 1.000000000000000000, 0.8660254037844387076, 1.000000000000000000, 0.8660254037844387076, 1.000000000000000000, 0.8660254037844387076, 1.000000000000000000, 0.8660254037844387076, 1.000000000000000000, 0.8660254037844387076, 1.000000000000000000, 0.8660254037844387076, 1.000000000000000000, 0.8660254037844387076, 1.000000000000000000, 0.8660254037844387076, 1.000000000000000000, 0.8660254037844387076, 1.000000000000000000, 0.8660254037844387076, 1.000000000000000000, 0.8660254037844387076, 1.000000000000000000, 0.8660254037844387076, 1.000000000000000000, 0.8660254037844387076, 1.000000000000000000, 0.8660254037844387076, 1.000000000000000000, 0.8660254037844387076, 1.000000000000000000, 0.8660254037844387076, 1.000000000000000000, 0.8660254037844387076, 1.000000000000000000, 0.8660254037844387076, 1.000000000000000000, 0.8660254037844387076, 1.000000000000000000, 0.8660254037844387076, 1.000000000000000000, 0.8660254037844387076, 1.000000000000000000, 0.8660254037844387076, 1.000000000000000000, 0.8660254037844387076, 1.000000000000000000, 0.8660254037844387076, 1.000000000000000000, 0.8660254037844387076, 1.000000000000000000, 0.8660254037844387076, 1.000000000000000000, 0.8660254037844387076, 1.000000000000000000, 0.8660254037844387076, 1.000000000000000000, 0.8660254037844387076, 1.000000000000000000, 0.8660254037844387076, 1.000000000000000000, 0.8660254037844387076, 1.000000000000000000, 0.8660254037844387076, 1.000000000000000000, 0.8660254037844387076, 1.000000000000000000, 0.8660254037844387076, 1.000000000000000000, 0.8660254037844387076, 1.000000000000000000, 0.8660254037844387076, 1.000000000000000000, 0.8660254037844387076, 1.000000000000000000, 0.8660254037844387076, 1.000000000000000000, 0.8660254037844387076, 1.000000000000000000, 0.8660254037844387076, 1.000000000000000000, 0.8660254037844387076, 1.000000000000000000, 0.8660254037844387076, 1.000000000000000000, 0.8660254037844387076, 1.000000000000000000, 0.8660254037844387076, 1.000000000000000000, 0.8660254037844387076, 1.000000000000000000, 0.8660254037844387076, 1.000000000000000000, 0.8660254037844387076, 1.000000000000000000, 0.8660254037844387076, 1.000000000000000000, 0.8660254037844387076, 1.000000000000000000, 0.8660254037844387076, 1.000000000000000000, 0.8660254037844387076, 1.000000000000000000, 0.8660254037844387076, 1.000000000000000000, 0.8660254037844387076, 1.000000000000000000, 0.8660254037844387076, 1.000000000000000000, 0.8660254037844387076, 1.000000000000000000, 0.8660254037844387076, 1.000000000000000000, 0.8660254037844387076, 1.000000000000000000, 0.8660254037844387076, 1.000000000000000000, 0.8660254037844387076, 1.000000000000000000, 0.8660254037844387076, 1.000000000000000000, 0.8660254037844387076, 1.000000000000000000, 0.8660254037844387076, 1.000000000000000000, 0.8660254037844387076, 1.000000000000000000, 0.8660254037844387076, 1.000000000000000000, 0.8660254037844387076, 1.000000000000000000, 0.8660254037844387076, 1.000000000000000000, 0.8660254037844387076, 1.000000000000000000, 0.8660254037844387076, 1.000000000000000000, 0.8660254037844387076, 1.000000000000000000, 0.8660254037844387076, 1.000000000000000000, 0.8660254037844387076, 1.000000000000000000, 0.8660254037844387076, 1.000000000000000000, 0.8660254037844387076, 1.000000000000000000, 0.8660254037844387076, 1.000000000000000000, 0.8660254037844387076, 1.000000000000000000, 0.8660254037844387076, 1.000000000000000000, 0.8660254037844387076, 1.000000000000000000, 0.8660254037844387076, 1.000000000000000000, 0.8660254037844387076, 1.000000000000000000, 0.8660254037844387076, 1.000000000000000000, 0.8660254037844387076, 1.000000000000000000, 0.8660254037844387076, 1.000000000000000000, 0.8660254037844387076, 1.000000000000000000, 0.8660254037844387076, 1.000000000000000000, 0.8660254037844387076, 1.000000000000000000, 0.8660254037844387076, 1.000000000000000000, 0.8660254037844387076, 1.000000000000000000, 0.8660254037844387076, 1.000000000000000000, 0.8660254037844387076, 1.000000000000000000, 0.8660254037844387076, 1.000000000000000000, 0.8660254037844387076, 1.000000000000000000, 0.8660254037844387076, 1.000000000000000000, 0.8660254037844387076, 1.000000000000000000, 0.8660254037844387076, 1.000000000000000000, 0.8660254037844387076, 1.000000000000000000, 0.8660254037844387076, 1.000000000000000000, 0.8660254037844387076, 1.000000000000000000, 0.8660254037844387076, 1.000000000000000000, 0.8660254037844387076, 1.000000000000000000, 0.8660254037844387076, 1.000000000000000000, 0.8660254037844387076, 1.000000000000000000, 0.8660254037844387076, 1.000000000000000000, 0.8660254037844387076, 1.000000000000000000, 0.8660254037844387076, 1.000000000000000000, 0.8660254037844387076, 1.000000000000000000, 0.8660254037844387076, 1.000000000000000000, 0.8660254037844387076, 1.000000000000000000, 0.8660254037844387076, 1.000000000000000000, 0.8660254037844387076, 1.000000000000000000, 0.8660254037844387076, 1.000000000000000000, 0.8660254037844387076, 1.000000000000000000, 0.8660254037844387076, 1.000000000000000000, 0.8660254037844387076, 1.000000000000000000, 0.8660254037844387076, 1.000000000000000000, 0.8660254037844387076, 1.000000000000000000, 0.8660254037844387076, 1.000000000000000000, 0.8660254037844387076, 1.000000000000000000, 0.8660254037844387076, 1.000000000000000000, 0.8660254037844387076, 1.000000000000000000, 0.8660254037844387076, 1.000000000000000000, 0.8660254037844387076, 1.000000000000000000, 0.8660254037844387076, 1.000000000000000000, 0.8660254037844387076, 1.000000000000000000, 0.8660254037844387076, 1.000000000000000000, 0.8660254037844387076, 1.000000000000000000, 0.8660254037844387076, 1.000000000000000000, 0.8660254037844387076, 1.000000000000000000, 0.8660254037844387076, 1.000000000000000000, 0.8660254037844387076, 1.000000000000000000, 0.8660254037844387076, 1.000000000000000000, 0.8660254037844387076, 1.000000000000000000, 0.8660254037844387076, 1.000000000000000000, 0.8660254037844387076, 1.000000000000000000, 0.8660254037844387076, 1.000000000000000000, 0.8660254037844387076, 1.000000000000000000, 0.8660254037844387076, 1.000000000000000000, 0.8660254037844387076, 1.000000000000000000, 0.8660254037844387076, 1.000000000000000000, 0.8660254037844387076, 1.000000000000000000, 0.8660254037844387076, 1.000000000000000000, 0.8660254037844387076, 1.000000000000000000, 0.8660254037844387076, 1.000000000000000000, 0.8660254037844387076, 1.000000000000000000, 0.8660254037844387076, 1.000000000000000000, 0.8660254037844387076, 1.000000000000000000, 0.8660254037844387076, 1.000000000000000000, 0.8660254037844387076, 1.000000000000000000, 0.8660254037844387076, 1.000000000000000000, 0.8660254037844387076, 1.000000000000000000, 0.8660254037844387076, 1.000000000000000000, 0.8660254037844387076, 1.000000000000000000, 0.8660254037844387076, 1.000000000000000000, 0.8660254037844387076, 1.000000000000000000) ) ) 
 REPRESENTATION_ITEM ( '' )  SURFACE ( )  );
#5845 = EDGE_CURVE ( 'NONE', #2574, #6945, #572, .T. ) ;
#5846 = CARTESIAN_POINT ( 'NONE',  ( 0.6249999999999995559, -1.082531754730546414, -11.33333333333333037 ) ) ;
#5847 = CARTESIAN_POINT ( 'NONE',  ( -1.249999999999998002, 0.000000000000000000, -5.999999999999996447 ) ) ;
#5848 = ORIENTED_EDGE ( 'NONE', *, *, #2928, .F. ) ;
#5849 = CARTESIAN_POINT ( 'NONE',  ( 1.520632937499998061, 1.862238259587409655E-16, -9.906249999317200405 ) ) ;
#5850 = CARTESIAN_POINT ( 'NONE',  ( -8.838126989374211143E-17, 1.443375672974062107, -1.999999998634403475 ) ) ;
#5851 = CARTESIAN_POINT ( 'NONE',  ( -1.520632937499997617, -0.8779378358042361219, -13.61458333265053255 ) ) ;
#5852 = CARTESIAN_POINT ( 'NONE',  ( -1.249999999999998002, 0.000000000000000000, -5.499999999999998224 ) ) ;
#5853 = CARTESIAN_POINT ( 'NONE',  ( -0.6249999999999982236, -1.082531754730547302, -10.91666666666666430 ) ) ;
#5855 = EDGE_CURVE ( 'NONE', #536, #6375, #4880, .T. ) ;
#5854 = CARTESIAN_POINT ( 'NONE',  ( 0.6249999999999995559, -1.082531754730546414, -1.333333333333330595 ) ) ;
#5856 = CARTESIAN_POINT ( 'NONE',  ( 0.6249999999999986677, 1.082531754730546858, -1.166666666666663854 ) ) ;
#5857 = CARTESIAN_POINT ( 'NONE',  ( 1.520632937499998061, 1.862238259587409655E-16, -1.906249999317200405 ) ) ;
#5858 = VECTOR ( 'NONE', #5605, 1000.000000000000000 ) ;
#5859 = CARTESIAN_POINT ( 'NONE',  ( -0.7603164687499992525, 1.316906753706352795, -9.802083332650534331 ) ) ;
#5860 = CARTESIAN_POINT ( 'NONE',  ( -0.7603164687499980312, -1.316906753706353461, -5.572916665983866480 ) ) ;
#5861 = CARTESIAN_POINT ( 'NONE',  ( -1.249999999999998002, 0.000000000000000000, -6.374999998634403475 ) ) ;
#5862 = CARTESIAN_POINT ( 'NONE',  ( -1.249999999999997780, -0.7216878364870316087, -4.958333333333330373 ) ) ;
#5863 = CARTESIAN_POINT ( 'NONE',  ( 1.520632937499998061, 1.862238259587409655E-16, -9.468749999317200405 ) ) ;
#5864 = AXIS2_PLACEMENT_3D ( 'NONE', #442, #2199, #4928 ) ;
#5865 = ORIENTED_EDGE ( 'NONE', *, *, #5986, .F. ) ;
#5866 = CARTESIAN_POINT ( 'NONE',  ( 0.7603164687499986973, 1.316906753706353017, -2.885416665983866924 ) ) ;
#5867 = DIRECTION ( 'NONE',  ( 1.000000000000000000, 0.000000000000000000, 0.000000000000000000 ) ) ;
#5868 = CARTESIAN_POINT ( 'NONE',  ( -1.249999999999998002, 1.530808498934189105E-16, 0.000000000000000000 ) ) ;
#5869 = VECTOR ( 'NONE', #5906, 1000.000000000000000 ) ;
#5870 = CARTESIAN_POINT ( 'NONE',  ( -0.7603164687499992525, 1.316906753706352795, -12.80208333265053255 ) ) ;
#5871 = CARTESIAN_POINT ( 'NONE',  ( 1.520632937499998061, 1.862238259587409655E-16, -14.90624999931720041 ) ) ;
#5872 = FACE_OUTER_BOUND ( 'NONE', #4250, .T. ) ;
#5873 = CALENDAR_DATE ( 2023, 14, 3 ) ;
#5874 = CARTESIAN_POINT ( 'NONE',  ( -1.249999999999998002, 1.530808498934189105E-16, 0.000000000000000000 ) ) ;
#5875 = ORIENTED_EDGE ( 'NONE', *, *, #3954, .T. ) ;
#5876 = LINE ( 'NONE', #4300, #5288 ) ;
#5877 = CARTESIAN_POINT ( 'NONE',  ( 1.249999999999998002, 1.530808498934189105E-16, -0.7499999999999974465 ) ) ;
#5878 = CARTESIAN_POINT ( 'NONE',  ( 2.651438096812262973E-16, -1.443375672974062107, -9.249999998634400811 ) ) ;
#5879 = CARTESIAN_POINT ( 'NONE',  ( -1.520632937499998061, 0.000000000000000000, -3.218749999317200849 ) ) ;
#5880 = DIRECTION ( 'NONE',  ( -0.000000000000000000, -0.000000000000000000, 1.000000000000000000 ) ) ;
#5881 = CARTESIAN_POINT ( 'NONE',  ( -1.075163760468011098E-16, 1.755875671608470467, -15.84374999931720218 ) ) ;
#5882 = CARTESIAN_POINT ( 'NONE',  ( 1.249999999999998002, 1.530808498934189105E-16, -12.24999999999999645 ) ) ;
#5883 = CARTESIAN_POINT ( 'NONE',  ( -1.249999999999997558, -0.7216878364870317197, -15.95833333333332860 ) ) ;
#5884 = EDGE_CURVE ( 'NONE', #5509, #747, #6609, .T. ) ;
#5885 = ORIENTED_EDGE ( 'NONE', *, *, #3100, .T. ) ;
#5886 = CARTESIAN_POINT ( 'NONE',  ( 1.520632937499997617, 0.8779378358042356778, -11.36458333265053255 ) ) ;
#5887 = CARTESIAN_POINT ( 'NONE',  ( -1.249999999999998002, 0.000000000000000000, -1.374999998634403697 ) ) ;
#5888 = CARTESIAN_POINT ( 'NONE',  ( -1.520632937499998061, 0.000000000000000000, -15.15624999931720041 ) ) ;
#5889 = CARTESIAN_POINT ( 'NONE',  ( 1.249999999999998002, 1.530808498934189105E-16, -4.249999999999996447 ) ) ;
#5890 = CARTESIAN_POINT ( 'NONE',  ( -1.249999999999998224, 0.7216878364870308316, -12.04166666666666607 ) ) ;
#5891 = CARTESIAN_POINT ( 'NONE',  ( 0.000000000000000000, 0.000000000000000000, 0.000000000000000000 ) ) ;
#5892 = CARTESIAN_POINT ( 'NONE',  ( 1.249999999999997780, 0.7216878364870316087, -1.208333333333330595 ) ) ;
#5893 = CARTESIAN_POINT ( 'NONE',  ( 3.225491281404032925E-16, -1.755875671608470467, -0.5312499993172007384 ) ) ;
#5894 = CARTESIAN_POINT ( 'NONE',  ( 1.520632937499997617, 0.8779378358042356778, -12.92708333265053433 ) ) ;
#5895 = CARTESIAN_POINT ( 'NONE',  ( -1.520632937499997617, -0.8779378358042361219, -6.614583332650533443 ) ) ;
#5896 = CARTESIAN_POINT ( 'NONE',  ( -0.7603164687499992525, 1.316906753706352795, -0.7395833326505338867 ) ) ;
#5897 = CARTESIAN_POINT ( 'NONE',  ( -1.249999999999997780, -0.7216878364870316087, -4.458333333333329485 ) ) ;
#5898 = CARTESIAN_POINT ( 'NONE',  ( 1.520632937499997617, 0.8779378358042356778, -13.42708333265053255 ) ) ;
#5899 =( LENGTH_UNIT ( ) NAMED_UNIT ( * ) SI_UNIT ( .MILLI., .METRE. ) );
#5900 = VERTEX_POINT ( 'NONE', #2188 ) ;
#5901 = CARTESIAN_POINT ( 'NONE',  ( -0.7603164687499980312, -1.316906753706353461, -4.135416665983867368 ) ) ;
#5902 = CARTESIAN_POINT ( 'NONE',  ( -1.250000000000006661, 0.7216878364870257245, -6.541666666666662522 ) ) ;
#5903 = CARTESIAN_POINT ( 'NONE',  ( -1.249999999999998002, 0.000000000000000000, -2.374999998634403919 ) ) ;
#5904 = CARTESIAN_POINT ( 'NONE',  ( -0.7603164687499980312, -1.316906753706353461, -13.63541666598386648 ) ) ;
#5905 = CARTESIAN_POINT ( 'NONE',  ( -1.075163760468011222E-16, 1.755875671608470023, -15.28124999931720041 ) ) ;
#5906 = DIRECTION ( 'NONE',  ( -0.000000000000000000, -0.000000000000000000, 1.000000000000000000 ) ) ;
#5907 = CARTESIAN_POINT ( 'NONE',  ( -1.520632937499998061, 0.000000000000000000, -4.218749999317200405 ) ) ;
#5908 = APPROVAL_ROLE ( '' ) ;
#5909 = CYLINDRICAL_SURFACE ( 'NONE', #3554, 1.249999999999998002 ) ;
#5910 = EDGE_LOOP ( 'NONE', ( #3214, #1197 ) ) ;
#5911 = UNCERTAINTY_MEASURE_WITH_UNIT (LENGTH_MEASURE( 1.000000000000000082E-05 ), #5899, 'distance_accuracy_value', 'NONE');
#5912 = CARTESIAN_POINT ( 'NONE',  ( -1.520632937499997617, -0.8779378358042361219, -2.614583332650533887 ) ) ;
#5913 = CARTESIAN_POINT ( 'NONE',  ( 0.000000000000000000, 0.000000000000000000, 0.000000000000000000 ) ) ;
#5914 = CARTESIAN_POINT ( 'NONE',  ( 1.249999999999998002, 1.530808498934189105E-16, -10.12499999863440259 ) ) ;
#5915 = CARTESIAN_POINT ( 'NONE',  ( 0.7603164687499986973, 1.316906753706353017, -6.385416665983866480 ) ) ;
#5916 = CARTESIAN_POINT ( 'NONE',  ( 1.249999999999997780, 0.7216878364870316087, -2.708333333333330817 ) ) ;
#5917 = CARTESIAN_POINT ( 'NONE',  ( -1.520632937499998061, 0.000000000000000000, -17.71874999931720041 ) ) ;
#5918 = ORIENTED_EDGE ( 'NONE', *, *, #2167, .T. ) ;
#5919 = CARTESIAN_POINT ( 'NONE',  ( -1.249999999999998002, 0.000000000000000000, -2.499999999999997335 ) ) ;
#5920 = VERTEX_POINT ( 'NONE', #5516 ) ;
#5921 = CARTESIAN_POINT ( 'NONE',  ( -1.520632937499997617, -0.8779378358042361219, -12.11458333265053255 ) ) ;
#5922 = CARTESIAN_POINT ( 'NONE',  ( -1.249999999999997780, -0.7216878364870316087, -0.8333333319677371787 ) ) ;
#5923 = CARTESIAN_POINT ( 'NONE',  ( -0.7603164687499992525, 1.316906753706352795, -13.73958333265053433 ) ) ;
#5924 = DIRECTION ( 'NONE',  ( -0.000000000000000000, -0.000000000000000000, 1.000000000000000000 ) ) ;
#5925 = CARTESIAN_POINT ( 'NONE',  ( 2.651438096812262973E-16, -1.443375672974062107, -12.87499999999999645 ) ) ;
#5926 = CARTESIAN_POINT ( 'NONE',  ( -0.6249999999999982236, -1.082531754730547302, -1.416666666666663854 ) ) ;
#5927 = ADVANCED_FACE ( 'NONE', ( #5550 ), #5446, .F. ) ;
#5928 = CARTESIAN_POINT ( 'NONE',  ( 2.651438096812262973E-16, -1.443375672974062107, -4.249999998634403475 ) ) ;
#5929 = CARTESIAN_POINT ( 'NONE',  ( -0.7603164687499980312, -1.316906753706353461, -4.572916665983866480 ) ) ;
#5930 = CARTESIAN_POINT ( 'NONE',  ( -0.7603164687499980312, -1.316906753706353461, -11.13541666598386826 ) ) ;
#5931 = CARTESIAN_POINT ( 'NONE',  ( -1.520632937499997617, -0.8779378358042361219, -5.614583332650533443 ) ) ;
#5932 = APPLICATION_CONTEXT ( 'configuration controlled 3d designs of mechanical parts and assemblies' ) ;
#5933 = CARTESIAN_POINT ( 'NONE',  ( 1.249999999999998224, -0.7216878364870306095, -3.791666666666663854 ) ) ;
#5934 = CARTESIAN_POINT ( 'NONE',  ( 1.520632937499997617, 0.8779378358042356778, -11.92708333265053611 ) ) ;
#5935 = EDGE_CURVE ( 'NONE', #6317, #6306, #3282, .T. ) ;
#5936 = EDGE_CURVE ( 'NONE', #536, #4331, #6443, .T. ) ;
#5937 =( BOUNDED_CURVE ( )  B_SPLINE_CURVE ( 2, ( #659, #4938, #1119, #3269, #3933, #561, #2835 ),
 .UNSPECIFIED., .F., .T. ) 
 B_SPLINE_CURVE_WITH_KNOTS ( ( 3, 2, 2, 3 ),
 ( 0.5675675675675675436, 0.5720720720720721131, 0.5765765765765765716, 0.5810810810810810301 ),
 .UNSPECIFIED. ) 
 CURVE ( )  GEOMETRIC_REPRESENTATION_ITEM ( )  RATIONAL_B_SPLINE_CURVE ( ( 1.000000000000000000, 0.8660254037844387076, 1.000000000000000000, 0.8660254037844387076, 1.000000000000000000, 0.8660254037844387076, 1.000000000000000000 ) ) 
 REPRESENTATION_ITEM ( '' )  );
#5938 = ORIENTED_EDGE ( 'NONE', *, *, #5936, .F. ) ;
#5939 = CARTESIAN_POINT ( 'NONE',  ( 3.225491281404032925E-16, -1.755875671608470467, -3.593749999317200849 ) ) ;
#5940 = FACE_OUTER_BOUND ( 'NONE', #2998, .T. ) ;
#5941 = CARTESIAN_POINT ( 'NONE',  ( -1.249999999999998002, 0.000000000000000000, -4.874999998634404363 ) ) ;
#5942 = CARTESIAN_POINT ( 'NONE',  ( 1.520632937499998283, -0.8779378358042346786, -13.51041666598386648 ) ) ;
#5943 = LINE ( 'NONE', #1022, #3131 ) ;
#5944 = CARTESIAN_POINT ( 'NONE',  ( 0.7603164687499986973, 1.316906753706353017, -3.885416665983866924 ) ) ;
#5945 = VECTOR ( 'NONE', #5652, 1000.000000000000000 ) ;
#5946 = EDGE_CURVE ( 'NONE', #7019, #1608, #6960, .T. ) ;
#5947 = DIRECTION ( 'NONE',  ( -0.000000000000000000, -0.000000000000000000, 1.000000000000000000 ) ) ;
#5948 = ORIENTED_EDGE ( 'NONE', *, *, #7063, .T. ) ;
#5949 = AXIS2_PLACEMENT_3D ( 'NONE', #3938, #132, #6708 ) ;
#5950 = CARTESIAN_POINT ( 'NONE',  ( 1.249999999999998002, 0.000000000000000000, 0.000000000000000000 ) ) ;
#5951 = CARTESIAN_POINT ( 'NONE',  ( -0.7603164687499980312, -1.316906753706353461, -17.57291666598386826 ) ) ;
#5952 = CARTESIAN_POINT ( 'NONE',  ( -1.249999999999997780, -0.7216878364870316087, -10.33333333196773651 ) ) ;
#5953 = CARTESIAN_POINT ( 'NONE',  ( -0.7603164687499980312, -1.316906753706353461, -7.135416665983866480 ) ) ;
#5954 = CARTESIAN_POINT ( 'NONE',  ( 1.520632937499998061, 1.862238259587409655E-16, -8.906249999317200405 ) ) ;
#5955 = LINE ( 'NONE', #3738, #2977 ) ;
#5956 = CARTESIAN_POINT ( 'NONE',  ( -1.249999999999998002, 0.000000000000000000, -10.87499999863440259 ) ) ;
#5957 = VERTEX_POINT ( 'NONE', #4915 ) ;
#5958 = CARTESIAN_POINT ( 'NONE',  ( -1.249999999999998002, 0.7216878364870310536, -5.916666665301070438 ) ) ;
#5959 = ORIENTED_EDGE ( 'NONE', *, *, #5198, .T. ) ;
#5960 = CARTESIAN_POINT ( 'NONE',  ( 3.225491281404032925E-16, -1.755875671608470467, -11.53124999931720041 ) ) ;
#5961 = CARTESIAN_POINT ( 'NONE',  ( -1.249999999999997780, -0.7216878364870316087, -2.833333331967736957 ) ) ;
#5962 = CARTESIAN_POINT ( 'NONE',  ( -1.520632937499998283, 0.8779378358042350117, -17.19791666598386826 ) ) ;
#5963 = CARTESIAN_POINT ( 'NONE',  ( 0.000000000000000000, 0.000000000000000000, -17.75000000000000355 ) ) ;
#5964 = CARTESIAN_POINT ( 'NONE',  ( 0.6249999999999986677, 1.082531754730546858, -13.16666666666666252 ) ) ;
#5965 = DIRECTION ( 'NONE',  ( -0.000000000000000000, -0.000000000000000000, 1.000000000000000000 ) ) ;
#5966 = CARTESIAN_POINT ( 'NONE',  ( -8.838126989374211143E-17, 1.443375672974062107, -14.49999999863440259 ) ) ;
#5967 = CARTESIAN_POINT ( 'NONE',  ( -8.838126989374211143E-17, 1.443375672974062107, -1.124999999999997335 ) ) ;
#5968 = CARTESIAN_POINT ( 'NONE',  ( 1.520632937499998283, -0.8779378358042346786, -2.447916665983867368 ) ) ;
#5969 = CARTESIAN_POINT ( 'NONE',  ( 0.7603164687499996965, -1.316906753706352573, -13.05208333265053255 ) ) ;
#5970 = CARTESIAN_POINT ( 'NONE',  ( -1.520632937499998061, 0.000000000000000000, -10.15624999931719863 ) ) ;
#5971 = CARTESIAN_POINT ( 'NONE',  ( -1.520632937499998061, 0.000000000000000000, -3.656249999317200849 ) ) ;
#5972 = CARTESIAN_POINT ( 'NONE',  ( 1.249999999999998002, 1.530808498934189105E-16, -3.749999999999996891 ) ) ;
#5973 = CARTESIAN_POINT ( 'NONE',  ( -1.520632937499998061, 0.000000000000000000, -11.71874999931720041 ) ) ;
#5974 = ORIENTED_EDGE ( 'NONE', *, *, #4785, .T. ) ;
#5975 = CARTESIAN_POINT ( 'NONE',  ( -1.520632937499997617, -0.8779378358042361219, -3.177083332650533887 ) ) ;
#5976 = EDGE_CURVE ( 'NONE', #462, #324, #108, .T. ) ;
#5977 = CARTESIAN_POINT ( 'NONE',  ( 1.250000000000006439, 0.7216878364870263907, -7.583333331967737401 ) ) ;
#5978 = CARTESIAN_POINT ( 'NONE',  ( -8.838126989374211143E-17, 1.443375672974062107, -2.124999999999997335 ) ) ;
#5979 = CARTESIAN_POINT ( 'NONE',  ( -0.7603164687499992525, 1.316906753706352795, -14.80208333265053255 ) ) ;
#5980 = DIRECTION ( 'NONE',  ( 0.7071067811865517916, 0.000000000000000000, 0.7071067811865433539 ) ) ;
#5981 = CARTESIAN_POINT ( 'NONE',  ( -1.520632937499998061, 0.000000000000000000, -3.718749999317200405 ) ) ;
#5982 = PERSON_AND_ORGANIZATION ( #4357, #1856 ) ;
#5983 =( BOUNDED_CURVE ( )  B_SPLINE_CURVE ( 2, ( #5159, #1345, #3420, #1818, #2953, #6239, #1855 ),
 .UNSPECIFIED., .F., .T. ) 
 B_SPLINE_CURVE_WITH_KNOTS ( ( 3, 2, 2, 3 ),
 ( 0.1216216216216216284, 0.1261261261261261146, 0.1306306306306306286, 0.1351351351351351426 ),
 .UNSPECIFIED. ) 
 CURVE ( )  GEOMETRIC_REPRESENTATION_ITEM ( )  RATIONAL_B_SPLINE_CURVE ( ( 1.000000000000000000, 0.8660254037844387076, 1.000000000000000000, 0.8660254037844387076, 1.000000000000000000, 0.8660254037844387076, 1.000000000000000000 ) ) 
 REPRESENTATION_ITEM ( '' )  );
#5984 = AXIS2_PLACEMENT_3D ( 'NONE', #4702, #5204, #5699 ) ;
#5985 = VERTEX_POINT ( 'NONE', #39 ) ;
#5986 = EDGE_CURVE ( 'NONE', #4985, #3421, #5789, .T. ) ;
#5987 = VERTEX_POINT ( 'NONE', #1922 ) ;
#5988 = CARTESIAN_POINT ( 'NONE',  ( -1.249999999999998002, 0.7216878364870310536, -0.5416666666666640761 ) ) ;
#5989 = CARTESIAN_POINT ( 'NONE',  ( 1.520632937499998283, -0.8779378358042346786, -5.010416665983866480 ) ) ;
#5990 = CARTESIAN_POINT ( 'NONE',  ( -1.520632937499997617, -0.8779378358042360109, -7.114583332650533443 ) ) ;
#5991 = CARTESIAN_POINT ( 'NONE',  ( 0.6249999999999986677, 1.082531754730546858, -13.54166666530106866 ) ) ;
#5992 = CARTESIAN_POINT ( 'NONE',  ( 1.250000000000015543, 0.7216878364870213947, -11.20833333333333393 ) ) ;
#5993 = AXIS2_PLACEMENT_3D ( 'NONE', #2837, #6118, #1225 ) ;
#5994 = EDGE_LOOP ( 'NONE', ( #247, #2504, #5368, #6287 ) ) ;
#5995 = CARTESIAN_POINT ( 'NONE',  ( 0.000000000000000000, 0.000000000000000000, 0.000000000000000000 ) ) ;
#5996 = ORIENTED_EDGE ( 'NONE', *, *, #4002, .T. ) ;
#5997 = CARTESIAN_POINT ( 'NONE',  ( 0.7603164687499986973, 1.316906753706353017, -11.32291666598386648 ) ) ;
#5998 = CARTESIAN_POINT ( 'NONE',  ( -1.249999999999997780, -0.7216878364870316087, -2.333333331967736957 ) ) ;
#5999 = CARTESIAN_POINT ( 'NONE',  ( 1.520632937499998061, 1.862238259587409655E-16, -15.40624999931720041 ) ) ;
#6000 = CARTESIAN_POINT ( 'NONE',  ( 2.651438096812262973E-16, -1.443375672974062107, -12.37499999999999822 ) ) ;
#6001 = DIRECTION ( 'NONE',  ( -0.000000000000000000, -0.000000000000000000, 1.000000000000000000 ) ) ;
#6002 = CARTESIAN_POINT ( 'NONE',  ( -0.6249999999999991118, 1.082531754730546636, -15.45833333196773651 ) ) ;
#6003 = CARTESIAN_POINT ( 'NONE',  ( -1.249999999999998002, 0.000000000000000000, -16.49999999999999289 ) ) ;
#6004 = CARTESIAN_POINT ( 'NONE',  ( -1.520632937499998283, 0.8779378358042350117, -3.697916665983867368 ) ) ;
#6005 = CARTESIAN_POINT ( 'NONE',  ( 0.7603164687499986973, 1.316906753706353017, -13.38541666598386648 ) ) ;
#6006 = CARTESIAN_POINT ( 'NONE',  ( -0.7603164687499980312, -1.316906753706353461, -9.572916665983866480 ) ) ;
#6007 = CARTESIAN_POINT ( 'NONE',  ( -1.520632937499997617, -0.8779378358042360109, -4.114583332650533443 ) ) ;
#6008 = CARTESIAN_POINT ( 'NONE',  ( -0.6249999999999991118, 1.082531754730546636, -7.083333333333330373 ) ) ;
#6009 = CARTESIAN_POINT ( 'NONE',  ( -1.075163760468011222E-16, 1.755875671608470023, -12.34374999931720041 ) ) ;
#6010 = CARTESIAN_POINT ( 'NONE',  ( 1.249999999999998002, 0.000000000000000000, 0.000000000000000000 ) ) ;
#6011 = VERTEX_POINT ( 'NONE', #5582 ) ;
#6012 = CARTESIAN_POINT ( 'NONE',  ( 0.7603164687499986973, 1.316906753706353017, -4.885416665983867368 ) ) ;
#6013 = CARTESIAN_POINT ( 'NONE',  ( 2.651438096812262973E-16, -1.443375672974062107, -15.24999999863440259 ) ) ;
#6014 = CARTESIAN_POINT ( 'NONE',  ( 0.000000000000000000, 0.000000000000000000, 0.000000000000000000 ) ) ;
#6015 = CARTESIAN_POINT ( 'NONE',  ( -0.7603164687499992525, 1.316906753706352795, -13.80208333265053433 ) ) ;
#6016 = CARTESIAN_POINT ( 'NONE',  ( -1.249999999999998002, 0.7216878364870310536, -8.541666666666664298 ) ) ;
#6017 = CARTESIAN_POINT ( 'NONE',  ( 1.520632937499998061, 1.862238259587409655E-16, -2.968749999317200849 ) ) ;
#6018 = CALENDAR_DATE ( 2023, 14, 3 ) ;
#6019 = EDGE_CURVE ( 'NONE', #1846, #4881, #6539, .T. ) ;
#6020 = CARTESIAN_POINT ( 'NONE',  ( 1.249999999999998002, 0.000000000000000000, 0.000000000000000000 ) ) ;
#6021 = ORIENTED_EDGE ( 'NONE', *, *, #5884, .T. ) ;
#6022 = CARTESIAN_POINT ( 'NONE',  ( 0.7603164687499986973, 1.316906753706353017, -17.32291666598386826 ) ) ;
#6023 = CARTESIAN_POINT ( 'NONE',  ( -1.520632937499997617, -0.8779378358042361219, -5.677083332650532554 ) ) ;
#6024 = CARTESIAN_POINT ( 'NONE',  ( 0.7603164687499986973, 1.316906753706353017, -11.32291666598386648 ) ) ;
#6025 = DIRECTION ( 'NONE',  ( -1.000000000000000000, 0.000000000000000000, -0.000000000000000000 ) ) ;
#6026 = CARTESIAN_POINT ( 'NONE',  ( 1.249999999999998002, 1.530808498934189105E-16, -12.12499999863440259 ) ) ;
#6027 =( BOUNDED_CURVE ( )  B_SPLINE_CURVE ( 2, ( #2535, #4651, #6895, #6382, #4156, #1558, #3056 ),
 .UNSPECIFIED., .F., .T. ) 
 B_SPLINE_CURVE_WITH_KNOTS ( ( 3, 2, 2, 3 ),
 ( 0.3918918918918918859, 0.3963963963963963999, 0.4009009009009009139, 0.4054054054054054279 ),
 .UNSPECIFIED. ) 
 CURVE ( )  GEOMETRIC_REPRESENTATION_ITEM ( )  RATIONAL_B_SPLINE_CURVE ( ( 1.000000000000000000, 0.8660254037844387076, 1.000000000000000000, 0.8660254037844387076, 1.000000000000000000, 0.8660254037844387076, 1.000000000000000000 ) ) 
 REPRESENTATION_ITEM ( '' )  );
#6028 = ORIENTED_EDGE ( 'NONE', *, *, #2970, .T. ) ;
#6029 = DIRECTION ( 'NONE',  ( 1.000000000000000000, 0.000000000000000000, 0.000000000000000000 ) ) ;
#6030 = VERTEX_POINT ( 'NONE', #1890 ) ;
#6031 = CARTESIAN_POINT ( 'NONE',  ( 3.225491281404032925E-16, -1.755875671608470467, -10.53124999931720041 ) ) ;
#6032 = CARTESIAN_POINT ( 'NONE',  ( 0.6249999999999995559, -1.082531754730546414, -4.708333331967737401 ) ) ;
#6033 = CARTESIAN_POINT ( 'NONE',  ( 1.520632937499997617, 0.8779378358042356778, -15.86458333265053255 ) ) ;
#6034 = CARTESIAN_POINT ( 'NONE',  ( 1.249999999999998002, 1.530808498934189105E-16, -12.62499999863440259 ) ) ;
#6035 =( BOUNDED_CURVE ( )  B_SPLINE_CURVE ( 2, ( #899, #5816, #3572, #935, #3675, #861, #5852 ),
 .UNSPECIFIED., .F., .T. ) 
 B_SPLINE_CURVE_WITH_KNOTS ( ( 3, 2, 2, 3 ),
 ( 0.3108108108108108558, 0.3153153153153153698, 0.3198198198198198283, 0.3243243243243243423 ),
 .UNSPECIFIED. ) 
 CURVE ( )  GEOMETRIC_REPRESENTATION_ITEM ( )  RATIONAL_B_SPLINE_CURVE ( ( 0.9999999999999983347, 0.8660254037844403729, 1.000000000000000000, 0.8660254037844387076, 1.000000000000000000, 0.8660254037844387076, 1.000000000000000000 ) ) 
 REPRESENTATION_ITEM ( '' )  );
#6036 = CARTESIAN_POINT ( 'NONE',  ( 2.651438096812262973E-16, -1.443375672974062107, -13.74999999863440259 ) ) ;
#6037 = CARTESIAN_POINT ( 'NONE',  ( -8.838126989374211143E-17, 1.443375672974062107, -8.124999999999996447 ) ) ;
#6038 = CARTESIAN_POINT ( 'NONE',  ( -1.520632937499998283, 0.8779378358042350117, -4.697916665983867368 ) ) ;
#6039 = CARTESIAN_POINT ( 'NONE',  ( 1.520632937499998061, 1.862238259587409655E-16, -14.96874999931720041 ) ) ;
#6040 = CARTESIAN_POINT ( 'NONE',  ( 3.225491281404032925E-16, -1.755875671608470467, -10.03124999931719863 ) ) ;
#6041 = CARTESIAN_POINT ( 'NONE',  ( -1.075163760468011222E-16, 1.755875671608470023, -2.281249999317199961 ) ) ;
#6042 = CARTESIAN_POINT ( 'NONE',  ( 1.249999999999998002, 1.530808498934189105E-16, -5.749999999999996447 ) ) ;
#6043 = CARTESIAN_POINT ( 'NONE',  ( -1.520632937499997617, -0.8779378358042360109, -13.17708333265053255 ) ) ;
#6044 = ORIENTED_EDGE ( 'NONE', *, *, #5108, .T. ) ;
#6045 = CARTESIAN_POINT ( 'NONE',  ( -1.520632937499998283, 0.8779378358042350117, -5.260416665983866480 ) ) ;
#6046 = CARTESIAN_POINT ( 'NONE',  ( 1.520632937499997617, 0.8779378358042356778, -1.364583332650533887 ) ) ;
#6047 = CARTESIAN_POINT ( 'NONE',  ( 0.000000000000000000, 0.000000000000000000, -0.2499999999999993616 ) ) ;
#6048 = CARTESIAN_POINT ( 'NONE',  ( 0.6249999999999995559, -1.082531754730546414, -16.83333333333332860 ) ) ;
#6049 = CARTESIAN_POINT ( 'NONE',  ( -0.7603164687499992525, 1.316906753706352795, -13.30208333265053255 ) ) ;
#6050 = CARTESIAN_POINT ( 'NONE',  ( -1.249999999999997780, -0.7216878364870316087, 0.04166666666666928726 ) ) ;
#6051 = CARTESIAN_POINT ( 'NONE',  ( 1.520632937499997617, 0.8779378358042356778, -4.427083332650534331 ) ) ;
#6052 = CARTESIAN_POINT ( 'NONE',  ( -1.249999999999998002, 1.530808498934189105E-16, 0.000000000000000000 ) ) ;
#6053 = ORIENTED_EDGE ( 'NONE', *, *, #3929, .F. ) ;
#6054 = CARTESIAN_POINT ( 'NONE',  ( 0.000000000000000000, 0.000000000000000000, 0.000000000000000000 ) ) ;
#6055 = CARTESIAN_POINT ( 'NONE',  ( 1.249999999999998002, 1.530808498934189105E-16, -6.624999998634403475 ) ) ;
#6056 = CARTESIAN_POINT ( 'NONE',  ( -1.520632937499998283, 0.8779378358042350117, -6.760416665983867368 ) ) ;
#6057 = AXIS2_PLACEMENT_3D ( 'NONE', #6976, #1932, #3565 ) ;
#6058 = CARTESIAN_POINT ( 'NONE',  ( 1.520632937499998061, 1.862238259587409655E-16, -10.90624999931720041 ) ) ;
#6059 = CARTESIAN_POINT ( 'NONE',  ( -1.249999999999998002, 0.000000000000000000, -7.874999998634403475 ) ) ;
#6060 = ADVANCED_FACE ( 'NONE', ( #5015 ), #1159, .T. ) ;
#6061 = VECTOR ( 'NONE', #1604, 1000.000000000000000 ) ;
#6062 = VERTEX_POINT ( 'NONE', #2882 ) ;
#6063 = CARTESIAN_POINT ( 'NONE',  ( 1.250000000000015765, -0.7216878364870203955, -12.16666666530107044 ) ) ;
#6064 = ORIENTED_EDGE ( 'NONE', *, *, #2676, .T. ) ;
#6065 = CARTESIAN_POINT ( 'NONE',  ( 1.520632937499997617, 0.8779378358042356778, -13.36458333265053255 ) ) ;
#6066 = CARTESIAN_POINT ( 'NONE',  ( -1.249999999999998224, 0.7216878364870308316, -3.916666665301070882 ) ) ;
#6067 = CARTESIAN_POINT ( 'NONE',  ( -1.075163760468011098E-16, 1.755875671608470467, -17.28124999931720041 ) ) ;
#6068 = CARTESIAN_POINT ( 'NONE',  ( -0.6249999999999982236, -1.082531754730547302, -16.79166666530107221 ) ) ;
#6069 = ADVANCED_FACE ( 'NONE', ( #5653 ), #6129, .F. ) ;
#6070 = CARTESIAN_POINT ( 'NONE',  ( -0.6249999999999982236, -1.082531754730547302, -14.79166666530107044 ) ) ;
#6071 = CARTESIAN_POINT ( 'NONE',  ( -0.7603164687499980312, -1.316906753706353461, -5.572916665983866480 ) ) ;
#6072 = CARTESIAN_POINT ( 'NONE',  ( 1.520632937499998283, -0.8779378358042346786, -14.01041666598386470 ) ) ;
#6073 = CARTESIAN_POINT ( 'NONE',  ( -0.7603164687499992525, 1.316906753706352795, -9.739583332650532554 ) ) ;
#6074 = EDGE_CURVE ( 'NONE', #4919, #5803, #4015, .T. ) ;
#6075 = CARTESIAN_POINT ( 'NONE',  ( -1.520632937499998727, 0.8779378358042350117, -3.697916665983867368 ) ) ;
#6076 = CARTESIAN_POINT ( 'NONE',  ( 1.249999999999998002, 0.7216878364870314977, -5.708333333333330373 ) ) ;
#6077 = CARTESIAN_POINT ( 'NONE',  ( -0.7603164687499992525, 1.316906753706352795, -15.30208333265053255 ) ) ;
#6078 =( BOUNDED_CURVE ( )  B_SPLINE_CURVE ( 2, ( #4055, #5688, #5656, #283, #848, #3025, #2467 ),
 .UNSPECIFIED., .F., .T. ) 
 B_SPLINE_CURVE_WITH_KNOTS ( ( 3, 2, 2, 3 ),
 ( 0.5135135135135135975, 0.5180180180180181670, 0.5225225225225226255, 0.5270270270270270840 ),
 .UNSPECIFIED. ) 
 CURVE ( )  GEOMETRIC_REPRESENTATION_ITEM ( )  RATIONAL_B_SPLINE_CURVE ( ( 0.9999999999999966693, 0.8660254037844420383, 1.000000000000000000, 0.8660254037844387076, 1.000000000000000000, 0.8660254037844353769, 1.000000000000003331 ) ) 
 REPRESENTATION_ITEM ( '' )  );
#6079 = CARTESIAN_POINT ( 'NONE',  ( 0.6249999999999986677, 1.082531754730546858, -15.16666666666666252 ) ) ;
#6080 = CARTESIAN_POINT ( 'NONE',  ( 1.520632937499998061, 1.862238259587409655E-16, -6.968749999317199517 ) ) ;
#6081 = CARTESIAN_POINT ( 'NONE',  ( 1.520632937499998283, -0.8779378358042346786, -0.9479166659838672571 ) ) ;
#6082 = CARTESIAN_POINT ( 'NONE',  ( -0.6249999999999982236, -1.082531754730547302, -10.29166666530106866 ) ) ;
#6083 = CARTESIAN_POINT ( 'NONE',  ( -8.838126989374211143E-17, 1.443375672974062107, -10.49999999863440259 ) ) ;
#6084 = CARTESIAN_POINT ( 'NONE',  ( 0.6249999999999986677, 1.082531754730546858, -8.666666666666664298 ) ) ;
#6085 = CARTESIAN_POINT ( 'NONE',  ( -0.7603164687499992525, 1.316906753706352795, -6.302083332650533443 ) ) ;
#6086 = CARTESIAN_POINT ( 'NONE',  ( 0.6249999999999995559, -1.082531754730546414, -1.208333331967737179 ) ) ;
#6087 = ORIENTED_EDGE ( 'NONE', *, *, #5396, .F. ) ;
#6088 = CARTESIAN_POINT ( 'NONE',  ( 0.6249999999999995559, -1.082531754730546414, -17.20833333196773651 ) ) ;
#6089 = CARTESIAN_POINT ( 'NONE',  ( -0.6249999999999991118, 1.082531754730546636, -15.95833333196773651 ) ) ;
#6090 = CARTESIAN_POINT ( 'NONE',  ( -0.7603164687499980312, -1.316906753706353461, -9.135416665983868256 ) ) ;
#6091 = CARTESIAN_POINT ( 'NONE',  ( -1.520632937499998727, 0.8779378358042350117, -11.69791666598386648 ) ) ;
#6092 = CARTESIAN_POINT ( 'NONE',  ( -1.249999999999998002, 1.530808498934189105E-16, 0.000000000000000000 ) ) ;
#6093 = CARTESIAN_POINT ( 'NONE',  ( -1.520632937499997617, -0.8779378358042361219, -18.17708333265053255 ) ) ;
#6094 = CARTESIAN_POINT ( 'NONE',  ( -1.249999999999998002, 0.000000000000000000, -13.49999999999999822 ) ) ;
#6095 = AXIS2_PLACEMENT_3D ( 'NONE', #495, #3303, #29 ) ;
#6096 = ORIENTED_EDGE ( 'NONE', *, *, #1973, .T. ) ;
#6097 = CARTESIAN_POINT ( 'NONE',  ( 1.249999999999998002, 1.530808498934189105E-16, -14.12499999863440259 ) ) ;
#6098 = ORIENTED_EDGE ( 'NONE', *, *, #4713, .T. ) ;
#6099 = CARTESIAN_POINT ( 'NONE',  ( 3.225491281404032925E-16, -1.755875671608470467, -14.53124999931719863 ) ) ;
#6100 = CARTESIAN_POINT ( 'NONE',  ( -0.6249999999999991118, 1.082531754730546636, -3.958333331967736957 ) ) ;
#6101 = CARTESIAN_POINT ( 'NONE',  ( -0.7603164687499992525, 1.316906753706352795, -17.73958333265053611 ) ) ;
#6102 = DIRECTION ( 'NONE',  ( 1.000000000000000000, 0.000000000000000000, 0.000000000000000000 ) ) ;
#6103 = VECTOR ( 'NONE', #6197, 1000.000000000000000 ) ;
#6104 = CARTESIAN_POINT ( 'NONE',  ( -1.249999999999997780, -0.7216878364870316087, -15.33333333196773474 ) ) ;
#6105 = EDGE_CURVE ( 'NONE', #2241, #3946, #199, .T. ) ;
#6106 = CARTESIAN_POINT ( 'NONE',  ( 1.249999999999998002, 1.530808498934189105E-16, -8.249999999999996447 ) ) ;
#6107 = CARTESIAN_POINT ( 'NONE',  ( -1.520632937499998061, 0.000000000000000000, -5.656249999317200405 ) ) ;
#6108 = CARTESIAN_POINT ( 'NONE',  ( 1.520632937499998283, -0.8779378358042346786, -15.51041666598386470 ) ) ;
#6109 = CARTESIAN_POINT ( 'NONE',  ( -1.520632937499998283, 0.8779378358042350117, -9.697916665983864704 ) ) ;
#6110 = CARTESIAN_POINT ( 'NONE',  ( -1.520632937499997617, -0.8779378358042360109, -1.614583332650534331 ) ) ;
#6111 = CARTESIAN_POINT ( 'NONE',  ( 0.6249999999999986677, 1.082531754730546858, -6.666666666666664298 ) ) ;
#6112 = CARTESIAN_POINT ( 'NONE',  ( -1.075163760468011222E-16, 1.755875671608470023, -15.34374999931720041 ) ) ;
#6113 = CARTESIAN_POINT ( 'NONE',  ( 1.249999999999998224, -0.7216878364870306095, -16.79166666666666430 ) ) ;
#6114 = CARTESIAN_POINT ( 'NONE',  ( -1.520632937499998061, 0.000000000000000000, -7.218749999317200405 ) ) ;
#6115 = CARTESIAN_POINT ( 'NONE',  ( 0.7603164687499986973, 1.316906753706353017, -0.8229166659838671460 ) ) ;
#6116 = CARTESIAN_POINT ( 'NONE',  ( -1.249999999999988676, -0.7216878364870368268, -6.458333333333328596 ) ) ;
#6117 = CARTESIAN_POINT ( 'NONE',  ( 1.249999999999998224, -0.7216878364870306095, -12.66666666530107044 ) ) ;
#6118 = DIRECTION ( 'NONE',  ( -0.000000000000000000, -0.000000000000000000, 1.000000000000000000 ) ) ;
#6119 =( BOUNDED_CURVE ( )  B_SPLINE_CURVE ( 2, ( #5042, #1731, #4399, #2805, #4972, #4504, #1297 ),
 .UNSPECIFIED., .F., .T. ) 
 B_SPLINE_CURVE_WITH_KNOTS ( ( 3, 2, 2, 3 ),
 ( 0.08108108108108108558, 0.08558558558558558571, 0.09009009009009009972, 0.09459459459459461372 ),
 .UNSPECIFIED. ) 
 CURVE ( )  GEOMETRIC_REPRESENTATION_ITEM ( )  RATIONAL_B_SPLINE_CURVE ( ( 1.000000000000000000, 0.8660254037844387076, 1.000000000000000000, 0.8660254037844387076, 1.000000000000000000, 0.8660254037844382635, 1.000000000000000444 ) ) 
 REPRESENTATION_ITEM ( '' )  );
#6120 = CARTESIAN_POINT ( 'NONE',  ( 1.249999999999998002, 1.530808498934189105E-16, -3.249999999999997335 ) ) ;
#6121 = CARTESIAN_POINT ( 'NONE',  ( 1.520632937499998727, -0.8779378358042346786, -6.510416665983866480 ) ) ;
#6122 = CARTESIAN_POINT ( 'NONE',  ( -1.249999999999997558, -0.7216878364870317197, -6.333333331967737401 ) ) ;
#6123 = ORIENTED_EDGE ( 'NONE', *, *, #4785, .F. ) ;
#6124 = CARTESIAN_POINT ( 'NONE',  ( 1.249999999999998002, 1.530808498934189105E-16, -1.124999998634403919 ) ) ;
#6125 = CARTESIAN_POINT ( 'NONE',  ( 1.249999999999998002, -0.7216878364870306095, -12.66666666530106689 ) ) ;
#6126 = CARTESIAN_POINT ( 'NONE',  ( 0.7603164687499996965, -1.316906753706352573, -9.552083332650532554 ) ) ;
#6127 = CARTESIAN_POINT ( 'NONE',  ( -1.520632937499997617, -0.8779378358042360109, -9.614583332650532554 ) ) ;
#6128 = CARTESIAN_POINT ( 'NONE',  ( 1.249999999999998002, 0.000000000000000000, 0.000000000000000000 ) ) ;
#6129 = CYLINDRICAL_SURFACE ( 'NONE', #6760, 1.249999999999998002 ) ;
#6130 = CARTESIAN_POINT ( 'NONE',  ( 0.6249999999999995559, -1.082531754730546414, -14.33333333333333037 ) ) ;
#6131 = CARTESIAN_POINT ( 'NONE',  ( 1.249999999999998002, 1.530808498934189105E-16, -0.7499999999999974465 ) ) ;
#6132 = ORIENTED_EDGE ( 'NONE', *, *, #6462, .F. ) ;
#6133 = CARTESIAN_POINT ( 'NONE',  ( 2.651438096812262973E-16, -1.443375672974062107, -12.24999999863440259 ) ) ;
#6134 = ORIENTED_EDGE ( 'NONE', *, *, #2874, .F. ) ;
#6135 = CARTESIAN_POINT ( 'NONE',  ( -0.7603164687499992525, 1.316906753706352795, -12.23958333265053433 ) ) ;
#6136 = CARTESIAN_POINT ( 'NONE',  ( -1.249999999999997780, -0.7216878364870316087, -4.333333331967737401 ) ) ;
#6137 = CARTESIAN_POINT ( 'NONE',  ( -1.520632937499998283, 0.8779378358042350117, -1.260416665983867146 ) ) ;
#6138 = DIRECTION ( 'NONE',  ( -0.000000000000000000, -0.000000000000000000, -1.000000000000000000 ) ) ;
#6139 = CARTESIAN_POINT ( 'NONE',  ( -1.249999999999997780, -0.7216878364870316087, -17.83333333196774007 ) ) ;
#6140 = CARTESIAN_POINT ( 'NONE',  ( -0.6249999999999991118, 1.082531754730546636, -8.083333333333332149 ) ) ;
#6141 = CARTESIAN_POINT ( 'NONE',  ( -1.520632937499998283, 0.8779378358042350117, -5.697916665983867368 ) ) ;
#6142 = CARTESIAN_POINT ( 'NONE',  ( 1.520632937499998283, -0.8779378358042346786, -15.01041666598386826 ) ) ;
#6143 = CARTESIAN_POINT ( 'NONE',  ( -1.520632937499997617, -0.8779378358042361219, -10.61458333265053255 ) ) ;
#6144 = CARTESIAN_POINT ( 'NONE',  ( -1.520632937499998727, 0.8779378358042350117, -6.697916665983867368 ) ) ;
#6145 = CARTESIAN_POINT ( 'NONE',  ( -8.838126989374211143E-17, 1.443375672974062107, -6.624999999999997335 ) ) ;
#6146 = EDGE_CURVE ( 'NONE', #6062, #1561, #3595, .T. ) ;
#6147 = CARTESIAN_POINT ( 'NONE',  ( -1.075163760468011222E-16, 1.755875671608470023, -14.34374999931720041 ) ) ;
#6148 = CARTESIAN_POINT ( 'NONE',  ( 0.6249999999999986677, 1.082531754730546858, -17.16666666666666430 ) ) ;
#6149 = CARTESIAN_POINT ( 'NONE',  ( -1.520632937499998283, 0.8779378358042350117, -6.760416665983867368 ) ) ;
#6150 = CARTESIAN_POINT ( 'NONE',  ( 3.225491281404032925E-16, -1.755875671608470467, -1.531249999317200627 ) ) ;
#6151 = CARTESIAN_POINT ( 'NONE',  ( -1.249999999999998002, 0.7216878364870310536, -6.916666665301071326 ) ) ;
#6152 = CARTESIAN_POINT ( 'NONE',  ( 1.249999999999998224, -0.7216878364870306095, -11.66666666530106866 ) ) ;
#6153 = CYLINDRICAL_SURFACE ( 'NONE', #3704, 1.249999999999998002 ) ;
#6154 = CARTESIAN_POINT ( 'NONE',  ( 1.249999999999997780, 0.7216878364870316087, -9.083333331967734736 ) ) ;
#6155 = EDGE_CURVE ( 'NONE', #6927, #6752, #4555, .T. ) ;
#6156 = CARTESIAN_POINT ( 'NONE',  ( 1.520632937499998061, 1.862238259587409655E-16, -7.468749999317200405 ) ) ;
#6157 = CARTESIAN_POINT ( 'NONE',  ( 0.6249999999999995559, -1.082531754730546414, -6.208333331967737401 ) ) ;
#6158 = ORIENTED_EDGE ( 'NONE', *, *, #4965, .F. ) ;
#6159 = DIRECTION ( 'NONE',  ( -0.000000000000000000, -0.000000000000000000, 1.000000000000000000 ) ) ;
#6160 = CARTESIAN_POINT ( 'NONE',  ( 0.6249999999999995559, -1.082531754730546414, -12.70833333196773651 ) ) ;
#6161 = CARTESIAN_POINT ( 'NONE',  ( 0.7603164687499986973, 1.316906753706353017, -9.385416665983868256 ) ) ;
#6162 = CARTESIAN_POINT ( 'NONE',  ( 3.225491281404033418E-16, -1.755875671608470023, -12.03124999931719863 ) ) ;
#6163 = DIRECTION ( 'NONE',  ( -0.000000000000000000, -0.000000000000000000, 1.000000000000000000 ) ) ;
#6164 = CARTESIAN_POINT ( 'NONE',  ( 1.249999999999998002, -0.7216878364870306095, -6.791666666666663410 ) ) ;
#6165 = CARTESIAN_POINT ( 'NONE',  ( 1.520632937499997617, 0.8779378358042356778, 0.1354166673494660023 ) ) ;
#6166 = VERTEX_POINT ( 'NONE', #213 ) ;
#6167 = CARTESIAN_POINT ( 'NONE',  ( 4.900000000000000355, 0.000000000000000000, 0.000000000000000000 ) ) ;
#6168 = ORIENTED_EDGE ( 'NONE', *, *, #143, .T. ) ;
#6169 = CARTESIAN_POINT ( 'NONE',  ( 0.7603164687499986973, 1.316906753706353017, -13.82291666598386648 ) ) ;
#6170 =( BOUNDED_CURVE ( )  B_SPLINE_CURVE ( 2, ( #3335, #2277, #3794, #3830, #5002, #5503, #5537 ),
 .UNSPECIFIED., .F., .T. ) 
 B_SPLINE_CURVE_WITH_KNOTS ( ( 3, 2, 2, 3 ),
 ( 0.4459459459459459429, 0.4504504504504504014, 0.4549549549549549154, 0.4594594594594593739 ),
 .UNSPECIFIED. ) 
 CURVE ( )  GEOMETRIC_REPRESENTATION_ITEM ( )  RATIONAL_B_SPLINE_CURVE ( ( 1.000000000000000000, 0.8660254037844387076, 1.000000000000000000, 0.8660254037844387076, 1.000000000000000000, 0.8660254037844420383, 0.9999999999999966693 ) ) 
 REPRESENTATION_ITEM ( '' )  );
#6171 = CARTESIAN_POINT ( 'NONE',  ( 0.6249999999999986677, 1.082531754730546858, -4.041666665301070438 ) ) ;
#6172 = CARTESIAN_POINT ( 'NONE',  ( -0.7603164687499992525, 1.316906753706352795, 0.1979166673494660300 ) ) ;
#6173 = CARTESIAN_POINT ( 'NONE',  ( -1.249999999999998002, 0.000000000000000000, -14.99999999999999822 ) ) ;
#6174 = VECTOR ( 'NONE', #4914, 1000.000000000000000 ) ;
#6175 = CARTESIAN_POINT ( 'NONE',  ( 0.6249999999999986677, 1.082531754730546858, -16.04166666530107221 ) ) ;
#6176 = CARTESIAN_POINT ( 'NONE',  ( -0.6249999999999982236, -1.082531754730547302, -2.291666665301070882 ) ) ;
#6177 = ORIENTED_EDGE ( 'NONE', *, *, #543, .T. ) ;
#6178 = CARTESIAN_POINT ( 'NONE',  ( 1.520632937499998283, -0.8779378358042346786, -6.447916665983867368 ) ) ;
#6179 = CARTESIAN_POINT ( 'NONE',  ( -0.7603164687499980312, -1.316906753706353461, -13.63541666598386648 ) ) ;
#6180 = CARTESIAN_POINT ( 'NONE',  ( -1.075163760468011098E-16, 1.755875671608470467, -11.78124999931720041 ) ) ;
#6181 = VECTOR ( 'NONE', #6200, 1000.000000000000000 ) ;
#6182 = CARTESIAN_POINT ( 'NONE',  ( 1.520632937499998061, 1.862238259587409655E-16, -4.906249999317199517 ) ) ;
#6183 = CARTESIAN_POINT ( 'NONE',  ( 1.249999999999998002, 1.530808498934189105E-16, -10.24999999999999645 ) ) ;
#6184 = CARTESIAN_POINT ( 'NONE',  ( -1.075163760468011222E-16, 1.755875671608470023, -14.84374999931720041 ) ) ;
#6185 = CARTESIAN_POINT ( 'NONE',  ( -8.838126989374211143E-17, 1.443375672974062107, -16.12499999999999645 ) ) ;
#6186 = CARTESIAN_POINT ( 'NONE',  ( 3.225491281404032925E-16, -1.755875671608470467, -7.593749999317201294 ) ) ;
#6187 = CARTESIAN_POINT ( 'NONE',  ( 1.520632937499998061, 1.862238259587409655E-16, -4.906249999317199517 ) ) ;
#6188 = CARTESIAN_POINT ( 'NONE',  ( -1.249999999999997558, -0.7216878364870317197, -8.458333333333332149 ) ) ;
#6189 = CARTESIAN_POINT ( 'NONE',  ( -1.249999999999997780, -0.7216878364870316087, -12.33333333196773651 ) ) ;
#6190 = CARTESIAN_POINT ( 'NONE',  ( 1.249999999999998002, 1.530808498934189105E-16, -14.62499999863440259 ) ) ;
#6191 = FACE_OUTER_BOUND ( 'NONE', #6457, .T. ) ;
#6192 = CARTESIAN_POINT ( 'NONE',  ( -0.7603164687499980312, -1.316906753706353461, -5.635416665983866480 ) ) ;
#6193 = CYLINDRICAL_SURFACE ( 'NONE', #5258, 1.249999999999998002 ) ;
#6194 = EDGE_CURVE ( 'NONE', #4764, #1301, #6532, .T. ) ;
#6195 = ORIENTED_EDGE ( 'NONE', *, *, #869, .T. ) ;
#6196 = CARTESIAN_POINT ( 'NONE',  ( 1.249999999999998002, 1.530808498934189105E-16, -11.62499999863440259 ) ) ;
#6197 = DIRECTION ( 'NONE',  ( -0.000000000000000000, -0.000000000000000000, 1.000000000000000000 ) ) ;
#6198 = CARTESIAN_POINT ( 'NONE',  ( -0.7603164687499980312, -1.316906753706353461, -9.635416665983866480 ) ) ;
#6199 = CARTESIAN_POINT ( 'NONE',  ( 1.520632937499998727, -0.8779378358042346786, -13.44791666598386826 ) ) ;
#6200 = DIRECTION ( 'NONE',  ( -0.000000000000000000, -0.000000000000000000, 1.000000000000000000 ) ) ;
#6201 = CARTESIAN_POINT ( 'NONE',  ( -0.6249999999999991118, 1.082531754730546636, -15.58333333333332860 ) ) ;
#6202 = EDGE_CURVE ( 'NONE', #6166, #5263, #6027, .T. ) ;
#6203 = AXIS2_PLACEMENT_3D ( 'NONE', #3234, #2101, #5399 ) ;
#6204 = ORIENTED_EDGE ( 'NONE', *, *, #5315, .T. ) ;
#6205 = CARTESIAN_POINT ( 'NONE',  ( -1.249999999999998002, 0.7216878364870310536, -7.541666666666663410 ) ) ;
#6206 = EDGE_LOOP ( 'NONE', ( #2120, #1321, #6962, #5487 ) ) ;
#6207 = CARTESIAN_POINT ( 'NONE',  ( -1.075163760468011098E-16, 1.755875671608470467, -14.28124999931720041 ) ) ;
#6208 = CARTESIAN_POINT ( 'NONE',  ( 0.6249999999999986677, 1.082531754730546858, -6.541666665301070438 ) ) ;
#6209 = CARTESIAN_POINT ( 'NONE',  ( -1.075163760468011098E-16, 1.755875671608470467, -0.8437499993172006274 ) ) ;
#6210 = CARTESIAN_POINT ( 'NONE',  ( 2.048390084236239555E-08, 1.249999999999997335, -0.4999999999999971689 ) ) ;
#6211 = VECTOR ( 'NONE', #1276, 1000.000000000000000 ) ;
#6212 =( BOUNDED_CURVE ( )  B_SPLINE_CURVE ( 2, ( #975, #3222, #7062, #2755, #1073, #4855, #1580 ),
 .UNSPECIFIED., .F., .T. ) 
 B_SPLINE_CURVE_WITH_KNOTS ( ( 3, 2, 2, 3 ),
 ( 0.1621621621621621712, 0.1666666666666666574, 0.1711711711711711714, 0.1756756756756756854 ),
 .UNSPECIFIED. ) 
 CURVE ( )  GEOMETRIC_REPRESENTATION_ITEM ( )  RATIONAL_B_SPLINE_CURVE ( ( 1.000000000000000000, 0.8660254037844387076, 1.000000000000000000, 0.8660254037844387076, 1.000000000000000000, 0.8660254037844387076, 1.000000000000000000 ) ) 
 REPRESENTATION_ITEM ( '' )  );
#6213 = CARTESIAN_POINT ( 'NONE',  ( -8.838126989374211143E-17, 1.443375672974062107, -16.49999999863440792 ) ) ;
#6214 = FACE_OUTER_BOUND ( 'NONE', #2260, .T. ) ;
#6215 = EDGE_LOOP ( 'NONE', ( #2045, #2946, #2809, #74 ) ) ;
#6216 = CARTESIAN_POINT ( 'NONE',  ( -0.7603164687499992525, 1.316906753706352795, -5.739583332650533443 ) ) ;
#6217 = VECTOR ( 'NONE', #4412, 1000.000000000000000 ) ;
#6218 = CARTESIAN_POINT ( 'NONE',  ( -1.249999999999998002, 0.000000000000000000, -0.3749999986344038083 ) ) ;
#6219 = CARTESIAN_POINT ( 'NONE',  ( -1.075163760468011098E-16, 1.755875671608470467, -11.28124999931720041 ) ) ;
#6220 = CARTESIAN_POINT ( 'NONE',  ( -1.520632937499997617, -0.8779378358042360109, -5.114583332650534331 ) ) ;
#6221 = CARTESIAN_POINT ( 'NONE',  ( 0.6249999999999986677, 1.082531754730546858, -9.166666666666664298 ) ) ;
#6222 = CARTESIAN_POINT ( 'NONE',  ( 0.7603164687499996965, -1.316906753706352573, -16.05208333265053255 ) ) ;
#6223 = CARTESIAN_POINT ( 'NONE',  ( -0.7603164687499980312, -1.316906753706353461, -17.07291666598386826 ) ) ;
#6224 = CARTESIAN_POINT ( 'NONE',  ( 2.651438096812262973E-16, -1.443375672974062107, -15.37500000000000000 ) ) ;
#6225 = CARTESIAN_POINT ( 'NONE',  ( -0.7603164687499980312, -1.316906753706353461, -8.135416665983866480 ) ) ;
#6226 = CARTESIAN_POINT ( 'NONE',  ( -1.075163760468011098E-16, 1.755875671608470467, -4.281249999317200405 ) ) ;
#6227 = LINE ( 'NONE', #1260, #5858 ) ;
#6228 = CARTESIAN_POINT ( 'NONE',  ( -0.6249999999999991118, 1.082531754730546636, -11.45833333196773651 ) ) ;
#6229 = CARTESIAN_POINT ( 'NONE',  ( 1.249999999999998002, 0.7216878364870314977, -2.208333333333330817 ) ) ;
#6230 = CARTESIAN_POINT ( 'NONE',  ( 1.520632937499997617, 0.8779378358042356778, -5.927083332650533443 ) ) ;
#6231 = CARTESIAN_POINT ( 'NONE',  ( 0.000000000000000000, 0.000000000000000000, 0.000000000000000000 ) ) ;
#6232 = ORIENTED_EDGE ( 'NONE', *, *, #1479, .F. ) ;
#6233 = PLANE ( 'NONE',  #1414 ) ;
#6234 = CYLINDRICAL_SURFACE ( 'NONE', #6689, 1.249999999999998002 ) ;
#6235 = CARTESIAN_POINT ( 'NONE',  ( -1.075163760468011098E-16, 1.755875671608470467, -9.843749999317200405 ) ) ;
#6236 = CARTESIAN_POINT ( 'NONE',  ( -1.520632937499997617, -0.8779378358042360109, -14.11458333265053255 ) ) ;
#6237 = CARTESIAN_POINT ( 'NONE',  ( 0.7603164687499986973, 1.316906753706353017, -2.385416665983867368 ) ) ;
#6238 = CARTESIAN_POINT ( 'NONE',  ( -1.319861090378469992, -0.7305409863405724069, -17.71242782536307203 ) ) ;
#6239 = CARTESIAN_POINT ( 'NONE',  ( -1.249999999999997558, -0.7216878364870317197, -1.958333333333330595 ) ) ;
#6240 = ADVANCED_FACE ( 'NONE', ( #5872 ), #1140, .T. ) ;
#6241 = VERTEX_POINT ( 'NONE', #3530 ) ;
#6242 = CARTESIAN_POINT ( 'NONE',  ( -1.249999999999998002, 0.000000000000000000, -11.99999999999999645 ) ) ;
#6243 = ORIENTED_EDGE ( 'NONE', *, *, #5486, .F. ) ;
#6244 = CARTESIAN_POINT ( 'NONE',  ( -1.249999999999998002, 0.000000000000000000, -6.874999998634404363 ) ) ;
#6245 = CARTESIAN_POINT ( 'NONE',  ( 1.520632937499998061, 1.862238259587409655E-16, -1.968749999317200627 ) ) ;
#6246 = CARTESIAN_POINT ( 'NONE',  ( -1.249999999999998002, 0.000000000000000000, -11.37499999863440259 ) ) ;
#6247 = EDGE_CURVE ( 'NONE', #3620, #1821, #2617, .T. ) ;
#6248 = EDGE_CURVE ( 'NONE', #6971, #2421, #3334, .T. ) ;
#6249 = CARTESIAN_POINT ( 'NONE',  ( -1.249999999999998224, 0.7216878364870308316, -17.91666666530107221 ) ) ;
#6250 = CARTESIAN_POINT ( 'NONE',  ( -1.249999999999998002, 0.000000000000000000, -14.99999999999999822 ) ) ;
#6251 = ORIENTED_EDGE ( 'NONE', *, *, #6602, .T. ) ;
#6252 = CARTESIAN_POINT ( 'NONE',  ( 0.7603164687499986973, 1.316906753706353017, -7.822916665983866480 ) ) ;
#6253 = CARTESIAN_POINT ( 'NONE',  ( 2.651438096812262973E-16, -1.443375672974062107, -0.2499999986344037806 ) ) ;
#6254 = CARTESIAN_POINT ( 'NONE',  ( 0.7603164687499986973, 1.316906753706353017, -11.32291666598386648 ) ) ;
#6255 = CARTESIAN_POINT ( 'NONE',  ( 1.520632937499997617, 0.8779378358042356778, -6.364583332650534331 ) ) ;
#6256 = CARTESIAN_POINT ( 'NONE',  ( -0.6249999999999982236, -1.082531754730547302, -9.916666666666664298 ) ) ;
#6258 = ADVANCED_FACE ( 'NONE', ( #5810 ), #3102, .F. ) ;
#6257 = CARTESIAN_POINT ( 'NONE',  ( 0.000000000000000000, 0.000000000000000000, -0.4999999999999973910 ) ) ;
#6259 =( BOUNDED_CURVE ( )  B_SPLINE_CURVE ( 2, ( #4949, #7015, #2117, #1568, #72, #5916, #507 ),
 .UNSPECIFIED., .F., .T. ) 
 B_SPLINE_CURVE_WITH_KNOTS ( ( 3, 2, 2, 3 ),
 ( 0.1621621621621621712, 0.1666666666666666574, 0.1711711711711711714, 0.1756756756756756854 ),
 .UNSPECIFIED. ) 
 CURVE ( )  GEOMETRIC_REPRESENTATION_ITEM ( )  RATIONAL_B_SPLINE_CURVE ( ( 1.000000000000000000, 0.8660254037844387076, 1.000000000000000000, 0.8660254037844387076, 1.000000000000000000, 0.8660254037844387076, 1.000000000000000000 ) ) 
 REPRESENTATION_ITEM ( '' )  );
#6260 =( BOUNDED_CURVE ( )  B_SPLINE_CURVE ( 2, ( #6196, #2494, #5648, #5721, #6782, #310, #1885 ),
 .UNSPECIFIED., .F., .T. ) 
 B_SPLINE_CURVE_WITH_KNOTS ( ( 3, 2, 2, 3 ),
 ( 0.6351351351351351981, 0.6396396396396397677, 0.6441441441441441151, 0.6486486486486486847 ),
 .UNSPECIFIED. ) 
 CURVE ( )  GEOMETRIC_REPRESENTATION_ITEM ( )  RATIONAL_B_SPLINE_CURVE ( ( 0.9999999999999966693, 0.8660254037844420383, 1.000000000000000000, 0.8660254037844387076, 1.000000000000000000, 0.8660254037844387076, 1.000000000000000000 ) ) 
 REPRESENTATION_ITEM ( '' )  );
#6261 = CARTESIAN_POINT ( 'NONE',  ( 1.249999999999998002, 1.530808498934189105E-16, -13.74999999999999645 ) ) ;
#6262 = CARTESIAN_POINT ( 'NONE',  ( -1.249999999999997780, -0.7216878364870316087, -15.45833333333333037 ) ) ;
#6263 = CARTESIAN_POINT ( 'NONE',  ( -1.075163760468011098E-16, 1.755875671608470467, -10.34374999931719863 ) ) ;
#6264 = CYLINDRICAL_SURFACE ( 'NONE', #1310, 1.249999999999998002 ) ;
#6265 = CARTESIAN_POINT ( 'NONE',  ( 1.249999999999998224, -0.7216878364870306095, -0.7916666666666639651 ) ) ;
#6266 = CARTESIAN_POINT ( 'NONE',  ( 1.520632937499998727, -0.8779378358042346786, -10.51041666598386826 ) ) ;
#6267 = CARTESIAN_POINT ( 'NONE',  ( -0.6249999999999982236, -1.082531754730547302, -16.41666666666666430 ) ) ;
#6268 = VERTEX_POINT ( 'NONE', #395 ) ;
#6269 = DIRECTION ( 'NONE',  ( 0.000000000000000000, 0.000000000000000000, -1.000000000000000000 ) ) ;
#6270 = CARTESIAN_POINT ( 'NONE',  ( -1.249999999999998002, 0.000000000000000000, -14.49999999999999645 ) ) ;
#6271 = CARTESIAN_POINT ( 'NONE',  ( 3.225491281404032925E-16, -1.755875671608470467, -10.59374999931720041 ) ) ;
#6272 = CARTESIAN_POINT ( 'NONE',  ( 0.7603164687499986973, 1.316906753706353017, -13.82291666598386648 ) ) ;
#6273 = CARTESIAN_POINT ( 'NONE',  ( -0.7603164687499980312, -1.316906753706353461, -2.635416665983866924 ) ) ;
#6274 = CARTESIAN_POINT ( 'NONE',  ( 1.059384353367145426, -0.8643266204448671886, -17.61414689090560515 ) ) ;
#6275 = CARTESIAN_POINT ( 'NONE',  ( -1.249999999999998002, 0.000000000000000000, -6.499999999999997335 ) ) ;
#6276 = CARTESIAN_POINT ( 'NONE',  ( -1.249999999999998002, 0.000000000000000000, -3.999999999999996447 ) ) ;
#6277 = ORIENTED_EDGE ( 'NONE', *, *, #1094, .T. ) ;
#6278 = FACE_OUTER_BOUND ( 'NONE', #7056, .T. ) ;
#6279 = EDGE_CURVE ( 'NONE', #2477, #2583, #6482, .T. ) ;
#6280 = ORIENTED_EDGE ( 'NONE', *, *, #4747, .T. ) ;
#6281 = CARTESIAN_POINT ( 'NONE',  ( 1.520632937499998061, 1.862238259587409655E-16, -15.90624999931720218 ) ) ;
#6282 = CARTESIAN_POINT ( 'NONE',  ( 2.651438096812262973E-16, -1.443375672974062107, -6.249999998634403475 ) ) ;
#6283 = CARTESIAN_POINT ( 'NONE',  ( 1.520632937499998061, 1.862238259587409655E-16, 0.03125000068279933096 ) ) ;
#6284 = CARTESIAN_POINT ( 'NONE',  ( -8.838126989374211143E-17, 1.443375672974062107, -9.624999999999998224 ) ) ;
#6285 = CARTESIAN_POINT ( 'NONE',  ( -1.080796215976256303, 0.9224741602418193853, -0.3385890361161217887 ) ) ;
#6286 = ADVANCED_FACE ( 'NONE', ( #3177 ), #5342, .F. ) ;
#6287 = ORIENTED_EDGE ( 'NONE', *, *, #6644, .F. ) ;
#6288 = CARTESIAN_POINT ( 'NONE',  ( 3.225491281404032925E-16, -1.755875671608470467, -8.031249999317200405 ) ) ;
#6289 = CARTESIAN_POINT ( 'NONE',  ( -1.520632937499998283, 0.8779378358042350117, -16.76041666598386826 ) ) ;
#6290 = CARTESIAN_POINT ( 'NONE',  ( -1.520632937499998061, 0.000000000000000000, -12.15624999931719863 ) ) ;
#6291 = CARTESIAN_POINT ( 'NONE',  ( 1.520632937499998727, -0.8779378358042346786, -4.447916665983866480 ) ) ;
#6292 = AXIS2_PLACEMENT_3D ( 'NONE', #3609, #6875, #1467 ) ;
#6293 = CARTESIAN_POINT ( 'NONE',  ( -1.249999999999998002, 0.000000000000000000, -9.499999999999998224 ) ) ;
#6294 = CARTESIAN_POINT ( 'NONE',  ( 0.6249999999999995559, -1.082531754730546414, -14.33333333333333037 ) ) ;
#6295 = CARTESIAN_POINT ( 'NONE',  ( -0.7603164687499980312, -1.316906753706353461, -17.57291666598386826 ) ) ;
#6296 = AXIS2_PLACEMENT_3D ( 'NONE', #4365, #5947, #5508 ) ;
#6297 = EDGE_CURVE ( 'NONE', #76, #3015, #411, .T. ) ;
#6298 = CARTESIAN_POINT ( 'NONE',  ( -0.7603164687499992525, 1.316906753706352795, -0.7395833326505338867 ) ) ;
#6299 = CARTESIAN_POINT ( 'NONE',  ( 3.225491281404032925E-16, -1.755875671608470467, -10.59374999931720041 ) ) ;
#6300 = CARTESIAN_POINT ( 'NONE',  ( -0.7603164687499980312, -1.316906753706353461, -4.572916665983866480 ) ) ;
#6301 = CARTESIAN_POINT ( 'NONE',  ( -1.249999999999998002, 1.530808498934189105E-16, 0.000000000000000000 ) ) ;
#6302 = CARTESIAN_POINT ( 'NONE',  ( 1.249999999999998224, -0.7216878364870306095, -1.791666666666664076 ) ) ;
#6303 = CARTESIAN_POINT ( 'NONE',  ( 1.520632937499997617, 0.8779378358042356778, -8.927083332650532554 ) ) ;
#6304 = LOCAL_TIME ( 10, 55, 33.00000000000000000, #7078 ) ;
#6305 = CARTESIAN_POINT ( 'NONE',  ( 1.249999999999998002, 1.530808498934189105E-16, -8.749999999999998224 ) ) ;
#6306 = VERTEX_POINT ( 'NONE', #2501 ) ;
#6307 = FACE_OUTER_BOUND ( 'NONE', #2990, .T. ) ;
#6308 = CYLINDRICAL_SURFACE ( 'NONE', #2351, 1.249999999999998002 ) ;
#6309 = CARTESIAN_POINT ( 'NONE',  ( -0.7603164687499980312, -1.316906753706353461, -11.13541666598386826 ) ) ;
#6310 = CARTESIAN_POINT ( 'NONE',  ( -0.7603164687499980312, -1.316906753706353461, -12.57291666598386648 ) ) ;
#6311 = CARTESIAN_POINT ( 'NONE',  ( -1.075163760468011222E-16, 1.755875671608470023, -0.8437499993172007384 ) ) ;
#6312 = CARTESIAN_POINT ( 'NONE',  ( 3.225491281404032925E-16, -1.755875671608470467, -0.5937499993172007384 ) ) ;
#6313 =( BOUNDED_CURVE ( )  B_SPLINE_CURVE ( 2, ( #6706, #1808, #95, #3970, #4006, #6154, #3443 ),
 .UNSPECIFIED., .F., .T. ) 
 B_SPLINE_CURVE_WITH_KNOTS ( ( 3, 2, 2, 3 ),
 ( 0.4864864864864865135, 0.4909909909909909720, 0.4954954954954954860, 0.5000000000000000000 ),
 .UNSPECIFIED. ) 
 CURVE ( )  GEOMETRIC_REPRESENTATION_ITEM ( )  RATIONAL_B_SPLINE_CURVE ( ( 1.000000000000000000, 0.8660254037844387076, 1.000000000000000000, 0.8660254037844387076, 1.000000000000000000, 0.8660254037844387076, 1.000000000000000000 ) ) 
 REPRESENTATION_ITEM ( '' )  );
#6314 = DIRECTION ( 'NONE',  ( 1.000000000000000000, 0.000000000000000000, 0.000000000000000000 ) ) ;
#6315 = ORIENTED_EDGE ( 'NONE', *, *, #2206, .T. ) ;
#6316 = CARTESIAN_POINT ( 'NONE',  ( 1.249999999999998002, 1.530808498934189105E-16, -10.74999999999999822 ) ) ;
#6317 = VERTEX_POINT ( 'NONE', #6276 ) ;
#6318 = CARTESIAN_POINT ( 'NONE',  ( 0.7603164687499996965, -1.316906753706352573, -15.48958333265053078 ) ) ;
#6319 = CARTESIAN_POINT ( 'NONE',  ( 1.249999999999998002, 1.530808498934189105E-16, -7.624999998634403475 ) ) ;
#6320 = CARTESIAN_POINT ( 'NONE',  ( -1.075163760468011098E-16, 1.755875671608470467, -2.843749999317200405 ) ) ;
#6321 = CARTESIAN_POINT ( 'NONE',  ( 1.249999999999998002, -0.7216878364870306095, -10.29166666666666607 ) ) ;
#6322 = CARTESIAN_POINT ( 'NONE',  ( -0.7603164687499992525, 1.316906753706352795, -15.80208333265053433 ) ) ;
#6323 = PRODUCT_DEFINITION_SHAPE ( 'NONE', 'NONE',  #291 ) ;
#6324 = FACE_OUTER_BOUND ( 'NONE', #5518, .T. ) ;
#6325 = EDGE_LOOP ( 'NONE', ( #2633, #4812, #5152, #5440, #6096, #6495, #2123 ) ) ;
#6326 = CARTESIAN_POINT ( 'NONE',  ( -1.520632937499998283, 0.8779378358042350117, -8.197916665983866480 ) ) ;
#6327 = CARTESIAN_POINT ( 'NONE',  ( -0.7603164687499980312, -1.316906753706353461, -16.63541666598386826 ) ) ;
#6328 = CARTESIAN_POINT ( 'NONE',  ( 3.225491281404032925E-16, -1.755875671608470467, -14.53124999931719863 ) ) ;
#6329 = CARTESIAN_POINT ( 'NONE',  ( 0.6249999999999995559, -1.082531754730546414, -14.70833333196773474 ) ) ;
#6330 = CARTESIAN_POINT ( 'NONE',  ( 1.520632937499998061, 1.862238259587409655E-16, -7.906249999317200405 ) ) ;
#6331 = CIRCLE ( 'NONE', #1762, 4.900000000000000355 ) ;
#6332 = CARTESIAN_POINT ( 'NONE',  ( -8.838126989374211143E-17, 1.443375672974062107, -10.62499999999999645 ) ) ;
#6333 = CARTESIAN_POINT ( 'NONE',  ( -1.520632937499998061, 0.000000000000000000, -16.71874999931720041 ) ) ;
#6334 = ADVANCED_FACE ( 'NONE', ( #5298 ), #845, .F. ) ;
#6335 = CARTESIAN_POINT ( 'NONE',  ( 0.7603164687499986973, 1.316906753706353017, -16.82291666598386826 ) ) ;
#6336 = CARTESIAN_POINT ( 'NONE',  ( 0.7603164687499986973, 1.316906753706353017, -0.3229166659838673126 ) ) ;
#6337 = CARTESIAN_POINT ( 'NONE',  ( 1.520632937499998283, -0.8779378358042346786, -9.010416665983866480 ) ) ;
#6338 = CARTESIAN_POINT ( 'NONE',  ( -1.520632937499998061, 0.000000000000000000, -6.656249999317200405 ) ) ;
#6339 = CARTESIAN_POINT ( 'NONE',  ( 1.249999999999998002, 1.530808498934189105E-16, -2.749999999999997335 ) ) ;
#6340 = CARTESIAN_POINT ( 'NONE',  ( 1.520632937499997617, 0.8779378358042356778, -10.42708333265053255 ) ) ;
#6341 = AXIS2_PLACEMENT_3D ( 'NONE', #128, #6667, #2804 ) ;
#6342 = CARTESIAN_POINT ( 'NONE',  ( 1.249999999999980460, -0.7216878364870409346, -16.29166666666666785 ) ) ;
#6343 = ORIENTED_EDGE ( 'NONE', *, *, #2456, .F. ) ;
#6344 = DIRECTION ( 'NONE',  ( -0.000000000000000000, -0.000000000000000000, 1.000000000000000000 ) ) ;
#6345 = FACE_OUTER_BOUND ( 'NONE', #5812, .T. ) ;
#6346 = CARTESIAN_POINT ( 'NONE',  ( -1.520632937499998283, 0.8779378358042350117, -10.26041666598386826 ) ) ;
#6347 = CARTESIAN_POINT ( 'NONE',  ( -0.7603164687499980312, -1.316906753706353461, -14.07291666598386648 ) ) ;
#6348 = CARTESIAN_POINT ( 'NONE',  ( -1.075163760468011222E-16, 1.755875671608470023, -1.843749999317200627 ) ) ;
#6349 = CARTESIAN_POINT ( 'NONE',  ( 1.520632937499998061, 1.862238259587409655E-16, 0.03125000068279933096 ) ) ;
#6350 = CARTESIAN_POINT ( 'NONE',  ( -1.249999999999998002, 0.000000000000000000, -17.49999999999999645 ) ) ;
#6351 = VERTEX_POINT ( 'NONE', #2606 ) ;
#6352 = ORIENTED_EDGE ( 'NONE', *, *, #1386, .T. ) ;
#6353 = VERTEX_POINT ( 'NONE', #6350 ) ;
#6354 = CARTESIAN_POINT ( 'NONE',  ( -1.249999999999998224, 0.7216878364870308316, -8.416666665301068662 ) ) ;
#6355 = CARTESIAN_POINT ( 'NONE',  ( -1.075163760468011098E-16, 1.755875671608470467, -3.343749999317200405 ) ) ;
#6356 = CARTESIAN_POINT ( 'NONE',  ( -0.6249999999999991118, 1.082531754730546636, -9.583333333333330373 ) ) ;
#6357 = CARTESIAN_POINT ( 'NONE',  ( -1.075163760468011098E-16, 1.755875671608470467, -17.84374999931720041 ) ) ;
#6358 = DIRECTION ( 'NONE',  ( 1.000000000000000000, 0.000000000000000000, 0.000000000000000000 ) ) ;
#6359 = ORIENTED_EDGE ( 'NONE', *, *, #5571, .F. ) ;
#6360 = CARTESIAN_POINT ( 'NONE',  ( 0.7603164687499986973, 1.316906753706353017, -8.822916665983866480 ) ) ;
#6361 = CARTESIAN_POINT ( 'NONE',  ( 1.520632937499997617, 0.8779378358042356778, -16.42708333265053255 ) ) ;
#6362 = CARTESIAN_POINT ( 'NONE',  ( 1.520632937499998283, -0.8779378358042346786, -12.94791666598386826 ) ) ;
#6363 = CARTESIAN_POINT ( 'NONE',  ( 2.651438096812262973E-16, -1.443375672974062107, -9.374999999999998224 ) ) ;
#6364 = CARTESIAN_POINT ( 'NONE',  ( -1.520632937499998727, 0.8779378358042350117, -7.197916665983865592 ) ) ;
#6365 = CARTESIAN_POINT ( 'NONE',  ( 1.249999999999998224, -0.7216878364870306095, -13.29166666666666252 ) ) ;
#6366 = CARTESIAN_POINT ( 'NONE',  ( -0.3944811579871145280, 1.482454972814983396, -17.77063293749999673 ) ) ;
#6367 = CARTESIAN_POINT ( 'NONE',  ( 1.520632937499998727, -0.8779378358042346786, -16.94791666598386826 ) ) ;
#6368 = CARTESIAN_POINT ( 'NONE',  ( 1.520632937499998283, -0.8779378358042346786, -1.447916665983867368 ) ) ;
#6369 = CARTESIAN_POINT ( 'NONE',  ( -0.7603164687499980312, -1.316906753706353461, -10.13541666598386648 ) ) ;
#6370 = CARTESIAN_POINT ( 'NONE',  ( 1.520632937499998061, 1.862238259587409655E-16, -6.906249999317199517 ) ) ;
#6371 = CARTESIAN_POINT ( 'NONE',  ( -0.6249999999999991118, 1.082531754730546636, -6.958333331967736513 ) ) ;
#6372 = CARTESIAN_POINT ( 'NONE',  ( 0.6249999999999986677, 1.082531754730546858, -1.666666666666663854 ) ) ;
#6373 = CARTESIAN_POINT ( 'NONE',  ( 1.520632937499998727, -0.8779378358042346786, -9.510416665983864704 ) ) ;
#6374 = CARTESIAN_POINT ( 'NONE',  ( 0.6249999999999995559, -1.082531754730546414, -16.33333333333332860 ) ) ;
#6375 = VERTEX_POINT ( 'NONE', #1413 ) ;
#6376 = EDGE_CURVE ( 'NONE', #5612, #4262, #6896, .T. ) ;
#6377 = DIRECTION ( 'NONE',  ( 1.000000000000000000, 0.000000000000000000, 0.000000000000000000 ) ) ;
#6378 = CARTESIAN_POINT ( 'NONE',  ( 0.6249999999999995559, -1.082531754730546414, -13.33333333333333037 ) ) ;
#6379 = CARTESIAN_POINT ( 'NONE',  ( 0.7603164687499996965, -1.316906753706352573, -11.05208333265053255 ) ) ;
#6380 = CARTESIAN_POINT ( 'NONE',  ( 1.520632937499998061, 1.862238259587409655E-16, -15.90624999931720218 ) ) ;
#6381 = CARTESIAN_POINT ( 'NONE',  ( -1.520632937499998727, 0.8779378358042350117, -1.260416665983867368 ) ) ;
#6382 = CARTESIAN_POINT ( 'NONE',  ( 2.651438096812262973E-16, -1.443375672974062107, -7.249999998634403475 ) ) ;
#6383 = ORIENTED_EDGE ( 'NONE', *, *, #1529, .T. ) ;
#6384 = ORIENTED_EDGE ( 'NONE', *, *, #6834, .T. ) ;
#6385 = CARTESIAN_POINT ( 'NONE',  ( 1.249999999999998224, -0.7216878364870306095, -15.29166666666666430 ) ) ;
#6386 = EDGE_CURVE ( 'NONE', #109, #4186, #186, .T. ) ;
#6387 = CARTESIAN_POINT ( 'NONE',  ( 0.6249999999999995559, -1.082531754730546414, -3.208333331967736957 ) ) ;
#6388 = CARTESIAN_POINT ( 'NONE',  ( 0.7603164687499996965, -1.316906753706352573, -16.48958333265053255 ) ) ;
#6389 = CARTESIAN_POINT ( 'NONE',  ( -8.838126989374211143E-17, 1.443375672974062107, -9.499999998634402587 ) ) ;
#6390 = CARTESIAN_POINT ( 'NONE',  ( 0.7603164687499996965, -1.316906753706352573, -3.052083332650533443 ) ) ;
#6391 = CYLINDRICAL_SURFACE ( 'NONE', #6754, 1.249999999999998002 ) ;
#6392 = CARTESIAN_POINT ( 'NONE',  ( -0.7603164687499980312, -1.316906753706353461, -16.13541666598386826 ) ) ;
#6393 = CYLINDRICAL_SURFACE ( 'NONE', #180, 1.249999999999998002 ) ;
#6394 = ORIENTED_EDGE ( 'NONE', *, *, #3447, .F. ) ;
#6395 = CARTESIAN_POINT ( 'NONE',  ( -1.520632937499998283, 0.8779378358042350117, -8.697916665983866480 ) ) ;
#6396 = CARTESIAN_POINT ( 'NONE',  ( 0.6249999999999995559, -1.082531754730546414, -2.208333331967736957 ) ) ;
#6397 = CARTESIAN_POINT ( 'NONE',  ( -1.520632937499998283, 0.8779378358042350117, -13.19791666598386648 ) ) ;
#6398 = CARTESIAN_POINT ( 'NONE',  ( -8.838126989374211143E-17, 1.443375672974062107, -12.62499999999999822 ) ) ;
#6399 = CARTESIAN_POINT ( 'NONE',  ( -1.075163760468011222E-16, 1.755875671608470023, -16.84374999931720041 ) ) ;
#6400 = CARTESIAN_POINT ( 'NONE',  ( -1.075163760468011098E-16, 1.755875671608470467, -1.781249999317200183 ) ) ;
#6401 = CARTESIAN_POINT ( 'NONE',  ( 1.520632937499998283, -0.8779378358042346786, -8.510416665983866480 ) ) ;
#6402 = CARTESIAN_POINT ( 'NONE',  ( -1.075163760468011098E-16, 1.755875671608470467, -7.281249999317201294 ) ) ;
#6403 = VECTOR ( 'NONE', #6001, 1000.000000000000000 ) ;
#6404 = CARTESIAN_POINT ( 'NONE',  ( 0.7603164687499996965, -1.316906753706352573, -0.4895833326505338867 ) ) ;
#6405 = CARTESIAN_POINT ( 'NONE',  ( -1.249999999999997780, -0.7216878364870316087, -2.958333333333330373 ) ) ;
#6406 = CARTESIAN_POINT ( 'NONE',  ( -0.7603164687499992525, 1.316906753706352795, -10.30208333265053433 ) ) ;
#6407 = AXIS2_PLACEMENT_3D ( 'NONE', #4382, #4780, #1237 ) ;
#6408 = CARTESIAN_POINT ( 'NONE',  ( 1.249999999999998002, 1.530808498934189105E-16, -7.624999998634403475 ) ) ;
#6409 = ORIENTED_EDGE ( 'NONE', *, *, #3496, .F. ) ;
#6410 = CARTESIAN_POINT ( 'NONE',  ( -1.520632937499998061, 0.000000000000000000, -2.718749999317200405 ) ) ;
#6411 = CARTESIAN_POINT ( 'NONE',  ( 1.249999999999998002, 1.530808498934189105E-16, -5.124999998634403475 ) ) ;
#6412 = DIRECTION ( 'NONE',  ( -0.000000000000000000, -0.000000000000000000, 1.000000000000000000 ) ) ;
#6413 = CARTESIAN_POINT ( 'NONE',  ( -1.520632937499997617, -0.8779378358042361219, -12.67708333265053078 ) ) ;
#6414 = CARTESIAN_POINT ( 'NONE',  ( 0.7603164687499996965, -1.316906753706352573, -14.98958333265053255 ) ) ;
#6415 = CARTESIAN_POINT ( 'NONE',  ( 1.249999999999998002, 1.530808498934189105E-16, -2.249999999999997335 ) ) ;
#6416 = CARTESIAN_POINT ( 'NONE',  ( -1.520632937499998061, 0.000000000000000000, -0.7187499993172007384 ) ) ;
#6417 = ADVANCED_FACE ( 'NONE', ( #6858 ), #2537, .F. ) ;
#6418 = ORIENTED_EDGE ( 'NONE', *, *, #6386, .F. ) ;
#6419 = ORIENTED_EDGE ( 'NONE', *, *, #6376, .T. ) ;
#6420 = DIRECTION ( 'NONE',  ( -0.7071067811865474617, 0.000000000000000000, -0.7071067811865474617 ) ) ;
#6421 = CARTESIAN_POINT ( 'NONE',  ( -1.249999999999998002, 0.000000000000000000, -14.87499999863440259 ) ) ;
#6422 = CARTESIAN_POINT ( 'NONE',  ( 0.6249999999999986677, 1.082531754730546858, -11.04166666530107044 ) ) ;
#6423 = CARTESIAN_POINT ( 'NONE',  ( 1.520632937499998061, 1.862238259587409655E-16, -4.468749999317200405 ) ) ;
#6424 = CARTESIAN_POINT ( 'NONE',  ( -8.838126989374211143E-17, 1.443375672974062107, -4.624999999999997335 ) ) ;
#6425 = CARTESIAN_POINT ( 'NONE',  ( 0.7603164687499986973, 1.316906753706353017, -16.38541666598386826 ) ) ;
#6426 = EDGE_CURVE ( 'NONE', #6011, #6351, #5031, .T. ) ;
#6427 = DIRECTION ( 'NONE',  ( -0.000000000000000000, -0.000000000000000000, 1.000000000000000000 ) ) ;
#6428 = ORIENTED_EDGE ( 'NONE', *, *, #1742, .T. ) ;
#6429 = CARTESIAN_POINT ( 'NONE',  ( 1.520632937499998061, 1.862238259587409655E-16, -10.40624999931720041 ) ) ;
#6430 = CARTESIAN_POINT ( 'NONE',  ( 2.651438096812262973E-16, -1.443375672974062107, -2.749999998634403919 ) ) ;
#6431 = CARTESIAN_POINT ( 'NONE',  ( 1.520632937499998283, -0.8779378358042346786, -14.94791666598386826 ) ) ;
#6432 = CARTESIAN_POINT ( 'NONE',  ( 1.249999999999998002, 1.530808498934189105E-16, -10.12499999863440259 ) ) ;
#6433 = CARTESIAN_POINT ( 'NONE',  ( -0.6249999999999982236, -1.082531754730547302, -11.91666666666666430 ) ) ;
#6434 = CARTESIAN_POINT ( 'NONE',  ( -1.249999999999998002, 0.000000000000000000, -1.499999999999997335 ) ) ;
#6435 = LINE ( 'NONE', #1649, #525 ) ;
#6436 = CARTESIAN_POINT ( 'NONE',  ( -1.520632937499998283, 0.8779378358042350117, -2.197916665983867368 ) ) ;
#6437 = CARTESIAN_POINT ( 'NONE',  ( 0.7603164687499986973, 1.316906753706353017, -12.38541666598386648 ) ) ;
#6438 = CARTESIAN_POINT ( 'NONE',  ( -1.075163760468011098E-16, 1.755875671608470467, -5.781249999317198629 ) ) ;
#6439 = CARTESIAN_POINT ( 'NONE',  ( 3.225491281404033418E-16, -1.755875671608470023, -0.5312499993172007384 ) ) ;
#6440 = CARTESIAN_POINT ( 'NONE',  ( -1.249999999999997780, -0.7216878364870316087, -5.458333333333331261 ) ) ;
#6441 = CARTESIAN_POINT ( 'NONE',  ( -0.7603164687499992525, 1.316906753706352795, -12.30208333265053433 ) ) ;
#6442 = AXIS2_PLACEMENT_3D ( 'NONE', #1142, #190, #618 ) ;
#6443 =( BOUNDED_CURVE ( )  B_SPLINE_CURVE ( 2, ( #1132, #3908, #2290, #3381, #2778, #2748, #1639 ),
 .UNSPECIFIED., .F., .T. ) 
 B_SPLINE_CURVE_WITH_KNOTS ( ( 3, 2, 2, 3 ),
 ( 0.7027027027027027417, 0.7072072072072072002, 0.7117117117117116587, 0.7162162162162162282 ),
 .UNSPECIFIED. ) 
 CURVE ( )  GEOMETRIC_REPRESENTATION_ITEM ( )  RATIONAL_B_SPLINE_CURVE ( ( 1.000000000000000000, 0.8660254037844387076, 1.000000000000000000, 0.8660254037844387076, 1.000000000000000000, 0.8660254037844387076, 1.000000000000000000 ) ) 
 REPRESENTATION_ITEM ( '' )  );
#6444 = CARTESIAN_POINT ( 'NONE',  ( 0.000000000000000000, 0.000000000000000000, 0.000000000000000000 ) ) ;
#6445 = ORIENTED_EDGE ( 'NONE', *, *, #188, .T. ) ;
#6446 = CARTESIAN_POINT ( 'NONE',  ( -1.075163760468011098E-16, 1.755875671608470467, -3.843749999317200849 ) ) ;
#6447 = CYLINDRICAL_SURFACE ( 'NONE', #4720, 4.900000000000000355 ) ;
#6448 = DIRECTION ( 'NONE',  ( 1.000000000000000000, 0.000000000000000000, 0.000000000000000000 ) ) ;
#6449 = CARTESIAN_POINT ( 'NONE',  ( -1.075163760468011098E-16, 1.755875671608470467, -13.34374999931720041 ) ) ;
#6450 = CARTESIAN_POINT ( 'NONE',  ( -0.7603164687499992525, 1.316906753706352795, -15.73958333265053433 ) ) ;
#6451 = LINE ( 'NONE', #7043, #5869 ) ;
#6452 = CARTESIAN_POINT ( 'NONE',  ( -1.520632937499998283, 0.8779378358042350117, 0.2395833340161326597 ) ) ;
#6453 = DATE_TIME_ROLE ( 'classification_date' ) ;
#6454 = DIRECTION ( 'NONE',  ( 0.000000000000000000, 0.000000000000000000, -1.000000000000000000 ) ) ;
#6455 = ORIENTED_EDGE ( 'NONE', *, *, #2961, .T. ) ;
#6456 = CARTESIAN_POINT ( 'NONE',  ( 1.520632937499997617, 0.8779378358042356778, -1.864583332650534109 ) ) ;
#6457 = EDGE_LOOP ( 'NONE', ( #42, #6541, #5324, #1065, #4026, #4169, #2678, #5187, #1597, #318, #6635, #4630, #1625, #6243, #1415, #2538, #6232, #4665, #3939, #3241, #3034, #5938, #678, #3550, #3984, #5727, #4056, #2072, #1634, #6645, #875, #1229, #5093, #6744, #6859, #5126, #2767, #5737, #1895, #6780, #3732, #2923, #2688, #3216, #2099, #5407, #2154, #641, #3195, #5621, #1640, #3741, #6123, #2315, #6837, #1017, #6409, #3664, #4507, #5848, #1488, #4951, #1571, #67, #2352, #6359, #6681, #3568, #5802, #2618, #2189, #4402 ) ) ;
#6458 = CARTESIAN_POINT ( 'NONE',  ( -1.749999999999998002, 2.143131898507865832E-16, 0.000000000000000000 ) ) ;
#6459 = CARTESIAN_POINT ( 'NONE',  ( 1.249999999999998002, 1.530808498934189105E-16, -9.124999998634402587 ) ) ;
#6460 = CARTESIAN_POINT ( 'NONE',  ( 1.520632937499997617, 0.8779378358042356778, -6.927083332650534331 ) ) ;
#6461 = CARTESIAN_POINT ( 'NONE',  ( -1.249999999999998002, 0.000000000000000000, -5.874999998634404363 ) ) ;
#6462 = EDGE_CURVE ( 'NONE', #2528, #3912, #3204, .T. ) ;
#6463 = CARTESIAN_POINT ( 'NONE',  ( 1.520632937499997617, 0.8779378358042356778, -16.42708333265053255 ) ) ;
#6464 = DIRECTION ( 'NONE',  ( -0.000000000000000000, -0.000000000000000000, 1.000000000000000000 ) ) ;
#6465 = ORIENTED_EDGE ( 'NONE', *, *, #4975, .F. ) ;
#6466 = DIRECTION ( 'NONE',  ( -0.000000000000000000, -0.000000000000000000, 1.000000000000000000 ) ) ;
#6467 = ORIENTED_EDGE ( 'NONE', *, *, #3193, .F. ) ;
#6468 = CARTESIAN_POINT ( 'NONE',  ( -1.075163760468011098E-16, 1.755875671608470467, -10.78124999931719863 ) ) ;
#6469 = CARTESIAN_POINT ( 'NONE',  ( -0.6249999999999991118, 1.082531754730546636, -1.458333331967736957 ) ) ;
#6470 = CARTESIAN_POINT ( 'NONE',  ( 1.520632937499998061, 1.862238259587409655E-16, -13.40624999931720041 ) ) ;
#6471 = LINE ( 'NONE', #4888, #1620 ) ;
#6472 = ADVANCED_FACE ( 'NONE', ( #4943 ), #3836, .F. ) ;
#6473 = EDGE_CURVE ( 'NONE', #6709, #5577, #2108, .T. ) ;
#6474 = CARTESIAN_POINT ( 'NONE',  ( -0.6249999999999991118, 1.082531754730546636, -11.08333333333333037 ) ) ;
#6475 = CARTESIAN_POINT ( 'NONE',  ( -0.9180003985003414302, 1.091726805717977644, -17.66665995875164796 ) ) ;
#6476 = CARTESIAN_POINT ( 'NONE',  ( -1.249999999999998002, 0.000000000000000000, -4.374999998634403475 ) ) ;
#6477 = CARTESIAN_POINT ( 'NONE',  ( -1.075163760468011098E-16, 1.755875671608470467, -3.781249999317200849 ) ) ;
#6478 = CARTESIAN_POINT ( 'NONE',  ( -1.520632937499998061, 0.000000000000000000, -12.71874999931720041 ) ) ;
#6479 = CARTESIAN_POINT ( 'NONE',  ( -0.7603164687499980312, -1.316906753706353461, -7.072916665983866480 ) ) ;
#6480 = EDGE_CURVE ( 'NONE', #191, #3375, #4568, .T. ) ;
#6481 = CARTESIAN_POINT ( 'NONE',  ( -0.6249999999999991118, 1.082531754730546636, -7.083333333333330373 ) ) ;
#6482 =( BOUNDED_CURVE ( )  B_SPLINE_CURVE ( 2, ( #2615, #1531, #3566, #2082, #3705, #855, #5882 ),
 .UNSPECIFIED., .F., .T. ) 
 B_SPLINE_CURVE_WITH_KNOTS ( ( 3, 2, 2, 3 ),
 ( 0.6756756756756756577, 0.6801801801801802272, 0.6846846846846846857, 0.6891891891891891442 ),
 .UNSPECIFIED. ) 
 CURVE ( )  GEOMETRIC_REPRESENTATION_ITEM ( )  RATIONAL_B_SPLINE_CURVE ( ( 1.000000000000000000, 0.8660254037844387076, 1.000000000000000000, 0.8660254037844387076, 1.000000000000000000, 0.8660254037844387076, 1.000000000000000000 ) ) 
 REPRESENTATION_ITEM ( '' )  );
#6483 = CARTESIAN_POINT ( 'NONE',  ( 1.249999999999998002, 0.7216878364870314977, -3.208333333333329929 ) ) ;
#6484 = CARTESIAN_POINT ( 'NONE',  ( -1.520632937499998727, 0.8779378358042350117, -12.76041666598386648 ) ) ;
#6485 =( NAMED_UNIT ( * ) PLANE_ANGLE_UNIT ( ) SI_UNIT ( $, .RADIAN. ) );
#6486 = EDGE_LOOP ( 'NONE', ( #1207, #1962, #3559, #1346 ) ) ;
#6487 = CARTESIAN_POINT ( 'NONE',  ( 0.7603164687499996965, -1.316906753706352573, -5.052083332650533443 ) ) ;
#6488 = CARTESIAN_POINT ( 'NONE',  ( 1.249999999999998002, -0.7216878364870306095, -7.791666666666663410 ) ) ;
#6489 = CARTESIAN_POINT ( 'NONE',  ( 1.249999999999998002, 1.530808498934189105E-16, -2.624999998634403919 ) ) ;
#6490 = CARTESIAN_POINT ( 'NONE',  ( 3.225491281404032925E-16, -1.755875671608470467, -13.09374999931720041 ) ) ;
#6491 = CARTESIAN_POINT ( 'NONE',  ( 1.520632937499998061, 1.862238259587409655E-16, -5.468749999317200405 ) ) ;
#6492 = CALENDAR_DATE ( 2023, 14, 3 ) ;
#6493 =( BOUNDED_CURVE ( )  B_SPLINE_CURVE ( 2, ( #2566, #453, #4724, #3124, #5291, #4252, #1051 ),
 .UNSPECIFIED., .F., .T. ) 
 B_SPLINE_CURVE_WITH_KNOTS ( ( 3, 2, 2, 3 ),
 ( 0.4189189189189189699, 0.4234234234234234839, 0.4279279279279279424, 0.4324324324324324564 ),
 .UNSPECIFIED. ) 
 CURVE ( )  GEOMETRIC_REPRESENTATION_ITEM ( )  RATIONAL_B_SPLINE_CURVE ( ( 0.9999999999999983347, 0.8660254037844403729, 1.000000000000000000, 0.8660254037844387076, 1.000000000000000000, 0.8660254037844387076, 1.000000000000000000 ) ) 
 REPRESENTATION_ITEM ( '' )  );
#6494 = CARTESIAN_POINT ( 'NONE',  ( 1.249999999999998002, 0.000000000000000000, 0.000000000000000000 ) ) ;
#6495 = ORIENTED_EDGE ( 'NONE', *, *, #4219, .T. ) ;
#6496 = CARTESIAN_POINT ( 'NONE',  ( 0.6249999999999986677, 1.082531754730546858, -10.66666666666666430 ) ) ;
#6497 = CARTESIAN_POINT ( 'NONE',  ( -0.6249999999999991118, 1.082531754730546636, -9.458333331967734736 ) ) ;
#6498 = CARTESIAN_POINT ( 'NONE',  ( 1.520632937499998061, 1.862238259587409655E-16, -5.968749999317199517 ) ) ;
#6499 = CARTESIAN_POINT ( 'NONE',  ( -0.7603164687499992525, 1.316906753706352795, -8.239583332650534331 ) ) ;
#6500 = CARTESIAN_POINT ( 'NONE',  ( 1.249999999999998002, 1.530808498934189105E-16, -13.62499999863440259 ) ) ;
#6501 = CARTESIAN_POINT ( 'NONE',  ( 1.249999999999998002, 0.000000000000000000, 0.000000000000000000 ) ) ;
#6502 = ORIENTED_EDGE ( 'NONE', *, *, #3496, .T. ) ;
#6503 = CARTESIAN_POINT ( 'NONE',  ( 1.249999999999998002, 1.530808498934189105E-16, -5.749999999999996447 ) ) ;
#6504 = VERTEX_POINT ( 'NONE', #2251 ) ;
#6505 = CARTESIAN_POINT ( 'NONE',  ( 1.520632937499998283, -0.8779378358042346786, -10.44791666598386826 ) ) ;
#6506 = CARTESIAN_POINT ( 'NONE',  ( 1.249999999999998002, 0.7216878364870314977, -2.583333331967736957 ) ) ;
#6507 = CARTESIAN_POINT ( 'NONE',  ( 3.225491281404032925E-16, -1.755875671608470467, -15.53124999931720218 ) ) ;
#6508 = CARTESIAN_POINT ( 'NONE',  ( 1.249999999999998002, 1.530808498934189105E-16, -15.62499999863440259 ) ) ;
#6509 = CARTESIAN_POINT ( 'NONE',  ( 1.249999999999998002, 1.530808498934189105E-16, -12.74999999999999822 ) ) ;
#6510 = CARTESIAN_POINT ( 'NONE',  ( -1.263922092790065621, 0.3364453637161692323, -17.54728655714212238 ) ) ;
#6511 = CARTESIAN_POINT ( 'NONE',  ( -0.6249999999999991118, 1.082531754730546636, -14.95833333196773474 ) ) ;
#6512 = EDGE_CURVE ( 'NONE', #1117, #5381, #1160, .T. ) ;
#6513 = FACE_OUTER_BOUND ( 'NONE', #2152, .T. ) ;
#6514 = CARTESIAN_POINT ( 'NONE',  ( -0.7603164687499992525, 1.316906753706352795, -3.739583332650533887 ) ) ;
#6515 = CARTESIAN_POINT ( 'NONE',  ( -0.7603164687499980312, -1.316906753706353461, -11.63541666598386648 ) ) ;
#6516 = CARTESIAN_POINT ( 'NONE',  ( 3.225491281404032925E-16, -1.755875671608470467, -8.531249999317198629 ) ) ;
#6517 = CARTESIAN_POINT ( 'NONE',  ( -0.7603164687499992525, 1.316906753706352795, -3.239583332650534331 ) ) ;
#6518 = CARTESIAN_POINT ( 'NONE',  ( 1.249999999999998224, -0.7216878364870306095, -4.291666666666664298 ) ) ;
#6519 = CARTESIAN_POINT ( 'NONE',  ( -1.520632937499997617, -0.8779378358042360109, -11.17708333265053255 ) ) ;
#6520 = ADVANCED_FACE ( 'NONE', ( #1025 ), #3731, .F. ) ;
#6521 = PERSON_AND_ORGANIZATION ( #4357, #1856 ) ;
#6522 = VERTEX_POINT ( 'NONE', #31 ) ;
#6524 = CARTESIAN_POINT ( 'NONE',  ( 3.225491281404032925E-16, -1.755875671608470467, -4.093749999317200405 ) ) ;
#6523 =( BOUNDED_CURVE ( )  B_SPLINE_CURVE ( 2, ( #4077, #6342, #6374, #2060, #6267, #5186, #6926 ),
 .UNSPECIFIED., .F., .T. ) 
 B_SPLINE_CURVE_WITH_KNOTS ( ( 3, 2, 2, 3 ),
 ( 0.9054054054054054834, 0.9099099099099099419, 0.9144144144144142894, 0.9189189189189187479 ),
 .UNSPECIFIED. ) 
 CURVE ( )  GEOMETRIC_REPRESENTATION_ITEM ( )  RATIONAL_B_SPLINE_CURVE ( ( 0.9999999999999966693, 0.8660254037844420383, 1.000000000000000000, 0.8660254037844387076, 1.000000000000000000, 0.8660254037844452579, 0.9999999999999934497 ) ) 
 REPRESENTATION_ITEM ( '' )  );
#6525 = DIRECTION ( 'NONE',  ( -0.000000000000000000, -0.000000000000000000, 1.000000000000000000 ) ) ;
#6526 = CARTESIAN_POINT ( 'NONE',  ( -1.249999999999997558, -0.7216878364870317197, -2.833333331967736957 ) ) ;
#6527 = CARTESIAN_POINT ( 'NONE',  ( -0.7603164687499992525, 1.316906753706352795, -14.30208333265053433 ) ) ;
#6528 = CARTESIAN_POINT ( 'NONE',  ( 2.651438096812262973E-16, -1.443375672974062107, -2.374999999999997335 ) ) ;
#6529 = CARTESIAN_POINT ( 'NONE',  ( 1.520632937499998727, -0.8779378358042346786, -4.510416665983866480 ) ) ;
#6530 = DIRECTION ( 'NONE',  ( 1.000000000000000000, 0.000000000000000000, 0.000000000000000000 ) ) ;
#6531 = ORIENTED_EDGE ( 'NONE', *, *, #5718, .F. ) ;
#6532 = CIRCLE ( 'NONE', #818, 2.250000000000000444 ) ;
#6533 = CARTESIAN_POINT ( 'NONE',  ( 1.249999999999998002, 1.530808498934189105E-16, -17.12499999863440436 ) ) ;
#6534 = CARTESIAN_POINT ( 'NONE',  ( -8.838126989374211143E-17, 1.443375672974062107, -14.99999999863440259 ) ) ;
#6535 = CARTESIAN_POINT ( 'NONE',  ( -1.075163760468011098E-16, 1.755875671608470467, -6.343749999317199517 ) ) ;
#6536 = CARTESIAN_POINT ( 'NONE',  ( 1.520632937499998061, 1.862238259587409655E-16, -9.406249999317200405 ) ) ;
#6537 = LINE ( 'NONE', #1100, #3884 ) ;
#6538 = DIRECTION ( 'NONE',  ( -0.000000000000000000, -0.000000000000000000, 1.000000000000000000 ) ) ;
#6539 =( BOUNDED_CURVE ( )  B_SPLINE_CURVE ( 2, ( #1854, #4619, #2952, #6750, #3453, #3557, #2985 ),
 .UNSPECIFIED., .F., .T. ) 
 B_SPLINE_CURVE_WITH_KNOTS ( ( 3, 2, 2, 3 ),
 ( 0.8918918918918918859, 0.8963963963963963444, 0.9009009009009010249, 0.9054054054054054834 ),
 .UNSPECIFIED. ) 
 CURVE ( )  GEOMETRIC_REPRESENTATION_ITEM ( )  RATIONAL_B_SPLINE_CURVE ( ( 1.000000000000000000, 0.8660254037844387076, 1.000000000000000000, 0.8660254037844387076, 1.000000000000000000, 0.8660254037844353769, 1.000000000000003331 ) ) 
 REPRESENTATION_ITEM ( '' )  );
#6540 = APPROVAL ( #3730, 'UNSPECIFIED' ) ;
#6541 = ORIENTED_EDGE ( 'NONE', *, *, #5610, .F. ) ;
#6542 = CARTESIAN_POINT ( 'NONE',  ( -1.249999999999998002, 0.000000000000000000, -7.499999999999998224 ) ) ;
#6543 = VERTEX_POINT ( 'NONE', #3340 ) ;
#6544 = CARTESIAN_POINT ( 'NONE',  ( 1.520632937499997617, 0.8779378358042356778, -10.86458333265053433 ) ) ;
#6545 = CARTESIAN_POINT ( 'NONE',  ( 0.6249999999999986677, 1.082531754730546858, -0.5416666653010704380 ) ) ;
#6546 = CARTESIAN_POINT ( 'NONE',  ( -1.520632937499998283, 0.8779378358042350117, -16.19791666598386826 ) ) ;
#6547 = CARTESIAN_POINT ( 'NONE',  ( 0.6249999999999995559, -1.082531754730546414, -12.33333333333333215 ) ) ;
#6548 = FACE_OUTER_BOUND ( 'NONE', #4789, .T. ) ;
#6549 =( BOUNDED_CURVE ( )  B_SPLINE_CURVE ( 2, ( #2896, #3392, #4490, #5493, #5630, #2825, #5064 ),
 .UNSPECIFIED., .F., .T. ) 
 B_SPLINE_CURVE_WITH_KNOTS ( ( 3, 2, 2, 3 ),
 ( 0.3513513513513513709, 0.3558558558558558294, 0.3603603603603603989, 0.3648648648648649129 ),
 .UNSPECIFIED. ) 
 CURVE ( )  GEOMETRIC_REPRESENTATION_ITEM ( )  RATIONAL_B_SPLINE_CURVE ( ( 1.000000000000000000, 0.8660254037844387076, 1.000000000000000000, 0.8660254037844387076, 1.000000000000000000, 0.8660254037844370423, 1.000000000000001554 ) ) 
 REPRESENTATION_ITEM ( '' )  );
#6550 = CARTESIAN_POINT ( 'NONE',  ( -1.249999999999998224, 0.7216878364870308316, -14.41666666530106866 ) ) ;
#6551 = CARTESIAN_POINT ( 'NONE',  ( 1.250000000000006661, -0.7216878364870255025, -4.166666665301069550 ) ) ;
#6552 = CARTESIAN_POINT ( 'NONE',  ( 1.520632937499998283, -0.8779378358042346786, -2.947916665983867368 ) ) ;
#6553 = CARTESIAN_POINT ( 'NONE',  ( -1.520632937499998283, 0.8779378358042350117, -13.26041666598386826 ) ) ;
#6554 = CARTESIAN_POINT ( 'NONE',  ( -1.520632937499998283, 0.8779378358042350117, -8.197916665983866480 ) ) ;
#6555 = CARTESIAN_POINT ( 'NONE',  ( -0.7603164687499980312, -1.316906753706353461, -4.072916665983867368 ) ) ;
#6556 = CARTESIAN_POINT ( 'NONE',  ( -1.249999999999997780, -0.7216878364870316087, -7.458333333333330373 ) ) ;
#6557 = ADVANCED_FACE ( 'NONE', ( #2216 ), #3766, .F. ) ;
#6558 = CARTESIAN_POINT ( 'NONE',  ( 1.520632937499997617, 0.8779378358042356778, -11.42708333265053433 ) ) ;
#6559 = DIRECTION ( 'NONE',  ( -0.000000000000000000, -0.000000000000000000, 1.000000000000000000 ) ) ;
#6560 = CARTESIAN_POINT ( 'NONE',  ( 0.6249999999999995559, -1.082531754730546414, -15.33333333333332860 ) ) ;
#6561 = VERTEX_POINT ( 'NONE', #4401 ) ;
#6562 = CARTESIAN_POINT ( 'NONE',  ( -1.520632937499997617, -0.8779378358042361219, -4.677083332650533443 ) ) ;
#6563 = CYLINDRICAL_SURFACE ( 'NONE', #5628, 1.249999999999998002 ) ;
#6564 = CARTESIAN_POINT ( 'NONE',  ( 1.249999999999998002, 1.530808498934189105E-16, -17.24999999999999289 ) ) ;
#6565 = CARTESIAN_POINT ( 'NONE',  ( -1.520632937499998727, 0.8779378358042350117, -3.260416665983867368 ) ) ;
#6566 = CIRCLE ( 'NONE', #4373, 2.500000000000000000 ) ;
#6567 = CARTESIAN_POINT ( 'NONE',  ( -1.249999999999998002, 0.000000000000000000, -8.999999999999998224 ) ) ;
#6568 = VECTOR ( 'NONE', #5057, 1000.000000000000000 ) ;
#6569 = ORIENTED_EDGE ( 'NONE', *, *, #2198, .F. ) ;
#6570 = CARTESIAN_POINT ( 'NONE',  ( -1.249999999999998002, 0.000000000000000000, -14.99999999999999822 ) ) ;
#6571 = CARTESIAN_POINT ( 'NONE',  ( -1.075163760468011098E-16, 1.755875671608470467, -4.843749999317201294 ) ) ;
#6572 = CARTESIAN_POINT ( 'NONE',  ( 0.7603164687499996965, -1.316906753706352573, -8.489583332650534331 ) ) ;
#6573 = CARTESIAN_POINT ( 'NONE',  ( -1.250000000000007105, 0.7216878364870258356, -4.541666666666665186 ) ) ;
#6574 = CARTESIAN_POINT ( 'NONE',  ( -1.520632937499998061, 0.000000000000000000, -18.21874999931720041 ) ) ;
#6575 = ORIENTED_EDGE ( 'NONE', *, *, #964, .F. ) ;
#6576 = CARTESIAN_POINT ( 'NONE',  ( -1.249999999999998002, 0.000000000000000000, -15.87499999863440436 ) ) ;
#6577 = ORIENTED_EDGE ( 'NONE', *, *, #1318, .F. ) ;
#6578 = CARTESIAN_POINT ( 'NONE',  ( -0.7603164687499992525, 1.316906753706352795, -11.23958333265053255 ) ) ;
#6579 = CARTESIAN_POINT ( 'NONE',  ( -1.249999999999997780, -0.7216878364870316087, -5.333333331967736513 ) ) ;
#6580 = CARTESIAN_POINT ( 'NONE',  ( -0.7603164687499980312, -1.316906753706353461, -15.57291666598386648 ) ) ;
#6581 = DIRECTION ( 'NONE',  ( 1.000000000000000000, 0.000000000000000000, 0.000000000000000000 ) ) ;
#6582 = CARTESIAN_POINT ( 'NONE',  ( -1.249999999999997558, -0.7216878364870317197, -1.458333333333330595 ) ) ;
#6583 = CARTESIAN_POINT ( 'NONE',  ( -8.838126989374211143E-17, 1.443375672974062107, -13.99999999863440259 ) ) ;
#6584 = CARTESIAN_POINT ( 'NONE',  ( -1.412761184446977181, 0.5953316117875130375, -0.2293670624999987473 ) ) ;
#6585 = CARTESIAN_POINT ( 'NONE',  ( -0.7603164687499992525, 1.316906753706352795, -4.239583332650533443 ) ) ;
#6586 = CARTESIAN_POINT ( 'NONE',  ( -1.075163760468011098E-16, 1.755875671608470467, -13.34374999931720041 ) ) ;
#6587 = CARTESIAN_POINT ( 'NONE',  ( 3.225491281404032925E-16, -1.755875671608470467, -8.031249999317200405 ) ) ;
#6588 = CARTESIAN_POINT ( 'NONE',  ( -1.075163760468011222E-16, 1.755875671608470023, -3.781249999317200849 ) ) ;
#6589 = CARTESIAN_POINT ( 'NONE',  ( -0.6249999999999982236, -1.082531754730547302, -7.916666666666664298 ) ) ;
#6590 = CARTESIAN_POINT ( 'NONE',  ( 1.520632937499998727, -0.8779378358042346786, -12.01041666598386648 ) ) ;
#6591 =( BOUNDED_CURVE ( )  B_SPLINE_CURVE ( 2, ( #3689, #3198, #3762, #3657, #5832, #2705, #2635 ),
 .UNSPECIFIED., .F., .T. ) 
 B_SPLINE_CURVE_WITH_KNOTS ( ( 3, 2, 2, 3 ),
 ( 0.6621621621621620601, 0.6666666666666665186, 0.6711711711711711992, 0.6756756756756756577 ),
 .UNSPECIFIED. ) 
 CURVE ( )  GEOMETRIC_REPRESENTATION_ITEM ( )  RATIONAL_B_SPLINE_CURVE ( ( 1.000000000000003331, 0.8660254037844353769, 1.000000000000000000, 0.8660254037844387076, 1.000000000000000000, 0.8660254037844387076, 1.000000000000000000 ) ) 
 REPRESENTATION_ITEM ( '' )  );
#6592 = EDGE_CURVE ( 'NONE', #1034, #3024, #2110, .T. ) ;
#6593 = CARTESIAN_POINT ( 'NONE',  ( -1.249999999999997780, -0.7216878364870316087, -14.95833333333333037 ) ) ;
#6594 = ORIENTED_EDGE ( 'NONE', *, *, #449, .T. ) ;
#6595 = CARTESIAN_POINT ( 'NONE',  ( 0.7603164687499986973, 1.316906753706353017, -3.385416665983867368 ) ) ;
#6596 = CARTESIAN_POINT ( 'NONE',  ( 0.7603164687499996965, -1.316906753706352573, -1.489583332650533887 ) ) ;
#6597 = CARTESIAN_POINT ( 'NONE',  ( 0.000000000000000000, 0.000000000000000000, 0.000000000000000000 ) ) ;
#6598 = CYLINDRICAL_SURFACE ( 'NONE', #6341, 4.900000000000000355 ) ;
#6599 = CARTESIAN_POINT ( 'NONE',  ( -1.249999999999998002, 0.000000000000000000, -0.4999999999999973910 ) ) ;
#6600 = CARTESIAN_POINT ( 'NONE',  ( 1.520632937499997617, 0.8779378358042356778, -3.927083332650533443 ) ) ;
#6601 = CARTESIAN_POINT ( 'NONE',  ( 0.6249999999999986677, 1.082531754730546858, -4.041666665301070438 ) ) ;
#6602 = EDGE_CURVE ( 'NONE', #1301, #4764, #3890, .T. ) ;
#6603 = ORIENTED_EDGE ( 'NONE', *, *, #3541, .T. ) ;
#6604 = CARTESIAN_POINT ( 'NONE',  ( 1.249999999999998002, 0.000000000000000000, 0.000000000000000000 ) ) ;
#6605 = CARTESIAN_POINT ( 'NONE',  ( -1.249999999999997558, -0.7216878364870317197, -12.83333333196773474 ) ) ;
#6606 = CARTESIAN_POINT ( 'NONE',  ( -0.7603164687499980312, -1.316906753706353461, -6.635416665983866480 ) ) ;
#6607 = CARTESIAN_POINT ( 'NONE',  ( 1.520632937499998061, 1.862238259587409655E-16, -9.906249999317200405 ) ) ;
#6608 = CARTESIAN_POINT ( 'NONE',  ( 2.651438096812262973E-16, -1.443375672974062107, -7.749999998634404363 ) ) ;
#6609 = LINE ( 'NONE', #5411, #3326 ) ;
#6610 = ADVANCED_FACE ( 'NONE', ( #4298 ), #5909, .F. ) ;
#6611 = ORIENTED_EDGE ( 'NONE', *, *, #2590, .T. ) ;
#6612 = CARTESIAN_POINT ( 'NONE',  ( 1.249999999999980460, -0.7216878364870409346, -15.66666666530107044 ) ) ;
#6613 = ORIENTED_EDGE ( 'NONE', *, *, #5413, .T. ) ;
#6614 = CARTESIAN_POINT ( 'NONE',  ( 1.520632937499998061, 1.862238259587409655E-16, -12.90624999931720041 ) ) ;
#6615 = CARTESIAN_POINT ( 'NONE',  ( 0.6249999999999995559, -1.082531754730546414, -5.208333331967737401 ) ) ;
#6616 = CARTESIAN_POINT ( 'NONE',  ( 1.520632937499998061, 1.862238259587409655E-16, -16.40624999931720396 ) ) ;
#6617 = FACE_OUTER_BOUND ( 'NONE', #4411, .T. ) ;
#6618 = CARTESIAN_POINT ( 'NONE',  ( -0.6249999999999982236, -1.082531754730547302, -15.79166666530107044 ) ) ;
#6619 = CARTESIAN_POINT ( 'NONE',  ( -1.249999999999997558, -0.7216878364870317197, -2.333333331967736957 ) ) ;
#6620 = APPLICATION_PROTOCOL_DEFINITION ( 'international standard', 'config_control_design', 1994, #3511 ) ;
#6621 = CARTESIAN_POINT ( 'NONE',  ( -1.520632937499997617, -0.8779378358042361219, -3.614583332650533443 ) ) ;
#6622 = CARTESIAN_POINT ( 'NONE',  ( -1.075163760468011098E-16, 1.755875671608470467, -15.84374999931720218 ) ) ;
#6623 = CARTESIAN_POINT ( 'NONE',  ( -1.520632937499998283, 0.8779378358042350117, -8.697916665983866480 ) ) ;
#6624 = CARTESIAN_POINT ( 'NONE',  ( -1.520632937499998727, 0.8779378358042350117, -3.197916665983867368 ) ) ;
#6625 = CARTESIAN_POINT ( 'NONE',  ( 1.249999999999998002, 0.7216878364870314977, -7.708333333333331261 ) ) ;
#6626 = CARTESIAN_POINT ( 'NONE',  ( 0.7603164687499986973, 1.316906753706353017, -15.88541666598386826 ) ) ;
#6627 = CARTESIAN_POINT ( 'NONE',  ( 0.7603164687499996965, -1.316906753706352573, -6.552083332650533443 ) ) ;
#6628 = CARTESIAN_POINT ( 'NONE',  ( 1.520632937499998061, 1.862238259587409655E-16, -0.4062499993172006829 ) ) ;
#6629 = CARTESIAN_POINT ( 'NONE',  ( -0.6249999999999982236, -1.082531754730547302, -15.29166666530106866 ) ) ;
#6630 = CARTESIAN_POINT ( 'NONE',  ( -1.249999999999998224, 0.7216878364870308316, -10.41666666530107044 ) ) ;
#6631 = CARTESIAN_POINT ( 'NONE',  ( -0.6249999999999982236, -1.082531754730547302, -16.91666666666666430 ) ) ;
#6632 = CARTESIAN_POINT ( 'NONE',  ( 0.6249999999999995559, -1.082531754730546414, 0.1666666666666692942 ) ) ;
#6633 = CARTESIAN_POINT ( 'NONE',  ( 1.520632937499998061, 1.862238259587409655E-16, -3.968749999317199961 ) ) ;
#6634 = DIRECTION ( 'NONE',  ( -0.000000000000000000, -0.000000000000000000, 1.000000000000000000 ) ) ;
#6635 = ORIENTED_EDGE ( 'NONE', *, *, #450, .F. ) ;
#6636 = FACE_OUTER_BOUND ( 'NONE', #3775, .T. ) ;
#6637 = CARTESIAN_POINT ( 'NONE',  ( -1.249999999999998002, 0.7216878364870310536, -15.91666666530107044 ) ) ;
#6638 = CARTESIAN_POINT ( 'NONE',  ( 1.520632937499998283, -0.8779378358042346786, -8.510416665983866480 ) ) ;
#6639 = VECTOR ( 'NONE', #1715, 1000.000000000000000 ) ;
#6640 = CARTESIAN_POINT ( 'NONE',  ( -0.7603164687499980312, -1.316906753706353461, -11.57291666598386648 ) ) ;
#6641 = CARTESIAN_POINT ( 'NONE',  ( 1.249999999999980016, 0.7216878364870418228, -11.70833333333333037 ) ) ;
#6642 = CARTESIAN_POINT ( 'NONE',  ( 0.6249999999999986677, 1.082531754730546858, -12.04166666530106866 ) ) ;
#6643 = CARTESIAN_POINT ( 'NONE',  ( -0.6249999999999982236, -1.082531754730547302, -14.41666666666666430 ) ) ;
#6644 = EDGE_CURVE ( 'NONE', #1313, #2743, #2675, .T. ) ;
#6645 = ORIENTED_EDGE ( 'NONE', *, *, #131, .F. ) ;
#6646 = CARTESIAN_POINT ( 'NONE',  ( 1.249999999999988898, 0.7216878364870367157, -8.583333331967734736 ) ) ;
#6647 = ORIENTED_EDGE ( 'NONE', *, *, #1758, .T. ) ;
#6648 = CARTESIAN_POINT ( 'NONE',  ( -1.520632937499997617, -0.8779378358042361219, -14.61458333265053433 ) ) ;
#6649 = CARTESIAN_POINT ( 'NONE',  ( -0.6249999999999991118, 1.082531754730546636, -4.458333331967737401 ) ) ;
#6650 = CARTESIAN_POINT ( 'NONE',  ( -1.520632937499997617, -0.8779378358042361219, -16.11458333265053255 ) ) ;
#6651 = CARTESIAN_POINT ( 'NONE',  ( 0.000000000000000000, 0.000000000000000000, 0.000000000000000000 ) ) ;
#6652 = CC_DESIGN_SECURITY_CLASSIFICATION ( #825, ( #4924 ) ) ;
#6653 = EDGE_CURVE ( 'NONE', #3375, #191, #2982, .T. ) ;
#6654 = CARTESIAN_POINT ( 'NONE',  ( 2.651438096812262973E-16, -1.443375672974062107, -15.74999999863440436 ) ) ;
#6655 = DIRECTION ( 'NONE',  ( -1.000000000000000000, 0.000000000000000000, 0.000000000000000000 ) ) ;
#6656 = CARTESIAN_POINT ( 'NONE',  ( 1.520632937499998283, -0.8779378358042346786, -6.947916665983867368 ) ) ;
#6657 = CARTESIAN_POINT ( 'NONE',  ( 3.225491281404032925E-16, -1.755875671608470467, -15.09374999931719863 ) ) ;
#6658 = CARTESIAN_POINT ( 'NONE',  ( 1.520632937499997617, 0.8779378358042356778, -8.864583332650532554 ) ) ;
#6659 = CARTESIAN_POINT ( 'NONE',  ( -1.520632937499998727, 0.8779378358042350117, -2.697916665983867368 ) ) ;
#6660 = CARTESIAN_POINT ( 'NONE',  ( -8.838126989374211143E-17, 1.443375672974062107, -5.624999999999996447 ) ) ;
#6661 = CARTESIAN_POINT ( 'NONE',  ( 1.520632937499997617, 0.8779378358042356778, -14.92708333265053255 ) ) ;
#6662 = CARTESIAN_POINT ( 'NONE',  ( -1.249999999999998224, 0.7216878364870308316, -16.04166666666666075 ) ) ;
#6663 = CARTESIAN_POINT ( 'NONE',  ( -1.075163760468011098E-16, 1.755875671608470467, -7.843749999317201294 ) ) ;
#6664 = CARTESIAN_POINT ( 'NONE',  ( -1.075163760468011098E-16, 1.755875671608470467, -2.781249999317200405 ) ) ;
#6665 = CYLINDRICAL_SURFACE ( 'NONE', #4946, 1.249999999999998002 ) ;
#6666 = CARTESIAN_POINT ( 'NONE',  ( 2.651438096812262973E-16, -1.443375672974062107, -11.24999999863440259 ) ) ;
#6667 = DIRECTION ( 'NONE',  ( -0.000000000000000000, -0.000000000000000000, 1.000000000000000000 ) ) ;
#6668 = CARTESIAN_POINT ( 'NONE',  ( -8.838126989374211143E-17, 1.443375672974062107, -3.124999999999997335 ) ) ;
#6669 = CARTESIAN_POINT ( 'NONE',  ( -0.7603164687499980312, -1.316906753706353461, -7.635416665983866480 ) ) ;
#6670 = DIRECTION ( 'NONE',  ( 1.000000000000000000, 0.000000000000000000, 0.000000000000000000 ) ) ;
#6671 = VERTEX_POINT ( 'NONE', #1560 ) ;
#6672 = CARTESIAN_POINT ( 'NONE',  ( -8.838126989374211143E-17, 1.443375672974062107, -0.9999999986344035863 ) ) ;
#6673 = CARTESIAN_POINT ( 'NONE',  ( -8.838126989374211143E-17, 1.443375672974062107, -11.49999999863440259 ) ) ;
#6674 = AXIS2_PLACEMENT_3D ( 'NONE', #4367, #5578, #1702 ) ;
#6675 = CARTESIAN_POINT ( 'NONE',  ( 0.7603164687499986973, 1.316906753706353017, -7.885416665983866480 ) ) ;
#6676 = CARTESIAN_POINT ( 'NONE',  ( -1.520632937499998061, 0.000000000000000000, -10.15624999931719863 ) ) ;
#6677 = DIRECTION ( 'NONE',  ( -0.000000000000000000, -0.000000000000000000, 1.000000000000000000 ) ) ;
#6678 = CARTESIAN_POINT ( 'NONE',  ( 1.160017537096412532, -0.7101856654866222085, -17.60703551568576586 ) ) ;
#6679 = CARTESIAN_POINT ( 'NONE',  ( 1.249999999999998002, 0.7216878364870314977, -14.20833333333333037 ) ) ;
#6680 = AXIS2_PLACEMENT_3D ( 'NONE', #4501, #4536, #1366 ) ;
#6681 = ORIENTED_EDGE ( 'NONE', *, *, #5495, .F. ) ;
#6682 = EDGE_CURVE ( 'NONE', #6306, #5957, #2605, .T. ) ;
#6683 = ORIENTED_EDGE ( 'NONE', *, *, #3663, .T. ) ;
#6684 = CARTESIAN_POINT ( 'NONE',  ( -1.075163760468011098E-16, 1.755875671608470467, -12.78124999931720041 ) ) ;
#6685 =( BOUNDED_CURVE ( )  B_SPLINE_CURVE ( 2, ( #390, #464, #7047, #3135, #6496, #5302, #2146 ),
 .UNSPECIFIED., .F., .T. ) 
 B_SPLINE_CURVE_WITH_KNOTS ( ( 3, 2, 2, 3 ),
 ( 0.5945945945945946276, 0.5990990990990990861, 0.6036036036036036556, 0.6081081081081081141 ),
 .UNSPECIFIED. ) 
 CURVE ( )  GEOMETRIC_REPRESENTATION_ITEM ( )  RATIONAL_B_SPLINE_CURVE ( ( 1.000000000000000000, 0.8660254037844387076, 1.000000000000000000, 0.8660254037844387076, 1.000000000000000000, 0.8660254037844387076, 1.000000000000000000 ) ) 
 REPRESENTATION_ITEM ( '' )  );
#6686 = CARTESIAN_POINT ( 'NONE',  ( -1.249999999999997780, -0.7216878364870316087, -3.333333331967736957 ) ) ;
#6687 = CARTESIAN_POINT ( 'NONE',  ( -0.7603164687499992525, 1.316906753706352795, -0.3020833326505339422 ) ) ;
#6688 = CYLINDRICAL_SURFACE ( 'NONE', #1044, 1.249999999999998002 ) ;
#6689 = AXIS2_PLACEMENT_3D ( 'NONE', #1446, #5190, #3085 ) ;
#6690 = CARTESIAN_POINT ( 'NONE',  ( 1.249999999999998224, -0.7216878364870306095, -16.16666666530107221 ) ) ;
#6691 = CARTESIAN_POINT ( 'NONE',  ( -2.500000000000000000, 3.061616997868383141E-16, 0.000000000000000000 ) ) ;
#6692 = EDGE_CURVE ( 'NONE', #5465, #6062, #5044, .T. ) ;
#6693 = CARTESIAN_POINT ( 'NONE',  ( 0.7603164687499986973, 1.316906753706353017, -6.822916665983867368 ) ) ;
#6694 = EDGE_CURVE ( 'NONE', #3421, #2208, #4043, .T. ) ;
#6695 = CARTESIAN_POINT ( 'NONE',  ( -0.7603164687499992525, 1.316906753706352795, -14.30208333265053433 ) ) ;
#6696 = CARTESIAN_POINT ( 'NONE',  ( 1.520632937499998061, 1.862238259587409655E-16, -11.90624999931719863 ) ) ;
#6697 = CARTESIAN_POINT ( 'NONE',  ( 3.225491281404033418E-16, -1.755875671608470023, -5.031249999317200405 ) ) ;
#6698 = CARTESIAN_POINT ( 'NONE',  ( 1.249999999999998224, -0.7216878364870306095, -7.291666666666663410 ) ) ;
#6699 = CARTESIAN_POINT ( 'NONE',  ( 3.225491281404033418E-16, -1.755875671608470023, -14.09374999931719863 ) ) ;
#6700 = EDGE_CURVE ( 'NONE', #4739, #426, #4801, .T. ) ;
#6701 = CARTESIAN_POINT ( 'NONE',  ( 1.249999999999998224, -0.7216878364870306095, -17.79166666666666075 ) ) ;
#6702 = CARTESIAN_POINT ( 'NONE',  ( -1.520632937499998061, 0.000000000000000000, -6.718749999317200405 ) ) ;
#6703 = CARTESIAN_POINT ( 'NONE',  ( -1.520632937499998061, 0.000000000000000000, -2.156249999317200849 ) ) ;
#6704 = DIRECTION ( 'NONE',  ( -0.000000000000000000, -0.000000000000000000, 1.000000000000000000 ) ) ;
#6705 = CARTESIAN_POINT ( 'NONE',  ( 2.651438096812262973E-16, -1.443375672974062107, -12.74999999863440259 ) ) ;
#6706 = CARTESIAN_POINT ( 'NONE',  ( -1.249999999999998002, 0.000000000000000000, -8.874999998634402587 ) ) ;
#6707 = CARTESIAN_POINT ( 'NONE',  ( -0.7603164687499992525, 1.316906753706352795, -5.802083332650533443 ) ) ;
#6708 = DIRECTION ( 'NONE',  ( 1.000000000000000000, 0.000000000000000000, 0.000000000000000000 ) ) ;
#6709 = VERTEX_POINT ( 'NONE', #2350 ) ;
#6710 = CARTESIAN_POINT ( 'NONE',  ( 1.250000000000015543, 0.7216878364870213947, -11.58333333196773829 ) ) ;
#6711 = CARTESIAN_POINT ( 'NONE',  ( 0.7603164687499996965, -1.316906753706352573, -9.052083332650532554 ) ) ;
#6712 = CARTESIAN_POINT ( 'NONE',  ( -1.520632937499997617, -0.8779378358042360109, -11.61458333265053255 ) ) ;
#6713 = DIRECTION ( 'NONE',  ( -0.000000000000000000, -0.000000000000000000, 1.000000000000000000 ) ) ;
#6714 = CARTESIAN_POINT ( 'NONE',  ( 0.6475975338823009020, -1.236609982749036885, -17.63380044411182723 ) ) ;
#6715 = CARTESIAN_POINT ( 'NONE',  ( -1.520632937499998283, 0.8779378358042350117, 0.3020833340161326319 ) ) ;
#6716 = ORIENTED_EDGE ( 'NONE', *, *, #5406, .T. ) ;
#6717 = CARTESIAN_POINT ( 'NONE',  ( -1.249999999999998002, 0.000000000000000000, -11.49999999999999822 ) ) ;
#6718 = VERTEX_POINT ( 'NONE', #3974 ) ;
#6719 = CARTESIAN_POINT ( 'NONE',  ( -0.7603164687499992525, 1.316906753706352795, -13.73958333265053433 ) ) ;
#6720 = CARTESIAN_POINT ( 'NONE',  ( 1.249999999999998002, 0.7216878364870314977, -5.083333331967737401 ) ) ;
#6721 = CARTESIAN_POINT ( 'NONE',  ( 3.225491281404032925E-16, -1.755875671608470467, -0.09374999931720066904 ) ) ;
#6722 = FACE_OUTER_BOUND ( 'NONE', #5794, .T. ) ;
#6723 =( BOUNDED_CURVE ( )  B_SPLINE_CURVE ( 2, ( #6131, #2395, #5619, #775, #6788, #2884, #5090 ),
 .UNSPECIFIED., .F., .T. ) 
 B_SPLINE_CURVE_WITH_KNOTS ( ( 3, 2, 2, 3 ),
 ( 0.06756756756756757132, 0.07207207207207207145, 0.07657657657657657158, 0.08108108108108108558 ),
 .UNSPECIFIED. ) 
 CURVE ( )  GEOMETRIC_REPRESENTATION_ITEM ( )  RATIONAL_B_SPLINE_CURVE ( ( 1.000000000000000000, 0.8660254037844387076, 1.000000000000000000, 0.8660254037844387076, 1.000000000000000000, 0.8660254037844387076, 1.000000000000000000 ) ) 
 REPRESENTATION_ITEM ( '' )  );
#6724 = CARTESIAN_POINT ( 'NONE',  ( -1.249999999999997780, -0.7216878364870316087, -16.83333333196773651 ) ) ;
#6725 = CARTESIAN_POINT ( 'NONE',  ( 0.6249999999999995559, -1.082531754730546414, -9.208333331967734736 ) ) ;
#6726 = EDGE_LOOP ( 'NONE', ( #6716, #838, #7046, #1974 ) ) ;
#6727 = CARTESIAN_POINT ( 'NONE',  ( 1.520632937499998283, -0.8779378358042346786, -4.947916665983867368 ) ) ;
#6728 = CARTESIAN_POINT ( 'NONE',  ( -1.520632937499997617, -0.8779378358042361219, -15.67708333265053433 ) ) ;
#6729 = CARTESIAN_POINT ( 'NONE',  ( -1.075163760468011098E-16, 1.755875671608470467, -10.78124999931719863 ) ) ;
#6730 = CARTESIAN_POINT ( 'NONE',  ( -0.7603164687499980312, -1.316906753706353461, -6.072916665983867368 ) ) ;
#6731 = CARTESIAN_POINT ( 'NONE',  ( -0.6249999999999982236, -1.082531754730547302, -8.416666666666664298 ) ) ;
#6732 = CARTESIAN_POINT ( 'NONE',  ( 1.520632937499997617, 0.8779378358042356778, -13.92708333265053433 ) ) ;
#6733 = ADVANCED_FACE ( 'NONE', ( #3410 ), #2873, .T. ) ;
#6734 = CARTESIAN_POINT ( 'NONE',  ( -8.838126989374211143E-17, 1.443375672974062107, -15.62499999999999822 ) ) ;
#6735 = CARTESIAN_POINT ( 'NONE',  ( -0.7603164687499992525, 1.316906753706352795, -7.302083332650533443 ) ) ;
#6736 = CARTESIAN_POINT ( 'NONE',  ( 1.520632937499998283, -0.8779378358042346786, -4.447916665983866480 ) ) ;
#6737 = CARTESIAN_POINT ( 'NONE',  ( 1.277204503305343408, 0.3318288876834274981, -17.56692916875115174 ) ) ;
#6738 = CARTESIAN_POINT ( 'NONE',  ( 2.651438096812262973E-16, -1.443375672974062107, -12.24999999863440081 ) ) ;
#6739 = CARTESIAN_POINT ( 'NONE',  ( 0.6249999999999995559, -1.082531754730546414, -8.708333331967736513 ) ) ;
#6740 = CARTESIAN_POINT ( 'NONE',  ( 1.249999999999998002, 1.530808498934189105E-16, -3.624999998634403919 ) ) ;
#6741 = CARTESIAN_POINT ( 'NONE',  ( -1.075163760468011222E-16, 1.755875671608470023, -6.843749999317199517 ) ) ;
#6742 = EDGE_CURVE ( 'NONE', #4331, #2652, #5733, .T. ) ;
#6743 = DIRECTION ( 'NONE',  ( -0.000000000000000000, -0.000000000000000000, 1.000000000000000000 ) ) ;
#6744 = ORIENTED_EDGE ( 'NONE', *, *, #4747, .F. ) ;
#6745 = FACE_OUTER_BOUND ( 'NONE', #4366, .T. ) ;
#6746 = CARTESIAN_POINT ( 'NONE',  ( 2.048408142405988100E-08, 1.249999999999997780, -17.49999999999999645 ) ) ;
#6747 = CARTESIAN_POINT ( 'NONE',  ( -0.7603164687499992525, 1.316906753706352795, -9.802083332650534331 ) ) ;
#6748 = CARTESIAN_POINT ( 'NONE',  ( -1.520632937499998727, 0.8779378358042350117, -14.19791666598386826 ) ) ;
#6749 = CYLINDRICAL_SURFACE ( 'NONE', #366, 1.249999999999998002 ) ;
#6750 = CARTESIAN_POINT ( 'NONE',  ( -8.838126989374211143E-17, 1.443375672974062107, -16.12499999999999645 ) ) ;
#6751 = CARTESIAN_POINT ( 'NONE',  ( 1.249999999999998002, 0.000000000000000000, 0.000000000000000000 ) ) ;
#6752 = VERTEX_POINT ( 'NONE', #3480 ) ;
#6753 = CARTESIAN_POINT ( 'NONE',  ( 1.249999999999998002, -0.7216878364870306095, -16.16666666530107221 ) ) ;
#6754 = AXIS2_PLACEMENT_3D ( 'NONE', #1459, #431, #892 ) ;
#6755 = ORIENTED_EDGE ( 'NONE', *, *, #2449, .T. ) ;
#6756 = CARTESIAN_POINT ( 'NONE',  ( 1.520632937499998283, -0.8779378358042346786, -12.44791666598386648 ) ) ;
#6757 = CARTESIAN_POINT ( 'NONE',  ( 2.651438096812262973E-16, -1.443375672974062107, -7.749999998634403475 ) ) ;
#6758 = CARTESIAN_POINT ( 'NONE',  ( 1.520632937499998283, -0.8779378358042346786, -0.01041666598386730043 ) ) ;
#6759 = CARTESIAN_POINT ( 'NONE',  ( 0.6249999999999986677, 1.082531754730546858, -13.16666666666666252 ) ) ;
#6760 = AXIS2_PLACEMENT_3D ( 'NONE', #244, #5158, #5124 ) ;
#6761 = CARTESIAN_POINT ( 'NONE',  ( 0.6249999999999995559, -1.082531754730546414, -16.20833333196773651 ) ) ;
#6762 = CARTESIAN_POINT ( 'NONE',  ( -0.6249999999999982236, -1.082531754730547302, -14.91666666666666252 ) ) ;
#6763 = VERTEX_POINT ( 'NONE', #1845 ) ;
#6764 = CARTESIAN_POINT ( 'NONE',  ( -0.7603164687499992525, 1.316906753706352795, -7.239583332650533443 ) ) ;
#6765 = CARTESIAN_POINT ( 'NONE',  ( -1.520632937499998061, 0.000000000000000000, -14.71874999931720041 ) ) ;
#6766 = CARTESIAN_POINT ( 'NONE',  ( 0.7603164687499986973, 1.316906753706353017, -12.32291666598386648 ) ) ;
#6767 = CARTESIAN_POINT ( 'NONE',  ( -0.7603164687499980312, -1.316906753706353461, -5.072916665983867368 ) ) ;
#6768 = CARTESIAN_POINT ( 'NONE',  ( -8.838126989374211143E-17, 1.443375672974062107, -8.624999999999996447 ) ) ;
#6769 = CARTESIAN_POINT ( 'NONE',  ( 1.520632937499998061, 1.862238259587409655E-16, -15.96874999931720218 ) ) ;
#6770 = CARTESIAN_POINT ( 'NONE',  ( 1.249999999999998002, 1.530808498934189105E-16, -16.74999999999999289 ) ) ;
#6771 = CARTESIAN_POINT ( 'NONE',  ( -1.520632937499998061, 0.000000000000000000, -7.718749999317200405 ) ) ;
#6772 = CARTESIAN_POINT ( 'NONE',  ( -1.520632937499997617, -0.8779378358042361219, -5.114583332650532554 ) ) ;
#6773 = EDGE_CURVE ( 'NONE', #1928, #1348, #5274, .T. ) ;
#6774 = CARTESIAN_POINT ( 'NONE',  ( 1.315259085861303134, 0.1680317189099223008, -17.57328447547889994 ) ) ;
#6775 = CARTESIAN_POINT ( 'NONE',  ( -0.6249999999999982236, -1.082531754730547302, -11.79166666530106866 ) ) ;
#6776 = CARTESIAN_POINT ( 'NONE',  ( 1.249999999999998002, 1.530808498934189105E-16, -1.749999999999997113 ) ) ;
#6777 = CARTESIAN_POINT ( 'NONE',  ( -1.520632937499998061, 0.000000000000000000, -8.218749999317198629 ) ) ;
#6778 =( BOUNDED_CURVE ( )  B_SPLINE_CURVE ( 2, ( #3038, #514, #4313, #1107, #6068, #549, #2692 ),
 .UNSPECIFIED., .F., .T. ) 
 B_SPLINE_CURVE_WITH_KNOTS ( ( 3, 2, 2, 3 ),
 ( 0.9054054054054054834, 0.9099099099099099419, 0.9144144144144142894, 0.9189189189189187479 ),
 .UNSPECIFIED. ) 
 CURVE ( )  GEOMETRIC_REPRESENTATION_ITEM ( )  RATIONAL_B_SPLINE_CURVE ( ( 0.9999999999999966693, 0.8660254037844420383, 1.000000000000000000, 0.8660254037844387076, 1.000000000000000000, 0.8660254037844452579, 0.9999999999999934497 ) ) 
 REPRESENTATION_ITEM ( '' )  );
#6779 = CARTESIAN_POINT ( 'NONE',  ( 1.249999999999998002, 1.530808498934189105E-16, -1.124999998634403919 ) ) ;
#6780 = ORIENTED_EDGE ( 'NONE', *, *, #1758, .F. ) ;
#6781 = ADVANCED_FACE ( 'NONE', ( #632 ), #2875, .F. ) ;
#6782 = CARTESIAN_POINT ( 'NONE',  ( -0.6249999999999982236, -1.082531754730547302, -11.79166666530106866 ) ) ;
#6783 = FACE_OUTER_BOUND ( 'NONE', #1284, .T. ) ;
#6784 = CARTESIAN_POINT ( 'NONE',  ( 1.520632937499997617, 0.8779378358042356778, -8.427083332650534331 ) ) ;
#6785 = CARTESIAN_POINT ( 'NONE',  ( 1.520632937499997617, 0.8779378358042356778, -13.36458333265053255 ) ) ;
#6786 = CARTESIAN_POINT ( 'NONE',  ( -0.7603164687499992525, 1.316906753706352795, -2.302083332650533887 ) ) ;
#6787 = CARTESIAN_POINT ( 'NONE',  ( 1.202200618039376279, -0.6285925187566320238, -17.60345786188574380 ) ) ;
#6788 = CARTESIAN_POINT ( 'NONE',  ( -0.6249999999999982236, -1.082531754730547302, -0.9166666666666639651 ) ) ;
#6789 = AXIS2_PLACEMENT_3D ( 'NONE', #5913, #2643, #2609 ) ;
#6790 = VERTEX_POINT ( 'NONE', #4434 ) ;
#6791 = CARTESIAN_POINT ( 'NONE',  ( -1.249999999999998002, 0.7216878364870310536, -5.416666665301069550 ) ) ;
#6792 = ORIENTED_EDGE ( 'NONE', *, *, #1047, .T. ) ;
#6793 = CARTESIAN_POINT ( 'NONE',  ( 0.7603164687499986973, 1.316906753706353017, -15.82291666598386826 ) ) ;
#6794 = CARTESIAN_POINT ( 'NONE',  ( 2.651438096812262973E-16, -1.443375672974062107, -8.249999998634402587 ) ) ;
#6795 = CARTESIAN_POINT ( 'NONE',  ( -1.075163760468011098E-16, 1.755875671608470467, -1.843749999317200405 ) ) ;
#6796 = DIRECTION ( 'NONE',  ( -0.000000000000000000, -0.000000000000000000, 1.000000000000000000 ) ) ;
#6797 = CARTESIAN_POINT ( 'NONE',  ( 0.6249999999999986677, 1.082531754730546858, -17.04166666530107221 ) ) ;
#6798 = DIRECTION ( 'NONE',  ( -0.000000000000000000, -0.000000000000000000, 1.000000000000000000 ) ) ;
#6799 = EDGE_LOOP ( 'NONE', ( #502, #2217, #1058, #5021 ) ) ;
#6800 = CARTESIAN_POINT ( 'NONE',  ( -1.520632937499998061, 0.000000000000000000, -7.156249999317200405 ) ) ;
#6801 = AXIS2_PLACEMENT_3D ( 'NONE', #2254, #3449, #3308 ) ;
#6802 = CARTESIAN_POINT ( 'NONE',  ( 1.249999999999998002, 1.530808498934189105E-16, -0.1249999986344038083 ) ) ;
#6803 = CARTESIAN_POINT ( 'NONE',  ( 0.7603164687499996965, -1.316906753706352573, -10.98958333265053255 ) ) ;
#6804 = CARTESIAN_POINT ( 'NONE',  ( 0.7603164687499986973, 1.316906753706353017, -5.822916665983867368 ) ) ;
#6805 = CARTESIAN_POINT ( 'NONE',  ( 1.249999999999998224, -0.7216878364870306095, -8.791666666666664298 ) ) ;
#6806 = CARTESIAN_POINT ( 'NONE',  ( -1.520632937499998061, 0.5094150911699549811, -17.74292668692892150 ) ) ;
#6807 = CARTESIAN_POINT ( 'NONE',  ( -1.520632937499998061, 0.000000000000000000, -17.15624999931720041 ) ) ;
#6808 = CARTESIAN_POINT ( 'NONE',  ( -1.249999999999998224, 0.7216878364870308316, -17.54166666666666075 ) ) ;
#6809 = CARTESIAN_POINT ( 'NONE',  ( 0.7603164687499996965, -1.316906753706352573, -10.05208333265053433 ) ) ;
#6810 = CARTESIAN_POINT ( 'NONE',  ( 3.225491281404032925E-16, -1.755875671608470467, -4.531249999317200405 ) ) ;
#6811 = FACE_OUTER_BOUND ( 'NONE', #1512, .T. ) ;
#6812 = CARTESIAN_POINT ( 'NONE',  ( -1.249999999999997780, -0.7216878364870316087, -1.958333333333330595 ) ) ;
#6813 = CARTESIAN_POINT ( 'NONE',  ( -1.520632937499998727, 0.8779378358042350117, -9.260416665983868256 ) ) ;
#6814 = EDGE_CURVE ( 'NONE', #2421, #4656, #1733, .T. ) ;
#6815 = FACE_OUTER_BOUND ( 'NONE', #1103, .T. ) ;
#6816 = ORIENTED_EDGE ( 'NONE', *, *, #4395, .T. ) ;
#6817 = CARTESIAN_POINT ( 'NONE',  ( -0.6249999999999991118, 1.082531754730546636, -7.958333331967735624 ) ) ;
#6818 = CARTESIAN_POINT ( 'NONE',  ( -1.249999999999998002, 0.000000000000000000, -13.37499999863440259 ) ) ;
#6819 = CARTESIAN_POINT ( 'NONE',  ( 1.520632937499998283, -0.8779378358042346786, -12.51041666598386826 ) ) ;
#6820 = CARTESIAN_POINT ( 'NONE',  ( -1.520632937499998727, 0.8779378358042350117, -12.19791666598386648 ) ) ;
#6821 = CARTESIAN_POINT ( 'NONE',  ( -1.520632937499998061, 0.000000000000000000, -1.218749999317200627 ) ) ;
#6822 = CARTESIAN_POINT ( 'NONE',  ( -0.1541475085451158855, -1.408830929287531397, -17.66426034020437186 ) ) ;
#6823 = CARTESIAN_POINT ( 'NONE',  ( -1.075163760468011098E-16, 1.755875671608470467, -0.2812499993172006829 ) ) ;
#6824 =( BOUNDED_CURVE ( )  B_SPLINE_CURVE ( 2, ( #2396, #6753, #1858, #3523, #3490, #7002, #1593 ),
 .UNSPECIFIED., .F., .T. ) 
 B_SPLINE_CURVE_WITH_KNOTS ( ( 3, 2, 2, 3 ),
 ( 0.8783783783783783994, 0.8828828828828828579, 0.8873873873873874274, 0.8918918918918918859 ),
 .UNSPECIFIED. ) 
 CURVE ( )  GEOMETRIC_REPRESENTATION_ITEM ( )  RATIONAL_B_SPLINE_CURVE ( ( 1.000000000000000000, 0.8660254037844387076, 1.000000000000000000, 0.8660254037844387076, 1.000000000000000000, 0.8660254037844387076, 1.000000000000000000 ) ) 
 REPRESENTATION_ITEM ( '' )  );
#6825 = ADVANCED_FACE ( 'NONE', ( #4008 ), #6193, .F. ) ;
#6826 = CARTESIAN_POINT ( 'NONE',  ( 0.6249999999999986677, 1.082531754730546858, -15.54166666530106866 ) ) ;
#6827 = ORIENTED_EDGE ( 'NONE', *, *, #6473, .T. ) ;
#6828 = CARTESIAN_POINT ( 'NONE',  ( -0.6249999999999991118, 1.082531754730546636, -7.583333333333330373 ) ) ;
#6829 = ORIENTED_EDGE ( 'NONE', *, *, #4270, .F. ) ;
#6830 = CARTESIAN_POINT ( 'NONE',  ( -1.249999999999998002, 0.000000000000000000, -6.374999998634403475 ) ) ;
#6831 = CARTESIAN_POINT ( 'NONE',  ( 3.225491281404032925E-16, -1.755875671608470467, -0.5937499993172007384 ) ) ;
#6832 = CYLINDRICAL_SURFACE ( 'NONE', #1844, 1.249999999999998002 ) ;
#6833 = CARTESIAN_POINT ( 'NONE',  ( -1.075163760468011098E-16, 1.755875671608470467, -15.34374999931720218 ) ) ;
#6834 = EDGE_CURVE ( 'NONE', #1811, #4204, #3321, .T. ) ;
#6835 = CARTESIAN_POINT ( 'NONE',  ( 2.651438096812262973E-16, -1.443375672974062107, -16.74999999863440436 ) ) ;
#6836 = CARTESIAN_POINT ( 'NONE',  ( 3.300000000000002487, 0.000000000000000000, -2.000000000000000000 ) ) ;
#6837 = ORIENTED_EDGE ( 'NONE', *, *, #3311, .F. ) ;
#6838 = CARTESIAN_POINT ( 'NONE',  ( -1.520632937499997617, -0.8779378358042361219, -9.614583332650532554 ) ) ;
#6839 = CARTESIAN_POINT ( 'NONE',  ( 0.7603164687499996965, -1.316906753706352573, -17.05208333265053611 ) ) ;
#6840 = CARTESIAN_POINT ( 'NONE',  ( -1.520632937499998727, 0.8779378358042350117, -4.697916665983866480 ) ) ;
#6841 = CARTESIAN_POINT ( 'NONE',  ( -0.6249999999999982236, -1.082531754730547302, -9.416666666666664298 ) ) ;
#6842 = CARTESIAN_POINT ( 'NONE',  ( -1.075163760468011222E-16, 1.755875671608470023, -17.34374999931720041 ) ) ;
#6843 = CARTESIAN_POINT ( 'NONE',  ( 2.048390084236239555E-08, 1.249999999999997558, -0.4999999999999971689 ) ) ;
#6844 = CARTESIAN_POINT ( 'NONE',  ( -1.520632937499997617, -0.8779378358042361219, -0.1145833326505339839 ) ) ;
#6845 = CARTESIAN_POINT ( 'NONE',  ( -1.075163760468011098E-16, 1.755875671608470467, -8.843749999317198629 ) ) ;
#6846 = CARTESIAN_POINT ( 'NONE',  ( 0.7603164687499986973, 1.316906753706353017, -3.822916665983867368 ) ) ;
#6847 = CARTESIAN_POINT ( 'NONE',  ( -1.249999999999998002, 0.000000000000000000, -2.874999998634403919 ) ) ;
#6848 = CARTESIAN_POINT ( 'NONE',  ( 1.249999999999998224, -0.7216878364870306095, -0.2916666666666640206 ) ) ;
#6849 = CARTESIAN_POINT ( 'NONE',  ( 0.7603164687499996965, -1.316906753706352573, -10.05208333265053433 ) ) ;
#6850 = CARTESIAN_POINT ( 'NONE',  ( -1.249999999999998002, 0.000000000000000000, -2.374999998634403919 ) ) ;
#6851 = ORIENTED_EDGE ( 'NONE', *, *, #1396, .T. ) ;
#6852 = LINE ( 'NONE', #4046, #5403 ) ;
#6853 = CARTESIAN_POINT ( 'NONE',  ( 0.000000000000000000, 0.000000000000000000, 0.000000000000000000 ) ) ;
#6854 = CARTESIAN_POINT ( 'NONE',  ( 0.7603164687499986973, 1.316906753706353017, -11.38541666598386648 ) ) ;
#6855 = CARTESIAN_POINT ( 'NONE',  ( -1.520632937499998061, 0.000000000000000000, -13.65624999931720041 ) ) ;
#6856 = CARTESIAN_POINT ( 'NONE',  ( 1.520632937499997617, 0.8779378358042356778, -1.927083332650534109 ) ) ;
#6857 = CARTESIAN_POINT ( 'NONE',  ( -1.520632937499997617, -0.8779378358042361219, -0.1770833326505339700 ) ) ;
#6858 = FACE_OUTER_BOUND ( 'NONE', #6970, .T. ) ;
#6859 = ORIENTED_EDGE ( 'NONE', *, *, #3954, .F. ) ;
#6860 = LINE ( 'NONE', #1894, #2580 ) ;
#6861 = ORIENTED_EDGE ( 'NONE', *, *, #5935, .T. ) ;
#6862 = CARTESIAN_POINT ( 'NONE',  ( -1.520632937499998061, 0.000000000000000000, -16.65624999931720041 ) ) ;
#6863 = CARTESIAN_POINT ( 'NONE',  ( -0.6249999999999991118, 1.082531754730546636, -5.958333331967736513 ) ) ;
#6864 = CARTESIAN_POINT ( 'NONE',  ( -1.520632937499997617, -0.8779378358042361219, -4.677083332650533443 ) ) ;
#6865 = CARTESIAN_POINT ( 'NONE',  ( 2.651438096812262973E-16, -1.443375672974062107, -0.7499999986344038083 ) ) ;
#6866 = EDGE_CURVE ( 'NONE', #6011, #4739, #948, .T. ) ;
#6867 = CARTESIAN_POINT ( 'NONE',  ( -1.520632937499998283, 0.8779378358042350117, -17.76041666598386826 ) ) ;
#6868 =( BOUNDED_CURVE ( )  B_SPLINE_CURVE ( 2, ( #4419, #1718, #6140, #6037, #5527, #649, #6106 ),
 .UNSPECIFIED., .F., .T. ) 
 B_SPLINE_CURVE_WITH_KNOTS ( ( 3, 2, 2, 3 ),
 ( 0.4594594594594593739, 0.4639639639639638324, 0.4684684684684684020, 0.4729729729729729160 ),
 .UNSPECIFIED. ) 
 CURVE ( )  GEOMETRIC_REPRESENTATION_ITEM ( )  RATIONAL_B_SPLINE_CURVE ( ( 1.000000000000003331, 0.8660254037844353769, 1.000000000000000000, 0.8660254037844387076, 1.000000000000000000, 0.8660254037844403729, 0.9999999999999983347 ) ) 
 REPRESENTATION_ITEM ( '' )  );
#6869 = CARTESIAN_POINT ( 'NONE',  ( 2.651438096812262973E-16, -1.443375672974062107, -11.37499999999999822 ) ) ;
#6870 = CARTESIAN_POINT ( 'NONE',  ( -2.500000000000000000, 3.061616997868383141E-16, -17.75000000000000355 ) ) ;
#6871 = ORIENTED_EDGE ( 'NONE', *, *, #2798, .T. ) ;
#6872 = CARTESIAN_POINT ( 'NONE',  ( 0.7603164687499996965, -1.316906753706352573, -8.989583332650532554 ) ) ;
#6873 = CARTESIAN_POINT ( 'NONE',  ( -1.520632937499998283, 0.8779378358042350117, -17.76041666598386826 ) ) ;
#6874 = CARTESIAN_POINT ( 'NONE',  ( -1.520632937499998061, 0.000000000000000000, -14.15624999931719863 ) ) ;
#6875 = DIRECTION ( 'NONE',  ( -0.000000000000000000, -0.000000000000000000, 1.000000000000000000 ) ) ;
#6876 = CARTESIAN_POINT ( 'NONE',  ( 3.225491281404033418E-16, -1.755875671608470023, -8.031249999317200405 ) ) ;
#6877 = AXIS2_PLACEMENT_3D ( 'NONE', #1211, #3390, #5558 ) ;
#6878 = CARTESIAN_POINT ( 'NONE',  ( 1.249999999999998224, -0.7216878364870306095, -9.291666666666664298 ) ) ;
#6879 = CARTESIAN_POINT ( 'NONE',  ( -0.7603164687499992525, 1.316906753706352795, -16.30208333265053255 ) ) ;
#6880 = CARTESIAN_POINT ( 'NONE',  ( 2.500000000000000000, 0.000000000000000000, -17.75000000000000355 ) ) ;
#6881 = AXIS2_PLACEMENT_3D ( 'NONE', #5611, #1228, #6670 ) ;
#6882 = CARTESIAN_POINT ( 'NONE',  ( -1.520632937499998061, 0.000000000000000000, -0.1562499993172006829 ) ) ;
#6883 = CARTESIAN_POINT ( 'NONE',  ( -1.075163760468011098E-16, 1.755875671608470467, -8.343749999317198629 ) ) ;
#6884 = CARTESIAN_POINT ( 'NONE',  ( -1.520632937499998283, 0.8779378358042350117, -5.197916665983866480 ) ) ;
#6885 = CARTESIAN_POINT ( 'NONE',  ( 0.7603164687499996965, -1.316906753706352573, -1.489583332650533887 ) ) ;
#6886 = CARTESIAN_POINT ( 'NONE',  ( 0.6249999999999986677, 1.082531754730546858, -1.166666666666663854 ) ) ;
#6887 = CARTESIAN_POINT ( 'NONE',  ( 3.225491281404033418E-16, -1.755875671608470023, -9.593749999317202182 ) ) ;
#6888 = EDGE_LOOP ( 'NONE', ( #5199, #3499, #98, #4978 ) ) ;
#6889 = CARTESIAN_POINT ( 'NONE',  ( 1.520632937499997617, 0.8779378358042356778, -2.427083332650533887 ) ) ;
#6890 = CARTESIAN_POINT ( 'NONE',  ( 0.000000000000000000, 0.000000000000000000, -18.00000000000000355 ) ) ;
#6891 = DIRECTION ( 'NONE',  ( -0.000000000000000000, -0.000000000000000000, 1.000000000000000000 ) ) ;
#6892 = CARTESIAN_POINT ( 'NONE',  ( -1.075163760468011098E-16, 1.755875671608470467, -10.84374999931720041 ) ) ;
#6893 = CARTESIAN_POINT ( 'NONE',  ( -1.520632937499998061, 0.000000000000000000, -14.15624999931719863 ) ) ;
#6894 = CARTESIAN_POINT ( 'NONE',  ( 0.7603164687499986973, 1.316906753706353017, -1.885416665983867146 ) ) ;
#6895 = CARTESIAN_POINT ( 'NONE',  ( 0.6249999999999995559, -1.082531754730546414, -7.208333331967737401 ) ) ;
#6896 = LINE ( 'NONE', #5874, #4916 ) ;
#6897 = ORIENTED_EDGE ( 'NONE', *, *, #195, .F. ) ;
#6898 = CARTESIAN_POINT ( 'NONE',  ( 1.249999999999998002, 1.530808498934189105E-16, -5.624999998634403475 ) ) ;
#6899 = ORIENTED_EDGE ( 'NONE', *, *, #5976, .F. ) ;
#6900 = CARTESIAN_POINT ( 'NONE',  ( 1.249999999999998002, 0.7216878364870314977, -7.583333331967736513 ) ) ;
#6901 = CARTESIAN_POINT ( 'NONE',  ( -0.7603164687499992525, 1.316906753706352795, -4.802083332650533443 ) ) ;
#6902 = CARTESIAN_POINT ( 'NONE',  ( -1.249999999999998002, 0.7216878364870310536, -9.541666666666662522 ) ) ;
#6903 = CARTESIAN_POINT ( 'NONE',  ( -1.520632937499997617, -0.8779378358042361219, -17.17708333265053611 ) ) ;
#6904 = ADVANCED_FACE ( 'NONE', ( #2026 ), #379, .F. ) ;
#6905 = CARTESIAN_POINT ( 'NONE',  ( -0.04158951519173822303, 1.494806833181124395, -0.2607689099086828444 ) ) ;
#6906 = ORIENTED_EDGE ( 'NONE', *, *, #2500, .T. ) ;
#6907 = CARTESIAN_POINT ( 'NONE',  ( -1.520632937499997617, -0.8779378358042361219, -8.114583332650534331 ) ) ;
#6908 = CARTESIAN_POINT ( 'NONE',  ( 1.520632937499998061, 1.862238259587409655E-16, -17.96874999931720041 ) ) ;
#6909 = CARTESIAN_POINT ( 'NONE',  ( 1.520632937499998061, 1.862238259587409655E-16, -13.90624999931719863 ) ) ;
#6910 = CARTESIAN_POINT ( 'NONE',  ( -1.249999999999998002, 0.000000000000000000, -9.499999999999998224 ) ) ;
#6911 = CARTESIAN_POINT ( 'NONE',  ( -1.520632937499998727, 0.8779378358042350117, -8.197916665983866480 ) ) ;
#6912 = CONICAL_SURFACE ( 'NONE', #281, 1.750000000000001554, 0.7853981633974479459 ) ;
#6913 = CARTESIAN_POINT ( 'NONE',  ( 1.249999999999998002, 1.530808498934189105E-16, -13.24999999999999822 ) ) ;
#6914 = CARTESIAN_POINT ( 'NONE',  ( -1.249999999999997558, -0.7216878364870317197, -14.33333333196773829 ) ) ;
#6915 = ADVANCED_FACE ( 'NONE', ( #341 ), #4643, .F. ) ;
#6916 = CARTESIAN_POINT ( 'NONE',  ( 0.7603164687499996965, -1.316906753706352573, -17.48958333265053611 ) ) ;
#6917 = CARTESIAN_POINT ( 'NONE',  ( 0.7603164687499986973, 1.316906753706353017, -1.322916665983867146 ) ) ;
#6918 = CARTESIAN_POINT ( 'NONE',  ( 0.7603164687499996965, -1.316906753706352573, -8.552083332650534331 ) ) ;
#6919 = CARTESIAN_POINT ( 'NONE',  ( -0.7603164687499980312, -1.316906753706353461, -7.572916665983865592 ) ) ;
#6920 = CARTESIAN_POINT ( 'NONE',  ( -0.7603164687499980312, -1.316906753706353461, -1.072916665983867146 ) ) ;
#6921 =( BOUNDED_CURVE ( )  B_SPLINE_CURVE ( 2, ( #4902, #2868, #2244, #4396, #5039, #5642, #5077 ),
 .UNSPECIFIED., .F., .T. ) 
 B_SPLINE_CURVE_WITH_KNOTS ( ( 3, 2, 2, 3 ),
 ( 0.6081081081081081141, 0.6126126126126125726, 0.6171171171171172531, 0.6216216216216217116 ),
 .UNSPECIFIED. ) 
 CURVE ( )  GEOMETRIC_REPRESENTATION_ITEM ( )  RATIONAL_B_SPLINE_CURVE ( ( 1.000000000000000000, 0.8660254037844387076, 1.000000000000000000, 0.8660254037844387076, 1.000000000000000000, 0.8660254037844353769, 1.000000000000003331 ) ) 
 REPRESENTATION_ITEM ( '' )  );
#6922 = CARTESIAN_POINT ( 'NONE',  ( 0.6249999999999995559, -1.082531754730546414, -1.833333333333330373 ) ) ;
#6923 = CARTESIAN_POINT ( 'NONE',  ( 0.7603164687499986973, 1.316906753706353017, -8.885416665983866480 ) ) ;
#6924 = VECTOR ( 'NONE', #1296, 1000.000000000000000 ) ;
#6925 = EDGE_CURVE ( 'NONE', #544, #3179, #2092, .T. ) ;
#6926 = CARTESIAN_POINT ( 'NONE',  ( -1.249999999999998002, 0.000000000000000000, -16.49999999999999289 ) ) ;
#6927 = VERTEX_POINT ( 'NONE', #5151 ) ;
#6928 = CARTESIAN_POINT ( 'NONE',  ( -0.7603164687499980312, -1.316906753706353461, -2.135416665983867368 ) ) ;
#6929 = CARTESIAN_POINT ( 'NONE',  ( -0.6249999999999991118, 1.082531754730546636, -6.583333333333330373 ) ) ;
#6930 = DIRECTION ( 'NONE',  ( -0.000000000000000000, -0.000000000000000000, 1.000000000000000000 ) ) ;
#6931 = CARTESIAN_POINT ( 'NONE',  ( -1.520632937499997617, -0.8779378358042361219, -11.67708333265053255 ) ) ;
#6932 = CARTESIAN_POINT ( 'NONE',  ( 0.7603164687499986973, 1.316906753706353017, -15.82291666598386826 ) ) ;
#6933 = CARTESIAN_POINT ( 'NONE',  ( -1.075163760468011222E-16, 1.755875671608470023, -0.3437499993172006274 ) ) ;
#6934 = CARTESIAN_POINT ( 'NONE',  ( -1.520632937499997617, -0.8779378358042361219, -1.177083332650533887 ) ) ;
#6935 = EDGE_LOOP ( 'NONE', ( #4167, #1032, #6315, #1205 ) ) ;
#6936 = ORIENTED_EDGE ( 'NONE', *, *, #6426, .F. ) ;
#6937 = CARTESIAN_POINT ( 'NONE',  ( -0.6249999999999982236, -1.082531754730547302, -14.91666666666666252 ) ) ;
#6938 = CARTESIAN_POINT ( 'NONE',  ( -1.249999999999998002, 0.000000000000000000, -16.87499999863440081 ) ) ;
#6939 = CARTESIAN_POINT ( 'NONE',  ( -0.7603164687499992525, 1.316906753706352795, -15.23958333265053255 ) ) ;
#6940 = CARTESIAN_POINT ( 'NONE',  ( 0.6249999999999986677, 1.082531754730546858, -9.541666665301070438 ) ) ;
#6941 = CARTESIAN_POINT ( 'NONE',  ( 0.7603164687499986973, 1.316906753706353017, -2.885416665983866924 ) ) ;
#6942 = CARTESIAN_POINT ( 'NONE',  ( 1.249999999999998002, 1.530808498934189105E-16, -9.749999999999998224 ) ) ;
#6943 = CARTESIAN_POINT ( 'NONE',  ( 3.225491281404032925E-16, -1.755875671608470467, -16.59374999931720396 ) ) ;
#6944 = CARTESIAN_POINT ( 'NONE',  ( 0.6249999999999995559, -1.082531754730546414, -5.833333333333331261 ) ) ;
#6945 = VERTEX_POINT ( 'NONE', #6408 ) ;
#6946 = CARTESIAN_POINT ( 'NONE',  ( -1.075163760468011098E-16, 1.755875671608470467, -9.781249999317200405 ) ) ;
#6947 = CARTESIAN_POINT ( 'NONE',  ( -1.249999999999998002, 0.000000000000000000, 0.1250000013655962472 ) ) ;
#6948 = CARTESIAN_POINT ( 'NONE',  ( 3.225491281404032925E-16, -1.755875671608470467, -13.03124999931719863 ) ) ;
#6949 = CARTESIAN_POINT ( 'NONE',  ( -1.249999999999997558, -0.7216878364870317197, -9.458333333333330373 ) ) ;
#6950 = CARTESIAN_POINT ( 'NONE',  ( -1.249999999999998002, 0.000000000000000000, -10.99999999999999822 ) ) ;
#6951 = CARTESIAN_POINT ( 'NONE',  ( 1.249999999999998002, 1.530808498934189105E-16, -14.12499999863440259 ) ) ;
#6952 = CARTESIAN_POINT ( 'NONE',  ( -1.249999999999997558, -0.7216878364870317197, -13.95833333333333215 ) ) ;
#6953 = CARTESIAN_POINT ( 'NONE',  ( -0.7603164687499980312, -1.316906753706353461, -0.07291666598386729869 ) ) ;
#6954 = CARTESIAN_POINT ( 'NONE',  ( -1.520632937499997617, -0.8779378358042361219, -10.17708333265053433 ) ) ;
#6955 = CARTESIAN_POINT ( 'NONE',  ( 0.7603164687499986973, 1.316906753706353017, -7.822916665983866480 ) ) ;
#6956 = CARTESIAN_POINT ( 'NONE',  ( 1.249999999999998002, 1.530808498934189105E-16, -5.249999999999997335 ) ) ;
#6957 = ADVANCED_FACE ( 'NONE', ( #6815 ), #2564, .F. ) ;
#6958 = CARTESIAN_POINT ( 'NONE',  ( 1.520632937499998727, -0.8779378358042346786, -10.01041666598386470 ) ) ;
#6959 = CARTESIAN_POINT ( 'NONE',  ( 1.249999999999998224, -0.7216878364870306095, -14.66666666530106866 ) ) ;
#6960 =( BOUNDED_CURVE ( )  B_SPLINE_CURVE ( 2, ( #4441, #73, #1707, #4950, #6642, #2257, #6026 ),
 .UNSPECIFIED., .F., .T. ) 
 B_SPLINE_CURVE_WITH_KNOTS ( ( 3, 2, 2, 3 ),
 ( 0.6486486486486486847, 0.6531531531531531432, 0.6576576576576576016, 0.6621621621621620601 ),
 .UNSPECIFIED. ) 
 CURVE ( )  GEOMETRIC_REPRESENTATION_ITEM ( )  RATIONAL_B_SPLINE_CURVE ( ( 1.000000000000000000, 0.8660254037844387076, 1.000000000000000000, 0.8660254037844387076, 1.000000000000000000, 0.8660254037844420383, 0.9999999999999966693 ) ) 
 REPRESENTATION_ITEM ( '' )  );
#6961 = CARTESIAN_POINT ( 'NONE',  ( -1.249999999999998002, 0.000000000000000000, -3.499999999999997335 ) ) ;
#6962 = ORIENTED_EDGE ( 'NONE', *, *, #5534, .T. ) ;
#6963 = CARTESIAN_POINT ( 'NONE',  ( 0.7603164687499996965, -1.316906753706352573, -2.052083332650533443 ) ) ;
#6964 = CARTESIAN_POINT ( 'NONE',  ( 1.249999999999997780, 0.7216878364870316087, -6.708333333333330373 ) ) ;
#6965 = CARTESIAN_POINT ( 'NONE',  ( -1.249999999999998002, 0.000000000000000000, -15.87499999863440436 ) ) ;
#6966 = CARTESIAN_POINT ( 'NONE',  ( 1.520632937499998061, 1.862238259587409655E-16, -11.46874999931720041 ) ) ;
#6967 = CARTESIAN_POINT ( 'NONE',  ( 0.7603164687499996965, -1.316906753706352573, -16.48958333265053255 ) ) ;
#6968 = EDGE_CURVE ( 'NONE', #3605, #106, #5775, .T. ) ;
#6969 = CARTESIAN_POINT ( 'NONE',  ( 1.520632937499998061, 1.862238259587409655E-16, -0.4687499993172006829 ) ) ;
#6970 = EDGE_LOOP ( 'NONE', ( #3067, #3975, #968, #4195 ) ) ;
#6971 = VERTEX_POINT ( 'NONE', #837 ) ;
#6972 = DIRECTION ( 'NONE',  ( -0.000000000000000000, -0.000000000000000000, 1.000000000000000000 ) ) ;
#6973 = CARTESIAN_POINT ( 'NONE',  ( -0.7603164687499992525, 1.316906753706352795, -17.23958333265053611 ) ) ;
#6974 = CARTESIAN_POINT ( 'NONE',  ( -0.6249999999999991118, 1.082531754730546636, -10.95833333196773474 ) ) ;
#6975 = CARTESIAN_POINT ( 'NONE',  ( 1.520632937499997617, 0.8779378358042356778, -4.427083332650534331 ) ) ;
#6976 = CARTESIAN_POINT ( 'NONE',  ( 0.000000000000000000, 0.000000000000000000, -1.750000000000003331 ) ) ;
#6977 = CARTESIAN_POINT ( 'NONE',  ( -1.520632937499998061, 0.000000000000000000, -15.71874999931720218 ) ) ;
#6978 = CARTESIAN_POINT ( 'NONE',  ( -1.249999999999998002, 0.000000000000000000, -11.49999999999999822 ) ) ;
#6979 = CARTESIAN_POINT ( 'NONE',  ( 0.000000000000000000, 0.000000000000000000, 0.000000000000000000 ) ) ;
#6980 = EDGE_LOOP ( 'NONE', ( #6502, #6861, #2111, #6829 ) ) ;
#6981 = CARTESIAN_POINT ( 'NONE',  ( -1.520632937499998283, 0.8779378358042350117, -9.697916665983864704 ) ) ;
#6982 = CARTESIAN_POINT ( 'NONE',  ( -8.838126989374211143E-17, 1.443375672974062107, -1.499999998634403697 ) ) ;
#6983 = CARTESIAN_POINT ( 'NONE',  ( -1.520632937499998283, 0.8779378358042350117, -14.19791666598386826 ) ) ;
#6984 = DIRECTION ( 'NONE',  ( 1.000000000000000000, 0.000000000000000000, 0.000000000000000000 ) ) ;
#6985 = CARTESIAN_POINT ( 'NONE',  ( -1.249999999999998002, 0.000000000000000000, -12.49999999999999645 ) ) ;
#6986 = CARTESIAN_POINT ( 'NONE',  ( 1.125420433339299642, -0.8117672523024662690, -0.3732750146262253654 ) ) ;
#6987 = CARTESIAN_POINT ( 'NONE',  ( -1.520632937499997617, -0.8779378358042361219, -2.114583332650533887 ) ) ;
#6988 = CARTESIAN_POINT ( 'NONE',  ( 0.7603164687499996965, -1.316906753706352573, -12.55208333265053433 ) ) ;
#6989 = CARTESIAN_POINT ( 'NONE',  ( 3.225491281404032925E-16, -1.755875671608470467, -6.031249999317199517 ) ) ;
#6990 = CARTESIAN_POINT ( 'NONE',  ( -0.8504056721697380583, 1.264893727860887385, -0.2346462874023531320 ) ) ;
#6991 = CARTESIAN_POINT ( 'NONE',  ( 0.6249999999999995559, -1.082531754730546414, -5.333333333333330373 ) ) ;
#6992 = CARTESIAN_POINT ( 'NONE',  ( -1.520632937499998061, 0.000000000000000000, -12.21874999931719863 ) ) ;
#6993 = AXIS2_PLACEMENT_3D ( 'NONE', #3240, #6454, #1125 ) ;
#6994 = ADVANCED_FACE ( 'NONE', ( #3082 ), #4721, .F. ) ;
#6995 = ORIENTED_EDGE ( 'NONE', *, *, #5236, .F. ) ;
#6996 = CARTESIAN_POINT ( 'NONE',  ( 1.520632937499998283, -0.8779378358042346786, -3.510416665983867812 ) ) ;
#6997 = DIRECTION ( 'NONE',  ( -0.000000000000000000, -0.000000000000000000, 1.000000000000000000 ) ) ;
#6998 = CARTESIAN_POINT ( 'NONE',  ( 1.249999999999998002, 0.000000000000000000, 0.000000000000000000 ) ) ;
#6999 = CARTESIAN_POINT ( 'NONE',  ( -1.520632937499998061, 0.000000000000000000, -14.71874999931720041 ) ) ;
#7000 = CC_DESIGN_APPROVAL ( #6540, ( #291 ) ) ;
#7001 = CARTESIAN_POINT ( 'NONE',  ( -1.520632937499998061, 0.000000000000000000, -15.65624999931720218 ) ) ;
#7002 = CARTESIAN_POINT ( 'NONE',  ( -1.249999999999997558, -0.7216878364870317197, -16.33333333196773651 ) ) ;
#7003 = CARTESIAN_POINT ( 'NONE',  ( -1.520632937499998283, 0.8779378358042350117, -1.760416665983866924 ) ) ;
#7004 = DATE_AND_TIME ( #6018, #151 ) ;
#7005 =( BOUNDED_CURVE ( )  B_SPLINE_CURVE ( 2, ( #4325, #986, #4866, #2175, #1189, #6116, #2802 ),
 .UNSPECIFIED., .F., .T. ) 
 B_SPLINE_CURVE_WITH_KNOTS ( ( 3, 2, 2, 3 ),
 ( 0.3648648648648648574, 0.3693693693693693714, 0.3738738738738738299, 0.3783783783783783439 ),
 .UNSPECIFIED. ) 
 CURVE ( )  GEOMETRIC_REPRESENTATION_ITEM ( )  RATIONAL_B_SPLINE_CURVE ( ( 1.000000000000000000, 0.8660254037844387076, 1.000000000000000000, 0.8660254037844387076, 1.000000000000000000, 0.8660254037844403729, 0.9999999999999983347 ) ) 
 REPRESENTATION_ITEM ( '' )  );
#7006 = CARTESIAN_POINT ( 'NONE',  ( 0.6249999999999986677, 1.082531754730546858, -9.166666666666664298 ) ) ;
#7007 = EDGE_CURVE ( 'NONE', #4881, #3231, #6523, .T. ) ;
#7008 = EDGE_CURVE ( 'NONE', #4230, #6709, #1133, .T. ) ;
#7009 = VERTEX_POINT ( 'NONE', #5678 ) ;
#7010 = CARTESIAN_POINT ( 'NONE',  ( -1.520632937499997617, -0.8779378358042361219, -1.614583332650533887 ) ) ;
#7011 = CARTESIAN_POINT ( 'NONE',  ( -8.838126989374211143E-17, 1.443375672974062107, -5.124999999999997335 ) ) ;
#7012 = CARTESIAN_POINT ( 'NONE',  ( -0.6249999999999991118, 1.082531754730546636, -14.95833333196773474 ) ) ;
#7013 = CARTESIAN_POINT ( 'NONE',  ( -1.249999999999998002, 0.000000000000000000, -8.874999998634402587 ) ) ;
#7014 = CARTESIAN_POINT ( 'NONE',  ( 1.520632937499998283, -0.8779378358042346786, -3.010416665983866924 ) ) ;
#7015 = CARTESIAN_POINT ( 'NONE',  ( -1.249999999999998002, 0.7216878364870310536, -2.541666666666663854 ) ) ;
#7016 = CARTESIAN_POINT ( 'NONE',  ( -1.520632937499998283, 0.8779378358042350117, -16.26041666598386826 ) ) ;
#7017 = DIRECTION ( 'NONE',  ( 1.000000000000000000, 0.000000000000000000, 0.000000000000000000 ) ) ;
#7018 = EDGE_CURVE ( 'NONE', #1709, #3654, #1361, .T. ) ;
#7019 = VERTEX_POINT ( 'NONE', #1369 ) ;
#7020 = DIRECTION ( 'NONE',  ( 1.000000000000000000, 0.000000000000000000, 0.000000000000000000 ) ) ;
#7021 = EDGE_LOOP ( 'NONE', ( #6467, #1868, #2686, #1701 ) ) ;
#7022 = CARTESIAN_POINT ( 'NONE',  ( 0.7603164687499996965, -1.316906753706352573, -10.98958333265053255 ) ) ;
#7023 = CARTESIAN_POINT ( 'NONE',  ( -0.6249999999999982236, -1.082531754730547302, -1.791666665301070216 ) ) ;
#7024 = CARTESIAN_POINT ( 'NONE',  ( -1.520632937499997617, -0.8779378358042361219, -15.11458333265053255 ) ) ;
#7025 = DIRECTION ( 'NONE',  ( -0.000000000000000000, -0.000000000000000000, 1.000000000000000000 ) ) ;
#7026 = CARTESIAN_POINT ( 'NONE',  ( -0.6249999999999982236, -1.082531754730547302, -12.41666666666666430 ) ) ;
#7027 = DIRECTION ( 'NONE',  ( 1.000000000000000000, 0.000000000000000000, 0.000000000000000000 ) ) ;
#7028 = CARTESIAN_POINT ( 'NONE',  ( -1.256433319002036031, -0.1757615437486486909, -0.4935666809979598058 ) ) ;
#7029 = CARTESIAN_POINT ( 'NONE',  ( -1.520632937499997617, -0.8779378358042361219, -2.614583332650533887 ) ) ;
#7030 = VECTOR ( 'NONE', #239, 1000.000000000000000 ) ;
#7031 = CARTESIAN_POINT ( 'NONE',  ( 1.520632937499997617, 0.8779378358042356778, -10.92708333265053255 ) ) ;
#7032 = CARTESIAN_POINT ( 'NONE',  ( -1.520632937499998061, 0.000000000000000000, -5.656249999317200405 ) ) ;
#7033 = CARTESIAN_POINT ( 'NONE',  ( -1.249999999999998002, 0.000000000000000000, -6.999999999999997335 ) ) ;
#7034 = CARTESIAN_POINT ( 'NONE',  ( -8.838126989374211143E-17, 1.443375672974062107, -4.624999999999997335 ) ) ;
#7035 = CARTESIAN_POINT ( 'NONE',  ( 0.7603164687499996965, -1.316906753706352573, -12.55208333265053433 ) ) ;
#7036 = APPLICATION_PROTOCOL_DEFINITION ( 'international standard', 'config_control_design', 1994, #5932 ) ;
#7037 = ORIENTED_EDGE ( 'NONE', *, *, #6866, .T. ) ;
#7038 = CARTESIAN_POINT ( 'NONE',  ( 3.225491281404032925E-16, -1.755875671608470467, -4.593749999317201294 ) ) ;
#7039 = DIRECTION ( 'NONE',  ( -0.000000000000000000, -0.000000000000000000, 1.000000000000000000 ) ) ;
#7040 = CARTESIAN_POINT ( 'NONE',  ( -0.6249999999999982236, -1.082531754730547302, -13.41666666666666430 ) ) ;
#7041 = CARTESIAN_POINT ( 'NONE',  ( 1.520632937499997617, 0.8779378358042356778, -14.92708333265053255 ) ) ;
#7042 = CARTESIAN_POINT ( 'NONE',  ( -1.520632937499998727, 0.8779378358042350117, -16.19791666598386826 ) ) ;
#7043 = CARTESIAN_POINT ( 'NONE',  ( -1.249999999999998002, 1.530808498934189105E-16, 0.000000000000000000 ) ) ;
#7044 = CARTESIAN_POINT ( 'NONE',  ( -0.7603164687499980312, -1.316906753706353461, -5.135416665983867368 ) ) ;
#7045 = DIRECTION ( 'NONE',  ( -0.000000000000000000, -0.000000000000000000, 1.000000000000000000 ) ) ;
#7046 = ORIENTED_EDGE ( 'NONE', *, *, #5413, .F. ) ;
#7047 = CARTESIAN_POINT ( 'NONE',  ( -0.6249999999999991118, 1.082531754730546636, -10.58333333333333037 ) ) ;
#7048 = CARTESIAN_POINT ( 'NONE',  ( 1.520632937499998061, 1.862238259587409655E-16, -17.90624999931720041 ) ) ;
#7049 = CARTESIAN_POINT ( 'NONE',  ( 0.6249999999999995559, -1.082531754730546414, -8.708333331967736513 ) ) ;
#7050 = CARTESIAN_POINT ( 'NONE',  ( 0.7603164687499996965, -1.316906753706352573, -6.552083332650533443 ) ) ;
#7051 = CARTESIAN_POINT ( 'NONE',  ( 0.7603164687499986973, 1.316906753706353017, -7.822916665983866480 ) ) ;
#7052 = LINE ( 'NONE', #3175, #6174 ) ;
#7053 = EDGE_CURVE ( 'NONE', #6971, #5357, #5220, .T. ) ;
#7054 = ORIENTED_EDGE ( 'NONE', *, *, #2238, .T. ) ;
#7055 = CYLINDRICAL_SURFACE ( 'NONE', #1771, 1.249999999999998002 ) ;
#7056 = EDGE_LOOP ( 'NONE', ( #3031, #676, #3431, #1966 ) ) ;
#7057 = CARTESIAN_POINT ( 'NONE',  ( 0.7603164687499996965, -1.316906753706352573, -11.48958333265053255 ) ) ;
#7058 = CARTESIAN_POINT ( 'NONE',  ( -1.249999999999997780, -0.7216878364870316087, -1.333333331967736957 ) ) ;
#7059 = CARTESIAN_POINT ( 'NONE',  ( -0.7603164687499980312, -1.316906753706353461, -16.07291666598386826 ) ) ;
#7060 = DIRECTION ( 'NONE',  ( -0.000000000000000000, -0.000000000000000000, 1.000000000000000000 ) ) ;
#7061 = CARTESIAN_POINT ( 'NONE',  ( -0.6249999999999991118, 1.082531754730546636, -12.58333333333333037 ) ) ;
#7063 = EDGE_CURVE ( 'NONE', #6504, #611, #4863, .T. ) ;
#7062 = CARTESIAN_POINT ( 'NONE',  ( -0.6249999999999991118, 1.082531754730546636, -2.958333331967737401 ) ) ;
#7064 =( BOUNDED_CURVE ( )  B_SPLINE_CURVE ( 2, ( #6415, #4795, #2105, #6528, #2603, #3728, #4256 ),
 .UNSPECIFIED., .F., .T. ) 
 B_SPLINE_CURVE_WITH_KNOTS ( ( 3, 2, 2, 3 ),
 ( 0.1486486486486486569, 0.1531531531531531432, 0.1576576576576576572, 0.1621621621621621712 ),
 .UNSPECIFIED. ) 
 CURVE ( )  GEOMETRIC_REPRESENTATION_ITEM ( )  RATIONAL_B_SPLINE_CURVE ( ( 1.000000000000000000, 0.8660254037844387076, 1.000000000000000000, 0.8660254037844387076, 1.000000000000000000, 0.8660254037844387076, 1.000000000000000000 ) ) 
 REPRESENTATION_ITEM ( '' )  );
#7065 = CARTESIAN_POINT ( 'NONE',  ( 0.6249999999999986677, 1.082531754730546858, -16.66666666666666430 ) ) ;
#7066 = CARTESIAN_POINT ( 'NONE',  ( 1.520632937499998061, 1.862238259587409655E-16, -3.406249999317200849 ) ) ;
#7067 = CARTESIAN_POINT ( 'NONE',  ( 0.7603164687499986973, 1.316906753706353017, -11.88541666598386648 ) ) ;
#7068 = CARTESIAN_POINT ( 'NONE',  ( -0.7603164687499992525, 1.316906753706352795, -6.239583332650533443 ) ) ;
#7069 = CARTESIAN_POINT ( 'NONE',  ( -1.075163760468011222E-16, 1.755875671608470023, -3.281249999317200405 ) ) ;
#7070 = CARTESIAN_POINT ( 'NONE',  ( -1.249999999999998224, 0.7216878364870308316, -5.041666666666662522 ) ) ;
#7071 = CARTESIAN_POINT ( 'NONE',  ( -0.7603164687499980312, -1.316906753706353461, -11.63541666598386648 ) ) ;
#7072 = ORIENTED_EDGE ( 'NONE', *, *, #2412, .F. ) ;
#7073 = CARTESIAN_POINT ( 'NONE',  ( 1.520632937499997617, 0.8779378358042356778, -5.427083332650534331 ) ) ;
#7074 = CARTESIAN_POINT ( 'NONE',  ( -1.249999999999998002, 0.7216878364870310536, -2.041666666666663854 ) ) ;
#7075 = CARTESIAN_POINT ( 'NONE',  ( 3.225491281404032925E-16, -1.755875671608470467, -14.09374999931719863 ) ) ;
#7076 = LINE ( 'NONE', #2178, #2465 ) ;
#7077 = CARTESIAN_POINT ( 'NONE',  ( 0.7603164687499996965, -1.316906753706352573, -3.552083332650533887 ) ) ;
#7078 = COORDINATED_UNIVERSAL_TIME_OFFSET ( 6, 0, .BEHIND. ) ;
#7079 = CARTESIAN_POINT ( 'NONE',  ( 1.249999999999998002, 0.000000000000000000, 0.000000000000000000 ) ) ;
#7080 = VERTEX_POINT ( 'NONE', #3685 ) ;
ENDSEC;
END-ISO-10303-21;
