ISO-10303-21;
HEADER;
FILE_DESCRIPTION (( 'STEP AP214' ),
    '1' );
FILE_NAME ('18t pulley.STEP',
    '2020-05-13T06:11:45',
    ( 'Kurtis' ),
    ( '' ),
    'SwSTEP 2.0',
    'SolidWorks 2015',
    '' );
FILE_SCHEMA (( 'AUTOMOTIVE_DESIGN' ));
ENDSEC;

DATA;
#1 = DIRECTION ( 'NONE',  ( 0.0000000000000000000, 0.0000000000000000000, 1.000000000000000000 ) ) ;
#2 = DIRECTION ( 'NONE',  ( 0.0000000000000000000, 0.0000000000000000000, 1.000000000000000000 ) ) ;
#3 = DIRECTION ( 'NONE',  ( 1.000000000000000000, 0.0000000000000000000, 0.0000000000000000000 ) ) ;
#4 = ORIENTED_EDGE ( 'NONE', *, *, #4496, .F. ) ;
#5 = CARTESIAN_POINT ( 'NONE',  ( 0.08464566929133858500, -0.2976719210690826900, -0.09689510562763871400 ) ) ;
#6 = CARTESIAN_POINT ( 'NONE',  ( -0.08464566929133858500, 0.04373286461478003600, 0.3099752742399541300 ) ) ;
#7 = ORIENTED_EDGE ( 'NONE', *, *, #4074, .F. ) ;
#8 = DIRECTION ( 'NONE',  ( 1.000000000000000000, -0.0000000000000000000, -0.0000000000000000000 ) ) ;
#9 = EDGE_CURVE ( 'NONE', #5938, #2442, #48, .T. ) ;
#10 = DIRECTION ( 'NONE',  ( -1.000000000000000000, -0.0000000000000000000, -0.0000000000000000000 ) ) ;
#11 = EDGE_CURVE ( 'NONE', #3441, #3761, #2820, .T. ) ;
#12 = ORIENTED_EDGE ( 'NONE', *, *, #2915, .T. ) ;
#13 = AXIS2_PLACEMENT_3D ( 'NONE', #4291, #3773, #5912 ) ;
#14 = ORIENTED_EDGE ( 'NONE', *, *, #2106, .F. ) ;
#15 = ORIENTED_EDGE ( 'NONE', *, *, #1139, .T. ) ;
#16 = AXIS2_PLACEMENT_3D ( 'NONE', #4100, #4641, #1485 ) ;
#17 = DIRECTION ( 'NONE',  ( 0.0000000000000000000, 0.3420201433256568900, -0.9396926207859127600 ) ) ;
#18 = CARTESIAN_POINT ( 'NONE',  ( 0.08464566929133858500, -0.2995867304513572000, -0.1208549833790858600 ) ) ;
#19 = CARTESIAN_POINT ( 'NONE',  ( 0.08464566929133858500, -0.2546075713472023500, -0.1868983076856503800 ) ) ;
#20 = VERTEX_POINT ( 'NONE', #2961 ) ;
#21 = DIRECTION ( 'NONE',  ( 0.0000000000000000000, 0.0000000000000000000, 1.000000000000000000 ) ) ;
#22 = EDGE_CURVE ( 'NONE', #1078, #1555, #4048, .T. ) ;
#23 = EDGE_CURVE ( 'NONE', #2949, #5926, #5482, .T. ) ;
#24 = EDGE_CURVE ( 'NONE', #491, #3158, #2645, .T. ) ;
#25 = PLANE ( 'NONE',  #6434 ) ;
#26 = LINE ( 'NONE', #4539, #2794 ) ;
#27 = DIRECTION ( 'NONE',  ( -1.000000000000000000, 0.0000000000000000000, 0.0000000000000000000 ) ) ;
#28 = VECTOR ( 'NONE', #2387, 39.37007874015747400 ) ;
#29 = DIRECTION ( 'NONE',  ( 0.0000000000000000000, 0.0000000000000000000, -1.000000000000000000 ) ) ;
#30 = CARTESIAN_POINT ( 'NONE',  ( -0.08464566929133858500, 0.2165354330708660900, 0.0000000000000000000 ) ) ;
#31 = CIRCLE ( 'NONE', #6759, 0.02000000000000002500 ) ;
#32 = DIRECTION ( 'NONE',  ( -1.000000000000000000, -0.0000000000000000000, -0.0000000000000000000 ) ) ;
#33 = FACE_OUTER_BOUND ( 'NONE', #6672, .T. ) ;
#34 = DIRECTION ( 'NONE',  ( 1.000000000000000000, 0.0000000000000000000, 0.0000000000000000000 ) ) ;
#35 = VECTOR ( 'NONE', #6269, 39.37007874015748100 ) ;
#36 = AXIS2_PLACEMENT_3D ( 'NONE', #5327, #6354, #594 ) ;
#37 = CIRCLE ( 'NONE', #2501, 0.01000000000000003300 ) ;
#38 = FACE_OUTER_BOUND ( 'NONE', #183, .T. ) ;
#39 = LINE ( 'NONE', #4686, #1433 ) ;
#40 = DIRECTION ( 'NONE',  ( 1.000000000000000000, 0.0000000000000000000, 0.0000000000000000000 ) ) ;
#41 = CYLINDRICAL_SURFACE ( 'NONE', #6703, 0.2165157480314960600 ) ;
#42 = CARTESIAN_POINT ( 'NONE',  ( -0.08464566929133858500, 0.005466606461053531900, -0.2779913548340064400 ) ) ;
#43 = VECTOR ( 'NONE', #3983, 39.37007874015748100 ) ;
#44 = LINE ( 'NONE', #5944, #5476 ) ;
#45 = EDGE_LOOP ( 'NONE', ( #4211, #3887, #2030, #5608 ) ) ;
#46 = EDGE_LOOP ( 'NONE', ( #4326, #916, #2941, #1940 ) ) ;
#47 = VECTOR ( 'NONE', #134, 39.37007874015748100 ) ;
#48 = CIRCLE ( 'NONE', #5426, 0.3230450991271857100 ) ;
#49 = CARTESIAN_POINT ( 'NONE',  ( 0.08464566929133858500, 0.0000000000000000000, 0.0000000000000000000 ) ) ;
#50 = EDGE_CURVE ( 'NONE', #3661, #1882, #1443, .T. ) ;
#51 = CARTESIAN_POINT ( 'NONE',  ( -0.3248031496062992500, 0.0000000000000000000, 0.0000000000000000000 ) ) ;
#52 = ADVANCED_FACE ( 'NONE', ( #1290 ), #6557, .F. ) ;
#53 = VERTEX_POINT ( 'NONE', #5160 ) ;
#54 = CIRCLE ( 'NONE', #3501, 0.02000000000000001800 ) ;
#55 = DIRECTION ( 'NONE',  ( 1.000000000000000000, -0.0000000000000000000, 0.0000000000000000000 ) ) ;
#56 = AXIS2_PLACEMENT_3D ( 'NONE', #1450, #5119, #1963 ) ;
#57 = AXIS2_PLACEMENT_3D ( 'NONE', #3667, #550, #4182 ) ;
#58 = ORIENTED_EDGE ( 'NONE', *, *, #5773, .F. ) ;
#59 = AXIS2_PLACEMENT_3D ( 'NONE', #6328, #5795, #5287 ) ;
#60 = CARTESIAN_POINT ( 'NONE',  ( 0.08464566929133858500, 0.0000000000000000000, 0.0000000000000000000 ) ) ;
#61 = ORIENTED_EDGE ( 'NONE', *, *, #4243, .T. ) ;
#62 = VERTEX_POINT ( 'NONE', #4772 ) ;
#63 = CIRCLE ( 'NONE', #3157, 0.01000000000000001800 ) ;
#64 = ORIENTED_EDGE ( 'NONE', *, *, #1951, .T. ) ;
#65 = CARTESIAN_POINT ( 'NONE',  ( -0.08464566929133858500, 0.1960315511398793000, -0.2045050379644671200 ) ) ;
#66 = CARTESIAN_POINT ( 'NONE',  ( 0.08464566929133858500, 0.06699623482581419700, -0.3160215824738202800 ) ) ;
#67 = CARTESIAN_POINT ( 'NONE',  ( 0.08464566929133858500, 0.1002155727758164600, -0.2593567352544782800 ) ) ;
#68 = EDGE_CURVE ( 'NONE', #6823, #2077, #3892, .T. ) ;
#69 = CYLINDRICAL_SURFACE ( 'NONE', #5195, 0.02000000000000002500 ) ;
#70 = CARTESIAN_POINT ( 'NONE',  ( -0.1957345530563809300, 0.05466507131603826800, -0.02304720958126533700 ) ) ;
#71 = EDGE_CURVE ( 'NONE', #3014, #6238, #1119, .T. ) ;
#72 = CARTESIAN_POINT ( 'NONE',  ( -0.08464566929133858500, 0.2924428417247578700, 0.05751578424817092900 ) ) ;
#73 = EDGE_LOOP ( 'NONE', ( #5107, #240, #1850, #5748 ) ) ;
#74 = ORIENTED_EDGE ( 'NONE', *, *, #853, .T. ) ;
#75 = DIRECTION ( 'NONE',  ( 1.000000000000000000, -0.0000000000000000000, -0.0000000000000000000 ) ) ;
#76 = CARTESIAN_POINT ( 'NONE',  ( 0.08464566929133858500, 0.0000000000000000000, 0.0000000000000000000 ) ) ;
#77 = ORIENTED_EDGE ( 'NONE', *, *, #5375, .T. ) ;
#78 = ORIENTED_EDGE ( 'NONE', *, *, #5620, .F. ) ;
#79 = EDGE_CURVE ( 'NONE', #4309, #2981, #5312, .T. ) ;
#80 = DIRECTION ( 'NONE',  ( -1.000000000000000000, -0.0000000000000000000, -0.0000000000000000000 ) ) ;
#81 = ORIENTED_EDGE ( 'NONE', *, *, #142, .F. ) ;
#82 = DIRECTION ( 'NONE',  ( 0.0000000000000000000, 0.0000000000000000000, 1.000000000000000000 ) ) ;
#83 = ADVANCED_FACE ( 'NONE', ( #5135 ), #2853, .F. ) ;
#84 = CARTESIAN_POINT ( 'NONE',  ( -0.08464566929133858500, 0.03455489670649319200, -0.3139457786253612700 ) ) ;
#85 = CARTESIAN_POINT ( 'NONE',  ( 0.08464566929133858500, 0.2747173077608816000, -0.04288913574857326800 ) ) ;
#86 = ORIENTED_EDGE ( 'NONE', *, *, #6134, .T. ) ;
#87 = VERTEX_POINT ( 'NONE', #772 ) ;
#88 = EDGE_CURVE ( 'NONE', #5977, #491, #3720, .T. ) ;
#89 = VERTEX_POINT ( 'NONE', #4845 ) ;
#90 = DIRECTION ( 'NONE',  ( 0.0000000000000000000, 0.0000000000000000000, 1.000000000000000000 ) ) ;
#91 = VERTEX_POINT ( 'NONE', #5384 ) ;
#92 = AXIS2_PLACEMENT_3D ( 'NONE', #2405, #5029, #6117 ) ;
#93 = AXIS2_PLACEMENT_3D ( 'NONE', #4987, #4935, #4863 ) ;
#94 = CARTESIAN_POINT ( 'NONE',  ( -0.2342519685039370100, 0.03882340756571925300, 0.04450000000000005300 ) ) ;
#95 = CARTESIAN_POINT ( 'NONE',  ( 0.08464566929133858500, -0.005859823710934334100, -0.2979874889652428500 ) ) ;
#96 = DIRECTION ( 'NONE',  ( -1.000000000000000000, -0.0000000000000000000, -0.0000000000000000000 ) ) ;
#97 = CARTESIAN_POINT ( 'NONE',  ( 0.08464566929133858500, -0.3228542786274535300, -0.01110183957908862300 ) ) ;
#98 = ORIENTED_EDGE ( 'NONE', *, *, #5470, .F. ) ;
#99 = DIRECTION ( 'NONE',  ( 0.0000000000000000000, 0.0000000000000000000, 1.000000000000000000 ) ) ;
#100 = CARTESIAN_POINT ( 'NONE',  ( 0.08464566929133858500, 0.2976719210690820200, 0.09689510562764079600 ) ) ;
#101 = ORIENTED_EDGE ( 'NONE', *, *, #2974, .F. ) ;
#102 = CARTESIAN_POINT ( 'NONE',  ( 0.08464566929133858500, 0.0000000000000000000, 0.0000000000000000000 ) ) ;
#103 = EDGE_CURVE ( 'NONE', #4150, #2253, #2325, .T. ) ;
#104 = AXIS2_PLACEMENT_3D ( 'NONE', #5995, #3349, #1265 ) ;
#105 = DIRECTION ( 'NONE',  ( -1.000000000000000000, -0.0000000000000000000, -0.0000000000000000000 ) ) ;
#106 = CARTESIAN_POINT ( 'NONE',  ( -0.08464566929133858500, 0.2282710432183381300, 0.2182849596996833700 ) ) ;
#107 = CIRCLE ( 'NONE', #6632, 0.01000000000000001200 ) ;
#108 = EDGE_CURVE ( 'NONE', #1447, #2678, #2478, .T. ) ;
#109 = EDGE_CURVE ( 'NONE', #5926, #4856, #956, .T. ) ;
#110 = LINE ( 'NONE', #5421, #3946 ) ;
#111 = EDGE_CURVE ( 'NONE', #6331, #5501, #6378, .T. ) ;
#112 = VECTOR ( 'NONE', #1681, 39.37007874015748100 ) ;
#113 = EDGE_CURVE ( 'NONE', #3836, #3686, #3547, .T. ) ;
#114 = LINE ( 'NONE', #5550, #1505 ) ;
#115 = DIRECTION ( 'NONE',  ( 0.0000000000000000000, -0.8349063102029640200, 0.5503920904076221600 ) ) ;
#116 = DIRECTION ( 'NONE',  ( 0.0000000000000000000, 0.6427876096865301500, -0.7660444431189859000 ) ) ;
#117 = CYLINDRICAL_SURFACE ( 'NONE', #5513, 0.3230450991271856500 ) ;
#118 = ADVANCED_FACE ( 'NONE', ( #797 ), #6293, .F. ) ;
#119 = CIRCLE ( 'NONE', #1250, 0.01000000000000005100 ) ;
#120 = CIRCLE ( 'NONE', #4410, 0.2065157480314960800 ) ;
#121 = CARTESIAN_POINT ( 'NONE',  ( 0.08464566929133858500, 0.0000000000000000000, 0.0000000000000000000 ) ) ;
#122 = DIRECTION ( 'NONE',  ( -1.000000000000000000, -0.0000000000000000000, -0.0000000000000000000 ) ) ;
#123 = EDGE_LOOP ( 'NONE', ( #957, #2703, #4494, #2947 ) ) ;
#124 = VECTOR ( 'NONE', #1220, 39.37007874015748900 ) ;
#125 = DIRECTION ( 'NONE',  ( -1.000000000000000000, -0.0000000000000000000, -0.0000000000000000000 ) ) ;
#126 = AXIS2_PLACEMENT_3D ( 'NONE', #4590, #4659, #4709 ) ;
#127 = LINE ( 'NONE', #6082, #5555 ) ;
#128 = CARTESIAN_POINT ( 'NONE',  ( -0.08464566929133858500, -0.08913758683654278400, -0.06683547959719866900 ) ) ;
#129 = VECTOR ( 'NONE', #1489, 39.37007874015748100 ) ;
#130 = DIRECTION ( 'NONE',  ( -1.000000000000000000, -0.0000000000000000000, -0.0000000000000000000 ) ) ;
#131 = PLANE ( 'NONE',  #3752 ) ;
#132 = FACE_OUTER_BOUND ( 'NONE', #6057, .T. ) ;
#133 = CARTESIAN_POINT ( 'NONE',  ( 0.08464566929133858500, -0.07490479875481984000, 0.3068310022252978000 ) ) ;
#134 = DIRECTION ( 'NONE',  ( 0.0000000000000000000, -0.2857901232724705500, -0.9582922338409647400 ) ) ;
#135 = EDGE_LOOP ( 'NONE', ( #1529, #6340, #6239, #3026 ) ) ;
#136 = ORIENTED_EDGE ( 'NONE', *, *, #4619, .F. ) ;
#137 = FACE_OUTER_BOUND ( 'NONE', #2018, .T. ) ;
#138 = ORIENTED_EDGE ( 'NONE', *, *, #1756, .T. ) ;
#139 = ORIENTED_EDGE ( 'NONE', *, *, #3384, .T. ) ;
#140 = ORIENTED_EDGE ( 'NONE', *, *, #6059, .T. ) ;
#141 = EDGE_LOOP ( 'NONE', ( #4657, #3092, #6645, #5648 ) ) ;
#142 = EDGE_CURVE ( 'NONE', #1796, #5088, #6207, .T. ) ;
#143 = EDGE_LOOP ( 'NONE', ( #2598, #3263, #1885, #3482 ) ) ;
#144 = ORIENTED_EDGE ( 'NONE', *, *, #2011, .T. ) ;
#145 = EDGE_LOOP ( 'NONE', ( #963, #5758, #5594, #2112 ) ) ;
#146 = DIRECTION ( 'NONE',  ( 0.0000000000000000000, 0.9848077530122115700, -0.1736481776669107600 ) ) ;
#147 = EDGE_CURVE ( 'NONE', #2889, #4773, #1996, .T. ) ;
#148 = DIRECTION ( 'NONE',  ( 0.0000000000000000000, 0.0000000000000000000, 1.000000000000000000 ) ) ;
#149 = CARTESIAN_POINT ( 'NONE',  ( -0.08464566929133858500, 0.0000000000000000000, 0.0000000000000000000 ) ) ;
#150 = DIRECTION ( 'NONE',  ( 0.0000000000000000000, 0.0000000000000000000, -1.000000000000000000 ) ) ;
#151 = DIRECTION ( 'NONE',  ( 0.0000000000000000000, 0.8660254037844329300, -0.5000000000000096600 ) ) ;
#152 = AXIS2_PLACEMENT_3D ( 'NONE', #977, #4626, #1493 ) ;
#153 = AXIS2_PLACEMENT_3D ( 'NONE', #2499, #1986, #3042 ) ;
#154 = AXIS2_PLACEMENT_3D ( 'NONE', #6588, #819, #4460 ) ;
#155 = FACE_OUTER_BOUND ( 'NONE', #2215, .T. ) ;
#156 = DIRECTION ( 'NONE',  ( 0.0000000000000000000, 0.0000000000000000000, -1.000000000000000000 ) ) ;
#157 = ORIENTED_EDGE ( 'NONE', *, *, #4584, .F. ) ;
#158 = ORIENTED_EDGE ( 'NONE', *, *, #3962, .T. ) ;
#159 = CARTESIAN_POINT ( 'NONE',  ( 0.08464566929133858500, -0.2327495835104525000, 0.2093438928253230600 ) ) ;
#160 = DIRECTION ( 'NONE',  ( -1.000000000000000000, -0.0000000000000000000, -0.0000000000000000000 ) ) ;
#161 = VECTOR ( 'NONE', #2663, 39.37007874015748100 ) ;
#162 = CARTESIAN_POINT ( 'NONE',  ( 0.1437007874015748000, 0.0000000000000000000, 0.0000000000000000000 ) ) ;
#163 = ADVANCED_FACE ( 'NONE', ( #6052 ), #1843, .F. ) ;
#164 = CARTESIAN_POINT ( 'NONE',  ( -0.2775736427041225500, 0.2162656470965344800, 0.01170744870358930700 ) ) ;
#165 = ORIENTED_EDGE ( 'NONE', *, *, #6504, .T. ) ;
#166 = ORIENTED_EDGE ( 'NONE', *, *, #3734, .T. ) ;
#167 = EDGE_LOOP ( 'NONE', ( #6263, #713 ) ) ;
#168 = EDGE_CURVE ( 'NONE', #1559, #2681, #4623, .T. ) ;
#169 = VERTEX_POINT ( 'NONE', #5861 ) ;
#170 = ORIENTED_EDGE ( 'NONE', *, *, #1644, .F. ) ;
#171 = ORIENTED_EDGE ( 'NONE', *, *, #3066, .F. ) ;
#172 = ORIENTED_EDGE ( 'NONE', *, *, #2592, .F. ) ;
#173 = CARTESIAN_POINT ( 'NONE',  ( -0.2694547158296015700, -0.05231664123371086000, -0.02778099215911190200 ) ) ;
#174 = DIRECTION ( 'NONE',  ( -1.000000000000000000, -0.0000000000000000000, -0.0000000000000000000 ) ) ;
#175 = AXIS2_PLACEMENT_3D ( 'NONE', #3950, #3976, #3524 ) ;
#176 = DIRECTION ( 'NONE',  ( 0.0000000000000000000, -0.8660254037844362700, 0.5000000000000040000 ) ) ;
#177 = DIRECTION ( 'NONE',  ( 0.0000000000000000000, -0.9848077530122074700, 0.1736481776669333000 ) ) ;
#178 = VERTEX_POINT ( 'NONE', #5819 ) ;
#179 = CLOSED_SHELL ( 'NONE', ( #2708, #3521, #3164, #1189, #2492, #6708, #2394, #1728, #2956, #1155, #1333, #2918, #4406, #4285, #5692, #672, #2457, #4679, #3943, #749, #3195, #4051, #1987, #362, #886, #3299, #2366, #3265, #3052, #1798, #5076, #332, #3229, #3017, #5981, #4510, #5006, #2674, #5105, #4907, #5206, #1826, #6357, #6680, #4327, #4111, #781, #5284, #6114, #1696, #1484, #228, #3462, #5568, #1660, #5664, #1755, #5040, #817, #5330, #915, #710, #1008, #4435, #2748, #457, #6015, #6323, #4508, #643, #427, #1264, #6650, #297, #4791, #4573, #195, #494, #3918, #1628, #4018, #6463, #6247, #2850, #569, #3460, #5904, #978, #6539, #888, #5037, #5874, #943, #3852, #335, #2878, #604, #2984, #2781, #3089, #6577, #4221, #4540, #2230, #6770, #5502, #1085, #3986, #2201, #6213, #4936, #1392, #1356, #6393, #1454, #6508, #857, #5534, #1123, #5628, #1228, #5728, #2336, #52, #5073, #163, #4639, #3366, #5804, #1897, #118, #6740, #5463, #3988, #1865, #2161, #4080, #2816, #6118, #6081, #4255, #6179, #4363, #5570, #3397, #5842, #3493, #5946, #3597, #262, #4759, #2955, #4864, #2525, #1298, #3677, #6649, #4831, #4604, #3337, #1900, #6613, #83, #1960, #2268, #2557, #6047, #3714, #1416, #3818, #1520, #4973, #2635, #5600, #5397, #5175, #3886, #364, #2391, #5361 ) ) ;
#180 = DIRECTION ( 'NONE',  ( 1.000000000000000000, 0.0000000000000000000, 0.0000000000000000000 ) ) ;
#181 = CARTESIAN_POINT ( 'NONE',  ( 0.08464566929133858500, -0.1398467616490439200, 0.2831940607769807300 ) ) ;
#182 = EDGE_LOOP ( 'NONE', ( #6107, #5023, #1946, #4513 ) ) ;
#183 = EDGE_LOOP ( 'NONE', ( #2914, #6413, #171, #6103 ) ) ;
#184 = DIRECTION ( 'NONE',  ( 0.0000000000000000000, 0.0000000000000000000, 1.000000000000000000 ) ) ;
#185 = DIRECTION ( 'NONE',  ( -1.000000000000000000, -0.0000000000000000000, -0.0000000000000000000 ) ) ;
#186 = ORIENTED_EDGE ( 'NONE', *, *, #1196, .T. ) ;
#187 = ORIENTED_EDGE ( 'NONE', *, *, #1163, .F. ) ;
#188 = DIRECTION ( 'NONE',  ( 0.0000000000000000000, 0.3420201433256771500, 0.9396926207859053200 ) ) ;
#189 = EDGE_CURVE ( 'NONE', #1087, #3403, #3225, .T. ) ;
#190 = ORIENTED_EDGE ( 'NONE', *, *, #2998, .T. ) ;
#191 = AXIS2_PLACEMENT_3D ( 'NONE', #6423, #1184, #4850 ) ;
#192 = AXIS2_PLACEMENT_3D ( 'NONE', #353, #3996, #885 ) ;
#193 = CARTESIAN_POINT ( 'NONE',  ( -0.2373411609158632400, -0.03882340756571918400, 0.04450000000000005300 ) ) ;
#194 = DIRECTION ( 'NONE',  ( 1.000000000000000000, 0.0000000000000000000, 0.0000000000000000000 ) ) ;
#195 = ADVANCED_FACE ( 'NONE', ( #4806 ), #3063, .T. ) ;
#196 = CARTESIAN_POINT ( 'NONE',  ( 0.08464566929133858500, 0.2546075713472035200, 0.1868983076856487200 ) ) ;
#197 = CARTESIAN_POINT ( 'NONE',  ( 0.1240157480314961100, 5.062516295687878800E-017, 0.3937007874015748800 ) ) ;
#198 = CARTESIAN_POINT ( 'NONE',  ( 0.08464566929133858500, 0.0000000000000000000, 0.0000000000000000000 ) ) ;
#199 = CIRCLE ( 'NONE', #4482, 0.3937007874015748800 ) ;
#200 = CARTESIAN_POINT ( 'NONE',  ( 0.08464566929133858500, 0.3071808359793947700, -0.09999034991984662200 ) ) ;
#201 = CIRCLE ( 'NONE', #4029, 0.2780450991271856700 ) ;
#202 = CARTESIAN_POINT ( 'NONE',  ( -0.1437007874015748000, 2.651794250122221500E-017, -0.2165354330708661500 ) ) ;
#203 = FACE_OUTER_BOUND ( 'NONE', #5807, .T. ) ;
#204 = CYLINDRICAL_SURFACE ( 'NONE', #5021, 0.2780450991271856700 ) ;
#205 = VECTOR ( 'NONE', #3615, 39.37007874015748100 ) ;
#206 = LINE ( 'NONE', #5323, #4035 ) ;
#207 = VECTOR ( 'NONE', #5823, 39.37007874015748100 ) ;
#208 = LINE ( 'NONE', #4583, #2631 ) ;
#209 = CARTESIAN_POINT ( 'NONE',  ( -0.2787547634202874300, -0.2165163224643730000, 0.005853965549387429700 ) ) ;
#210 = EDGE_CURVE ( 'NONE', #2036, #850, #4463, .T. ) ;
#211 = VECTOR ( 'NONE', #2185, 39.37007874015748100 ) ;
#212 = LINE ( 'NONE', #4023, #43 ) ;
#213 = CARTESIAN_POINT ( 'NONE',  ( 0.08464566929133858500, -0.1024500166235618600, 0.04377767483388832900 ) ) ;
#214 = FACE_OUTER_BOUND ( 'NONE', #3253, .T. ) ;
#215 = DIRECTION ( 'NONE',  ( 0.0000000000000000000, -0.8660254037844366000, 0.5000000000000035500 ) ) ;
#216 = EDGE_LOOP ( 'NONE', ( #4382, #3811, #4075, #5919 ) ) ;
#217 = DIRECTION ( 'NONE',  ( 1.000000000000000000, -0.0000000000000000000, -0.0000000000000000000 ) ) ;
#218 = LINE ( 'NONE', #6479, #5635 ) ;
#219 = DIRECTION ( 'NONE',  ( 0.0000000000000000000, 0.0000000000000000000, -1.000000000000000000 ) ) ;
#220 = CARTESIAN_POINT ( 'NONE',  ( 0.08464566929133858500, -0.1960315511398808600, -0.2245050379644658000 ) ) ;
#221 = VERTEX_POINT ( 'NONE', #6417 ) ;
#222 = ORIENTED_EDGE ( 'NONE', *, *, #1544, .T. ) ;
#223 = DIRECTION ( 'NONE',  ( 0.0000000000000000000, -0.3420201433256694300, -0.9396926207859080900 ) ) ;
#224 = LINE ( 'NONE', #3648, #1935 ) ;
#225 = CARTESIAN_POINT ( 'NONE',  ( 0.08464566929133858500, 0.1753298700092182400, 0.2627078786135494400 ) ) ;
#226 = ORIENTED_EDGE ( 'NONE', *, *, #2799, .F. ) ;
#227 = CARTESIAN_POINT ( 'NONE',  ( 0.08464566929133858500, 0.1657469476708049400, -0.2655657798462763800 ) ) ;
#228 = ADVANCED_FACE ( 'NONE', ( #5882 ), #5711, .F. ) ;
#229 = EDGE_LOOP ( 'NONE', ( #5320, #5633, #2356, #6609 ) ) ;
#230 = AXIS2_PLACEMENT_3D ( 'NONE', #6466, #3288, #176 ) ;
#231 = FACE_OUTER_BOUND ( 'NONE', #1230, .T. ) ;
#232 = AXIS2_PLACEMENT_3D ( 'NONE', #4693, #4646, #4622 ) ;
#233 = VERTEX_POINT ( 'NONE', #5615 ) ;
#234 = CARTESIAN_POINT ( 'NONE',  ( 0.1240157480314960600, 2.651794250122221500E-017, 0.2165354330708661500 ) ) ;
#235 = EDGE_LOOP ( 'NONE', ( #659, #4348, #5571, #3508 ) ) ;
#236 = CIRCLE ( 'NONE', #4117, 0.02000000000000000700 ) ;
#237 = DIRECTION ( 'NONE',  ( 0.0000000000000000000, 0.0000000000000000000, -1.000000000000000000 ) ) ;
#238 = EDGE_CURVE ( 'NONE', #4071, #3836, #454, .T. ) ;
#239 = DIRECTION ( 'NONE',  ( 0.0000000000000000000, -0.6427876096865342600, 0.7660444431189822300 ) ) ;
#240 = ORIENTED_EDGE ( 'NONE', *, *, #5815, .T. ) ;
#241 = CARTESIAN_POINT ( 'NONE',  ( -0.08464566929133858500, 0.1219571092619242300, 0.2642722595792952900 ) ) ;
#242 = PRODUCT_DEFINITION ( 'UNKNOWN', '', #589, #1748 ) ;
#243 = VERTEX_POINT ( 'NONE', #5575 ) ;
#244 = AXIS2_PLACEMENT_3D ( 'NONE', #1030, #4688, #1552 ) ;
#245 = DIRECTION ( 'NONE',  ( 0.0000000000000000000, 0.0000000000000000000, 1.000000000000000000 ) ) ;
#246 = DIRECTION ( 'NONE',  ( -1.000000000000000000, -0.0000000000000000000, -0.0000000000000000000 ) ) ;
#247 = ORIENTED_EDGE ( 'NONE', *, *, #6726, .F. ) ;
#248 = ORIENTED_EDGE ( 'NONE', *, *, #1483, .F. ) ;
#249 = EDGE_CURVE ( 'NONE', #3410, #4296, #3389, .T. ) ;
#250 = EDGE_CURVE ( 'NONE', #2583, #6596, #1682, .T. ) ;
#251 = EDGE_LOOP ( 'NONE', ( #5019, #1934, #1331, #4578 ) ) ;
#252 = CARTESIAN_POINT ( 'NONE',  ( 0.08464566929133858500, 0.0000000000000000000, 0.0000000000000000000 ) ) ;
#253 = CARTESIAN_POINT ( 'NONE',  ( -0.08464566929133858500, 0.2544568510059165800, 0.1990222275180488800 ) ) ;
#254 = ORIENTED_EDGE ( 'NONE', *, *, #3303, .T. ) ;
#255 = EDGE_CURVE ( 'NONE', #6410, #4521, #299, .T. ) ;
#256 = ORIENTED_EDGE ( 'NONE', *, *, #4937, .F. ) ;
#257 = ORIENTED_EDGE ( 'NONE', *, *, #5750, .F. ) ;
#258 = VERTEX_POINT ( 'NONE', #995 ) ;
#259 = CARTESIAN_POINT ( 'NONE',  ( -0.08464566929133858500, 0.2632954998903871400, 0.1240517771744626800 ) ) ;
#260 = ORIENTED_EDGE ( 'NONE', *, *, #2335, .T. ) ;
#261 = DIRECTION ( 'NONE',  ( 0.0000000000000000000, 0.0000000000000000000, 1.000000000000000000 ) ) ;
#262 = ADVANCED_FACE ( 'NONE', ( #4280 ), #4123, .F. ) ;
#263 = CARTESIAN_POINT ( 'NONE',  ( -0.08464566929133858500, -0.1678879356802236400, 0.2377540845825880700 ) ) ;
#264 = AXIS2_PLACEMENT_3D ( 'NONE', #6404, #5350, #6347 ) ;
#265 = DIRECTION ( 'NONE',  ( 0.0000000000000000000, 0.0000000000000000000, -1.000000000000000000 ) ) ;
#266 = ORIENTED_EDGE ( 'NONE', *, *, #2821, .T. ) ;
#267 = ORIENTED_EDGE ( 'NONE', *, *, #6220, .T. ) ;
#268 = EDGE_LOOP ( 'NONE', ( #5015, #2834, #3736, #2126 ) ) ;
#269 = CARTESIAN_POINT ( 'NONE',  ( -0.08464566929133858500, -0.2814349999166049800, 0.07421391045223214900 ) ) ;
#270 = VERTEX_POINT ( 'NONE', #2780 ) ;
#271 = ORIENTED_EDGE ( 'NONE', *, *, #3384, .F. ) ;
#272 = EDGE_CURVE ( 'NONE', #4240, #2333, #1516, .T. ) ;
#273 = DIRECTION ( 'NONE',  ( 0.0000000000000000000, -0.8660254037844399300, -0.4999999999999977200 ) ) ;
#274 = DIRECTION ( 'NONE',  ( -1.000000000000000000, -0.0000000000000000000, -0.0000000000000000000 ) ) ;
#275 = EDGE_CURVE ( 'NONE', #5174, #2205, #2901, .T. ) ;
#276 = AXIS2_PLACEMENT_3D ( 'NONE', #6468, #3289, #177 ) ;
#277 = CONICAL_SURFACE ( 'NONE', #4848, 0.2065157480314960800, 0.7853981633974466100 ) ;
#278 = PLANE ( 'NONE',  #6308 ) ;
#279 = AXIS2_PLACEMENT_3D ( 'NONE', #2690, #6394, #3216 ) ;
#280 = DIRECTION ( 'NONE',  ( -1.000000000000000000, -0.0000000000000000000, -0.0000000000000000000 ) ) ;
#281 = DIRECTION ( 'NONE',  ( 1.000000000000000000, 0.0000000000000000000, 0.0000000000000000000 ) ) ;
#282 = LINE ( 'NONE', #5922, #5540 ) ;
#283 = DIRECTION ( 'NONE',  ( 0.0000000000000000000, 0.8660254037844357100, 0.5000000000000051100 ) ) ;
#284 = CIRCLE ( 'NONE', #3790, 0.01000000000000000900 ) ;
#285 = CYLINDRICAL_SURFACE ( 'NONE', #5952, 0.2165354330708660900 ) ;
#286 = CARTESIAN_POINT ( 'NONE',  ( 0.08464566929133858500, 0.2609946473093019400, -0.1239189882872551000 ) ) ;
#287 = DIRECTION ( 'NONE',  ( 0.0000000000000000000, -0.3420201433256618900, 0.9396926207859108700 ) ) ;
#288 = VECTOR ( 'NONE', #5820, 39.37007874015747400 ) ;
#289 = CIRCLE ( 'NONE', #5858, 0.01999999999999997600 ) ;
#290 = CIRCLE ( 'NONE', #5953, 0.2165354330708661500 ) ;
#291 = CARTESIAN_POINT ( 'NONE',  ( -0.08464566929133858500, 0.03455489670649738300, 0.3139457786253607200 ) ) ;
#292 = CIRCLE ( 'NONE', #2636, 0.3230450991271857100 ) ;
#293 = EDGE_CURVE ( 'NONE', #5003, #6163, #5556, .T. ) ;
#294 = CARTESIAN_POINT ( 'NONE',  ( 0.08464566929133858500, 0.2995867304513579700, 0.1208549833790839000 ) ) ;
#295 = FACE_OUTER_BOUND ( 'NONE', #2410, .T. ) ;
#296 = DIRECTION ( 'NONE',  ( 0.0000000000000000000, 0.0000000000000000000, 1.000000000000000000 ) ) ;
#297 = ADVANCED_FACE ( 'NONE', ( #1360 ), #1198, .T. ) ;
#298 = DIRECTION ( 'NONE',  ( 1.000000000000000000, 0.0000000000000000000, 0.0000000000000000000 ) ) ;
#299 = CIRCLE ( 'NONE', #1292, 0.2165354330708660900 ) ;
#300 = CARTESIAN_POINT ( 'NONE',  ( 0.08464566929133858500, 0.0000000000000000000, 0.0000000000000000000 ) ) ;
#301 = CYLINDRICAL_SURFACE ( 'NONE', #1569, 0.01000000000000003000 ) ;
#302 = ORIENTED_EDGE ( 'NONE', *, *, #5155, .T. ) ;
#303 = AXIS2_PLACEMENT_3D ( 'NONE', #3272, #10, #609 ) ;
#304 = VECTOR ( 'NONE', #5044, 39.37007874015748100 ) ;
#305 = ORIENTED_EDGE ( 'NONE', *, *, #4214, .T. ) ;
#306 = ORIENTED_EDGE ( 'NONE', *, *, #1771, .T. ) ;
#307 = DIRECTION ( 'NONE',  ( -1.000000000000000000, -0.0000000000000000000, -0.0000000000000000000 ) ) ;
#308 = CARTESIAN_POINT ( 'NONE',  ( 0.08464566929133858500, 0.0000000000000000000, 0.0000000000000000000 ) ) ;
#309 = DIRECTION ( 'NONE',  ( 1.000000000000000000, -0.0000000000000000000, 0.0000000000000000000 ) ) ;
#310 = CARTESIAN_POINT ( 'NONE',  ( 0.08464566929133858500, 0.1219571092619242300, 0.2642722595792952900 ) ) ;
#311 = DIRECTION ( 'NONE',  ( -1.000000000000000000, -0.0000000000000000000, -0.0000000000000000000 ) ) ;
#312 = ORIENTED_EDGE ( 'NONE', *, *, #1772, .T. ) ;
#313 = FILL_AREA_STYLE ('',( #6051 ) ) ;
#314 = ORIENTED_EDGE ( 'NONE', *, *, #3606, .T. ) ;
#315 = EDGE_CURVE ( 'NONE', #6824, #3837, #3964, .T. ) ;
#316 = ORIENTED_EDGE ( 'NONE', *, *, #5370, .T. ) ;
#317 = CARTESIAN_POINT ( 'NONE',  ( 0.08464566929133858500, -0.1657469476708067200, -0.2655657798462752200 ) ) ;
#318 = DIRECTION ( 'NONE',  ( -1.000000000000000000, -0.0000000000000000000, -0.0000000000000000000 ) ) ;
#319 = LINE ( 'NONE', #2072, #5731 ) ;
#320 = CARTESIAN_POINT ( 'NONE',  ( -0.1437007874015748500, 0.0000000000000000000, 0.0000000000000000000 ) ) ;
#321 =( LENGTH_UNIT ( ) NAMED_UNIT ( * ) SI_UNIT ( $, .METRE. ) );
#322 = ORIENTED_EDGE ( 'NONE', *, *, #1804, .F. ) ;
#323 = EDGE_CURVE ( 'NONE', #6061, #1794, #5391, .T. ) ;
#324 = AXIS2_PLACEMENT_3D ( 'NONE', #1236, #4899, #1740 ) ;
#325 = AXIS2_PLACEMENT_3D ( 'NONE', #6435, #3262, #146 ) ;
#326 = CARTESIAN_POINT ( 'NONE',  ( 0.08464566929133858500, 0.005859823710932310500, -0.2779874889652428900 ) ) ;
#327 = LINE ( 'NONE', #5846, #161 ) ;
#328 = ORIENTED_EDGE ( 'NONE', *, *, #1171, .T. ) ;
#329 = ORIENTED_EDGE ( 'NONE', *, *, #3962, .F. ) ;
#330 = ORIENTED_EDGE ( 'NONE', *, *, #6220, .F. ) ;
#331 = CARTESIAN_POINT ( 'NONE',  ( 0.08464566929133858500, -0.01331242978701868000, 0.1106131544310868000 ) ) ;
#332 = ADVANCED_FACE ( 'NONE', ( #5219 ), #1031, .T. ) ;
#333 = CARTESIAN_POINT ( 'NONE',  ( -0.08464566929133858500, -0.3151766316582618700, -0.02048618216342583400 ) ) ;
#334 = DIRECTION ( 'NONE',  ( -1.000000000000000000, -0.0000000000000000000, -0.0000000000000000000 ) ) ;
#335 = ADVANCED_FACE ( 'NONE', ( #6639 ), #1154, .T. ) ;
#336 = CARTESIAN_POINT ( 'NONE',  ( 0.08464566929133858500, 0.0000000000000000000, 0.0000000000000000000 ) ) ;
#337 = ORIENTED_EDGE ( 'NONE', *, *, #1635, .T. ) ;
#338 = ORIENTED_EDGE ( 'NONE', *, *, #4084, .F. ) ;
#339 = ORIENTED_EDGE ( 'NONE', *, *, #2685, .T. ) ;
#340 = PLANE ( 'NONE',  #6533 ) ;
#341 = EDGE_LOOP ( 'NONE', ( #2176, #5401, #5892, #462 ) ) ;
#342 = DIRECTION ( 'NONE',  ( -0.0000000000000000000, 1.000000000000000000, -0.0000000000000000000 ) ) ;
#343 = EDGE_CURVE ( 'NONE', #2253, #1244, #2396, .T. ) ;
#344 = VERTEX_POINT ( 'NONE', #769 ) ;
#345 = EDGE_CURVE ( 'NONE', #233, #2889, #3627, .T. ) ;
#346 = ORIENTED_EDGE ( 'NONE', *, *, #1170, .T. ) ;
#347 = EDGE_CURVE ( 'NONE', #6499, #3180, #6459, .T. ) ;
#348 = ORIENTED_EDGE ( 'NONE', *, *, #818, .F. ) ;
#349 = EDGE_LOOP ( 'NONE', ( #4900, #3022, #2847, #921 ) ) ;
#350 = ORIENTED_EDGE ( 'NONE', *, *, #210, .F. ) ;
#351 = ORIENTED_EDGE ( 'NONE', *, *, #2473, .F. ) ;
#352 = ORIENTED_EDGE ( 'NONE', *, *, #2206, .T. ) ;
#353 = CARTESIAN_POINT ( 'NONE',  ( -0.3148031496062991800, 0.0000000000000000000, 0.0000000000000000000 ) ) ;
#354 = ORIENTED_EDGE ( 'NONE', *, *, #2128, .F. ) ;
#355 = CARTESIAN_POINT ( 'NONE',  ( 0.08464566929133858500, 0.3031758419731581700, -0.08854604252561117100 ) ) ;
#356 = DIRECTION ( 'NONE',  ( 1.000000000000000000, 0.0000000000000000000, 0.0000000000000000000 ) ) ;
#357 = EDGE_LOOP ( 'NONE', ( #1245, #660, #1639, #2602 ) ) ;
#358 = CARTESIAN_POINT ( 'NONE',  ( 0.08464566929133858500, -0.2401844939336563700, -0.03834341481042697500 ) ) ;
#359 = CARTESIAN_POINT ( 'NONE',  ( 0.08464566929133858500, 0.0000000000000000000, 0.0000000000000000000 ) ) ;
#360 = AXIS2_PLACEMENT_3D ( 'NONE', #4795, #5218, #6590 ) ;
#361 = CARTESIAN_POINT ( 'NONE',  ( -0.3248031496062992500, 0.0000000000000000000, 0.0000000000000000000 ) ) ;
#362 = ADVANCED_FACE ( 'NONE', ( #880 ), #3465, .F. ) ;
#363 = VECTOR ( 'NONE', #2933, 39.37007874015748100 ) ;
#364 = ADVANCED_FACE ( 'NONE', ( #5052 ), #705, .F. ) ;
#365 = VECTOR ( 'NONE', #4441, 39.37007874015748100 ) ;
#366 = LINE ( 'NONE', #6324, #1587 ) ;
#367 = EDGE_CURVE ( 'NONE', #591, #6509, #2070, .T. ) ;
#368 = CIRCLE ( 'NONE', #3939, 0.01000000000000002800 ) ;
#369 = EDGE_CURVE ( 'NONE', #5573, #1471, #4887, .T. ) ;
#370 = FACE_BOUND ( 'NONE', #2983, .T. ) ;
#371 = CIRCLE ( 'NONE', #5726, 0.3230450991271856500 ) ;
#372 = AXIS2_PLACEMENT_3D ( 'NONE', #679, #4318, #3794 ) ;
#373 = DIRECTION ( 'NONE',  ( 1.000000000000000000, 0.0000000000000000000, 0.0000000000000000000 ) ) ;
#374 = AXIS2_PLACEMENT_3D ( 'NONE', #6781, #6248, #5183 ) ;
#375 = LINE ( 'NONE', #5201, #5627 ) ;
#376 = CARTESIAN_POINT ( 'NONE',  ( 0.08464566929133858500, 0.2728187752609128600, 0.05365624859959938100 ) ) ;
#377 = FACE_OUTER_BOUND ( 'NONE', #4063, .T. ) ;
#378 = DIRECTION ( 'NONE',  ( 0.0000000000000000000, -0.6427876096865355900, 0.7660444431189814600 ) ) ;
#379 = CIRCLE ( 'NONE', #1494, 0.01000000000000000200 ) ;
#380 = EDGE_CURVE ( 'NONE', #1169, #2028, #3799, .T. ) ;
#381 = EDGE_CURVE ( 'NONE', #2651, #6599, #6289, .T. ) ;
#382 = CIRCLE ( 'NONE', #3888, 0.02000000000000002500 ) ;
#383 = EDGE_LOOP ( 'NONE', ( #3144, #2284, #4571, #354 ) ) ;
#384 = DIRECTION ( 'NONE',  ( 0.0000000000000000000, 0.0000000000000000000, 1.000000000000000000 ) ) ;
#385 = VECTOR ( 'NONE', #4256, 39.37007874015748100 ) ;
#386 = VERTEX_POINT ( 'NONE', #5980 ) ;
#387 = EDGE_CURVE ( 'NONE', #5838, #2442, #6131, .T. ) ;
#388 = DIRECTION ( 'NONE',  ( -1.000000000000000000, -0.0000000000000000000, -0.0000000000000000000 ) ) ;
#389 = ORIENTED_EDGE ( 'NONE', *, *, #587, .T. ) ;
#390 = VECTOR ( 'NONE', #3080, 39.37007874015748100 ) ;
#391 = VERTEX_POINT ( 'NONE', #6487 ) ;
#392 = ORIENTED_EDGE ( 'NONE', *, *, #6365, .F. ) ;
#393 = ORIENTED_EDGE ( 'NONE', *, *, #666, .F. ) ;
#394 = AXIS2_PLACEMENT_3D ( 'NONE', #2578, #105, #1167 ) ;
#395 = ORIENTED_EDGE ( 'NONE', *, *, #2725, .T. ) ;
#396 = CIRCLE ( 'NONE', #5437, 0.01000000000000004700 ) ;
#397 = ADVANCED_FACE ( 'NONE', ( #535 ), #3141, .F. ) ;
#398 = ORIENTED_EDGE ( 'NONE', *, *, #5068, .T. ) ;
#399 = CARTESIAN_POINT ( 'NONE',  ( 0.08464566929133858500, -0.2401844939336563700, -0.03834341481042697500 ) ) ;
#400 = VECTOR ( 'NONE', #4924, 39.37007874015748100 ) ;
#401 = DIRECTION ( 'NONE',  ( -1.000000000000000000, 0.0000000000000000000, -0.0000000000000000000 ) ) ;
#402 = CARTESIAN_POINT ( 'NONE',  ( -0.1910933353663456200, -0.05802877353403632100, 0.01232772623881643300 ) ) ;
#403 = EDGE_LOOP ( 'NONE', ( #395, #6327, #1611, #423 ) ) ;
#404 = DIRECTION ( 'NONE',  ( -1.000000000000000000, -0.0000000000000000000, -0.0000000000000000000 ) ) ;
#405 = CARTESIAN_POINT ( 'NONE',  ( -0.08464566929133858500, 0.2814349999166054200, 0.07421391045223026100 ) ) ;
#406 = CARTESIAN_POINT ( 'NONE',  ( -0.08464566929133858500, 0.2544568510059139200, -0.1990222275180522900 ) ) ;
#407 = EDGE_CURVE ( 'NONE', #4926, #3915, #3518, .T. ) ;
#408 = DIRECTION ( 'NONE',  ( 0.0000000000000000000, -2.321509954758549400E-014, 1.000000000000000000 ) ) ;
#409 = ORIENTED_EDGE ( 'NONE', *, *, #4995, .T. ) ;
#410 = AXIS2_PLACEMENT_3D ( 'NONE', #3509, #401, #4044 ) ;
#411 = AXIS2_PLACEMENT_3D ( 'NONE', #1053, #4713, #1576 ) ;
#412 = ORIENTED_EDGE ( 'NONE', *, *, #6111, .T. ) ;
#413 = ORIENTED_EDGE ( 'NONE', *, *, #3385, .F. ) ;
#414 = ORIENTED_EDGE ( 'NONE', *, *, #3991, .F. ) ;
#415 = CARTESIAN_POINT ( 'NONE',  ( 0.08464566929133858500, -0.2465800297294614400, -0.1928614088566383300 ) ) ;
#416 = ORIENTED_EDGE ( 'NONE', *, *, #2668, .T. ) ;
#417 = DIRECTION ( 'NONE',  ( -1.000000000000000000, -0.0000000000000000000, -0.0000000000000000000 ) ) ;
#418 = ORIENTED_EDGE ( 'NONE', *, *, #4691, .T. ) ;
#419 = EDGE_CURVE ( 'NONE', #3149, #270, #4543, .T. ) ;
#420 = EDGE_LOOP ( 'NONE', ( #5313, #6105, #6612, #6223 ) ) ;
#421 = ORIENTED_EDGE ( 'NONE', *, *, #6106, .T. ) ;
#422 = DIRECTION ( 'NONE',  ( -1.000000000000000000, -0.0000000000000000000, -0.0000000000000000000 ) ) ;
#423 = ORIENTED_EDGE ( 'NONE', *, *, #6619, .F. ) ;
#424 = CARTESIAN_POINT ( 'NONE',  ( -0.08464566929133858500, 0.0000000000000000000, 0.0000000000000000000 ) ) ;
#425 = DIRECTION ( 'NONE',  ( 0.0000000000000000000, 0.8660254037844331600, -0.5000000000000096600 ) ) ;
#426 = CARTESIAN_POINT ( 'NONE',  ( -0.1986544713843040900, -0.2148238061858548400, -0.02733611730175618300 ) ) ;
#427 = ADVANCED_FACE ( 'NONE', ( #5967 ), #5034, .T. ) ;
#428 = EDGE_CURVE ( 'NONE', #2869, #4836, #1752, .T. ) ;
#429 = DIRECTION ( 'NONE',  ( 0.0000000000000000000, -0.1150426290541777300, -0.9933605556394430300 ) ) ;
#430 = AXIS2_PLACEMENT_3D ( 'NONE', #962, #980, #999 ) ;
#431 = ORIENTED_EDGE ( 'NONE', *, *, #2011, .F. ) ;
#432 = SURFACE_SIDE_STYLE ('',( #4879 ) ) ;
#433 = EDGE_CURVE ( 'NONE', #2408, #4319, #4712, .T. ) ;
#434 = CARTESIAN_POINT ( 'NONE',  ( 0.08464566929133858500, -0.2465800297294587800, 0.1928614088566417100 ) ) ;
#435 = LINE ( 'NONE', #2851, #3043 ) ;
#436 = FACE_OUTER_BOUND ( 'NONE', #182, .T. ) ;
#437 = DIRECTION ( 'NONE',  ( 0.0000000000000000000, -0.9982461196195086000, 0.05920037723354255900 ) ) ;
#438 = EDGE_CURVE ( 'NONE', #5834, #4239, #1922, .T. ) ;
#439 = CIRCLE ( 'NONE', #4866, 0.2780450991271856700 ) ;
#440 = LINE ( 'NONE', #3206, #783 ) ;
#441 = DIRECTION ( 'NONE',  ( 0.0000000000000000000, 6.829619984160651100E-015, 1.000000000000000000 ) ) ;
#442 = AXIS2_PLACEMENT_3D ( 'NONE', #5742, #2563, #6271 ) ;
#443 = LINE ( 'NONE', #1388, #5871 ) ;
#444 = AXIS2_PLACEMENT_3D ( 'NONE', #5816, #6094, #5903 ) ;
#445 = FACE_OUTER_BOUND ( 'NONE', #4910, .T. ) ;
#446 = DIRECTION ( 'NONE',  ( 0.0000000000000000000, 0.9933605556394429200, -0.1150426290541777100 ) ) ;
#447 = CIRCLE ( 'NONE', #4158, 0.3230450991271856500 ) ;
#448 = CYLINDRICAL_SURFACE ( 'NONE', #3701, 0.01999999999999999000 ) ;
#449 = ORIENTED_EDGE ( 'NONE', *, *, #3236, .T. ) ;
#450 = CYLINDRICAL_SURFACE ( 'NONE', #3046, 0.3230450991271856500 ) ;
#451 = EDGE_CURVE ( 'NONE', #2350, #5645, #379, .T. ) ;
#452 = DIRECTION ( 'NONE',  ( 1.000000000000000000, 0.0000000000000000000, 0.0000000000000000000 ) ) ;
#453 = DIRECTION ( 'NONE',  ( 0.0000000000000000000, 0.0000000000000000000, 1.000000000000000000 ) ) ;
#454 = CIRCLE ( 'NONE', #232, 0.02000000000000002100 ) ;
#455 = DIRECTION ( 'NONE',  ( -1.000000000000000000, -0.0000000000000000000, -0.0000000000000000000 ) ) ;
#456 = AXIS2_PLACEMENT_3D ( 'NONE', #1799, #5492, #2307 ) ;
#457 = ADVANCED_FACE ( 'NONE', ( #1597 ), #2810, .T. ) ;
#458 = DIRECTION ( 'NONE',  ( 0.0000000000000000000, -0.3420201433256618900, 0.9396926207859108700 ) ) ;
#459 = LINE ( 'NONE', #4529, #1847 ) ;
#460 = EDGE_LOOP ( 'NONE', ( #4857, #2567, #4764, #5163 ) ) ;
#461 = CIRCLE ( 'NONE', #5298, 0.01000000000000000900 ) ;
#462 = ORIENTED_EDGE ( 'NONE', *, *, #3958, .F. ) ;
#463 = EDGE_CURVE ( 'NONE', #3440, #6667, #4196, .T. ) ;
#464 = EDGE_CURVE ( 'NONE', #3025, #6807, #212, .T. ) ;
#465 = EDGE_CURVE ( 'NONE', #243, #6175, #5631, .T. ) ;
#466 = CARTESIAN_POINT ( 'NONE',  ( -0.2342519685039370100, 0.2118934145877079700, 0.04450000000000005300 ) ) ;
#467 = DIRECTION ( 'NONE',  ( -1.000000000000000000, -0.0000000000000000000, -0.0000000000000000000 ) ) ;
#468 = EDGE_LOOP ( 'NONE', ( #2189, #6608, #3190, #4729 ) ) ;
#469 = VERTEX_POINT ( 'NONE', #3973 ) ;
#470 = EDGE_CURVE ( 'NONE', #4738, #3274, #1436, .T. ) ;
#471 = CARTESIAN_POINT ( 'NONE',  ( 0.08464566929133858500, -0.1471132378872990500, -0.2763239572057849500 ) ) ;
#472 = DIRECTION ( 'NONE',  ( 0.0000000000000000000, -0.9848077530122071300, 0.1736481776669352400 ) ) ;
#473 = VERTEX_POINT ( 'NONE', #4004 ) ;
#474 = DIRECTION ( 'NONE',  ( -1.000000000000000000, -0.0000000000000000000, -0.0000000000000000000 ) ) ;
#475 = VECTOR ( 'NONE', #4159, 39.37007874015748100 ) ;
#476 = ORIENTED_EDGE ( 'NONE', *, *, #3675, .T. ) ;
#477 = DIRECTION ( 'NONE',  ( 0.0000000000000000000, 0.0000000000000000000, -1.000000000000000000 ) ) ;
#478 = AXIS2_PLACEMENT_3D ( 'NONE', #5229, #5253, #5156 ) ;
#479 = LINE ( 'NONE', #1979, #4491 ) ;
#480 = ORIENTED_EDGE ( 'NONE', *, *, #2840, .F. ) ;
#481 = ORIENTED_EDGE ( 'NONE', *, *, #3255, .F. ) ;
#482 = EDGE_LOOP ( 'NONE', ( #3551, #1561, #2936, #1476 ) ) ;
#483 = EDGE_CURVE ( 'NONE', #5170, #4475, #4040, .T. ) ;
#484 = DIRECTION ( 'NONE',  ( -1.000000000000000000, -0.0000000000000000000, -0.0000000000000000000 ) ) ;
#485 = CARTESIAN_POINT ( 'NONE',  ( 0.08464566929133858500, 0.2609946473093019400, -0.1439189882872550800 ) ) ;
#486 = DIRECTION ( 'NONE',  ( 0.0000000000000000000, 0.0000000000000000000, -1.000000000000000000 ) ) ;
#487 = CARTESIAN_POINT ( 'NONE',  ( 0.08464566929133858500, 0.1074241567854219700, 0.2780124667216832300 ) ) ;
#488 = ORIENTED_EDGE ( 'NONE', *, *, #6600, .F. ) ;
#489 = ORIENTED_EDGE ( 'NONE', *, *, #6004, .F. ) ;
#490 = CARTESIAN_POINT ( 'NONE',  ( 0.08464566929133858500, -0.1219571092619187400, 0.2642722595792977900 ) ) ;
#491 = VERTEX_POINT ( 'NONE', #3942 ) ;
#492 = ORIENTED_EDGE ( 'NONE', *, *, #3256, .F. ) ;
#493 = DIRECTION ( 'NONE',  ( -1.000000000000000000, -0.0000000000000000000, -0.0000000000000000000 ) ) ;
#494 = ADVANCED_FACE ( 'NONE', ( #5472 ), #3881, .F. ) ;
#495 = EDGE_CURVE ( 'NONE', #5840, #5368, #5304, .T. ) ;
#496 = DIRECTION ( 'NONE',  ( 0.0000000000000000000, 0.0000000000000000000, -1.000000000000000000 ) ) ;
#497 = AXIS2_PLACEMENT_3D ( 'NONE', #2498, #6210, #3041 ) ;
#498 = AXIS2_PLACEMENT_3D ( 'NONE', #3114, #6796, #1045 ) ;
#499 = VERTEX_POINT ( 'NONE', #3371 ) ;
#500 = AXIS2_PLACEMENT_3D ( 'NONE', #1357, #5028, #1878 ) ;
#501 = ORIENTED_EDGE ( 'NONE', *, *, #3107, .T. ) ;
#502 = DIRECTION ( 'NONE',  ( 0.0000000000000000000, 0.6427876096865454700, 0.7660444431189729100 ) ) ;
#503 = ORIENTED_EDGE ( 'NONE', *, *, #3734, .F. ) ;
#504 = CARTESIAN_POINT ( 'NONE',  ( -0.08464566929133858500, -0.06699623482581641700, -0.3160215824738198400 ) ) ;
#505 = ORIENTED_EDGE ( 'NONE', *, *, #2273, .F. ) ;
#506 = ORIENTED_EDGE ( 'NONE', *, *, #4355, .T. ) ;
#507 = ORIENTED_EDGE ( 'NONE', *, *, #6351, .T. ) ;
#508 = CARTESIAN_POINT ( 'NONE',  ( 0.08464566929133858500, -0.005859823710934334100, -0.2979874889652428500 ) ) ;
#509 = EDGE_LOOP ( 'NONE', ( #1769, #1553, #6330, #4767 ) ) ;
#510 = EDGE_CURVE ( 'NONE', #1234, #3440, #2637, .T. ) ;
#511 = CARTESIAN_POINT ( 'NONE',  ( -0.2283560899586223300, 0.2118934145877080200, 0.04450000000000005300 ) ) ;
#512 = CARTESIAN_POINT ( 'NONE',  ( 0.08464566929133858500, 0.03455489670649738300, 0.3139457786253607200 ) ) ;
#513 = CARTESIAN_POINT ( 'NONE',  ( 0.08464566929133858500, 0.2465800297294626900, 0.1928614088566367200 ) ) ;
#514 = ORIENTED_EDGE ( 'NONE', *, *, #689, .F. ) ;
#515 = CARTESIAN_POINT ( 'NONE',  ( -0.08464566929133858500, -0.1398467616490478800, -0.2831940607769788400 ) ) ;
#516 = DIRECTION ( 'NONE',  ( 0.0000000000000000000, -0.9848077530122073500, 0.1736481776669349400 ) ) ;
#517 = AXIS2_PLACEMENT_3D ( 'NONE', #6072, #6096, #6120 ) ;
#518 = CYLINDRICAL_SURFACE ( 'NONE', #3071, 0.01000000000000004700 ) ;
#519 = CARTESIAN_POINT ( 'NONE',  ( 0.08464566929133858500, 0.1024500166235621700, -0.04377767483388760700 ) ) ;
#520 = VECTOR ( 'NONE', #2330, 39.37007874015748100 ) ;
#521 = DIRECTION ( 'NONE',  ( -1.000000000000000000, -0.0000000000000000000, -0.0000000000000000000 ) ) ;
#522 = DIRECTION ( 'NONE',  ( -1.000000000000000000, -0.0000000000000000000, -0.0000000000000000000 ) ) ;
#523 = CIRCLE ( 'NONE', #6399, 0.01999999999999999000 ) ;
#524 = DIMENSIONAL_EXPONENTS ( 1.000000000000000000, 0.0000000000000000000, 0.0000000000000000000, 0.0000000000000000000, 0.0000000000000000000, 0.0000000000000000000, 0.0000000000000000000 ) ;
#525 = DIRECTION ( 'NONE',  ( 0.0000000000000000000, 0.0000000000000000000, 1.000000000000000000 ) ) ;
#526 = CIRCLE ( 'NONE', #4281, 0.02000000000000000000 ) ;
#527 = FACE_OUTER_BOUND ( 'NONE', #715, .T. ) ;
#528 = FACE_OUTER_BOUND ( 'NONE', #1386, .T. ) ;
#529 = CARTESIAN_POINT ( 'NONE',  ( -0.08464566929133858500, -0.1219571092619187400, 0.2642722595792977900 ) ) ;
#530 = CIRCLE ( 'NONE', #1879, 0.2780450991271856700 ) ;
#531 = EDGE_CURVE ( 'NONE', #3467, #4945, #1284, .T. ) ;
#532 = DIRECTION ( 'NONE',  ( 0.0000000000000000000, 0.9728004803918436400, -0.2316446100158562300 ) ) ;
#533 = LINE ( 'NONE', #6395, #2975 ) ;
#534 = CARTESIAN_POINT ( 'NONE',  ( 0.08464566929133858500, 0.2544568510059165800, 0.1990222275180488800 ) ) ;
#535 = FACE_OUTER_BOUND ( 'NONE', #123, .T. ) ;
#536 = DIRECTION ( 'NONE',  ( -1.000000000000000000, -0.0000000000000000000, -0.0000000000000000000 ) ) ;
#537 = AXIS2_PLACEMENT_3D ( 'NONE', #4402, #1283, #4947 ) ;
#538 = AXIS2_PLACEMENT_3D ( 'NONE', #331, #862, #4506 ) ;
#539 = DIRECTION ( 'NONE',  ( 0.0000000000000000000, 0.9848077530122061300, -0.1736481776669418800 ) ) ;
#540 = FACE_OUTER_BOUND ( 'NONE', #2332, .T. ) ;
#541 = CARTESIAN_POINT ( 'NONE',  ( 0.08464566929133858500, 0.2049886317241199900, 0.2066229042157342900 ) ) ;
#542 = ORIENTED_EDGE ( 'NONE', *, *, #367, .F. ) ;
#543 = CYLINDRICAL_SURFACE ( 'NONE', #4439, 0.01999999999999999000 ) ;
#544 = VERTEX_POINT ( 'NONE', #3128 ) ;
#545 = CARTESIAN_POINT ( 'NONE',  ( -0.08464566929133858500, 0.2903128943442387900, 0.1171138653833113700 ) ) ;
#546 = CARTESIAN_POINT ( 'NONE',  ( 0.08464566929133858500, 0.3151766316582617100, -0.02048618216342807500 ) ) ;
#547 = DIRECTION ( 'NONE',  ( -1.000000000000000000, -0.0000000000000000000, -0.0000000000000000000 ) ) ;
#548 = EDGE_LOOP ( 'NONE', ( #6561, #501 ) ) ;
#549 = FACE_OUTER_BOUND ( 'NONE', #6217, .T. ) ;
#550 = DIRECTION ( 'NONE',  ( 1.000000000000000000, 0.0000000000000000000, 0.0000000000000000000 ) ) ;
#551 = EDGE_LOOP ( 'NONE', ( #6318, #3826, #5237, #5416 ) ) ;
#552 = DIRECTION ( 'NONE',  ( -1.000000000000000000, -0.0000000000000000000, -0.0000000000000000000 ) ) ;
#553 = ORIENTED_EDGE ( 'NONE', *, *, #900, .F. ) ;
#554 = FACE_OUTER_BOUND ( 'NONE', #5089, .T. ) ;
#555 = ORIENTED_EDGE ( 'NONE', *, *, #4339, .F. ) ;
#556 = CARTESIAN_POINT ( 'NONE',  ( 0.08464566929133858500, 0.06090285227388918900, 0.09329165720971296900 ) ) ;
#557 = EDGE_CURVE ( 'NONE', #3350, #5514, #1110, .T. ) ;
#558 = CARTESIAN_POINT ( 'NONE',  ( -0.2225044286408760000, 0.2121517723394588400, 0.04331096611097076700 ) ) ;
#559 = CARTESIAN_POINT ( 'NONE',  ( 0.08464566929133858500, 0.2609946473093019400, -0.1439189882872550800 ) ) ;
#560 = CARTESIAN_POINT ( 'NONE',  ( 0.08464566929133858500, -0.2086386688544349900, 0.1250148568936528500 ) ) ;
#561 = CARTESIAN_POINT ( 'NONE',  ( -0.08464566929133858500, 0.1002155727758164600, -0.2593567352544782800 ) ) ;
#562 = CARTESIAN_POINT ( 'NONE',  ( -0.08464566929133858500, 0.1074241567854180700, -0.2580124667216847100 ) ) ;
#563 = CYLINDRICAL_SURFACE ( 'NONE', #2013, 0.01999999999999999000 ) ;
#564 = CARTESIAN_POINT ( 'NONE',  ( 0.08464566929133858500, 0.3071808359793947700, -0.09999034991984662200 ) ) ;
#565 = ORIENTED_EDGE ( 'NONE', *, *, #3034, .F. ) ;
#566 = ORIENTED_EDGE ( 'NONE', *, *, #6111, .F. ) ;
#567 = CARTESIAN_POINT ( 'NONE',  ( 0.08464566929133858500, 0.0000000000000000000, 0.0000000000000000000 ) ) ;
#568 = CARTESIAN_POINT ( 'NONE',  ( 0.08464566929133858500, 5.303588500244444200E-017, 0.4330708661417324000 ) ) ;
#569 = ADVANCED_FACE ( 'NONE', ( #3717 ), #6373, .T. ) ;
#570 = CARTESIAN_POINT ( 'NONE',  ( 0.08464566929133858500, 0.2609946473093019400, -0.1239189882872551000 ) ) ;
#571 = ORIENTED_EDGE ( 'NONE', *, *, #4951, .F. ) ;
#572 = CARTESIAN_POINT ( 'NONE',  ( 0.08464566929133858500, 0.3128601855581031900, -0.01075817735950962200 ) ) ;
#573 = ORIENTED_EDGE ( 'NONE', *, *, #4085, .T. ) ;
#574 = ORIENTED_EDGE ( 'NONE', *, *, #4599, .T. ) ;
#575 = CARTESIAN_POINT ( 'NONE',  ( -0.08464566929133858500, 0.2049886317241171300, -0.2066229042157370100 ) ) ;
#576 = ORIENTED_EDGE ( 'NONE', *, *, #859, .F. ) ;
#577 = AXIS2_PLACEMENT_3D ( 'NONE', #2734, #4314, #1204 ) ;
#578 = ORIENTED_EDGE ( 'NONE', *, *, #433, .T. ) ;
#579 = AXIS2_PLACEMENT_3D ( 'NONE', #5283, #6643, #6254 ) ;
#580 = DIRECTION ( 'NONE',  ( 1.000000000000000000, -0.0000000000000000000, -0.0000000000000000000 ) ) ;
#581 = ORIENTED_EDGE ( 'NONE', *, *, #1510, .F. ) ;
#582 = CARTESIAN_POINT ( 'NONE',  ( -0.2118021703351169500, 0.2130125894208136900, 0.03885680172735667100 ) ) ;
#583 = DIRECTION ( 'NONE',  ( -1.000000000000000000, -0.0000000000000000000, -0.0000000000000000000 ) ) ;
#584 = CARTESIAN_POINT ( 'NONE',  ( 0.08464566929133858500, -0.1112443712417057600, 0.006097588627261950900 ) ) ;
#585 = DIRECTION ( 'NONE',  ( 1.000000000000000000, -0.0000000000000000000, -0.0000000000000000000 ) ) ;
#586 = ORIENTED_EDGE ( 'NONE', *, *, #742, .F. ) ;
#587 = EDGE_CURVE ( 'NONE', #5761, #5358, #2317, .T. ) ;
#588 = VERTEX_POINT ( 'NONE', #2849 ) ;
#590 = CARTESIAN_POINT ( 'NONE',  ( -0.08464566929133858500, 0.2747173077608816000, -0.04288913574857326800 ) ) ;
#589 = PRODUCT_DEFINITION_FORMATION_WITH_SPECIFIED_SOURCE ( 'ANY', '', #4953, .NOT_KNOWN. ) ;
#591 = VERTEX_POINT ( 'NONE', #2807 ) ;
#592 = EDGE_LOOP ( 'NONE', ( #4597, #4569, #553, #908 ) ) ;
#593 = AXIS2_PLACEMENT_3D ( 'NONE', #6777, #1528, #5203 ) ;
#594 = DIRECTION ( 'NONE',  ( 0.0000000000000000000, 0.8660254037844329300, -0.5000000000000096600 ) ) ;
#595 = DIRECTION ( 'NONE',  ( 1.000000000000000000, 0.0000000000000000000, 0.0000000000000000000 ) ) ;
#596 = ORIENTED_EDGE ( 'NONE', *, *, #2066, .F. ) ;
#597 = CARTESIAN_POINT ( 'NONE',  ( 0.08464566929133858500, 0.0000000000000000000, 0.0000000000000000000 ) ) ;
#598 = EDGE_CURVE ( 'NONE', #5100, #1467, #6711, .T. ) ;
#599 = EDGE_CURVE ( 'NONE', #5184, #5743, #6551, .T. ) ;
#600 = CARTESIAN_POINT ( 'NONE',  ( -0.08464566929133858500, -0.3071808359793941100, 0.09999034991984867600 ) ) ;
#601 = EDGE_CURVE ( 'NONE', #169, #6078, #4969, .T. ) ;
#602 = CARTESIAN_POINT ( 'NONE',  ( -0.1897665660291419600, 0.05904411840149004200, -0.006262027581179778700 ) ) ;
#603 = CARTESIAN_POINT ( 'NONE',  ( -0.2068535120113566000, 0.2136191800282255200, 0.03553895543097890900 ) ) ;
#604 = ADVANCED_FACE ( 'NONE', ( #2151 ), #1991, .T. ) ;
#605 = DIRECTION ( 'NONE',  ( 0.0000000000000000000, 0.0000000000000000000, -1.000000000000000000 ) ) ;
#606 = CARTESIAN_POINT ( 'NONE',  ( -0.3248031496062992500, 0.0000000000000000000, -0.2165157480314960600 ) ) ;
#607 = DIRECTION ( 'NONE',  ( -1.000000000000000000, -0.0000000000000000000, -0.0000000000000000000 ) ) ;
#608 = CIRCLE ( 'NONE', #2714, 0.01000000000000002800 ) ;
#609 = DIRECTION ( 'NONE',  ( 0.0000000000000000000, 0.0000000000000000000, 1.000000000000000000 ) ) ;
#610 = AXIS2_PLACEMENT_3D ( 'NONE', #2125, #2675, #6358 ) ;
#611 = CIRCLE ( 'NONE', #2377, 0.2780450991271856100 ) ;
#612 = CYLINDRICAL_SURFACE ( 'NONE', #4522, 0.01999999999999999000 ) ;
#613 = DIRECTION ( 'NONE',  ( 1.000000000000000000, -0.0000000000000000000, -0.0000000000000000000 ) ) ;
#614 = FACE_OUTER_BOUND ( 'NONE', #4289, .T. ) ;
#615 = CARTESIAN_POINT ( 'NONE',  ( 0.08464566929133858500, -0.01331242978701868000, 0.1106131544310868000 ) ) ;
#616 = FACE_OUTER_BOUND ( 'NONE', #829, .T. ) ;
#617 = CARTESIAN_POINT ( 'NONE',  ( 0.08464566929133858500, -0.1870537803570462600, -0.2320382821171364800 ) ) ;
#618 = FACE_OUTER_BOUND ( 'NONE', #3899, .T. ) ;
#619 = LINE ( 'NONE', #1539, #5877 ) ;
#620 = LINE ( 'NONE', #3422, #3058 ) ;
#621 = EDGE_CURVE ( 'NONE', #5854, #20, #6201, .T. ) ;
#622 = CARTESIAN_POINT ( 'NONE',  ( -0.3148031496062991800, 0.0000000000000000000, -0.2165157480314960600 ) ) ;
#623 = VECTOR ( 'NONE', #4715, 39.37007874015748100 ) ;
#624 = EDGE_CURVE ( 'NONE', #386, #499, #790, .T. ) ;
#625 = CYLINDRICAL_SURFACE ( 'NONE', #175, 0.2165157480314960600 ) ;
#626 = CARTESIAN_POINT ( 'NONE',  ( -0.1986800750909957200, 0.2148204791418576200, 0.02735567894093051500 ) ) ;
#627 = CARTESIAN_POINT ( 'NONE',  ( 0.08464566929133858500, -0.09641129058487547800, 0.2820208222126385200 ) ) ;
#628 = ORIENTED_EDGE ( 'NONE', *, *, #836, .T. ) ;
#629 = DIRECTION ( 'NONE',  ( -1.000000000000000000, -0.0000000000000000000, -0.0000000000000000000 ) ) ;
#630 = FACE_OUTER_BOUND ( 'NONE', #420, .T. ) ;
#631 = ORIENTED_EDGE ( 'NONE', *, *, #5356, .T. ) ;
#632 = AXIS2_PLACEMENT_3D ( 'NONE', #2212, #6440, #150 ) ;
#633 = AXIS2_PLACEMENT_3D ( 'NONE', #6576, #3387, #273 ) ;
#634 = DIRECTION ( 'NONE',  ( 0.0000000000000000000, 0.0000000000000000000, -1.000000000000000000 ) ) ;
#635 = ORIENTED_EDGE ( 'NONE', *, *, #210, .T. ) ;
#636 = AXIS2_PLACEMENT_3D ( 'NONE', #3196, #6370, #5817 ) ;
#637 = CARTESIAN_POINT ( 'NONE',  ( -0.08464566929133858500, -0.1074241567854200400, -0.2780124667216840600 ) ) ;
#638 = CARTESIAN_POINT ( 'NONE',  ( -0.08464566929133858500, -0.1753298700092127700, 0.2627078786135529900 ) ) ;
#639 = VERTEX_POINT ( 'NONE', #2089 ) ;
#640 = VERTEX_POINT ( 'NONE', #2027 ) ;
#641 = SURFACE_STYLE_FILL_AREA ( #313 ) ;
#642 = ORIENTED_EDGE ( 'NONE', *, *, #1316, .T. ) ;
#643 = ADVANCED_FACE ( 'NONE', ( #3383 ), #448, .F. ) ;
#644 = EDGE_CURVE ( 'NONE', #6830, #5428, #4618, .T. ) ;
#645 = CYLINDRICAL_SURFACE ( 'NONE', #2576, 0.01000000000000003000 ) ;
#646 = VERTEX_POINT ( 'NONE', #1735 ) ;
#647 = LINE ( 'NONE', #952, #6074 ) ;
#648 = CARTESIAN_POINT ( 'NONE',  ( -0.1953717352138262500, 0.2154198406657249500, 0.02241498220570930000 ) ) ;
#649 = CARTESIAN_POINT ( 'NONE',  ( -0.2342519685039370400, 0.03882340756571927400, -0.04450000000000004000 ) ) ;
#650 = ORIENTED_EDGE ( 'NONE', *, *, #4052, .T. ) ;
#651 = ORIENTED_EDGE ( 'NONE', *, *, #6321, .F. ) ;
#652 = DIRECTION ( 'NONE',  ( 0.0000000000000000000, -0.9848077530122153500, 0.1736481776668894500 ) ) ;
#653 = CARTESIAN_POINT ( 'NONE',  ( 0.08464566929133858500, -0.2747173077608813800, 0.04288913574857511300 ) ) ;
#654 = VERTEX_POINT ( 'NONE', #1781 ) ;
#655 = DIRECTION ( 'NONE',  ( -1.000000000000000000, -0.0000000000000000000, -0.0000000000000000000 ) ) ;
#656 = ORIENTED_EDGE ( 'NONE', *, *, #3634, .T. ) ;
#657 = EDGE_CURVE ( 'NONE', #2862, #5514, #4455, .T. ) ;
#658 = DIRECTION ( 'NONE',  ( -1.000000000000000000, -0.0000000000000000000, -0.0000000000000000000 ) ) ;
#659 = ORIENTED_EDGE ( 'NONE', *, *, #557, .T. ) ;
#660 = ORIENTED_EDGE ( 'NONE', *, *, #1804, .T. ) ;
#661 = DIRECTION ( 'NONE',  ( 0.0000000000000000000, 0.5503920904076206000, -0.8349063102029650200 ) ) ;
#662 = DIRECTION ( 'NONE',  ( -1.000000000000000000, -0.0000000000000000000, -0.0000000000000000000 ) ) ;
#663 = ORIENTED_EDGE ( 'NONE', *, *, #2893, .F. ) ;
#664 = DIRECTION ( 'NONE',  ( 0.0000000000000000000, 0.3420201433256583300, -0.9396926207859120900 ) ) ;
#665 = ORIENTED_EDGE ( 'NONE', *, *, #147, .T. ) ;
#666 = EDGE_CURVE ( 'NONE', #2929, #1370, #619, .T. ) ;
#667 = ORIENTED_EDGE ( 'NONE', *, *, #4403, .T. ) ;
#668 = AXIS2_PLACEMENT_3D ( 'NONE', #5990, #2808, #6525 ) ;
#669 = AXIS2_PLACEMENT_3D ( 'NONE', #49, #6345, #5814 ) ;
#670 = DIRECTION ( 'NONE',  ( 0.0000000000000000000, 0.0000000000000000000, -1.000000000000000000 ) ) ;
#671 = CARTESIAN_POINT ( 'NONE',  ( -0.1909157325154339200, 0.2162685010846567000, 0.01166510258525265200 ) ) ;
#672 = ADVANCED_FACE ( 'NONE', ( #1837 ), #2888, .T. ) ;
#673 = DIRECTION ( 'NONE',  ( -1.000000000000000000, -0.0000000000000000000, -0.0000000000000000000 ) ) ;
#674 = DIRECTION ( 'NONE',  ( 0.0000000000000000000, 0.6427876096865301500, -0.7660444431189859000 ) ) ;
#675 = ORIENTED_EDGE ( 'NONE', *, *, #3449, .T. ) ;
#676 = CARTESIAN_POINT ( 'NONE',  ( -0.08464566929133858500, -0.2401846011535778700, 0.2160312325539757200 ) ) ;
#677 = DIRECTION ( 'NONE',  ( -1.000000000000000000, -0.0000000000000000000, -0.0000000000000000000 ) ) ;
#678 = ORIENTED_EDGE ( 'NONE', *, *, #1663, .T. ) ;
#679 = CARTESIAN_POINT ( 'NONE',  ( 0.08464566929133858500, 0.0000000000000000000, 0.0000000000000000000 ) ) ;
#680 = VERTEX_POINT ( 'NONE', #1377 ) ;
#681 = ORIENTED_EDGE ( 'NONE', *, *, #5602, .T. ) ;
#682 = DIRECTION ( 'NONE',  ( -1.000000000000000000, -0.0000000000000000000, -0.0000000000000000000 ) ) ;
#683 = DIRECTION ( 'NONE',  ( -1.000000000000000000, -0.0000000000000000000, -0.0000000000000000000 ) ) ;
#684 = CARTESIAN_POINT ( 'NONE',  ( 0.08464566929133858500, -0.2282710432183365500, -0.2182849596996848900 ) ) ;
#685 = CARTESIAN_POINT ( 'NONE',  ( -0.2787542389523179900, 0.2165162146716665400, -0.005805080888090485500 ) ) ;
#686 = EDGE_CURVE ( 'NONE', #1886, #6714, #4277, .T. ) ;
#687 = CIRCLE ( 'NONE', #2360, 0.4330708661417323500 ) ;
#688 = CARTESIAN_POINT ( 'NONE',  ( 0.08464566929133858500, 0.3151766316582617100, 0.02048618216342803700 ) ) ;
#689 = EDGE_CURVE ( 'NONE', #6802, #1882, #292, .T. ) ;
#690 = VECTOR ( 'NONE', #2836, 39.37007874015748100 ) ;
#691 = CIRCLE ( 'NONE', #3543, 0.4330708661417324000 ) ;
#692 = CARTESIAN_POINT ( 'NONE',  ( -0.2774308995539674400, -0.05804393866590374500, -0.01226152827420464600 ) ) ;
#693 = CARTESIAN_POINT ( 'NONE',  ( -0.1897491735875866100, 0.2165163224643730000, 0.005853965549387429700 ) ) ;
#694 = VECTOR ( 'NONE', #5765, 39.37007874015748900 ) ;
#695 = DIRECTION ( 'NONE',  ( -1.000000000000000000, -0.0000000000000000000, -0.0000000000000000000 ) ) ;
#696 = FACE_OUTER_BOUND ( 'NONE', #2561, .T. ) ;
#697 = CYLINDRICAL_SURFACE ( 'NONE', #6445, 0.02000000000000002500 ) ;
#698 = CARTESIAN_POINT ( 'NONE',  ( 0.08464566929133858500, 0.2814349999166054200, -0.07421391045223026100 ) ) ;
#699 = CARTESIAN_POINT ( 'NONE',  ( -0.08464566929133858500, 0.2976719210690820200, 0.09689510562764079600 ) ) ;
#700 = VECTOR ( 'NONE', #5803, 39.37007874015748100 ) ;
#701 = UNCERTAINTY_MEASURE_WITH_UNIT (LENGTH_MEASURE( 1.000000000000000100E-005 ), #4613, 'distance_accuracy_value', 'NONE');
#702 = DIRECTION ( 'NONE',  ( 0.0000000000000000000, 0.0000000000000000000, 1.000000000000000000 ) ) ;
#703 = CIRCLE ( 'NONE', #4189, 0.01999999999999999300 ) ;
#704 = CARTESIAN_POINT ( 'NONE',  ( 0.08464566929133858500, -0.2401846011535808400, -0.2160312325539724100 ) ) ;
#705 = CYLINDRICAL_SURFACE ( 'NONE', #5515, 0.04450000000000004600 ) ;
#706 = DIRECTION ( 'NONE',  ( -1.000000000000000000, -0.0000000000000000000, -0.0000000000000000000 ) ) ;
#707 = DIRECTION ( 'NONE',  ( 0.0000000000000000000, 0.8349063102029649100, 0.5503920904076204900 ) ) ;
#708 = VECTOR ( 'NONE', #3711, 39.37007874015748900 ) ;
#709 = CARTESIAN_POINT ( 'NONE',  ( 0.08464566929133858500, -0.2401846011535778700, 0.2160312325539757200 ) ) ;
#710 = ADVANCED_FACE ( 'NONE', ( #5707 ), #4116, .F. ) ;
#711 = CARTESIAN_POINT ( 'NONE',  ( 0.08464566929133858500, 0.2401846011535823700, 0.2160312325539708000 ) ) ;
#712 = VERTEX_POINT ( 'NONE', #1062 ) ;
#713 = ORIENTED_EDGE ( 'NONE', *, *, #3740, .F. ) ;
#714 = CIRCLE ( 'NONE', #941, 0.01000000000000001600 ) ;
#715 = EDGE_LOOP ( 'NONE', ( #5970, #2686, #5940, #1327 ) ) ;
#716 = AXIS2_PLACEMENT_3D ( 'NONE', #4666, #6025, #5958 ) ;
#717 = CARTESIAN_POINT ( 'NONE',  ( -0.2400675928820708800, -0.2118934145877080000, -0.04450000000000004600 ) ) ;
#718 = ORIENTED_EDGE ( 'NONE', *, *, #6559, .T. ) ;
#719 = CYLINDRICAL_SURFACE ( 'NONE', #4349, 0.01000000000000003000 ) ;
#720 = ORIENTED_EDGE ( 'NONE', *, *, #2707, .F. ) ;
#721 = VERTEX_POINT ( 'NONE', #1084 ) ;
#722 = EDGE_CURVE ( 'NONE', #1395, #5891, #2392, .T. ) ;
#723 = CARTESIAN_POINT ( 'NONE',  ( -0.1897547735273581400, 0.2165151715213354800, -0.005896380859178034000 ) ) ;
#724 = EDGE_CURVE ( 'NONE', #4309, #3499, #5549, .T. ) ;
#725 = CARTESIAN_POINT ( 'NONE',  ( 0.1043307086614173300, 0.0000000000000000000, 0.0000000000000000000 ) ) ;
#726 = CARTESIAN_POINT ( 'NONE',  ( 0.08464566929133858500, -0.2944779371424636200, 0.04597418460454914100 ) ) ;
#727 = AXIS2_PLACEMENT_3D ( 'NONE', #220, #3864, #753 ) ;
#728 = CARTESIAN_POINT ( 'NONE',  ( 0.08464566929133858500, 0.0000000000000000000, 0.0000000000000000000 ) ) ;
#729 = AXIS2_PLACEMENT_3D ( 'NONE', #2061, #5762, #2586 ) ;
#730 = CYLINDRICAL_SURFACE ( 'NONE', #6137, 0.2780450991271856700 ) ;
#731 = CARTESIAN_POINT ( 'NONE',  ( -0.1909168258434337500, 0.2162681066863936500, -0.01168436191333805200 ) ) ;
#732 = ORIENTED_EDGE ( 'NONE', *, *, #3506, .F. ) ;
#733 = CARTESIAN_POINT ( 'NONE',  ( 0.08464566929133858500, -0.07490479875481984000, 0.3068310022252978000 ) ) ;
#734 = DIRECTION ( 'NONE',  ( 1.000000000000000000, 0.0000000000000000000, 0.0000000000000000000 ) ) ;
#735 = EDGE_CURVE ( 'NONE', #386, #6823, #1674, .T. ) ;
#736 = EDGE_CURVE ( 'NONE', #1537, #4755, #120, .T. ) ;
#737 = VECTOR ( 'NONE', #6492, 39.37007874015748100 ) ;
#738 = CARTESIAN_POINT ( 'NONE',  ( -0.1437007874015748000, 0.0000000000000000000, 0.0000000000000000000 ) ) ;
#739 = DIRECTION ( 'NONE',  ( -1.000000000000000000, -0.0000000000000000000, -0.0000000000000000000 ) ) ;
#740 = ORIENTED_EDGE ( 'NONE', *, *, #4471, .F. ) ;
#741 = ORIENTED_EDGE ( 'NONE', *, *, #1905, .F. ) ;
#742 = EDGE_CURVE ( 'NONE', #6135, #1640, #2724, .T. ) ;
#743 = CARTESIAN_POINT ( 'NONE',  ( -0.2731322017940477900, -0.2154198406657249500, 0.02241498220570930000 ) ) ;
#744 = EDGE_LOOP ( 'NONE', ( #6054, #6828, #5920, #3426 ) ) ;
#745 = ORIENTED_EDGE ( 'NONE', *, *, #531, .T. ) ;
#746 = EDGE_LOOP ( 'NONE', ( #2167, #1248, #4286, #3672 ) ) ;
#747 = CARTESIAN_POINT ( 'NONE',  ( -0.1240157480314960400, 2.651794250122220900E-017, 0.2165354330708660900 ) ) ;
#748 = CARTESIAN_POINT ( 'NONE',  ( -0.1954079324716658500, 0.2154131345010967000, -0.02248554574502601200 ) ) ;
#749 = ADVANCED_FACE ( 'NONE', ( #1353 ), #1192, .F. ) ;
#750 = ORIENTED_EDGE ( 'NONE', *, *, #4214, .F. ) ;
#751 = CARTESIAN_POINT ( 'NONE',  ( 0.08464566929133858500, -0.2944779371424642900, -0.04597418460454507500 ) ) ;
#752 = PLANE ( 'NONE',  #3438 ) ;
#753 = DIRECTION ( 'NONE',  ( 0.0000000000000000000, -0.6427876096865351400, 0.7660444431189815700 ) ) ;
#754 = VERTEX_POINT ( 'NONE', #3182 ) ;
#755 = VERTEX_POINT ( 'NONE', #3223 ) ;
#756 = DIRECTION ( 'NONE',  ( 0.0000000000000000000, 0.0000000000000000000, 1.000000000000000000 ) ) ;
#757 = ORIENTED_EDGE ( 'NONE', *, *, #6083, .F. ) ;
#758 = ORIENTED_EDGE ( 'NONE', *, *, #6510, .F. ) ;
#759 = DIRECTION ( 'NONE',  ( -1.000000000000000000, -0.0000000000000000000, -0.0000000000000000000 ) ) ;
#760 = ORIENTED_EDGE ( 'NONE', *, *, #6392, .F. ) ;
#761 = ORIENTED_EDGE ( 'NONE', *, *, #4007, .F. ) ;
#762 = CARTESIAN_POINT ( 'NONE',  ( -0.08464566929133858500, -0.2390797403628877600, -0.1659947030199625000 ) ) ;
#763 = EDGE_CURVE ( 'NONE', #3513, #3260, #5385, .T. ) ;
#764 = VERTEX_POINT ( 'NONE', #3633 ) ;
#765 = AXIS2_PLACEMENT_3D ( 'NONE', #5099, #894, #384 ) ;
#766 = AXIS2_PLACEMENT_3D ( 'NONE', #1032, #4124, #4690 ) ;
#767 = CARTESIAN_POINT ( 'NONE',  ( 0.08464566929133858500, -0.05034151896781669700, 0.09938924583697531000 ) ) ;
#768 = AXIS2_PLACEMENT_3D ( 'NONE', #3447, #585, #1610 ) ;
#769 = CARTESIAN_POINT ( 'NONE',  ( 0.08464566929133858500, -0.1745017349850655200, -0.2164675995059040200 ) ) ;
#770 = CARTESIAN_POINT ( 'NONE',  ( -0.3248031496062992500, 0.0000000000000000000, 0.0000000000000000000 ) ) ;
#771 = CARTESIAN_POINT ( 'NONE',  ( 0.08464566929133858500, 0.1745017349850671000, 0.2164675995059028600 ) ) ;
#772 = CARTESIAN_POINT ( 'NONE',  ( -0.08464566929133858500, -0.1398467616490439200, 0.2831940607769807300 ) ) ;
#773 = DIRECTION ( 'NONE',  ( -1.000000000000000000, -0.0000000000000000000, -0.0000000000000000000 ) ) ;
#774 = DIRECTION ( 'NONE',  ( -1.000000000000000000, -0.0000000000000000000, -0.0000000000000000000 ) ) ;
#775 = CIRCLE ( 'NONE', #6265, 0.01999999999999999000 ) ;
#776 = CARTESIAN_POINT ( 'NONE',  ( 0.08464566929133858500, -0.1074241567854200400, -0.2780124667216840600 ) ) ;
#777 = CARTESIAN_POINT ( 'NONE',  ( 0.08464566929133858500, 0.1471132378873009600, 0.2863239572057839100 ) ) ;
#778 = CIRCLE ( 'NONE', #2364, 0.01999999999999999000 ) ;
#779 = EDGE_CURVE ( 'NONE', #6245, #2512, #3957, .T. ) ;
#780 = DIRECTION ( 'NONE',  ( 1.000000000000000000, -0.0000000000000000000, -0.0000000000000000000 ) ) ;
#781 = ADVANCED_FACE ( 'NONE', ( #6784 ), #6281, .T. ) ;
#782 = VECTOR ( 'NONE', #6311, 39.37007874015748900 ) ;
#783 = VECTOR ( 'NONE', #2145, 39.37007874015748100 ) ;
#784 = CYLINDRICAL_SURFACE ( 'NONE', #4032, 0.01000000000000003000 ) ;
#785 = CARTESIAN_POINT ( 'NONE',  ( -0.08464566929133858500, 0.04373286461477592100, -0.3099752742399546900 ) ) ;
#786 = EDGE_CURVE ( 'NONE', #4934, #2856, #5209, .T. ) ;
#787 = CYLINDRICAL_SURFACE ( 'NONE', #3368, 0.02000000000000002100 ) ;
#788 = VECTOR ( 'NONE', #4413, 39.37007874015748900 ) ;
#789 = AXIS2_PLACEMENT_3D ( 'NONE', #2012, #429, #446 ) ;
#790 = LINE ( 'NONE', #2113, #6039 ) ;
#791 = VECTOR ( 'NONE', #1096, 39.37007874015748100 ) ;
#792 = CARTESIAN_POINT ( 'NONE',  ( -0.1986999605672559200, 0.2148168593208190600, -0.02738528982447349300 ) ) ;
#793 = CARTESIAN_POINT ( 'NONE',  ( 0.08464566929133858500, 0.2903128943442387900, 0.1271138653833113800 ) ) ;
#794 = PRESENTATION_STYLE_ASSIGNMENT (( #3435 ) ) ;
#795 = DIRECTION ( 'NONE',  ( -0.0000000000000000000, 0.2316446100158562600, 0.9728004803918437500 ) ) ;
#796 = DIRECTION ( 'NONE',  ( 1.000000000000000000, 0.0000000000000000000, 0.0000000000000000000 ) ) ;
#797 = FACE_OUTER_BOUND ( 'NONE', #3832, .T. ) ;
#798 = EDGE_CURVE ( 'NONE', #654, #5355, #3792, .T. ) ;
#799 = VECTOR ( 'NONE', #3445, 39.37007874015748100 ) ;
#800 = CARTESIAN_POINT ( 'NONE',  ( -0.08464566929133858500, -0.005466606461051704300, 0.2779913548340064400 ) ) ;
#801 = VERTEX_POINT ( 'NONE', #1024 ) ;
#802 = VERTEX_POINT ( 'NONE', #1091 ) ;
#803 = DIRECTION ( 'NONE',  ( -1.000000000000000000, -0.0000000000000000000, -0.0000000000000000000 ) ) ;
#804 = CIRCLE ( 'NONE', #3865, 0.3230450991271857100 ) ;
#805 = EDGE_LOOP ( 'NONE', ( #6598, #571, #5322, #2704 ) ) ;
#806 = ORIENTED_EDGE ( 'NONE', *, *, #1488, .T. ) ;
#807 = CARTESIAN_POINT ( 'NONE',  ( 0.08464566929133858500, 0.2976719210690820200, 0.09689510562764079600 ) ) ;
#808 = DIRECTION ( 'NONE',  ( -1.000000000000000000, 0.0000000000000000000, 0.0000000000000000000 ) ) ;
#809 = EDGE_CURVE ( 'NONE', #5484, #473, #6628, .T. ) ;
#810 = AXIS2_PLACEMENT_3D ( 'NONE', #508, #4151, #1036 ) ;
#811 = AXIS2_PLACEMENT_3D ( 'NONE', #4557, #4534, #4516 ) ;
#812 = EDGE_LOOP ( 'NONE', ( #838, #170, #3844, #1623 ) ) ;
#813 = DIRECTION ( 'NONE',  ( -1.000000000000000000, -0.0000000000000000000, -0.0000000000000000000 ) ) ;
#814 = DIRECTION ( 'NONE',  ( -1.000000000000000000, 0.0000000000000000000, -0.0000000000000000000 ) ) ;
#815 = CIRCLE ( 'NONE', #2235, 0.01000000000000001200 ) ;
#816 = DIRECTION ( 'NONE',  ( -1.000000000000000000, -0.0000000000000000000, -0.0000000000000000000 ) ) ;
#817 = ADVANCED_FACE ( 'NONE', ( #1027 ), #1567, .F. ) ;
#818 = EDGE_CURVE ( 'NONE', #1992, #4049, #2232, .T. ) ;
#819 = DIRECTION ( 'NONE',  ( 0.0000000000000000000, -0.1150426290541691100, 0.9933605556394440300 ) ) ;
#820 = ORIENTED_EDGE ( 'NONE', *, *, #4270, .T. ) ;
#821 = CARTESIAN_POINT ( 'NONE',  ( 0.08464566929133858500, -0.005859823710934334100, -0.2779874889652428300 ) ) ;
#822 = DIRECTION ( 'NONE',  ( 0.0000000000000000000, -0.9728004803918436400, 0.2316446100158562300 ) ) ;
#823 = CARTESIAN_POINT ( 'NONE',  ( 0.0000000000000000000, 0.0000000000000000000, 0.0000000000000000000 ) ) ;
#824 = AXIS2_PLACEMENT_3D ( 'NONE', #1315, #4974, #1821 ) ;
#825 = CIRCLE ( 'NONE', #410, 0.2165354330708661500 ) ;
#826 = CARTESIAN_POINT ( 'NONE',  ( 0.08464566929133858500, -0.1710416144179564300, 0.2740490872223301800 ) ) ;
#827 = VERTEX_POINT ( 'NONE', #2074 ) ;
#828 = ORIENTED_EDGE ( 'NONE', *, *, #3871, .F. ) ;
#829 = EDGE_LOOP ( 'NONE', ( #5054, #416, #4851, #5716 ) ) ;
#830 = EDGE_CURVE ( 'NONE', #1722, #6714, #6284, .T. ) ;
#831 = EDGE_CURVE ( 'NONE', #4576, #2697, #872, .T. ) ;
#832 = CARTESIAN_POINT ( 'NONE',  ( 0.08464566929133858500, 0.08129867799940421200, -0.07617752736587710100 ) ) ;
#833 = FILL_AREA_STYLE_COLOUR ( '', #3388 ) ;
#834 = EDGE_CURVE ( 'NONE', #2036, #4500, #3457, .T. ) ;
#835 = ORIENTED_EDGE ( 'NONE', *, *, #1771, .F. ) ;
#836 = EDGE_CURVE ( 'NONE', #4248, #1575, #3619, .T. ) ;
#837 = ORIENTED_EDGE ( 'NONE', *, *, #950, .F. ) ;
#838 = ORIENTED_EDGE ( 'NONE', *, *, #2632, .T. ) ;
#839 = EDGE_LOOP ( 'NONE', ( #6580, #3926 ) ) ;
#840 = ORIENTED_EDGE ( 'NONE', *, *, #2393, .F. ) ;
#841 = ORIENTED_EDGE ( 'NONE', *, *, #2208, .F. ) ;
#842 = CARTESIAN_POINT ( 'NONE',  ( -0.2069083447627436400, 0.2136118244372972000, -0.03558406395846731900 ) ) ;
#843 = AXIS2_PLACEMENT_3D ( 'NONE', #4634, #452, #502 ) ;
#844 = CARTESIAN_POINT ( 'NONE',  ( -0.08464566929133858500, 0.08688587567315500500, 0.2271775807468688900 ) ) ;
#845 = SURFACE_STYLE_USAGE ( .BOTH. , #3951 ) ;
#846 = ORIENTED_EDGE ( 'NONE', *, *, #3938, .F. ) ;
#847 = DIRECTION ( 'NONE',  ( 0.0000000000000000000, -0.6427876096865352600, 0.7660444431189814600 ) ) ;
#848 = ORIENTED_EDGE ( 'NONE', *, *, #4007, .T. ) ;
#849 = DIRECTION ( 'NONE',  ( 0.0000000000000000000, -0.5963101170987928900, -0.8027541617740913100 ) ) ;
#850 = VERTEX_POINT ( 'NONE', #2698 ) ;
#851 = CARTESIAN_POINT ( 'NONE',  ( -0.08464566929133858500, -0.06492233755862897300, -0.3062389984529614900 ) ) ;
#852 = ORIENTED_EDGE ( 'NONE', *, *, #249, .F. ) ;
#853 = EDGE_CURVE ( 'NONE', #3441, #89, #3301, .T. ) ;
#854 = DIRECTION ( 'NONE',  ( 0.0000000000000000000, 0.0000000000000000000, -1.000000000000000000 ) ) ;
#855 = ADVANCED_FACE ( 'NONE', ( #6453, #696 ), #3019, .T. ) ;
#856 =( NAMED_UNIT ( * ) PLANE_ANGLE_UNIT ( ) SI_UNIT ( $, .RADIAN. ) );
#857 = ADVANCED_FACE ( 'NONE', ( #527 ), #1746, .T. ) ;
#858 = DIRECTION ( 'NONE',  ( -1.000000000000000000, -0.0000000000000000000, -0.0000000000000000000 ) ) ;
#859 = EDGE_CURVE ( 'NONE', #5581, #3240, #4533, .T. ) ;
#860 = AXIS2_PLACEMENT_3D ( 'NONE', #3013, #931, #2479 ) ;
#861 = AXIS2_PLACEMENT_3D ( 'NONE', #6816, #3629, #516 ) ;
#862 = DIRECTION ( 'NONE',  ( -0.0000000000000000000, 0.4478540292118965400, 0.8941066874364992400 ) ) ;
#863 = AXIS2_PLACEMENT_3D ( 'NONE', #3997, #887, #4525 ) ;
#864 = CARTESIAN_POINT ( 'NONE',  ( -0.2118525787895561800, 0.2130071325530112900, -0.03888634215650251700 ) ) ;
#865 = CARTESIAN_POINT ( 'NONE',  ( 0.1043307086614173300, 5.303588500244444200E-017, 0.4330708661417324000 ) ) ;
#866 = CYLINDRICAL_SURFACE ( 'NONE', #1677, 0.009999999999999995000 ) ;
#867 = CYLINDRICAL_SURFACE ( 'NONE', #1938, 0.009999999999999995000 ) ;
#868 = FACE_OUTER_BOUND ( 'NONE', #5063, .T. ) ;
#869 = CIRCLE ( 'NONE', #1492, 0.01000000000000002600 ) ;
#870 = LINE ( 'NONE', #6739, #1590 ) ;
#871 = DIRECTION ( 'NONE',  ( 1.000000000000000000, 0.0000000000000000000, 0.0000000000000000000 ) ) ;
#872 = CIRCLE ( 'NONE', #1477, 0.01000000000000000900 ) ;
#873 = CARTESIAN_POINT ( 'NONE',  ( -0.2225666319772192400, 0.2121481862958580500, -0.04332820301081791200 ) ) ;
#874 = DIRECTION ( 'NONE',  ( 0.0000000000000000000, 0.0000000000000000000, 1.000000000000000000 ) ) ;
#875 = EDGE_CURVE ( 'NONE', #4171, #1152, #5959, .T. ) ;
#876 = DIRECTION ( 'NONE',  ( -1.000000000000000000, -0.0000000000000000000, -0.0000000000000000000 ) ) ;
#877 = LINE ( 'NONE', #4875, #3621 ) ;
#878 = CARTESIAN_POINT ( 'NONE',  ( 0.08464566929133858500, 0.2995867304513563100, -0.1208549833790879000 ) ) ;
#879 = LINE ( 'NONE', #1608, #5051 ) ;
#880 = FACE_OUTER_BOUND ( 'NONE', #2016, .T. ) ;
#881 = CYLINDRICAL_SURFACE ( 'NONE', #394, 0.01000000000000001200 ) ;
#882 = EDGE_LOOP ( 'NONE', ( #841, #6503, #6089, #840 ) ) ;
#883 = VECTOR ( 'NONE', #5254, 39.37007874015748100 ) ;
#884 = ORIENTED_EDGE ( 'NONE', *, *, #4541, .T. ) ;
#885 = DIRECTION ( 'NONE',  ( 0.0000000000000000000, 0.0000000000000000000, 1.000000000000000000 ) ) ;
#886 = ADVANCED_FACE ( 'NONE', ( #3135, #370 ), #4114, .F. ) ;
#887 = DIRECTION ( 'NONE',  ( -1.000000000000000000, -0.0000000000000000000, -0.0000000000000000000 ) ) ;
#888 = ADVANCED_FACE ( 'NONE', ( #4366 ), #4186, .T. ) ;
#889 = CARTESIAN_POINT ( 'NONE',  ( 0.08464566929133858500, -0.2049886317241185200, -0.2066229042157356500 ) ) ;
#890 = ORIENTED_EDGE ( 'NONE', *, *, #853, .F. ) ;
#891 = VECTOR ( 'NONE', #3503, 39.37007874015748100 ) ;
#892 = ORIENTED_EDGE ( 'NONE', *, *, #5068, .F. ) ;
#893 = ORIENTED_EDGE ( 'NONE', *, *, #4259, .F. ) ;
#894 = DIRECTION ( 'NONE',  ( -1.000000000000000000, -0.0000000000000000000, -0.0000000000000000000 ) ) ;
#895 = CARTESIAN_POINT ( 'NONE',  ( 0.08464566929133858500, 0.1710416144179621200, 0.2740490872223266800 ) ) ;
#896 = CARTESIAN_POINT ( 'NONE',  ( -0.08464566929133858500, 0.3071808359793947700, 0.09999034991984660800 ) ) ;
#897 = VECTOR ( 'NONE', #5343, 39.37007874015748900 ) ;
#898 = DIRECTION ( 'NONE',  ( -1.000000000000000000, -0.0000000000000000000, -0.0000000000000000000 ) ) ;
#899 = ORIENTED_EDGE ( 'NONE', *, *, #4954, .F. ) ;
#900 = EDGE_CURVE ( 'NONE', #5075, #918, #2967, .T. ) ;
#901 = AXIS2_PLACEMENT_3D ( 'NONE', #5966, #2790, #6498 ) ;
#902 = AXIS2_PLACEMENT_3D ( 'NONE', #1916, #5609, #2422 ) ;
#903 = CYLINDRICAL_SURFACE ( 'NONE', #632, 0.2165354330708661500 ) ;
#904 = VERTEX_POINT ( 'NONE', #4251 ) ;
#905 = ORIENTED_EDGE ( 'NONE', *, *, #5744, .F. ) ;
#906 = ORIENTED_EDGE ( 'NONE', *, *, #531, .F. ) ;
#907 = DIRECTION ( 'NONE',  ( -1.000000000000000000, -0.0000000000000000000, -0.0000000000000000000 ) ) ;
#908 = ORIENTED_EDGE ( 'NONE', *, *, #4721, .F. ) ;
#909 = ORIENTED_EDGE ( 'NONE', *, *, #6788, .T. ) ;
#910 = ORIENTED_EDGE ( 'NONE', *, *, #6146, .T. ) ;
#911 = DIRECTION ( 'NONE',  ( 1.000000000000000000, 0.0000000000000000000, 0.0000000000000000000 ) ) ;
#912 = CARTESIAN_POINT ( 'NONE',  ( -0.2342519685039370400, 0.2118934145877079700, -0.04450000000000004000 ) ) ;
#913 = ORIENTED_EDGE ( 'NONE', *, *, #1007, .F. ) ;
#914 = VERTEX_POINT ( 'NONE', #4824 ) ;
#915 = ADVANCED_FACE ( 'NONE', ( #2801 ), #5466, .T. ) ;
#916 = ORIENTED_EDGE ( 'NONE', *, *, #2481, .T. ) ;
#917 = EDGE_CURVE ( 'NONE', #87, #3014, #37, .T. ) ;
#918 = VERTEX_POINT ( 'NONE', #4702 ) ;
#919 = VERTEX_POINT ( 'NONE', #5194 ) ;
#920 = ORIENTED_EDGE ( 'NONE', *, *, #2106, .T. ) ;
#921 = ORIENTED_EDGE ( 'NONE', *, *, #4520, .F. ) ;
#922 = ORIENTED_EDGE ( 'NONE', *, *, #1971, .F. ) ;
#923 = DIRECTION ( 'NONE',  ( 0.0000000000000000000, 0.5963101170987928900, 0.8027541617740912000 ) ) ;
#924 = CARTESIAN_POINT ( 'NONE',  ( -0.1043307086614173500, 0.0000000000000000000, 0.0000000000000000000 ) ) ;
#925 = ORIENTED_EDGE ( 'NONE', *, *, #4520, .T. ) ;
#926 = CARTESIAN_POINT ( 'NONE',  ( 0.08464566929133858500, 0.2401844939336561000, 0.03834341481042864700 ) ) ;
#927 = DIRECTION ( 'NONE',  ( 1.000000000000000000, -0.0000000000000000000, 0.0000000000000000000 ) ) ;
#928 = CARTESIAN_POINT ( 'NONE',  ( 0.08464566929133858500, -0.1678879356802236400, 0.2377540845825880700 ) ) ;
#929 = CARTESIAN_POINT ( 'NONE',  ( 0.08464566929133858500, -0.3071808359793954900, -0.09999034991984445700 ) ) ;
#930 = AXIS2_PLACEMENT_3D ( 'NONE', #725, #4365, #1253 ) ;
#931 = DIRECTION ( 'NONE',  ( -1.000000000000000000, -0.0000000000000000000, -0.0000000000000000000 ) ) ;
#932 = AXIS2_PLACEMENT_3D ( 'NONE', #4045, #3825, #4133 ) ;
#933 = FACE_OUTER_BOUND ( 'NONE', #1159, .T. ) ;
#934 = VECTOR ( 'NONE', #673, 39.37007874015748100 ) ;
#935 = EDGE_CURVE ( 'NONE', #4738, #4592, #206, .T. ) ;
#936 = PRESENTATION_STYLE_ASSIGNMENT (( #2102 ) ) ;
#937 = CIRCLE ( 'NONE', #6419, 0.01000000000000000900 ) ;
#938 = LINE ( 'NONE', #6573, #2144 ) ;
#939 = PRODUCT_RELATED_PRODUCT_CATEGORY ( 'part', '', ( #4953 ) ) ;
#940 = DIRECTION ( 'NONE',  ( 0.0000000000000000000, -0.3420201433256623800, 0.9396926207859107600 ) ) ;
#941 = AXIS2_PLACEMENT_3D ( 'NONE', #3715, #595, #4231 ) ;
#942 = CIRCLE ( 'NONE', #4687, 0.02000000000000002100 ) ;
#943 = ADVANCED_FACE ( 'NONE', ( #5625 ), #5294, .T. ) ;
#944 = CARTESIAN_POINT ( 'NONE',  ( -0.08464566929133858500, -0.02421575952749973500, -0.2900464801944296900 ) ) ;
#945 = CIRCLE ( 'NONE', #2654, 0.2165354330708660900 ) ;
#946 = LINE ( 'NONE', #1717, #5130 ) ;
#947 = CARTESIAN_POINT ( 'NONE',  ( -0.08464566929133861300, 0.0000000000000000000, 0.0000000000000000000 ) ) ;
#948 = VECTOR ( 'NONE', #2413, 39.37007874015748100 ) ;
#949 = EDGE_CURVE ( 'NONE', #1203, #2253, #6699, .T. ) ;
#950 = EDGE_CURVE ( 'NONE', #2162, #5344, #2628, .T. ) ;
#951 = FACE_OUTER_BOUND ( 'NONE', #3585, .T. ) ;
#952 = CARTESIAN_POINT ( 'NONE',  ( 0.08464566929133858500, 0.1219571092619205200, -0.2642722595792969500 ) ) ;
#953 = DIRECTION ( 'NONE',  ( 0.0000000000000000000, -0.8027541617740913100, 0.5963101170987928900 ) ) ;
#954 = CYLINDRICAL_SURFACE ( 'NONE', #1859, 0.2780450991271856700 ) ;
#955 = DIRECTION ( 'NONE',  ( -1.000000000000000000, -0.0000000000000000000, -0.0000000000000000000 ) ) ;
#956 = LINE ( 'NONE', #6276, #2156 ) ;
#957 = ORIENTED_EDGE ( 'NONE', *, *, #1511, .F. ) ;
#958 = DIRECTION ( 'NONE',  ( 0.0000000000000000000, -0.6427876096864941800, -0.7660444431190159800 ) ) ;
#959 = EDGE_CURVE ( 'NONE', #3261, #3834, #1428, .T. ) ;
#960 = CARTESIAN_POINT ( 'NONE',  ( -0.2118265717430582700, -0.2130093348174855700, -0.03887484471580071600 ) ) ;
#961 = CIRCLE ( 'NONE', #5583, 0.01999999999999999000 ) ;
#962 = CARTESIAN_POINT ( 'NONE',  ( 0.08464566929133858500, 0.1074241567854180700, -0.2780124667216846700 ) ) ;
#963 = ORIENTED_EDGE ( 'NONE', *, *, #5086, .T. ) ;
#964 = LINE ( 'NONE', #3353, #6383 ) ;
#965 = ORIENTED_EDGE ( 'NONE', *, *, #4971, .T. ) ;
#966 = ORIENTED_EDGE ( 'NONE', *, *, #3156, .T. ) ;
#967 = AXIS2_PLACEMENT_3D ( 'NONE', #4801, #4486, #3477 ) ;
#968 = ORIENTED_EDGE ( 'NONE', *, *, #5646, .T. ) ;
#969 =( LENGTH_UNIT ( ) NAMED_UNIT ( * ) SI_UNIT ( $, .METRE. ) );
#970 = DIRECTION ( 'NONE',  ( 0.0000000000000000000, 0.6427876096865462500, 0.7660444431189721300 ) ) ;
#971 = EDGE_LOOP ( 'NONE', ( #6677, #157, #2045, #1001, #5083, #5354, #2676, #4814, #503, #1523, #6336, #6765, #139, #3671, #3172, #2789, #2043, #5341, #3505, #5161, #5889, #6653, #5225, #578, #5766, #1925, #1956, #2098, #5235, #5935, #6654, #1726, #650, #5564, #6388, #2246, #256, #187, #4799, #4418, #6495, #1530, #4170, #4400, #2191, #5907, #1209, #5724, #542, #4079, #3118, #1193, #5512, #5425, #5024, #6685, #6069, #5509, #5584, #2250, #2648, #651, #3662, #2669, #3828, #6482, #5240, #476, #1455, #2746, #893, #5586, #4656, #5004, #4073, #248, #574, #2104, #6267, #1340, #922, #6604, #2207, #1404, #5493, #4388, #3324, #2831, #2164, #1774, #1296, #3095, #5763, #750, #3437, #3883, #1326, #3824, #3117, #2444, #5275, #267, #581, #2939, #4294, #6801, #2406, #2080, #5975, #1606, #1758, #1439, #1147, #2194, #488, #2934, #4315, #5082, #5943, #4175, #1261, #3692, #5850, #2865, #2860, #3927, #6421, #6747, #758, #6013, #260, #3929, #3762, #3433, #3922, #5013, #338, #4160, #6674, #909, #4749, #1037, #5801, #4205, #6722, #4434, #3685, #4143, #15, #4456, #186, #6470, #555, #4635, #2782, #3122, #1219, #5185, #4021, #3162, #6182 ) ) ;
#972 = CIRCLE ( 'NONE', #1549, 0.01000000000000001600 ) ;
#973 = EDGE_CURVE ( 'NONE', #6101, #1642, #1276, .T. ) ;
#974 = DIRECTION ( 'NONE',  ( -0.0000000000000000000, 1.000000000000000000, -0.0000000000000000000 ) ) ;
#975 = CARTESIAN_POINT ( 'NONE',  ( -0.1989682283284464100, -0.05236970359033018400, -0.02768941187923830800 ) ) ;
#976 = DIRECTION ( 'NONE',  ( 0.0000000000000000000, 0.0000000000000000000, 1.000000000000000000 ) ) ;
#977 = CARTESIAN_POINT ( 'NONE',  ( -0.08464566929133858500, -0.2609946473093008900, 0.1439189882872568800 ) ) ;
#978 = ADVANCED_FACE ( 'NONE', ( #1100 ), #2309, .T. ) ;
#979 = EDGE_CURVE ( 'NONE', #5348, #6250, #6543, .T. ) ;
#980 = DIRECTION ( 'NONE',  ( -1.000000000000000000, -0.0000000000000000000, -0.0000000000000000000 ) ) ;
#981 = ORIENTED_EDGE ( 'NONE', *, *, #1868, .T. ) ;
#982 = AXIS2_PLACEMENT_3D ( 'NONE', #4368, #1255, #4916 ) ;
#983 = AXIS2_PLACEMENT_3D ( 'NONE', #4927, #6529, #3348 ) ;
#984 = EDGE_LOOP ( 'NONE', ( #481, #1565, #409, #1129 ) ) ;
#985 = AXIS2_PLACEMENT_3D ( 'NONE', #5362, #2183, #5885 ) ;
#986 = CARTESIAN_POINT ( 'NONE',  ( -0.2342519685039370400, 0.2118934145877079700, -0.04450000000000004000 ) ) ;
#987 = DIRECTION ( 'NONE',  ( -1.000000000000000000, -0.0000000000000000000, -0.0000000000000000000 ) ) ;
#988 = EDGE_LOOP ( 'NONE', ( #3001, #1902, #1602, #3559 ) ) ;
#989 = ORIENTED_EDGE ( 'NONE', *, *, #2152, .T. ) ;
#990 = ORIENTED_EDGE ( 'NONE', *, *, #4859, .F. ) ;
#991 = ORIENTED_EDGE ( 'NONE', *, *, #3372, .T. ) ;
#992 = EDGE_CURVE ( 'NONE', #5849, #646, #2462, .T. ) ;
#993 = ORIENTED_EDGE ( 'NONE', *, *, #4580, .T. ) ;
#994 = DIRECTION ( 'NONE',  ( 0.0000000000000000000, 0.5963101170987981100, 0.8027541617740874300 ) ) ;
#995 = CARTESIAN_POINT ( 'NONE',  ( 0.08464566929133858500, 0.07644636819249110700, 0.2808368146679658900 ) ) ;
#996 = CARTESIAN_POINT ( 'NONE',  ( -0.1897650447194920200, -0.05904526475550665700, 0.006204939901442098500 ) ) ;
#997 = ORIENTED_EDGE ( 'NONE', *, *, #4112, .F. ) ;
#998 = DIRECTION ( 'NONE',  ( 1.000000000000000000, 0.0000000000000000000, 0.0000000000000000000 ) ) ;
#999 = DIRECTION ( 'NONE',  ( 0.0000000000000000000, -0.9848077530122083500, -0.1736481776669284400 ) ) ;
#1000 = AXIS2_PLACEMENT_3D ( 'NONE', #6401, #6734, #6471 ) ;
#1001 = ORIENTED_EDGE ( 'NONE', *, *, #2874, .F. ) ;
#1002 = ORIENTED_EDGE ( 'NONE', *, *, #6361, .T. ) ;
#1003 = ORIENTED_EDGE ( 'NONE', *, *, #1070, .T. ) ;
#1004 = CARTESIAN_POINT ( 'NONE',  ( 0.08464566929133858500, 0.0000000000000000000, 0.0000000000000000000 ) ) ;
#1005 = DIRECTION ( 'NONE',  ( 1.000000000000000000, -0.0000000000000000000, -0.0000000000000000000 ) ) ;
#1006 = PLANE ( 'NONE',  #593 ) ;
#1007 = EDGE_CURVE ( 'NONE', #5484, #6088, #937, .T. ) ;
#1008 = ADVANCED_FACE ( 'NONE', ( #6362 ), #6754, .T. ) ;
#1009 = CARTESIAN_POINT ( 'NONE',  ( -0.1437007874015748500, 0.0000000000000000000, -0.4330708661417323500 ) ) ;
#1010 = CARTESIAN_POINT ( 'NONE',  ( 0.08464566929133858500, -0.2609946473093029400, -0.1439189882872533300 ) ) ;
#1011 = CIRCLE ( 'NONE', #633, 0.01000000000000000700 ) ;
#1012 = EDGE_CURVE ( 'NONE', #91, #5184, #3528, .T. ) ;
#1013 = CARTESIAN_POINT ( 'NONE',  ( 0.08464566929133858500, 0.04512987944544546300, 0.3198772108971390000 ) ) ;
#1014 = VECTOR ( 'NONE', #4351, 39.37007874015748900 ) ;
#1015 = CARTESIAN_POINT ( 'NONE',  ( 0.08464566929133858500, 0.0000000000000000000, 0.0000000000000000000 ) ) ;
#1016 = DIRECTION ( 'NONE',  ( -1.000000000000000000, -0.0000000000000000000, -0.0000000000000000000 ) ) ;
#1017 = DIRECTION ( 'NONE',  ( -1.000000000000000000, -0.0000000000000000000, -0.0000000000000000000 ) ) ;
#1018 = AXIS2_PLACEMENT_3D ( 'NONE', #1259, #4921, #1765 ) ;
#1019 = AXIS2_PLACEMENT_3D ( 'NONE', #1668, #2111, #4261 ) ;
#1020 = DIRECTION ( 'NONE',  ( -1.000000000000000000, -0.0000000000000000000, -0.0000000000000000000 ) ) ;
#1021 = FACE_BOUND ( 'NONE', #6229, .T. ) ;
#1022 = CARTESIAN_POINT ( 'NONE',  ( -0.08464566929133858500, 0.2049886317241199900, 0.2066229042157342900 ) ) ;
#1023 = CIRCLE ( 'NONE', #442, 0.01000000000000002800 ) ;
#1024 = CARTESIAN_POINT ( 'NONE',  ( -0.08464566929133858500, -0.07490479875482407300, -0.3068310022252968000 ) ) ;
#1025 = CIRCLE ( 'NONE', #1939, 0.01999999999999999000 ) ;
#1026 = DIRECTION ( 'NONE',  ( -1.000000000000000000, -0.0000000000000000000, -0.0000000000000000000 ) ) ;
#1027 = FACE_OUTER_BOUND ( 'NONE', #4212, .T. ) ;
#1028 = CIRCLE ( 'NONE', #126, 0.2780450991271856700 ) ;
#1029 = FACE_OUTER_BOUND ( 'NONE', #1441, .T. ) ;
#1030 = CARTESIAN_POINT ( 'NONE',  ( -0.08464566929133858500, 0.1657469476708085800, 0.2655657798462741100 ) ) ;
#1031 = CYLINDRICAL_SURFACE ( 'NONE', #3722, 0.3230450991271856500 ) ;
#1032 = CARTESIAN_POINT ( 'NONE',  ( 0.08464566929133858500, 0.1870537803570479500, 0.2320382821171352300 ) ) ;
#1033 = FACE_OUTER_BOUND ( 'NONE', #1630, .T. ) ;
#1034 = ORIENTED_EDGE ( 'NONE', *, *, #735, .T. ) ;
#1035 = VECTOR ( 'NONE', #3140, 39.37007874015748100 ) ;
#1036 = DIRECTION ( 'NONE',  ( 0.0000000000000000000, -0.9848077530122074700, 0.1736481776669333000 ) ) ;
#1037 = ORIENTED_EDGE ( 'NONE', *, *, #979, .T. ) ;
#1038 = EDGE_CURVE ( 'NONE', #1794, #4137, #4962, .T. ) ;
#1039 = EDGE_CURVE ( 'NONE', #6410, #4014, #3707, .T. ) ;
#1040 = CARTESIAN_POINT ( 'NONE',  ( -0.08464566929133858500, -0.04512987944543912100, 0.3198772108971399400 ) ) ;
#1041 = ORIENTED_EDGE ( 'NONE', *, *, #470, .T. ) ;
#1042 = DIRECTION ( 'NONE',  ( -1.000000000000000000, -0.0000000000000000000, -0.0000000000000000000 ) ) ;
#1043 = LINE ( 'NONE', #4038, #891 ) ;
#1044 = ORIENTED_EDGE ( 'NONE', *, *, #5950, .F. ) ;
#1045 = DIRECTION ( 'NONE',  ( 0.0000000000000000000, 0.0000000000000000000, -1.000000000000000000 ) ) ;
#1046 = VERTEX_POINT ( 'NONE', #4053 ) ;
#1047 = ORIENTED_EDGE ( 'NONE', *, *, #5187, .T. ) ;
#1048 = CARTESIAN_POINT ( 'NONE',  ( 0.08464566929133858500, 0.02532233489663271100, 0.1084954841245134000 ) ) ;
#1049 = VECTOR ( 'NONE', #607, 39.37007874015748100 ) ;
#1050 = ORIENTED_EDGE ( 'NONE', *, *, #2450, .F. ) ;
#1051 = CARTESIAN_POINT ( 'NONE',  ( 0.08464566929133858500, 0.2976719210690820200, -0.09689510562764082300 ) ) ;
#1052 = DIRECTION ( 'NONE',  ( 1.000000000000000000, -0.0000000000000000000, -0.0000000000000000000 ) ) ;
#1053 = CARTESIAN_POINT ( 'NONE',  ( 0.08464566929133858500, 0.1471132378873009600, 0.2763239572057838400 ) ) ;
#1054 = DIRECTION ( 'NONE',  ( -1.000000000000000000, -0.0000000000000000000, -0.0000000000000000000 ) ) ;
#1055 = CIRCLE ( 'NONE', #276, 0.02000000000000002100 ) ;
#1056 = ORIENTED_EDGE ( 'NONE', *, *, #5039, .T. ) ;
#1057 = ORIENTED_EDGE ( 'NONE', *, *, #4403, .F. ) ;
#1058 = DIRECTION ( 'NONE',  ( -1.000000000000000000, -0.0000000000000000000, -0.0000000000000000000 ) ) ;
#1059 = ORIENTED_EDGE ( 'NONE', *, *, #3432, .T. ) ;
#1060 = AXIS2_PLACEMENT_3D ( 'NONE', #4821, #6660, #2662 ) ;
#1061 = CARTESIAN_POINT ( 'NONE',  ( -0.08464566929133858500, 0.1870537803570479500, 0.2320382821171352300 ) ) ;
#1062 = CARTESIAN_POINT ( 'NONE',  ( -0.1437007874015748300, 0.0000000000000000000, -0.2165157480314960600 ) ) ;
#1063 = DIRECTION ( 'NONE',  ( 1.000000000000000000, 0.0000000000000000000, 0.0000000000000000000 ) ) ;
#1064 = VERTEX_POINT ( 'NONE', #2483 ) ;
#1065 = DIRECTION ( 'NONE',  ( -0.0000000000000000000, 1.000000000000000000, -0.0000000000000000000 ) ) ;
#1066 = ORIENTED_EDGE ( 'NONE', *, *, #5522, .F. ) ;
#1067 = ORIENTED_EDGE ( 'NONE', *, *, #113, .T. ) ;
#1068 = CARTESIAN_POINT ( 'NONE',  ( 0.08464566929133858500, 0.1471132378873009600, 0.2763239572057838400 ) ) ;
#1069 = EDGE_CURVE ( 'NONE', #4836, #3574, #2143, .T. ) ;
#1070 = EDGE_CURVE ( 'NONE', #2528, #5667, #3375, .T. ) ;
#1071 = AXIS2_PLACEMENT_3D ( 'NONE', #5458, #2283, #5985 ) ;
#1072 = ORIENTED_EDGE ( 'NONE', *, *, #5334, .F. ) ;
#1073 = AXIS2_PLACEMENT_3D ( 'NONE', #5738, #2042, #2558 ) ;
#1074 = ORIENTED_EDGE ( 'NONE', *, *, #1536, .T. ) ;
#1075 = DIRECTION ( 'NONE',  ( -1.000000000000000000, -0.0000000000000000000, -0.0000000000000000000 ) ) ;
#1076 = EDGE_CURVE ( 'NONE', #3644, #4003, #6192, .T. ) ;
#1077 = EDGE_CURVE ( 'NONE', #4428, #344, #611, .T. ) ;
#1078 = VERTEX_POINT ( 'NONE', #241 ) ;
#1079 = ORIENTED_EDGE ( 'NONE', *, *, #5012, .T. ) ;
#1080 = DIRECTION ( 'NONE',  ( 0.0000000000000000000, 0.0000000000000000000, 1.000000000000000000 ) ) ;
#1081 = ORIENTED_EDGE ( 'NONE', *, *, #2441, .T. ) ;
#1082 = EDGE_CURVE ( 'NONE', #3404, #5734, #4611, .T. ) ;
#1083 = DIRECTION ( 'NONE',  ( -0.0000000000000000000, 0.9177967908282752600, 0.3970504385406458100 ) ) ;
#1084 = CARTESIAN_POINT ( 'NONE',  ( -0.2342519685039370600, -0.2118934145877079700, 0.04450000000000005300 ) ) ;
#1085 = ADVANCED_FACE ( 'NONE', ( #3210 ), #752, .F. ) ;
#1086 = DIRECTION ( 'NONE',  ( 0.0000000000000000000, -0.6427876096865471300, -0.7660444431189714600 ) ) ;
#1087 = VERTEX_POINT ( 'NONE', #4588 ) ;
#1088 = PLANE ( 'NONE',  #6537 ) ;
#1089 = CARTESIAN_POINT ( 'NONE',  ( 0.08464566929133858500, 0.0000000000000000000, 0.0000000000000000000 ) ) ;
#1090 = DIRECTION ( 'NONE',  ( -1.000000000000000000, -0.0000000000000000000, -0.0000000000000000000 ) ) ;
#1091 = CARTESIAN_POINT ( 'NONE',  ( 0.08464566929133858500, -0.1753298700092164000, -0.2627078786135505500 ) ) ;
#1092 = AXIS2_PLACEMENT_3D ( 'NONE', #567, #40, #5827 ) ;
#1093 = CARTESIAN_POINT ( 'NONE',  ( 0.08464566929133858500, 0.1960315511398793000, -0.2245050379644671100 ) ) ;
#1094 = DIRECTION ( 'NONE',  ( 1.000000000000000000, 0.0000000000000000000, 0.0000000000000000000 ) ) ;
#1095 = LINE ( 'NONE', #5641, #5282 ) ;
#1096 = DIRECTION ( 'NONE',  ( -1.000000000000000000, -0.0000000000000000000, -0.0000000000000000000 ) ) ;
#1097 = DIRECTION ( 'NONE',  ( -1.000000000000000000, -0.0000000000000000000, -0.0000000000000000000 ) ) ;
#1098 = LINE ( 'NONE', #6418, #5116 ) ;
#1099 = FACE_OUTER_BOUND ( 'NONE', #6822, .T. ) ;
#1100 = FACE_OUTER_BOUND ( 'NONE', #3848, .T. ) ;
#1101 = LINE ( 'NONE', #4401, #5122 ) ;
#1102 = FACE_OUTER_BOUND ( 'NONE', #2761, .T. ) ;
#1103 = CARTESIAN_POINT ( 'NONE',  ( 0.08464566929133858500, -0.1828770619894835900, -0.2094398657055076300 ) ) ;
#1104 = EDGE_CURVE ( 'NONE', #4832, #5637, #5867, .T. ) ;
#1105 = DIRECTION ( 'NONE',  ( 0.0000000000000000000, 0.9848077530122071300, 0.1736481776669355500 ) ) ;
#1106 = CIRCLE ( 'NONE', #2311, 0.3937007874015748800 ) ;
#1107 = CARTESIAN_POINT ( 'NONE',  ( 0.08464566929133858500, 0.2551348235983706400, 0.1540685006779849700 ) ) ;
#1108 = VECTOR ( 'NONE', #5359, 39.37007874015748100 ) ;
#1109 = CARTESIAN_POINT ( 'NONE',  ( 0.08464566929133858500, 0.2609946473093019400, -0.1439189882872550800 ) ) ;
#1110 = LINE ( 'NONE', #2950, #5132 ) ;
#1111 = DIRECTION ( 'NONE',  ( -0.0000000000000000000, 0.0000000000000000000, -1.000000000000000000 ) ) ;
#1112 = CARTESIAN_POINT ( 'NONE',  ( 0.08464566929133858500, -0.2747173077608819300, -0.04288913574857136600 ) ) ;
#1113 = PLANE ( 'NONE',  #6794 ) ;
#1114 = AXIS2_PLACEMENT_3D ( 'NONE', #560, #5269, #4745 ) ;
#1115 = LINE ( 'NONE', #2221, #6554 ) ;
#1116 = CARTESIAN_POINT ( 'NONE',  ( 0.08464566929133858500, 0.1532986182605033100, -0.1888341659364416200 ) ) ;
#1117 = CIRCLE ( 'NONE', #456, 0.02000000000000001800 ) ;
#1118 = DIRECTION ( 'NONE',  ( -1.000000000000000000, -0.0000000000000000000, -0.0000000000000000000 ) ) ;
#1119 = CIRCLE ( 'NONE', #360, 0.01000000000000003300 ) ;
#1120 = DIRECTION ( 'NONE',  ( -1.000000000000000000, 0.0000000000000000000, 0.0000000000000000000 ) ) ;
#1121 = DIRECTION ( 'NONE',  ( 0.0000000000000000000, 0.0000000000000000000, 1.000000000000000000 ) ) ;
#1122 = LINE ( 'NONE', #2830, #5139 ) ;
#1123 = ADVANCED_FACE ( 'NONE', ( #1980 ), #1256, .T. ) ;
#1124 = DIRECTION ( 'NONE',  ( 0.0000000000000000000, 0.0000000000000000000, -1.000000000000000000 ) ) ;
#1125 = ORIENTED_EDGE ( 'NONE', *, *, #1887, .F. ) ;
#1126 = LINE ( 'NONE', #4911, #6563 ) ;
#1127 = ORIENTED_EDGE ( 'NONE', *, *, #168, .T. ) ;
#1128 = DIRECTION ( 'NONE',  ( 0.0000000000000000000, -0.9848077530122084600, -0.1736481776669273600 ) ) ;
#1129 = ORIENTED_EDGE ( 'NONE', *, *, #6203, .T. ) ;
#1130 = EDGE_CURVE ( 'NONE', #827, #4137, #4448, .T. ) ;
#1131 = DIRECTION ( 'NONE',  ( -1.000000000000000000, -0.0000000000000000000, -0.0000000000000000000 ) ) ;
#1132 = EDGE_LOOP ( 'NONE', ( #2595, #1954, #4254, #3893 ) ) ;
#1133 = CARTESIAN_POINT ( 'NONE',  ( -0.1910307770888740000, 0.05807582072827900700, 0.01210959534165834800 ) ) ;
#1134 = EDGE_CURVE ( 'NONE', #473, #1218, #284, .T. ) ;
#1135 = DIRECTION ( 'NONE',  ( -1.000000000000000000, -0.0000000000000000000, -0.0000000000000000000 ) ) ;
#1136 = CARTESIAN_POINT ( 'NONE',  ( 0.08464566929133858500, -0.2551348235983696400, -0.1540685006779866100 ) ) ;
#1137 = CARTESIAN_POINT ( 'NONE',  ( 0.08464566929133858500, -0.2327495835104525000, 0.2093438928253230600 ) ) ;
#1138 = CIRCLE ( 'NONE', #152, 0.01999999999999999700 ) ;
#1139 = EDGE_CURVE ( 'NONE', #6174, #1637, #2482, .T. ) ;
#1140 = CARTESIAN_POINT ( 'NONE',  ( 0.08464566929133858500, -0.2388138168057124500, 0.04611691108670112900 ) ) ;
#1141 = CARTESIAN_POINT ( 'NONE',  ( -0.08464566929133858500, -0.1002155727758146900, 0.2593567352544789400 ) ) ;
#1142 = DIRECTION ( 'NONE',  ( 0.0000000000000000000, 0.0000000000000000000, 1.000000000000000000 ) ) ;
#1143 = ORIENTED_EDGE ( 'NONE', *, *, #381, .T. ) ;
#1144 = VERTEX_POINT ( 'NONE', #1421 ) ;
#1145 = EDGE_LOOP ( 'NONE', ( #3113, #981, #3072, #5986 ) ) ;
#1146 = EDGE_CURVE ( 'NONE', #6008, #2507, #439, .T. ) ;
#1147 = ORIENTED_EDGE ( 'NONE', *, *, #917, .F. ) ;
#1148 = VERTEX_POINT ( 'NONE', #1961 ) ;
#1149 = AXIS2_PLACEMENT_3D ( 'NONE', #5810, #2630, #6342 ) ;
#1150 = VERTEX_POINT ( 'NONE', #1943 ) ;
#1151 = AXIS2_PLACEMENT_3D ( 'NONE', #5027, #4842, #4819 ) ;
#1152 = VERTEX_POINT ( 'NONE', #2448 ) ;
#1153 = ORIENTED_EDGE ( 'NONE', *, *, #5676, .T. ) ;
#1154 = PLANE ( 'NONE',  #4069 ) ;
#1155 = ADVANCED_FACE ( 'NONE', ( #5697 ), #2327, .T. ) ;
#1156 = DIRECTION ( 'NONE',  ( 0.0000000000000000000, 0.9848077530122098000, 0.1736481776669213100 ) ) ;
#1157 = PLANE ( 'NONE',  #6040 ) ;
#1158 = DIRECTION ( 'NONE',  ( 0.0000000000000000000, 0.0000000000000000000, 1.000000000000000000 ) ) ;
#1159 = EDGE_LOOP ( 'NONE', ( #4057, #4893, #2858, #5276 ) ) ;
#1160 = ORIENTED_EDGE ( 'NONE', *, *, #3023, .T. ) ;
#1161 = ORIENTED_EDGE ( 'NONE', *, *, #5899, .T. ) ;
#1162 = DIRECTION ( 'NONE',  ( -1.000000000000000000, -0.0000000000000000000, -0.0000000000000000000 ) ) ;
#1163 = EDGE_CURVE ( 'NONE', #6231, #2437, #1122, .T. ) ;
#1164 = CARTESIAN_POINT ( 'NONE',  ( 0.08464566929133858500, -0.2903128943442362900, 0.1271138653833172600 ) ) ;
#1165 = ORIENTED_EDGE ( 'NONE', *, *, #5532, .F. ) ;
#1166 = AXIS2_PLACEMENT_3D ( 'NONE', #3409, #298, #3937 ) ;
#1167 = DIRECTION ( 'NONE',  ( 0.0000000000000000000, 0.0000000000000000000, 1.000000000000000000 ) ) ;
#1168 = CARTESIAN_POINT ( 'NONE',  ( 0.08464566929133858500, -0.08129867799940368500, 0.07617752736587764300 ) ) ;
#1169 = VERTEX_POINT ( 'NONE', #2986 ) ;
#1170 = EDGE_CURVE ( 'NONE', #6499, #2866, #6379, .T. ) ;
#1171 = EDGE_CURVE ( 'NONE', #2957, #4240, #961, .T. ) ;
#1172 = AXIS2_PLACEMENT_3D ( 'NONE', #3511, #3623, #3930 ) ;
#1173 = EDGE_CURVE ( 'NONE', #1652, #6824, #3550, .T. ) ;
#1174 = EDGE_CURVE ( 'NONE', #5831, #3187, #3724, .T. ) ;
#1175 = DIRECTION ( 'NONE',  ( -1.000000000000000000, -0.0000000000000000000, -0.0000000000000000000 ) ) ;
#1176 = CARTESIAN_POINT ( 'NONE',  ( 0.08464566929133858500, 0.0000000000000000000, 0.0000000000000000000 ) ) ;
#1177 = CARTESIAN_POINT ( 'NONE',  ( 0.08464566929133858500, 0.1710416144179583400, -0.2740490872223290100 ) ) ;
#1178 = CARTESIAN_POINT ( 'NONE',  ( 0.08464566929133858500, -0.2898450449421468000, 0.02651817499671215600 ) ) ;
#1179 = CARTESIAN_POINT ( 'NONE',  ( -0.08464566929133858500, 0.02421575952749779200, -0.2900464801944298000 ) ) ;
#1180 = FACE_OUTER_BOUND ( 'NONE', #3094, .T. ) ;
#1181 = VECTOR ( 'NONE', #1286, 39.37007874015748100 ) ;
#1182 = AXIS2_PLACEMENT_3D ( 'NONE', #4301, #3779, #3250 ) ;
#1183 = LINE ( 'NONE', #181, #6622 ) ;
#1184 = DIRECTION ( 'NONE',  ( -1.000000000000000000, -0.0000000000000000000, -0.0000000000000000000 ) ) ;
#1185 = VECTOR ( 'NONE', #1017, 39.37007874015748100 ) ;
#1186 = CARTESIAN_POINT ( 'NONE',  ( 0.08464566929133858500, 0.2609946473093038800, 0.1439189882872515800 ) ) ;
#1187 = LINE ( 'NONE', #5096, #2385 ) ;
#1188 = DIRECTION ( 'NONE',  ( -1.000000000000000000, -0.0000000000000000000, -0.0000000000000000000 ) ) ;
#1189 = ADVANCED_FACE ( 'NONE', ( #6560, #2159 ), #625, .T. ) ;
#1190 = DIRECTION ( 'NONE',  ( 1.000000000000000000, 0.0000000000000000000, 0.0000000000000000000 ) ) ;
#1191 = LINE ( 'NONE', #3500, #6627 ) ;
#1192 = CYLINDRICAL_SURFACE ( 'NONE', #6562, 0.02000000000000002500 ) ;
#1193 = ORIENTED_EDGE ( 'NONE', *, *, #5661, .T. ) ;
#1194 = FACE_OUTER_BOUND ( 'NONE', #1547, .T. ) ;
#1195 = CARTESIAN_POINT ( 'NONE',  ( -0.08464566929133858500, 0.08129867799940421200, -0.07617752736587710100 ) ) ;
#1196 = EDGE_CURVE ( 'NONE', #6758, #588, #1998, .T. ) ;
#1197 = CIRCLE ( 'NONE', #5392, 0.2780450991271856700 ) ;
#1198 = CYLINDRICAL_SURFACE ( 'NONE', #3015, 0.01000000000000003000 ) ;
#1199 = EDGE_CURVE ( 'NONE', #3591, #3149, #6214, .T. ) ;
#1200 = VECTOR ( 'NONE', #5199, 39.37007874015748100 ) ;
#1201 = DIRECTION ( 'NONE',  ( 0.0000000000000000000, 0.0000000000000000000, 1.000000000000000000 ) ) ;
#1202 = CARTESIAN_POINT ( 'NONE',  ( -0.1240157480314961300, 0.0000000000000000000, 0.3937007874015748800 ) ) ;
#1203 = VERTEX_POINT ( 'NONE', #4511 ) ;
#1204 = DIRECTION ( 'NONE',  ( 0.0000000000000000000, 0.05920037723353375300, -0.9982461196195090400 ) ) ;
#1205 = CIRCLE ( 'NONE', #1304, 0.3937007874015748800 ) ;
#1206 = CARTESIAN_POINT ( 'NONE',  ( 0.08464566929133858500, -0.2282710432183365500, -0.2182849596996848900 ) ) ;
#1207 = DIRECTION ( 'NONE',  ( -1.000000000000000000, -0.0000000000000000000, -0.0000000000000000000 ) ) ;
#1208 = AXIS2_PLACEMENT_3D ( 'NONE', #2139, #5847, #2664 ) ;
#1209 = ORIENTED_EDGE ( 'NONE', *, *, #6169, .F. ) ;
#1210 = AXIS2_PLACEMENT_3D ( 'NONE', #6141, #2959, #6681 ) ;
#1211 = DIRECTION ( 'NONE',  ( -1.000000000000000000, -0.0000000000000000000, -0.0000000000000000000 ) ) ;
#1212 = B_SPLINE_CURVE_WITH_KNOTS ( 'NONE', 3,
 ( #4581, #4106, #5699, #6206, #6232, #6255, #3038, #402, #996, #1983, #3580, #2184, #975, #2543, #3062, #5168, #3512, #5659 ),
 .UNSPECIFIED., .F., .F.,
 ( 4, 2, 2, 2, 2, 2, 2, 2, 4 ),
 ( 0.0000000000000000000, 0.0004617391960699212200, 0.0009234783921398424500, 0.001385217588209763900, 0.001846956784279685300, 0.002308695980349607000, 0.002770435176419528200, 0.003232174372489449900, 0.003693913568559371500 ),
 .UNSPECIFIED. ) ;
#1213 = EDGE_LOOP ( 'NONE', ( #892, #2427, #412, #3027 ) ) ;
#1214 = DIRECTION ( 'NONE',  ( 0.0000000000000000000, 0.0000000000000000000, 1.000000000000000000 ) ) ;
#1215 = CYLINDRICAL_SURFACE ( 'NONE', #1896, 0.02000000000000002500 ) ;
#1216 = ORIENTED_EDGE ( 'NONE', *, *, #6183, .T. ) ;
#1217 = DIRECTION ( 'NONE',  ( 1.000000000000000000, 0.0000000000000000000, 0.0000000000000000000 ) ) ;
#1218 = VERTEX_POINT ( 'NONE', #4369 ) ;
#1219 = ORIENTED_EDGE ( 'NONE', *, *, #2777, .F. ) ;
#1220 = DIRECTION ( 'NONE',  ( 0.0000000000000000000, 0.9728004803918471900, 0.2316446100158410200 ) ) ;
#1221 = CARTESIAN_POINT ( 'NONE',  ( -0.2731213690342166300, 0.2154177872208560000, -0.02244024727204449500 ) ) ;
#1222 = EDGE_CURVE ( 'NONE', #3417, #4773, #6053, .T. ) ;
#1223 = CIRCLE ( 'NONE', #1208, 0.01999999999999999300 ) ;
#1224 = CARTESIAN_POINT ( 'NONE',  ( 0.1437007874015748000, 0.0000000000000000000, 0.05905511811023623400 ) ) ;
#1225 = CARTESIAN_POINT ( 'NONE',  ( -0.2787663201214200500, -0.05906593251942759300, 0.006052811152436200800 ) ) ;
#1226 = LINE ( 'NONE', #4290, #2418 ) ;
#1227 = CARTESIAN_POINT ( 'NONE',  ( 0.08464566929133858500, 0.1074241567854180700, -0.2780124667216846700 ) ) ;
#1228 = ADVANCED_FACE ( 'NONE', ( #3393 ), #5884, .T. ) ;
#1229 = AXIS2_PLACEMENT_3D ( 'NONE', #5031, #4344, #5079 ) ;
#1230 = EDGE_LOOP ( 'NONE', ( #6806, #6518, #4352, #3170 ) ) ;
#1231 = CARTESIAN_POINT ( 'NONE',  ( -0.08464566929133858500, -0.2388138168057124500, 0.04611691108670112900 ) ) ;
#1232 = CARTESIAN_POINT ( 'NONE',  ( 0.08464566929133858500, -0.05034151896781669700, 0.09938924583697531000 ) ) ;
#1233 = DIRECTION ( 'NONE',  ( 0.0000000000000000000, 0.0000000000000000000, -1.000000000000000000 ) ) ;
#1234 = VERTEX_POINT ( 'NONE', #5481 ) ;
#1235 = DIRECTION ( 'NONE',  ( 0.0000000000000000000, 0.8660254037844328200, -0.5000000000000101000 ) ) ;
#1236 = CARTESIAN_POINT ( 'NONE',  ( -0.08464566929133858500, 0.0000000000000000000, 0.0000000000000000000 ) ) ;
#1237 = ORIENTED_EDGE ( 'NONE', *, *, #4450, .F. ) ;
#1238 = DIRECTION ( 'NONE',  ( 0.0000000000000000000, 0.0000000000000000000, -1.000000000000000000 ) ) ;
#1239 = ORIENTED_EDGE ( 'NONE', *, *, #2705, .T. ) ;
#1240 = ORIENTED_EDGE ( 'NONE', *, *, #666, .T. ) ;
#1241 = CARTESIAN_POINT ( 'NONE',  ( 0.08464566929133858500, -0.2814349999166059200, -0.07421391045222829100 ) ) ;
#1242 = DIRECTION ( 'NONE',  ( 0.0000000000000000000, 0.0000000000000000000, 1.000000000000000000 ) ) ;
#1243 = CARTESIAN_POINT ( 'NONE',  ( -0.2342519685039370400, -0.3230450991271856500, 1.108895517240735600E-017 ) ) ;
#1244 = VERTEX_POINT ( 'NONE', #5436 ) ;
#1245 = ORIENTED_EDGE ( 'NONE', *, *, #4885, .T. ) ;
#1246 = ORIENTED_EDGE ( 'NONE', *, *, #1082, .T. ) ;
#1247 = EDGE_CURVE ( 'NONE', #2957, #6218, #459, .T. ) ;
#1248 = ORIENTED_EDGE ( 'NONE', *, *, #367, .T. ) ;
#1249 = AXIS2_PLACEMENT_3D ( 'NONE', #159, #2217, #1214 ) ;
#1250 = AXIS2_PLACEMENT_3D ( 'NONE', #3479, #373, #4017 ) ;
#1251 = CARTESIAN_POINT ( 'NONE',  ( -0.08464566929133858500, -0.1518126642094958500, -0.2851509268014187900 ) ) ;
#1252 = DIRECTION ( 'NONE',  ( 1.000000000000000000, 0.0000000000000000000, 0.0000000000000000000 ) ) ;
#1253 = DIRECTION ( 'NONE',  ( 0.0000000000000000000, 0.0000000000000000000, -1.000000000000000000 ) ) ;
#1254 = ORIENTED_EDGE ( 'NONE', *, *, #2540, .T. ) ;
#1255 = DIRECTION ( 'NONE',  ( -1.000000000000000000, -0.0000000000000000000, -0.0000000000000000000 ) ) ;
#1256 = PLANE ( 'NONE',  #4140 ) ;
#1257 = ORIENTED_EDGE ( 'NONE', *, *, #6011, .F. ) ;
#1258 = ORIENTED_EDGE ( 'NONE', *, *, #5434, .F. ) ;
#1259 = CARTESIAN_POINT ( 'NONE',  ( 0.08464566929133858500, 0.0000000000000000000, 0.0000000000000000000 ) ) ;
#1260 = CARTESIAN_POINT ( 'NONE',  ( 0.08464566929133858500, -0.1518126642094918800, 0.2851509268014208500 ) ) ;
#1261 = ORIENTED_EDGE ( 'NONE', *, *, #387, .F. ) ;
#1262 = CARTESIAN_POINT ( 'NONE',  ( 0.08464566929133858500, -0.08688587567315340900, -0.2271775807468695300 ) ) ;
#1263 = DIRECTION ( 'NONE',  ( 0.0000000000000000000, 0.0000000000000000000, -1.000000000000000000 ) ) ;
#1264 = ADVANCED_FACE ( 'NONE', ( #4464 ), #301, .T. ) ;
#1265 = DIRECTION ( 'NONE',  ( 0.0000000000000000000, 0.0000000000000000000, 1.000000000000000000 ) ) ;
#1266 = CIRCLE ( 'NONE', #5196, 0.01000000000000003300 ) ;
#1267 = CARTESIAN_POINT ( 'NONE',  ( -0.2616504249965175300, -0.2136191800282255200, 0.03553895543097890900 ) ) ;
#1268 = EDGE_CURVE ( 'NONE', #5025, #4757, #1685, .T. ) ;
#1269 = FACE_OUTER_BOUND ( 'NONE', #5715, .T. ) ;
#1270 = CARTESIAN_POINT ( 'NONE',  ( 0.08464566929133858500, -0.005859823710934334100, -0.2979874889652428500 ) ) ;
#1271 = CARTESIAN_POINT ( 'NONE',  ( -0.08464566929133858500, 0.1471132378873009600, 0.2763239572057838400 ) ) ;
#1272 = LINE ( 'NONE', #2130, #4184 ) ;
#1273 = CARTESIAN_POINT ( 'NONE',  ( 0.08464566929133858500, 0.2903128943442371800, -0.1171138653833152200 ) ) ;
#1274 = CIRCLE ( 'NONE', #57, 0.01000000000000004000 ) ;
#1275 = DIRECTION ( 'NONE',  ( 0.0000000000000000000, 0.0000000000000000000, 1.000000000000000000 ) ) ;
#1276 = CIRCLE ( 'NONE', #6065, 0.02000000000000002500 ) ;
#1277 = CYLINDRICAL_SURFACE ( 'NONE', #1372, 0.2780450991271856700 ) ;
#1278 = DIRECTION ( 'NONE',  ( -0.0000000000000000000, 0.1150426290541845400, 0.9933605556394422600 ) ) ;
#1279 = DIRECTION ( 'NONE',  ( -1.000000000000000000, -0.0000000000000000000, -0.0000000000000000000 ) ) ;
#1280 = LINE ( 'NONE', #1367, #6705 ) ;
#1281 = FACE_OUTER_BOUND ( 'NONE', #5531, .T. ) ;
#1282 = VECTOR ( 'NONE', #3241, 39.37007874015748900 ) ;
#1283 = DIRECTION ( 'NONE',  ( -1.000000000000000000, -0.0000000000000000000, -0.0000000000000000000 ) ) ;
#1284 = CIRCLE ( 'NONE', #3239, 0.2165354330708661500 ) ;
#1285 = FACE_OUTER_BOUND ( 'NONE', #1716, .T. ) ;
#1286 = DIRECTION ( 'NONE',  ( -1.000000000000000000, -0.0000000000000000000, -0.0000000000000000000 ) ) ;
#1287 = CARTESIAN_POINT ( 'NONE',  ( -0.2342519685039370400, -0.3230450991271856500, -0.04450000000000004000 ) ) ;
#1288 = EDGE_LOOP ( 'NONE', ( #4943, #4765, #4478, #4470 ) ) ;
#1289 = LINE ( 'NONE', #4928, #6715 ) ;
#1290 = FACE_OUTER_BOUND ( 'NONE', #2653, .T. ) ;
#1291 = AXIS2_PLACEMENT_3D ( 'NONE', #2783, #6489, #3314 ) ;
#1292 = AXIS2_PLACEMENT_3D ( 'NONE', #3744, #3487, #3469 ) ;
#1293 = DIRECTION ( 'NONE',  ( -0.0000000000000000000, 1.000000000000000000, -0.0000000000000000000 ) ) ;
#1294 = EDGE_LOOP ( 'NONE', ( #5805, #5179, #6162, #6752 ) ) ;
#1295 = CYLINDRICAL_SURFACE ( 'NONE', #2099, 0.01999999999999999000 ) ;
#1296 = ORIENTED_EDGE ( 'NONE', *, *, #6183, .F. ) ;
#1297 = VERTEX_POINT ( 'NONE', #5937 ) ;
#1298 = ADVANCED_FACE ( 'NONE', ( #3067 ), #5962, .F. ) ;
#1299 = EDGE_CURVE ( 'NONE', #5329, #3154, #5714, .T. ) ;
#1300 = DIRECTION ( 'NONE',  ( 1.000000000000000000, 0.0000000000000000000, 0.0000000000000000000 ) ) ;
#1301 = DIRECTION ( 'NONE',  ( 0.0000000000000000000, -0.9933605556394422600, 0.1150426290541845400 ) ) ;
#1302 = CARTESIAN_POINT ( 'NONE',  ( 0.08464566929133858500, -0.2814349999166059200, -0.07421391045222829100 ) ) ;
#1303 = EDGE_LOOP ( 'NONE', ( #1895, #5456, #2684, #2765 ) ) ;
#1304 = AXIS2_PLACEMENT_3D ( 'NONE', #4166, #1052, #4711 ) ;
#1305 = CIRCLE ( 'NONE', #2097, 0.3230450991271857100 ) ;
#1306 = VERTEX_POINT ( 'NONE', #6591 ) ;
#1307 = ORIENTED_EDGE ( 'NONE', *, *, #4385, .T. ) ;
#1308 = DIRECTION ( 'NONE',  ( 0.0000000000000000000, -0.8660254037844370400, 0.5000000000000025500 ) ) ;
#1309 = CARTESIAN_POINT ( 'NONE',  ( 0.08464566929133858500, -0.07644636819248530600, 0.2808368146679675600 ) ) ;
#1310 = ORIENTED_EDGE ( 'NONE', *, *, #5165, .F. ) ;
#1311 = EDGE_CURVE ( 'NONE', #3068, #3644, #4283, .T. ) ;
#1312 = EDGE_CURVE ( 'NONE', #3427, #2929, #4628, .T. ) ;
#1313 = CIRCLE ( 'NONE', #6629, 0.02000000000000001400 ) ;
#1314 = DIRECTION ( 'NONE',  ( -1.000000000000000000, -0.0000000000000000000, -0.0000000000000000000 ) ) ;
#1315 = CARTESIAN_POINT ( 'NONE',  ( -0.08464566929133855700, 0.0000000000000000000, 0.0000000000000000000 ) ) ;
#1316 = EDGE_CURVE ( 'NONE', #5720, #5075, #2903, .T. ) ;
#1317 = DIRECTION ( 'NONE',  ( 0.0000000000000000000, -0.9848077530122073500, 0.1736481776669344900 ) ) ;
#1318 = ORIENTED_EDGE ( 'NONE', *, *, #1170, .F. ) ;
#1319 = EDGE_LOOP ( 'NONE', ( #4468, #6384, #5561, #5144 ) ) ;
#1320 = ORIENTED_EDGE ( 'NONE', *, *, #1311, .T. ) ;
#1321 = CARTESIAN_POINT ( 'NONE',  ( 0.08464566929133858500, 0.0000000000000000000, 0.0000000000000000000 ) ) ;
#1322 = AXIS2_PLACEMENT_3D ( 'NONE', #4047, #4065, #4089 ) ;
#1323 = CARTESIAN_POINT ( 'NONE',  ( 0.08464566929133858500, 0.02421575952750163600, 0.2900464801944295200 ) ) ;
#1324 = ORIENTED_EDGE ( 'NONE', *, *, #6226, .T. ) ;
#1325 = ORIENTED_EDGE ( 'NONE', *, *, #5683, .T. ) ;
#1326 = ORIENTED_EDGE ( 'NONE', *, *, #6425, .F. ) ;
#1327 = ORIENTED_EDGE ( 'NONE', *, *, #3023, .F. ) ;
#1328 = VERTEX_POINT ( 'NONE', #2854 ) ;
#1329 = DIRECTION ( 'NONE',  ( 1.000000000000000000, 0.0000000000000000000, 0.0000000000000000000 ) ) ;
#1330 = ORIENTED_EDGE ( 'NONE', *, *, #3412, .T. ) ;
#1331 = ORIENTED_EDGE ( 'NONE', *, *, #9, .F. ) ;
#1332 = EDGE_CURVE ( 'NONE', #4589, #712, #3228, .T. ) ;
#1333 = ADVANCED_FACE ( 'NONE', ( #1521 ), #1361, .T. ) ;
#1334 = ORIENTED_EDGE ( 'NONE', *, *, #1311, .F. ) ;
#1335 = CARTESIAN_POINT ( 'NONE',  ( 0.08464566929133858500, 0.005859823710932310500, -0.2979874889652428500 ) ) ;
#1336 = EDGE_CURVE ( 'NONE', #5399, #918, #2730, .T. ) ;
#1337 = ORIENTED_EDGE ( 'NONE', *, *, #5164, .T. ) ;
#1338 = AXIS2_PLACEMENT_3D ( 'NONE', #3820, #2762, #4343 ) ;
#1339 = AXIS2_PLACEMENT_3D ( 'NONE', #4426, #1314, #4972 ) ;
#1340 = ORIENTED_EDGE ( 'NONE', *, *, #4703, .F. ) ;
#1341 = AXIS2_PLACEMENT_3D ( 'NONE', #2757, #6464, #3287 ) ;
#1342 = CARTESIAN_POINT ( 'NONE',  ( 0.08464566929133858500, 0.1710416144179621200, 0.2740490872223266800 ) ) ;
#1343 = LINE ( 'NONE', #6095, #2536 ) ;
#1344 = EDGE_CURVE ( 'NONE', #1571, #544, #4125, .T. ) ;
#1345 = DIRECTION ( 'NONE',  ( 0.0000000000000000000, 0.9728004803918457500, 0.2316446100158476000 ) ) ;
#1346 = CARTESIAN_POINT ( 'NONE',  ( -0.08464566929133858500, 0.2551348235983685900, -0.1540685006779884400 ) ) ;
#1347 = CIRCLE ( 'NONE', #5687, 0.2165354330708661500 ) ;
#1348 = VECTOR ( 'NONE', #2193, 39.37007874015748100 ) ;
#1349 = CIRCLE ( 'NONE', #4752, 0.3230450991271857100 ) ;
#1350 = LINE ( 'NONE', #355, #5207 ) ;
#1351 = LINE ( 'NONE', #6678, #3955 ) ;
#1352 = AXIS2_PLACEMENT_3D ( 'NONE', #5272, #2094, #4730 ) ;
#1353 = FACE_OUTER_BOUND ( 'NONE', #4391, .T. ) ;
#1354 = CARTESIAN_POINT ( 'NONE',  ( -0.08464566929133858500, 0.2903128943442387900, 0.1271138653833113800 ) ) ;
#1355 = CYLINDRICAL_SURFACE ( 'NONE', #4461, 0.01000000000000001200 ) ;
#1356 = ADVANCED_FACE ( 'NONE', ( #132 ), #2559, .T. ) ;
#1357 = CARTESIAN_POINT ( 'NONE',  ( 0.08464566929133858500, 0.2924428417247578700, -0.05751578424817096300 ) ) ;
#1358 = CIRCLE ( 'NONE', #4662, 0.01999999999999998300 ) ;
#1359 =( CONVERSION_BASED_UNIT ( 'INCH', #4477 ) LENGTH_UNIT ( ) NAMED_UNIT ( #524 ) );
#1360 = FACE_OUTER_BOUND ( 'NONE', #746, .T. ) ;
#1361 = CYLINDRICAL_SURFACE ( 'NONE', #4731, 0.01000000000000003000 ) ;
#1362 = ORIENTED_EDGE ( 'NONE', *, *, #4782, .F. ) ;
#1363 = VERTEX_POINT ( 'NONE', #1499 ) ;
#1364 = VECTOR ( 'NONE', #3593, 39.37007874015748100 ) ;
#1365 = ORIENTED_EDGE ( 'NONE', *, *, #786, .T. ) ;
#1366 = VERTEX_POINT ( 'NONE', #2553 ) ;
#1367 = CARTESIAN_POINT ( 'NONE',  ( 0.08464566929133858500, 0.1518126642094938300, -0.2851509268014198500 ) ) ;
#1368 = CARTESIAN_POINT ( 'NONE',  ( -0.1437007874015748500, 0.0000000000000000000, 0.0000000000000000000 ) ) ;
#1369 = EDGE_CURVE ( 'NONE', #2677, #3761, #5558, .T. ) ;
#1370 = VERTEX_POINT ( 'NONE', #4551 ) ;
#1371 = ORIENTED_EDGE ( 'NONE', *, *, #4409, .F. ) ;
#1372 = AXIS2_PLACEMENT_3D ( 'NONE', #2665, #6472, #702 ) ;
#1373 = ORIENTED_EDGE ( 'NONE', *, *, #798, .F. ) ;
#1374 = ORIENTED_EDGE ( 'NONE', *, *, #736, .T. ) ;
#1375 = CARTESIAN_POINT ( 'NONE',  ( 0.08464566929133858500, -0.1960315511398808600, -0.2245050379644658000 ) ) ;
#1376 = LINE ( 'NONE', #4775, #1049 ) ;
#1377 = CARTESIAN_POINT ( 'NONE',  ( 0.1240157480314961100, 0.0000000000000000000, -0.3937007874015748800 ) ) ;
#1378 = DIRECTION ( 'NONE',  ( 0.4472135954999576500, 1.095357396528405500E-016, 0.8944271909999160800 ) ) ;
#1379 = ORIENTED_EDGE ( 'NONE', *, *, #6187, .F. ) ;
#1380 = VERTEX_POINT ( 'NONE', #2038 ) ;
#1381 = CARTESIAN_POINT ( 'NONE',  ( 0.1437007874015748000, 0.0000000000000000000, 0.0000000000000000000 ) ) ;
#1382 = LINE ( 'NONE', #606, #5420 ) ;
#1383 = CARTESIAN_POINT ( 'NONE',  ( 0.08464566929133858500, 0.1753298700092146000, -0.2627078786135518300 ) ) ;
#1384 = CARTESIAN_POINT ( 'NONE',  ( -0.2284363441258031600, 0.2118934145877080000, -0.04450000000000004600 ) ) ;
#1385 = ORIENTED_EDGE ( 'NONE', *, *, #6351, .F. ) ;
#1386 = EDGE_LOOP ( 'NONE', ( #1708, #2589 ) ) ;
#1387 = ORIENTED_EDGE ( 'NONE', *, *, #6425, .T. ) ;
#1388 = CARTESIAN_POINT ( 'NONE',  ( 0.08464566929133858500, 0.1002155727758200600, 0.2593567352544768900 ) ) ;
#1389 = DIRECTION ( 'NONE',  ( -1.000000000000000000, -0.0000000000000000000, -0.0000000000000000000 ) ) ;
#1390 = ADVANCED_FACE ( 'NONE', ( #6797 ), #3801, .T. ) ;
#1391 = EDGE_CURVE ( 'NONE', #4071, #169, #6640, .T. ) ;
#1392 = ADVANCED_FACE ( 'NONE', ( #1033 ), #5053, .T. ) ;
#1393 = ORIENTED_EDGE ( 'NONE', *, *, #6360, .T. ) ;
#1394 = ORIENTED_EDGE ( 'NONE', *, *, #2393, .T. ) ;
#1395 = VERTEX_POINT ( 'NONE', #986 ) ;
#1396 = VERTEX_POINT ( 'NONE', #5732 ) ;
#1397 = DIRECTION ( 'NONE',  ( 1.000000000000000000, 0.0000000000000000000, 0.0000000000000000000 ) ) ;
#1398 = ORIENTED_EDGE ( 'NONE', *, *, #4584, .T. ) ;
#1399 = CARTESIAN_POINT ( 'NONE',  ( -0.08464566929133858500, -0.1745017349850625800, 0.2164675995059063800 ) ) ;
#1400 = ORIENTED_EDGE ( 'NONE', *, *, #1425, .F. ) ;
#1401 = DIRECTION ( 'NONE',  ( -1.000000000000000000, -0.0000000000000000000, -0.0000000000000000000 ) ) ;
#1402 = CARTESIAN_POINT ( 'NONE',  ( 0.08464566929133858500, -0.2380142720881772100, -0.1437298974847671900 ) ) ;
#1403 = DIRECTION ( 'NONE',  ( 0.0000000000000000000, 0.0000000000000000000, -1.000000000000000000 ) ) ;
#1404 = ORIENTED_EDGE ( 'NONE', *, *, #5496, .F. ) ;
#1405 = DIRECTION ( 'NONE',  ( -1.000000000000000000, -0.0000000000000000000, -0.0000000000000000000 ) ) ;
#1406 = ORIENTED_EDGE ( 'NONE', *, *, #6365, .T. ) ;
#1407 = ORIENTED_EDGE ( 'NONE', *, *, #347, .F. ) ;
#1408 = DIRECTION ( 'NONE',  ( -1.000000000000000000, -0.0000000000000000000, -0.0000000000000000000 ) ) ;
#1409 = CARTESIAN_POINT ( 'NONE',  ( -0.08464566929133858500, 0.005466606461057185200, 0.2779913548340063300 ) ) ;
#1410 = AXIS2_PLACEMENT_3D ( 'NONE', #5286, #4696, #5050 ) ;
#1411 = ORIENTED_EDGE ( 'NONE', *, *, #1196, .F. ) ;
#1412 = EDGE_CURVE ( 'NONE', #4500, #3549, #6462, .T. ) ;
#1413 = AXIS2_PLACEMENT_3D ( 'NONE', #1738, #4896, #2262 ) ;
#1414 = DIRECTION ( 'NONE',  ( -1.000000000000000000, -0.0000000000000000000, -0.0000000000000000000 ) ) ;
#1415 = AXIS2_PLACEMENT_3D ( 'NONE', #785, #4432, #1317 ) ;
#1416 = ADVANCED_FACE ( 'NONE', ( #5395 ), #881, .T. ) ;
#1417 = DIRECTION ( 'NONE',  ( 0.0000000000000000000, 0.9728004803918471900, 0.2316446100158410200 ) ) ;
#1418 = VECTOR ( 'NONE', #1389, 39.37007874015748100 ) ;
#1419 = CARTESIAN_POINT ( 'NONE',  ( -0.08464566929133858500, 0.2632954998903854800, -0.1240517771744661800 ) ) ;
#1420 = FACE_OUTER_BOUND ( 'NONE', #4096, .T. ) ;
#1421 = CARTESIAN_POINT ( 'NONE',  ( 0.1043307086614173300, 5.303588500244444200E-017, 0.4330708661417324000 ) ) ;
#1422 = FACE_OUTER_BOUND ( 'NONE', #4238, .T. ) ;
#1423 = UNCERTAINTY_MEASURE_WITH_UNIT (LENGTH_MEASURE( 1.000000000000000100E-005 ), #1359, 'distance_accuracy_value', 'NONE');
#1424 = EDGE_CURVE ( 'NONE', #5357, #5309, #5223, .T. ) ;
#1425 = EDGE_CURVE ( 'NONE', #2678, #1575, #2400, .T. ) ;
#1426 = VECTOR ( 'NONE', #5281, 39.37007874015748100 ) ;
#1427 = LINE ( 'NONE', #4661, #35 ) ;
#1428 = CIRCLE ( 'NONE', #4264, 0.3937007874015748800 ) ;
#1429 = DIRECTION ( 'NONE',  ( -1.000000000000000000, -0.0000000000000000000, -0.0000000000000000000 ) ) ;
#1430 = CIRCLE ( 'NONE', #324, 0.3230450991271857100 ) ;
#1431 = EDGE_CURVE ( 'NONE', #1297, #6741, #2244, .T. ) ;
#1432 = CARTESIAN_POINT ( 'NONE',  ( 0.1437007874015748000, 0.0000000000000000000, 0.0000000000000000000 ) ) ;
#1433 = VECTOR ( 'NONE', #4758, 39.37007874015748100 ) ;
#1434 = CARTESIAN_POINT ( 'NONE',  ( 0.08464566929133858500, -0.1471132378872952200, 0.2763239572057869000 ) ) ;
#1435 = CIRCLE ( 'NONE', #230, 0.2780450991271857200 ) ;
#1436 = CIRCLE ( 'NONE', #1845, 0.02000000000000003200 ) ;
#1437 = ORIENTED_EDGE ( 'NONE', *, *, #1643, .T. ) ;
#1438 = CIRCLE ( 'NONE', #6737, 0.02000000000000003200 ) ;
#1439 = ORIENTED_EDGE ( 'NONE', *, *, #71, .F. ) ;
#1440 = AXIS2_PLACEMENT_3D ( 'NONE', #1140, #4230, #3756 ) ;
#1441 = EDGE_LOOP ( 'NONE', ( #322, #2374, #3768, #1057 ) ) ;
#1442 = LINE ( 'NONE', #5398, #47 ) ;
#1443 = CIRCLE ( 'NONE', #6829, 0.01000000000000004000 ) ;
#1444 = DIRECTION ( 'NONE',  ( 0.0000000000000000000, 0.0000000000000000000, -1.000000000000000000 ) ) ;
#1445 = ORIENTED_EDGE ( 'NONE', *, *, #4293, .F. ) ;
#1446 = FACE_OUTER_BOUND ( 'NONE', #2493, .T. ) ;
#1447 = VERTEX_POINT ( 'NONE', #5853 ) ;
#1448 = ORIENTED_EDGE ( 'NONE', *, *, #3601, .F. ) ;
#1449 = EDGE_CURVE ( 'NONE', #4003, #6679, #6292, .T. ) ;
#1450 = CARTESIAN_POINT ( 'NONE',  ( -0.08464566929133858500, 0.0000000000000000000, 0.0000000000000000000 ) ) ;
#1451 = ORIENTED_EDGE ( 'NONE', *, *, #1663, .F. ) ;
#1452 = CYLINDRICAL_SURFACE ( 'NONE', #1413, 0.02000000000000002500 ) ;
#1453 = CARTESIAN_POINT ( 'NONE',  ( -0.2117980468304421200, -0.2130121636040424000, 0.03885971169857567500 ) ) ;
#1454 = ADVANCED_FACE ( 'NONE', ( #3466 ), #2646, .F. ) ;
#1455 = ORIENTED_EDGE ( 'NONE', *, *, #1336, .F. ) ;
#1456 = EDGE_CURVE ( 'NONE', #4330, #4716, #6133, .T. ) ;
#1457 = AXIS2_PLACEMENT_3D ( 'NONE', #4600, #1468, #5146 ) ;
#1458 = AXIS2_PLACEMENT_3D ( 'NONE', #1620, #5305, #2127 ) ;
#1459 = CIRCLE ( 'NONE', #4481, 0.2165354330708661500 ) ;
#1460 = DIRECTION ( 'NONE',  ( -1.000000000000000000, -0.0000000000000000000, -0.0000000000000000000 ) ) ;
#1461 = EDGE_LOOP ( 'NONE', ( #6607, #6666, #6172, #2844 ) ) ;
#1462 = DIRECTION ( 'NONE',  ( 1.000000000000000000, -0.0000000000000000000, -0.0000000000000000000 ) ) ;
#1463 = PLANE ( 'NONE',  #4707 ) ;
#1464 = ORIENTED_EDGE ( 'NONE', *, *, #1344, .F. ) ;
#1465 = EDGE_LOOP ( 'NONE', ( #678, #3854, #6810, #3684 ) ) ;
#1466 = EDGE_CURVE ( 'NONE', #2186, #2957, #2073, .T. ) ;
#1467 = VERTEX_POINT ( 'NONE', #4272 ) ;
#1468 = DIRECTION ( 'NONE',  ( 1.000000000000000000, 0.0000000000000000000, 0.0000000000000000000 ) ) ;
#1469 = DIRECTION ( 'NONE',  ( -1.000000000000000000, -0.0000000000000000000, -0.0000000000000000000 ) ) ;
#1470 = EDGE_LOOP ( 'NONE', ( #2935, #4517, #890, #4425 ) ) ;
#1471 = VERTEX_POINT ( 'NONE', #2147 ) ;
#1472 = DIRECTION ( 'NONE',  ( 0.0000000000000000000, 0.0000000000000000000, -1.000000000000000000 ) ) ;
#1473 = DIRECTION ( 'NONE',  ( 1.000000000000000000, -0.0000000000000000000, -0.0000000000000000000 ) ) ;
#1474 = ORIENTED_EDGE ( 'NONE', *, *, #6815, .T. ) ;
#1475 = CARTESIAN_POINT ( 'NONE',  ( -0.2284348262692114700, -0.2118934145877079700, -0.04450000000000004000 ) ) ;
#1476 = ORIENTED_EDGE ( 'NONE', *, *, #1513, .F. ) ;
#1477 = AXIS2_PLACEMENT_3D ( 'NONE', #2575, #2600, #2667 ) ;
#1478 = ORIENTED_EDGE ( 'NONE', *, *, #1643, .F. ) ;
#1479 = ORIENTED_EDGE ( 'NONE', *, *, #2128, .T. ) ;
#1480 = VERTEX_POINT ( 'NONE', #4141 ) ;
#1481 = ORIENTED_EDGE ( 'NONE', *, *, #387, .T. ) ;
#1482 =( NAMED_UNIT ( * ) PLANE_ANGLE_UNIT ( ) SI_UNIT ( $, .RADIAN. ) );
#1483 = EDGE_CURVE ( 'NONE', #391, #3109, #1923, .T. ) ;
#1484 = ADVANCED_FACE ( 'NONE', ( #540 ), #5300, .F. ) ;
#1485 = DIRECTION ( 'NONE',  ( 0.0000000000000000000, 0.0000000000000000000, 1.000000000000000000 ) ) ;
#1486 = ORIENTED_EDGE ( 'NONE', *, *, #6073, .F. ) ;
#1487 = ORIENTED_EDGE ( 'NONE', *, *, #369, .T. ) ;
#1488 = EDGE_CURVE ( 'NONE', #1571, #4297, #3309, .T. ) ;
#1489 = DIRECTION ( 'NONE',  ( -1.000000000000000000, -0.0000000000000000000, -0.0000000000000000000 ) ) ;
#1490 = DIRECTION ( 'NONE',  ( 0.0000000000000000000, 0.0000000000000000000, 1.000000000000000000 ) ) ;
#1491 = DIRECTION ( 'NONE',  ( -1.000000000000000000, -0.0000000000000000000, -0.0000000000000000000 ) ) ;
#1492 = AXIS2_PLACEMENT_3D ( 'NONE', #6297, #3125, #6826 ) ;
#1493 = DIRECTION ( 'NONE',  ( 0.0000000000000000000, 0.6427876096865456900, 0.7660444431189726800 ) ) ;
#1494 = AXIS2_PLACEMENT_3D ( 'NONE', #4361, #4338, #4284 ) ;
#1495 = DIRECTION ( 'NONE',  ( -1.000000000000000000, -0.0000000000000000000, -0.0000000000000000000 ) ) ;
#1496 = CARTESIAN_POINT ( 'NONE',  ( -0.1437007874015748000, 0.0000000000000000000, 0.0000000000000000000 ) ) ;
#1497 = FACE_OUTER_BOUND ( 'NONE', #3747, .T. ) ;
#1498 = EDGE_CURVE ( 'NONE', #4643, #3425, #4544, .T. ) ;
#1499 = CARTESIAN_POINT ( 'NONE',  ( -0.08464566929133857100, 0.0000000000000000000, 0.2165354330708661500 ) ) ;
#1500 = VECTOR ( 'NONE', #1188, 39.37007874015748100 ) ;
#1501 = CYLINDRICAL_SURFACE ( 'NONE', #6307, 0.01000000000000003000 ) ;
#1502 = CARTESIAN_POINT ( 'NONE',  ( 0.08464566929133858500, 0.2434808785492324800, 0.1342614573492349700 ) ) ;
#1503 = CARTESIAN_POINT ( 'NONE',  ( 0.08464566929133858500, -0.003946707493160919000, -0.2431938158865362700 ) ) ;
#1504 = AXIS2_PLACEMENT_3D ( 'NONE', #3919, #808, #4446 ) ;
#1505 = VECTOR ( 'NONE', #1631, 39.37007874015748100 ) ;
#1506 = CARTESIAN_POINT ( 'NONE',  ( 0.08464566929133858500, 0.1219571092619242300, 0.2642722595792952900 ) ) ;
#1507 = FACE_OUTER_BOUND ( 'NONE', #3764, .T. ) ;
#1508 = VECTOR ( 'NONE', #3442, 39.37007874015748100 ) ;
#1509 = VECTOR ( 'NONE', #422, 39.37007874015748100 ) ;
#1510 = EDGE_CURVE ( 'NONE', #4856, #6163, #5968, .T. ) ;
#1511 = EDGE_CURVE ( 'NONE', #4521, #6410, #1754, .T. ) ;
#1512 = VECTOR ( 'NONE', #1005, 39.37007874015748100 ) ;
#1513 = EDGE_CURVE ( 'NONE', #4813, #5357, #382, .T. ) ;
#1514 = CARTESIAN_POINT ( 'NONE',  ( 0.08464566929133858500, -0.2903128943442362900, 0.1171138653833172400 ) ) ;
#1515 = FACE_OUTER_BOUND ( 'NONE', #3312, .T. ) ;
#1516 = LINE ( 'NONE', #3285, #2728 ) ;
#1517 = DIRECTION ( 'NONE',  ( -1.000000000000000000, -0.0000000000000000000, -0.0000000000000000000 ) ) ;
#1518 = EDGE_CURVE ( 'NONE', #6334, #2000, #5796, .T. ) ;
#1519 = CARTESIAN_POINT ( 'NONE',  ( -0.08464566929133858500, -0.005859823710930355500, 0.2979874889652428500 ) ) ;
#1520 = ADVANCED_FACE ( 'NONE', ( #3142 ), #5632, .F. ) ;
#1521 = FACE_OUTER_BOUND ( 'NONE', #1786, .T. ) ;
#1522 = CARTESIAN_POINT ( 'NONE',  ( -0.08464566929133858500, 0.1066210128960363200, 0.03231795675863532300 ) ) ;
#1523 = ORIENTED_EDGE ( 'NONE', *, *, #1868, .F. ) ;
#1524 = LINE ( 'NONE', #5710, #4127 ) ;
#1525 = ORIENTED_EDGE ( 'NONE', *, *, #2352, .F. ) ;
#1526 = DIRECTION ( 'NONE',  ( 0.0000000000000000000, 0.0000000000000000000, 1.000000000000000000 ) ) ;
#1527 = AXIS2_PLACEMENT_3D ( 'NONE', #4778, #4828, #4144 ) ;
#1528 = DIRECTION ( 'NONE',  ( 1.000000000000000000, -0.0000000000000000000, 0.0000000000000000000 ) ) ;
#1529 = ORIENTED_EDGE ( 'NONE', *, *, #3555, .T. ) ;
#1530 = ORIENTED_EDGE ( 'NONE', *, *, #463, .T. ) ;
#1531 = ORIENTED_EDGE ( 'NONE', *, *, #381, .F. ) ;
#1532 = CARTESIAN_POINT ( 'NONE',  ( -0.2342519685039370400, -0.03882340756571928100, -0.04450000000000004000 ) ) ;
#1533 = ORIENTED_EDGE ( 'NONE', *, *, #6019, .F. ) ;
#1534 = DIRECTION ( 'NONE',  ( 0.0000000000000000000, -0.3420201433256637700, 0.9396926207859103200 ) ) ;
#1535 = CYLINDRICAL_SURFACE ( 'NONE', #3994, 0.3230450991271856500 ) ;
#1536 = EDGE_CURVE ( 'NONE', #4216, #1396, #1599, .T. ) ;
#1537 = VERTEX_POINT ( 'NONE', #3800 ) ;
#1538 = CARTESIAN_POINT ( 'NONE',  ( -0.08464566929133858500, -0.1219571092619223800, -0.2642722595792961800 ) ) ;
#1539 = CARTESIAN_POINT ( 'NONE',  ( 0.08464566929133858500, 0.04512987944544123000, -0.3198772108971396600 ) ) ;
#1540 = EDGE_LOOP ( 'NONE', ( #1690, #968, #305, #2439 ) ) ;
#1541 = DIRECTION ( 'NONE',  ( 0.0000000000000000000, 0.0000000000000000000, 1.000000000000000000 ) ) ;
#1542 = DIRECTION ( 'NONE',  ( 0.0000000000000000000, 0.0000000000000000000, 1.000000000000000000 ) ) ;
#1543 = CARTESIAN_POINT ( 'NONE',  ( 0.08464566929133858500, -0.2390797403628854800, 0.1659947030199657700 ) ) ;
#1544 = EDGE_CURVE ( 'NONE', #6156, #1794, #4200, .T. ) ;
#1545 = FACE_OUTER_BOUND ( 'NONE', #4323, .T. ) ;
#1546 = DIRECTION ( 'NONE',  ( 0.0000000000000000000, 0.5963101170987803500, -0.8027541617741005300 ) ) ;
#1547 = EDGE_LOOP ( 'NONE', ( #3021, #1050, #2409, #5450 ) ) ;
#1548 = ORIENTED_EDGE ( 'NONE', *, *, #3634, .F. ) ;
#1549 = AXIS2_PLACEMENT_3D ( 'NONE', #4108, #998, #4650 ) ;
#1550 = VERTEX_POINT ( 'NONE', #6447 ) ;
#1551 = AXIS2_PLACEMENT_3D ( 'NONE', #4487, #5007, #2894 ) ;
#1552 = DIRECTION ( 'NONE',  ( 0.0000000000000000000, 0.6427876096865298200, -0.7660444431189859000 ) ) ;
#1553 = ORIENTED_EDGE ( 'NONE', *, *, #323, .T. ) ;
#1554 = CARTESIAN_POINT ( 'NONE',  ( -0.08464566929133858500, 0.2327495835104539700, -0.2093438928253214300 ) ) ;
#1555 = VERTEX_POINT ( 'NONE', #3249 ) ;
#1556 = EDGE_LOOP ( 'NONE', ( #5604, #3637, #1072, #4407 ) ) ;
#1557 = CARTESIAN_POINT ( 'NONE',  ( 0.08464566929133858500, -0.2609946473093029400, -0.1239189882872532800 ) ) ;
#1558 = CARTESIAN_POINT ( 'NONE',  ( 0.08464566929133858500, 0.2814349999166054200, 0.07421391045223026100 ) ) ;
#1559 = VERTEX_POINT ( 'NONE', #2767 ) ;
#1560 = EDGE_CURVE ( 'NONE', #6802, #5938, #44, .T. ) ;
#1561 = ORIENTED_EDGE ( 'NONE', *, *, #4937, .T. ) ;
#1562 = DIRECTION ( 'NONE',  ( 0.7071067811865486800, 0.0000000000000000000, -0.7071067811865462400 ) ) ;
#1563 = CARTESIAN_POINT ( 'NONE',  ( 0.08464566929133858500, 0.07490479875482621000, 0.3068310022252961900 ) ) ;
#1564 = ORIENTED_EDGE ( 'NONE', *, *, #464, .T. ) ;
#1565 = ORIENTED_EDGE ( 'NONE', *, *, #2510, .F. ) ;
#1566 = DIRECTION ( 'NONE',  ( -1.000000000000000000, -0.0000000000000000000, -0.0000000000000000000 ) ) ;
#1567 = PLANE ( 'NONE',  #1822 ) ;
#1568 = VERTEX_POINT ( 'NONE', #3830 ) ;
#1569 = AXIS2_PLACEMENT_3D ( 'NONE', #5525, #5673, #5612 ) ;
#1570 = ORIENTED_EDGE ( 'NONE', *, *, #2375, .F. ) ;
#1571 = VERTEX_POINT ( 'NONE', #2242 ) ;
#1572 = EDGE_LOOP ( 'NONE', ( #2768, #1165, #718, #5675 ) ) ;
#1573 = DIRECTION ( 'NONE',  ( 0.0000000000000000000, 0.0000000000000000000, -1.000000000000000000 ) ) ;
#1574 = DIRECTION ( 'NONE',  ( 0.0000000000000000000, 0.0000000000000000000, 1.000000000000000000 ) ) ;
#1575 = VERTEX_POINT ( 'NONE', #6475 ) ;
#1576 = DIRECTION ( 'NONE',  ( 0.0000000000000000000, 0.8660254037844328200, -0.5000000000000101000 ) ) ;
#1577 = CARTESIAN_POINT ( 'NONE',  ( 0.08464566929133858500, 0.0000000000000000000, 0.0000000000000000000 ) ) ;
#1578 = DIRECTION ( 'NONE',  ( 0.0000000000000000000, 0.6427876096865284800, -0.7660444431189870100 ) ) ;
#1579 = LINE ( 'NONE', #6108, #2960 ) ;
#1580 = EDGE_CURVE ( 'NONE', #3237, #469, #2980, .T. ) ;
#1581 = DIRECTION ( 'NONE',  ( 0.0000000000000000000, 0.8941066874364991300, -0.4478540292118964900 ) ) ;
#1582 = CYLINDRICAL_SURFACE ( 'NONE', #3680, 0.01000000000000003000 ) ;
#1583 = CARTESIAN_POINT ( 'NONE',  ( -0.1437007874015748500, 0.0000000000000000000, 0.0000000000000000000 ) ) ;
#1584 = AXIS2_PLACEMENT_3D ( 'NONE', #6526, #3344, #223 ) ;
#1585 = AXIS2_PLACEMENT_3D ( 'NONE', #415, #4060, #940 ) ;
#1586 = DIRECTION ( 'NONE',  ( -1.000000000000000000, -0.0000000000000000000, -0.0000000000000000000 ) ) ;
#1587 = VECTOR ( 'NONE', #2614, 39.37007874015748100 ) ;
#1588 = DIRECTION ( 'NONE',  ( 0.0000000000000000000, 0.8660254037844328200, -0.5000000000000101000 ) ) ;
#1589 = VECTOR ( 'NONE', #3673, 39.37007874015748100 ) ;
#1590 = VECTOR ( 'NONE', #3050, 39.37007874015748100 ) ;
#1591 = VECTOR ( 'NONE', #4653, 39.37007874015748100 ) ;
#1592 = LINE ( 'NONE', #6332, #207 ) ;
#1593 = CYLINDRICAL_SURFACE ( 'NONE', #3273, 0.01999999999999999000 ) ;
#1594 = FACE_OUTER_BOUND ( 'NONE', #1213, .T. ) ;
#1595 = ADVANCED_FACE ( 'NONE', ( #214 ), #5308, .T. ) ;
#1596 = DIRECTION ( 'NONE',  ( 0.0000000000000000000, 0.0000000000000000000, 1.000000000000000000 ) ) ;
#1597 = FACE_OUTER_BOUND ( 'NONE', #6821, .T. ) ;
#1598 = FILL_AREA_STYLE ('',( #4734 ) ) ;
#1599 = CIRCLE ( 'NONE', #4960, 0.01000000000000004700 ) ;
#1600 = VERTEX_POINT ( 'NONE', #1683 ) ;
#1601 = CIRCLE ( 'NONE', #3735, 0.2780450991271856700 ) ;
#1602 = ORIENTED_EDGE ( 'NONE', *, *, #5404, .F. ) ;
#1603 = EDGE_CURVE ( 'NONE', #640, #1370, #4376, .T. ) ;
#1604 = DIRECTION ( 'NONE',  ( 0.0000000000000000000, -0.6427876096865352600, 0.7660444431189814600 ) ) ;
#1605 = DIRECTION ( 'NONE',  ( 0.0000000000000000000, 0.0000000000000000000, 1.000000000000000000 ) ) ;
#1606 = ORIENTED_EDGE ( 'NONE', *, *, #451, .F. ) ;
#1607 = AXIS2_PLACEMENT_3D ( 'NONE', #2258, #2160, #2133 ) ;
#1608 = CARTESIAN_POINT ( 'NONE',  ( -0.08464566929133858500, -0.003946707493160919000, -0.2431938158865362700 ) ) ;
#1609 = CIRCLE ( 'NONE', #729, 0.2780450991271856700 ) ;
#1610 = DIRECTION ( 'NONE',  ( 0.0000000000000000000, 0.0000000000000000000, -1.000000000000000000 ) ) ;
#1611 = ORIENTED_EDGE ( 'NONE', *, *, #5086, .F. ) ;
#1612 = DIRECTION ( 'NONE',  ( -1.000000000000000000, -0.0000000000000000000, -0.0000000000000000000 ) ) ;
#1613 = CARTESIAN_POINT ( 'NONE',  ( 0.08464566929133858500, -0.1657469476708030900, 0.2655657798462774900 ) ) ;
#1614 = DIRECTION ( 'NONE',  ( 0.0000000000000000000, 0.0000000000000000000, 1.000000000000000000 ) ) ;
#1615 = EDGE_LOOP ( 'NONE', ( #920, #6063, #1310, #6665 ) ) ;
#1616 = CARTESIAN_POINT ( 'NONE',  ( 0.08464566929133858500, 0.2086386688544358800, -0.1250148568936514700 ) ) ;
#1617 = VECTOR ( 'NONE', #2236, 39.37007874015748100 ) ;
#1618 = EDGE_LOOP ( 'NONE', ( #2294, #3231, #4009, #4664 ) ) ;
#1619 = CARTESIAN_POINT ( 'NONE',  ( -0.08464566929133858500, -0.2891624680536944400, 0.1270474709397116400 ) ) ;
#1620 = CARTESIAN_POINT ( 'NONE',  ( -0.1437007874015748500, 0.0000000000000000000, 0.0000000000000000000 ) ) ;
#1621 = VECTOR ( 'NONE', #2305, 39.37007874015748100 ) ;
#1622 = DIRECTION ( 'NONE',  ( 1.000000000000000000, 0.0000000000000000000, 0.0000000000000000000 ) ) ;
#1623 = ORIENTED_EDGE ( 'NONE', *, *, #818, .T. ) ;
#1624 = AXIS2_PLACEMENT_3D ( 'NONE', #3267, #4341, #4867 ) ;
#1625 = AXIS2_PLACEMENT_3D ( 'NONE', #308, #927, #237 ) ;
#1626 = CARTESIAN_POINT ( 'NONE',  ( -0.2342519685039370400, 0.03882340756571927400, -0.04450000000000004000 ) ) ;
#1627 = DIRECTION ( 'NONE',  ( -1.000000000000000000, -0.0000000000000000000, -0.0000000000000000000 ) ) ;
#1628 = ADVANCED_FACE ( 'NONE', ( #1285 ), #3884, .T. ) ;
#1629 = DIRECTION ( 'NONE',  ( 0.0000000000000000000, -0.6427876096865407000, -0.7660444431189770100 ) ) ;
#1630 = EDGE_LOOP ( 'NONE', ( #5065, #4515, #3814, #990 ) ) ;
#1631 = DIRECTION ( 'NONE',  ( -1.000000000000000000, -0.0000000000000000000, -0.0000000000000000000 ) ) ;
#1632 = ORIENTED_EDGE ( 'NONE', *, *, #3189, .T. ) ;
#1633 = DIRECTION ( 'NONE',  ( 0.0000000000000000000, 0.0000000000000000000, 1.000000000000000000 ) ) ;
#1634 = DIRECTION ( 'NONE',  ( 1.000000000000000000, 0.0000000000000000000, 0.0000000000000000000 ) ) ;
#1635 = EDGE_CURVE ( 'NONE', #4592, #4088, #1438, .T. ) ;
#1636 = CARTESIAN_POINT ( 'NONE',  ( 0.1437007874015748000, 0.0000000000000000000, 0.0000000000000000000 ) ) ;
#1637 = VERTEX_POINT ( 'NONE', #253 ) ;
#1638 = AXIS2_PLACEMENT_3D ( 'NONE', #5735, #3614, #4146 ) ;
#1639 = ORIENTED_EDGE ( 'NONE', *, *, #2909, .F. ) ;
#1640 = VERTEX_POINT ( 'NONE', #5486 ) ;
#1641 = CARTESIAN_POINT ( 'NONE',  ( 0.1240157480314961100, 0.0000000000000000000, 0.0000000000000000000 ) ) ;
#1642 = VERTEX_POINT ( 'NONE', #2750 ) ;
#1643 = EDGE_CURVE ( 'NONE', #344, #2028, #1115, .T. ) ;
#1644 = EDGE_CURVE ( 'NONE', #3259, #1471, #6712, .T. ) ;
#1645 = ORIENTED_EDGE ( 'NONE', *, *, #347, .T. ) ;
#1646 = VERTEX_POINT ( 'NONE', #1710 ) ;
#1647 = CARTESIAN_POINT ( 'NONE',  ( 0.08464566929133858500, -0.2747173077608819300, -0.04288913574857136600 ) ) ;
#1648 = ORIENTED_EDGE ( 'NONE', *, *, #5841, .T. ) ;
#1649 = EDGE_CURVE ( 'NONE', #4576, #754, #3718, .T. ) ;
#1650 = CARTESIAN_POINT ( 'NONE',  ( -0.1989425102382800800, 0.05238691785708075200, 0.02765843283763343800 ) ) ;
#1651 = CARTESIAN_POINT ( 'NONE',  ( -0.08464566929133858500, -0.01331242978701868000, 0.1106131544310868000 ) ) ;
#1652 = VERTEX_POINT ( 'NONE', #4305 ) ;
#1653 = DIRECTION ( 'NONE',  ( 0.0000000000000000000, 0.8660254037844431500, 0.4999999999999921200 ) ) ;
#1654 = DIRECTION ( 'NONE',  ( 0.0000000000000000000, 0.0000000000000000000, 1.000000000000000000 ) ) ;
#1655 = ORIENTED_EDGE ( 'NONE', *, *, #6766, .F. ) ;
#1656 = DIRECTION ( 'NONE',  ( 0.0000000000000000000, -0.9582922338409691800, -0.2857901232724556800 ) ) ;
#1657 = DIRECTION ( 'NONE',  ( -1.000000000000000000, -0.0000000000000000000, -0.0000000000000000000 ) ) ;
#1658 = DIRECTION ( 'NONE',  ( -1.000000000000000000, -0.0000000000000000000, -0.0000000000000000000 ) ) ;
#1659 = CARTESIAN_POINT ( 'NONE',  ( 0.08464566929133858500, 0.1398467616490498300, 0.2831940607769777900 ) ) ;
#1660 = ADVANCED_FACE ( 'NONE', ( #951 ), #4498, .T. ) ;
#1661 = DIRECTION ( 'NONE',  ( -1.000000000000000000, -0.0000000000000000000, -0.0000000000000000000 ) ) ;
#1662 = FACE_OUTER_BOUND ( 'NONE', #5718, .T. ) ;
#1663 = EDGE_CURVE ( 'NONE', #6175, #5170, #6374, .T. ) ;
#1664 = CIRCLE ( 'NONE', #4247, 0.02000000000000002500 ) ;
#1665 = VECTOR ( 'NONE', #773, 39.37007874015748100 ) ;
#1666 = LINE ( 'NONE', #3753, #2881 ) ;
#1667 = FACE_OUTER_BOUND ( 'NONE', #1470, .T. ) ;
#1668 = CARTESIAN_POINT ( 'NONE',  ( 0.08464566929133858500, 0.1471132378872970800, -0.2763239572057859000 ) ) ;
#1669 = EDGE_CURVE ( 'NONE', #6714, #5423, #2641, .T. ) ;
#1670 = CYLINDRICAL_SURFACE ( 'NONE', #5150, 0.01999999999999999000 ) ;
#1671 = CARTESIAN_POINT ( 'NONE',  ( 0.08464566929133858500, 0.2546075713472010200, -0.1868983076856521600 ) ) ;
#1672 = LINE ( 'NONE', #6631, #1508 ) ;
#1673 = CARTESIAN_POINT ( 'NONE',  ( 0.08464566929133858500, -0.06699623482581641700, -0.3160215824738198400 ) ) ;
#1674 = CIRCLE ( 'NONE', #4770, 0.2780450991271856700 ) ;
#1675 = DIRECTION ( 'NONE',  ( 0.0000000000000000000, 0.9982461196195082700, -0.05920037723354933800 ) ) ;
#1676 = AXIS2_PLACEMENT_3D ( 'NONE', #1743, #5443, #2266 ) ;
#1677 = AXIS2_PLACEMENT_3D ( 'NONE', #227, #759, #1242 ) ;
#1678 = AXIS2_PLACEMENT_3D ( 'NONE', #2732, #6438, #3266 ) ;
#1679 = LINE ( 'NONE', #18, #2891 ) ;
#1680 = DIRECTION ( 'NONE',  ( -1.000000000000000000, -0.0000000000000000000, -0.0000000000000000000 ) ) ;
#1681 = DIRECTION ( 'NONE',  ( -1.000000000000000000, -0.0000000000000000000, -0.0000000000000000000 ) ) ;
#1682 = CIRCLE ( 'NONE', #932, 0.3230450991271857100 ) ;
#1683 = CARTESIAN_POINT ( 'NONE',  ( -0.08464566929133858500, 0.2390797403628866800, -0.1659947030199641300 ) ) ;
#1684 = CARTESIAN_POINT ( 'NONE',  ( 0.08464566929133858500, 0.1960315511398793000, -0.2245050379644671100 ) ) ;
#1685 = CIRCLE ( 'NONE', #517, 0.3230450991271856500 ) ;
#1686 = DIRECTION ( 'NONE',  ( 0.0000000000000000000, -0.2316446100158410200, 0.9728004803918474100 ) ) ;
#1687 = CARTESIAN_POINT ( 'NONE',  ( 0.08464566929133858500, 0.0000000000000000000, 0.0000000000000000000 ) ) ;
#1688 = ORIENTED_EDGE ( 'NONE', *, *, #2632, .F. ) ;
#1689 = CIRCLE ( 'NONE', #5650, 0.3937007874015748800 ) ;
#1690 = ORIENTED_EDGE ( 'NONE', *, *, #1069, .F. ) ;
#1691 = VERTEX_POINT ( 'NONE', #4421 ) ;
#1692 = EDGE_CURVE ( 'NONE', #1064, #1642, #2153, .T. ) ;
#1693 = EDGE_LOOP ( 'NONE', ( #2101, #1448, #1081, #6215 ) ) ;
#1694 = VERTEX_POINT ( 'NONE', #85 ) ;
#1695 = DIRECTION ( 'NONE',  ( -1.000000000000000000, -0.0000000000000000000, -0.0000000000000000000 ) ) ;
#1696 = ADVANCED_FACE ( 'NONE', ( #4970 ), #3386, .T. ) ;
#1697 = CARTESIAN_POINT ( 'NONE',  ( 0.1437007874015748000, 0.0000000000000000000, 0.2165354330708661500 ) ) ;
#1698 = AXIS2_PLACEMENT_3D ( 'NONE', #6661, #6695, #3932 ) ;
#1699 = DIRECTION ( 'NONE',  ( -1.000000000000000000, -0.0000000000000000000, -0.0000000000000000000 ) ) ;
#1700 = CYLINDRICAL_SURFACE ( 'NONE', #3290, 0.02000000000000002500 ) ;
#1701 = DIRECTION ( 'NONE',  ( 0.0000000000000000000, 0.2857901232724556200, -0.9582922338409690700 ) ) ;
#1702 = ORIENTED_EDGE ( 'NONE', *, *, #407, .T. ) ;
#1703 = ORIENTED_EDGE ( 'NONE', *, *, #5656, .T. ) ;
#1704 = CARTESIAN_POINT ( 'NONE',  ( -0.08464566929133858500, 0.0000000000000000000, 0.0000000000000000000 ) ) ;
#1705 = VECTOR ( 'NONE', #6767, 39.37007874015748100 ) ;
#1706 = CARTESIAN_POINT ( 'NONE',  ( -0.2401493858518862200, 0.2118934145877080000, 0.04450000000000004600 ) ) ;
#1707 = ORIENTED_EDGE ( 'NONE', *, *, #189, .F. ) ;
#1708 = ORIENTED_EDGE ( 'NONE', *, *, #3965, .F. ) ;
#1709 = ORIENTED_EDGE ( 'NONE', *, *, #3035, .F. ) ;
#1710 = CARTESIAN_POINT ( 'NONE',  ( 0.08464566929133858500, -0.06699623482581641700, -0.3160215824738198400 ) ) ;
#1711 = EDGE_CURVE ( 'NONE', #5347, #2774, #5133, .T. ) ;
#1712 = ORIENTED_EDGE ( 'NONE', *, *, #3944, .F. ) ;
#1713 = AXIS2_PLACEMENT_3D ( 'NONE', #776, #4420, #1308 ) ;
#1714 = AXIS2_PLACEMENT_3D ( 'NONE', #1779, #5474, #2299 ) ;
#1715 = ORIENTED_EDGE ( 'NONE', *, *, #1316, .F. ) ;
#1716 = EDGE_LOOP ( 'NONE', ( #2361, #5002, #4292, #720 ) ) ;
#1717 = CARTESIAN_POINT ( 'NONE',  ( 0.08464566929133858500, -0.04512987944543912100, 0.3198772108971399400 ) ) ;
#1718 = CARTESIAN_POINT ( 'NONE',  ( 0.08464566929133858500, 0.2891624680536953900, -0.1270474709397096700 ) ) ;
#1719 = DIRECTION ( 'NONE',  ( 0.0000000000000000000, 0.8349063102029601300, -0.5503920904076278200 ) ) ;
#1720 = CARTESIAN_POINT ( 'NONE',  ( -0.08464566929133858500, 0.1471132378873009600, 0.2863239572057839100 ) ) ;
#1721 = ORIENTED_EDGE ( 'NONE', *, *, #428, .T. ) ;
#1722 = VERTEX_POINT ( 'NONE', #777 ) ;
#1723 = CARTESIAN_POINT ( 'NONE',  ( 0.08464566929133858500, -0.1518126642094958500, -0.2851509268014187900 ) ) ;
#1724 = CARTESIAN_POINT ( 'NONE',  ( 0.08464566929133858500, 0.0000000000000000000, 0.0000000000000000000 ) ) ;
#1725 = EDGE_LOOP ( 'NONE', ( #5264, #3430, #2171, #3817 ) ) ;
#1726 = ORIENTED_EDGE ( 'NONE', *, *, #1732, .F. ) ;
#1727 = DIRECTION ( 'NONE',  ( -1.000000000000000000, -0.0000000000000000000, -0.0000000000000000000 ) ) ;
#1728 = ADVANCED_FACE ( 'NONE', ( #4800 ), #4620, .T. ) ;
#1729 = CARTESIAN_POINT ( 'NONE',  ( -0.2615785162287070900, 0.2136090496995611800, -0.03560484376827840300 ) ) ;
#1730 = ORIENTED_EDGE ( 'NONE', *, *, #6729, .T. ) ;
#1731 = EDGE_LOOP ( 'NONE', ( #5495, #6572, #6733, #1379 ) ) ;
#1732 = EDGE_CURVE ( 'NONE', #5613, #6424, #6045, .T. ) ;
#1733 = ORIENTED_EDGE ( 'NONE', *, *, #798, .T. ) ;
#1734 = CARTESIAN_POINT ( 'NONE',  ( -0.2728540608619159900, -0.05472523275729047200, 0.02290397677833034100 ) ) ;
#1735 = CARTESIAN_POINT ( 'NONE',  ( 0.08464566929133858500, -0.1753298700092127700, 0.2627078786135529900 ) ) ;
#1736 = CARTESIAN_POINT ( 'NONE',  ( 0.08464566929133858500, -0.1002155727758182500, -0.2593567352544776100 ) ) ;
#1737 = DIRECTION ( 'NONE',  ( 0.0000000000000000000, 0.0000000000000000000, 1.000000000000000000 ) ) ;
#1738 = CARTESIAN_POINT ( 'NONE',  ( 0.08464566929133858500, -0.1870537803570430900, 0.2320382821171390900 ) ) ;
#1739 = FACE_OUTER_BOUND ( 'NONE', #46, .T. ) ;
#1740 = DIRECTION ( 'NONE',  ( 0.0000000000000000000, 0.3420201433256331900, 0.9396926207859213100 ) ) ;
#1741 = CIRCLE ( 'NONE', #2275, 0.01000000000000002800 ) ;
#1742 = DIRECTION ( 'NONE',  ( 0.0000000000000000000, 0.0000000000000000000, 1.000000000000000000 ) ) ;
#1743 = CARTESIAN_POINT ( 'NONE',  ( -0.08464566929133858500, 0.0000000000000000000, 0.0000000000000000000 ) ) ;
#1744 = VECTOR ( 'NONE', #5243, 39.37007874015748100 ) ;
#1745 = CIRCLE ( 'NONE', #5377, 0.2780450991271857200 ) ;
#1746 = CYLINDRICAL_SURFACE ( 'NONE', #3565, 0.2780450991271856700 ) ;
#1747 = CONICAL_SURFACE ( 'NONE', #498, 0.2065157480314960800, 0.7853981633974466100 ) ;
#1748 = PRODUCT_DEFINITION_CONTEXT ( 'detailed design', #6638, 'design' ) ;
#1749 = VECTOR ( 'NONE', #6761, 39.37007874015748100 ) ;
#1750 = CARTESIAN_POINT ( 'NONE',  ( -0.2459373050306549200, -0.2121481862958580500, -0.04332820301081791200 ) ) ;
#1751 = CYLINDRICAL_SURFACE ( 'NONE', #6343, 0.01999999999999999000 ) ;
#1752 = CIRCLE ( 'NONE', #811, 0.01000000000000002800 ) ;
#1753 = CARTESIAN_POINT ( 'NONE',  ( -0.08464566929133858500, 0.2995867304513563100, -0.1208549833790879000 ) ) ;
#1754 = CIRCLE ( 'NONE', #3519, 0.2165354330708660900 ) ;
#1755 = ADVANCED_FACE ( 'NONE', ( #6202 ), #450, .T. ) ;
#1756 = EDGE_CURVE ( 'NONE', #755, #2991, #1212, .T. ) ;
#1757 = CARTESIAN_POINT ( 'NONE',  ( -0.08464566929133858500, 0.1960315511398793000, -0.2245050379644671100 ) ) ;
#1758 = ORIENTED_EDGE ( 'NONE', *, *, #5404, .T. ) ;
#1759 = CONICAL_SURFACE ( 'NONE', #3378, 0.3937007874015748800, 1.107148717794091500 ) ;
#1760 = CARTESIAN_POINT ( 'NONE',  ( 0.08464566929133858500, 0.2327495835104569100, 0.2193438928253183300 ) ) ;
#1761 = AXIS2_PLACEMENT_3D ( 'NONE', #1815, #5505, #2324 ) ;
#1762 = ORIENTED_EDGE ( 'NONE', *, *, #5106, .F. ) ;
#1763 = AXIS2_PLACEMENT_3D ( 'NONE', #6483, #3305, #188 ) ;
#1764 = DIRECTION ( 'NONE',  ( 1.000000000000000000, 0.0000000000000000000, 0.0000000000000000000 ) ) ;
#1765 = DIRECTION ( 'NONE',  ( 0.0000000000000000000, 0.0000000000000000000, -1.000000000000000000 ) ) ;
#1766 = ORIENTED_EDGE ( 'NONE', *, *, #1369, .F. ) ;
#1767 = DIRECTION ( 'NONE',  ( -1.000000000000000000, -0.0000000000000000000, -0.0000000000000000000 ) ) ;
#1768 = CYLINDRICAL_SURFACE ( 'NONE', #16, 0.01000000000000003000 ) ;
#1769 = ORIENTED_EDGE ( 'NONE', *, *, #4978, .T. ) ;
#1770 = ORIENTED_EDGE ( 'NONE', *, *, #3193, .F. ) ;
#1771 = EDGE_CURVE ( 'NONE', #850, #3340, #1993, .T. ) ;
#1772 = EDGE_CURVE ( 'NONE', #5058, #4633, #1838, .T. ) ;
#1773 = CARTESIAN_POINT ( 'NONE',  ( -0.08464566929133858500, 0.0000000000000000000, 0.0000000000000000000 ) ) ;
#1774 = ORIENTED_EDGE ( 'NONE', *, *, #495, .F. ) ;
#1775 = EDGE_CURVE ( 'NONE', #639, #1795, #620, .T. ) ;
#1776 = VECTOR ( 'NONE', #2764, 39.37007874015748100 ) ;
#1777 = ORIENTED_EDGE ( 'NONE', *, *, #5292, .T. ) ;
#1778 = CARTESIAN_POINT ( 'NONE',  ( -0.2459995083669980800, -0.2121517723394588400, 0.04331096611097076700 ) ) ;
#1779 = CARTESIAN_POINT ( 'NONE',  ( 0.08464566929133858500, -0.1074241567854161800, 0.2780124667216854500 ) ) ;
#1780 = LINE ( 'NONE', #1760, #400 ) ;
#1781 = CARTESIAN_POINT ( 'NONE',  ( 0.08464566929133858500, 0.2049886317241199900, 0.2066229042157342900 ) ) ;
#1782 = ORIENTED_EDGE ( 'NONE', *, *, #2861, .F. ) ;
#1783 = DIRECTION ( 'NONE',  ( 0.0000000000000000000, -0.6427876096865409200, -0.7660444431189766800 ) ) ;
#1784 = AXIS2_PLACEMENT_3D ( 'NONE', #4756, #1094, #4827 ) ;
#1785 = CARTESIAN_POINT ( 'NONE',  ( 0.08464566929133858500, -0.1074241567854161800, 0.2780124667216854500 ) ) ;
#1786 = EDGE_LOOP ( 'NONE', ( #997, #3594, #3936, #5681 ) ) ;
#1787 = CARTESIAN_POINT ( 'NONE',  ( -0.08464566929133858500, 0.2976719210690820200, -0.09689510562764082300 ) ) ;
#1788 = DIRECTION ( 'NONE',  ( 0.0000000000000000000, 0.0000000000000000000, 1.000000000000000000 ) ) ;
#1789 = ORIENTED_EDGE ( 'NONE', *, *, #3958, .T. ) ;
#1790 = CARTESIAN_POINT ( 'NONE',  ( -0.08464566929133858500, 0.0000000000000000000, 0.0000000000000000000 ) ) ;
#1791 = CARTESIAN_POINT ( 'NONE',  ( 0.08464566929133858500, -0.07490479875482407300, -0.3068310022252968000 ) ) ;
#1792 = VERTEX_POINT ( 'NONE', #3949 ) ;
#1793 = DIRECTION ( 'NONE',  ( -1.000000000000000000, -0.0000000000000000000, -0.0000000000000000000 ) ) ;
#1794 = VERTEX_POINT ( 'NONE', #3558 ) ;
#1795 = VERTEX_POINT ( 'NONE', #65 ) ;
#1796 = VERTEX_POINT ( 'NONE', #6070 ) ;
#1797 = EDGE_CURVE ( 'NONE', #3901, #391, #1679, .T. ) ;
#1798 = ADVANCED_FACE ( 'NONE', ( #295 ), #131, .T. ) ;
#1799 = CARTESIAN_POINT ( 'NONE',  ( -0.08464566929133858500, 0.005859823710936280400, 0.2979874889652428000 ) ) ;
#1800 = ORIENTED_EDGE ( 'NONE', *, *, #834, .T. ) ;
#1801 = ORIENTED_EDGE ( 'NONE', *, *, #4213, .T. ) ;
#1802 = ORIENTED_EDGE ( 'NONE', *, *, #2668, .F. ) ;
#1803 = CARTESIAN_POINT ( 'NONE',  ( -0.2342519685039370400, -0.3230450991271856500, 1.108895517240735600E-017 ) ) ;
#1804 = EDGE_CURVE ( 'NONE', #3584, #4297, #4278, .T. ) ;
#1805 = AXIS2_PLACEMENT_3D ( 'NONE', #926, #2474, #6184 ) ;
#1806 = AXIS2_PLACEMENT_3D ( 'NONE', #2083, #3123, #21 ) ;
#1807 = AXIS2_PLACEMENT_3D ( 'NONE', #5616, #2433, #6147 ) ;
#1808 = ORIENTED_EDGE ( 'NONE', *, *, #4092, .T. ) ;
#1809 = DIRECTION ( 'NONE',  ( 0.0000000000000000000, 0.0000000000000000000, 1.000000000000000000 ) ) ;
#1810 = DIRECTION ( 'NONE',  ( -1.000000000000000000, -0.0000000000000000000, -0.0000000000000000000 ) ) ;
#1811 = DIRECTION ( 'NONE',  ( -1.000000000000000000, -0.0000000000000000000, -0.0000000000000000000 ) ) ;
#1812 = VERTEX_POINT ( 'NONE', #1141 ) ;
#1813 = DIRECTION ( 'NONE',  ( -1.000000000000000000, -0.0000000000000000000, -0.0000000000000000000 ) ) ;
#1814 = EDGE_LOOP ( 'NONE', ( #3933, #389, #6602, #4750 ) ) ;
#1815 = CARTESIAN_POINT ( 'NONE',  ( -0.08464566929133858500, 0.0000000000000000000, 0.0000000000000000000 ) ) ;
#1816 = ORIENTED_EDGE ( 'NONE', *, *, #2812, .T. ) ;
#1817 = CARTESIAN_POINT ( 'NONE',  ( 0.08464566929133858500, -0.2609946473093008900, 0.1439189882872568800 ) ) ;
#1818 = DIRECTION ( 'NONE',  ( -1.000000000000000000, -0.0000000000000000000, -0.0000000000000000000 ) ) ;
#1819 = ORIENTED_EDGE ( 'NONE', *, *, #5193, .T. ) ;
#1820 = EDGE_CURVE ( 'NONE', #5581, #4683, #4458, .T. ) ;
#1821 = DIRECTION ( 'NONE',  ( 0.0000000000000000000, 0.0000000000000000000, -1.000000000000000000 ) ) ;
#1822 = AXIS2_PLACEMENT_3D ( 'NONE', #1116, #1656, #1701 ) ;
#1823 = LINE ( 'NONE', #5539, #2876 ) ;
#1824 = DIRECTION ( 'NONE',  ( 0.0000000000000000000, 0.0000000000000000000, -1.000000000000000000 ) ) ;
#1825 = CARTESIAN_POINT ( 'NONE',  ( -0.08464566929133858500, -0.2327495835104554400, -0.2093438928253199000 ) ) ;
#1826 = ADVANCED_FACE ( 'NONE', ( #5880 ), #1355, .T. ) ;
#1827 = CARTESIAN_POINT ( 'NONE',  ( -0.08464566929133858500, 0.0000000000000000000, 0.0000000000000000000 ) ) ;
#1828 = VECTOR ( 'NONE', #677, 39.37007874015748100 ) ;
#1829 = FACE_BOUND ( 'NONE', #6303, .T. ) ;
#1830 = DIRECTION ( 'NONE',  ( 1.000000000000000000, 0.0000000000000000000, 0.0000000000000000000 ) ) ;
#1831 = CARTESIAN_POINT ( 'NONE',  ( 0.08464566929133858500, -0.2903128943442380100, -0.1171138653833132700 ) ) ;
#1832 = EDGE_CURVE ( 'NONE', #6422, #5423, #5551, .T. ) ;
#1833 = LINE ( 'NONE', #3110, #6034 ) ;
#1834 = CYLINDRICAL_SURFACE ( 'NONE', #4430, 0.3230450991271856500 ) ;
#1835 = CIRCLE ( 'NONE', #5247, 0.3230450991271857100 ) ;
#1836 = DIRECTION ( 'NONE',  ( 0.0000000000000000000, 0.0000000000000000000, 1.000000000000000000 ) ) ;
#1837 = FACE_OUTER_BOUND ( 'NONE', #1540, .T. ) ;
#1838 = CIRCLE ( 'NONE', #2699, 0.02000000000000003200 ) ;
#1839 = CARTESIAN_POINT ( 'NONE',  ( -0.08464566929133858500, 0.07644636819249110700, 0.2808368146679658900 ) ) ;
#1840 = DIRECTION ( 'NONE',  ( 0.0000000000000000000, 0.2857901232724489600, -0.9582922338409710600 ) ) ;
#1841 = EDGE_CURVE ( 'NONE', #2088, #4329, #5708, .T. ) ;
#1842 = LENGTH_MEASURE_WITH_UNIT ( LENGTH_MEASURE( 0.02539999999999999900 ), #321 );
#1843 = CYLINDRICAL_SURFACE ( 'NONE', #5640, 0.01999999999999999000 ) ;
#1844 = AXIS2_PLACEMENT_3D ( 'NONE', #4129, #5210, #3620 ) ;
#1845 = AXIS2_PLACEMENT_3D ( 'NONE', #3725, #3699, #3676 ) ;
#1846 = DIRECTION ( 'NONE',  ( -1.000000000000000000, -0.0000000000000000000, -0.0000000000000000000 ) ) ;
#1847 = VECTOR ( 'NONE', #5630, 39.37007874015748100 ) ;
#1848 = ORIENTED_EDGE ( 'NONE', *, *, #1488, .F. ) ;
#1849 = VECTOR ( 'NONE', #4479, 39.37007874015748100 ) ;
#1850 = ORIENTED_EDGE ( 'NONE', *, *, #1174, .F. ) ;
#1851 = VERTEX_POINT ( 'NONE', #1619 ) ;
#1852 = CARTESIAN_POINT ( 'NONE',  ( 0.08464566929133858500, 0.005859823710932310500, -0.2979874889652428500 ) ) ;
#1853 = EDGE_CURVE ( 'NONE', #6807, #4300, #3959, .T. ) ;
#1854 = DIRECTION ( 'NONE',  ( 0.0000000000000000000, 0.2857901232724638900, 0.9582922338409667300 ) ) ;
#1855 = CARTESIAN_POINT ( 'NONE',  ( -0.08464566929133858500, -0.02532233489663197900, -0.1084954841245135700 ) ) ;
#1856 =( CONVERSION_BASED_UNIT ( 'INCH', #6389 ) LENGTH_UNIT ( ) NAMED_UNIT ( #6804 ) );
#1857 = EDGE_LOOP ( 'NONE', ( #1056, #4547, #4128, #2855 ) ) ;
#1858 = VERTEX_POINT ( 'NONE', #2219 ) ;
#1859 = AXIS2_PLACEMENT_3D ( 'NONE', #252, #6016, #3898 ) ;
#1860 = ORIENTED_EDGE ( 'NONE', *, *, #4471, .T. ) ;
#1861 = ORIENTED_EDGE ( 'NONE', *, *, #5035, .T. ) ;
#1862 = EDGE_CURVE ( 'NONE', #2269, #5977, #2726, .T. ) ;
#1863 = EDGE_CURVE ( 'NONE', #6000, #1169, #5388, .T. ) ;
#1864 = CIRCLE ( 'NONE', #2940, 0.01000000000000000900 ) ;
#1865 = ADVANCED_FACE ( 'NONE', ( #1194 ), #2582, .T. ) ;
#1866 = DIRECTION ( 'NONE',  ( 0.0000000000000000000, -0.6427876096865398100, -0.7660444431189776800 ) ) ;
#1867 = EDGE_LOOP ( 'NONE', ( #5756, #3737, #3390, #4095 ) ) ;
#1868 = EDGE_CURVE ( 'NONE', #5637, #2610, #5213, .T. ) ;
#1869 = EDGE_LOOP ( 'NONE', ( #3688, #2044, #3279, #5182 ) ) ;
#1870 = EDGE_CURVE ( 'NONE', #2588, #5743, #3795, .T. ) ;
#1871 = DIRECTION ( 'NONE',  ( 0.0000000000000000000, 0.0000000000000000000, 1.000000000000000000 ) ) ;
#1872 = CIRCLE ( 'NONE', #3201, 0.01000000000000004000 ) ;
#1873 = EDGE_LOOP ( 'NONE', ( #5606, #4307, #7, #480 ) ) ;
#1874 = ORIENTED_EDGE ( 'NONE', *, *, #3040, .F. ) ;
#1875 = ORIENTED_EDGE ( 'NONE', *, *, #6134, .F. ) ;
#1876 = DIRECTION ( 'NONE',  ( -1.000000000000000000, 0.0000000000000000000, -0.0000000000000000000 ) ) ;
#1877 = DIRECTION ( 'NONE',  ( -1.000000000000000000, -0.0000000000000000000, -0.0000000000000000000 ) ) ;
#1878 = DIRECTION ( 'NONE',  ( 0.0000000000000000000, -0.3420201433256705400, -0.9396926207859077600 ) ) ;
#1879 = AXIS2_PLACEMENT_3D ( 'NONE', #6427, #6448, #6476 ) ;
#1880 =( NAMED_UNIT ( * ) SI_UNIT ( $, .STERADIAN. ) SOLID_ANGLE_UNIT ( ) );
#1881 = ORIENTED_EDGE ( 'NONE', *, *, #2495, .T. ) ;
#1882 = VERTEX_POINT ( 'NONE', #3665 ) ;
#1883 = VERTEX_POINT ( 'NONE', #3643 ) ;
#1884 = CARTESIAN_POINT ( 'NONE',  ( -0.08464566929133858500, -0.2125853763475967800, -0.1181789589928839000 ) ) ;
#1885 = ORIENTED_EDGE ( 'NONE', *, *, #6019, .T. ) ;
#1886 = VERTEX_POINT ( 'NONE', #3138 ) ;
#1887 = EDGE_CURVE ( 'NONE', #1380, #6596, #6633, .T. ) ;
#1888 = DIRECTION ( 'NONE',  ( 1.000000000000000000, -0.0000000000000000000, 0.0000000000000000000 ) ) ;
#1889 = ORIENTED_EDGE ( 'NONE', *, *, #3991, .T. ) ;
#1890 = VERTEX_POINT ( 'NONE', #4097 ) ;
#1891 = EDGE_CURVE ( 'NONE', #2000, #6218, #1028, .T. ) ;
#1892 = ORIENTED_EDGE ( 'NONE', *, *, #5775, .F. ) ;
#1893 = AXIS2_PLACEMENT_3D ( 'NONE', #4093, #1473, #6749 ) ;
#1894 = ORIENTED_EDGE ( 'NONE', *, *, #3698, .T. ) ;
#1895 = ORIENTED_EDGE ( 'NONE', *, *, #4638, .T. ) ;
#1896 = AXIS2_PLACEMENT_3D ( 'NONE', #1898, #6634, #4509 ) ;
#1897 = ADVANCED_FACE ( 'NONE', ( #6455 ), #2238, .T. ) ;
#1898 = CARTESIAN_POINT ( 'NONE',  ( 0.08464566929133858500, -0.1074241567854200400, -0.2780124667216840600 ) ) ;
#1899 = DIRECTION ( 'NONE',  ( 1.000000000000000000, 0.0000000000000000000, 0.0000000000000000000 ) ) ;
#1900 = ADVANCED_FACE ( 'NONE', ( #2389 ), #6286, .T. ) ;
#1901 = DIRECTION ( 'NONE',  ( 0.0000000000000000000, -0.3420201433256705400, -0.9396926207859077600 ) ) ;
#1902 = ORIENTED_EDGE ( 'NONE', *, *, #1977, .T. ) ;
#1903 = CARTESIAN_POINT ( 'NONE',  ( -0.2342519685039370100, 0.2118934145877079700, 0.04450000000000005300 ) ) ;
#1904 = DIRECTION ( 'NONE',  ( 1.000000000000000000, 0.0000000000000000000, 0.0000000000000000000 ) ) ;
#1905 = EDGE_CURVE ( 'NONE', #1366, #2333, #877, .T. ) ;
#1906 = DIRECTION ( 'NONE',  ( -1.000000000000000000, -0.0000000000000000000, -0.0000000000000000000 ) ) ;
#1907 = B_SPLINE_CURVE_WITH_KNOTS ( 'NONE', 3,
 ( #2226, #5410, #2755, #6461, #3283, #173, #3815, #692, #4336, #1225, #4890, #1734, #5430, #2257, #5955, #2779, #6484, #3308, #193, #3839 ),
 .UNSPECIFIED., .F., .F.,
 ( 4, 2, 2, 2, 2, 2, 2, 2, 2, 4 ),
 ( 0.003693913568559371500, 0.004155004886569803200, 0.004616096204580234800, 0.005077187522590667300, 0.005538278840601098100, 0.005999370158611530600, 0.006460461476621962200, 0.006921552794632393800, 0.007152098453637609200, 0.007382644112642825500 ),
 .UNSPECIFIED. ) ;
#1908 = VECTOR ( 'NONE', #6080, 39.37007874015748100 ) ;
#1909 = LINE ( 'NONE', #6574, #365 ) ;
#1910 = CYLINDRICAL_SURFACE ( 'NONE', #4610, 0.2165354330708661500 ) ;
#1911 = CIRCLE ( 'NONE', #2882, 0.3230450991271857100 ) ;
#1912 = LENGTH_MEASURE_WITH_UNIT ( LENGTH_MEASURE( 0.02539999999999999900 ), #969 );
#1913 = AXIS2_PLACEMENT_3D ( 'NONE', #6637, #6683, #219 ) ;
#1914 = VECTOR ( 'NONE', #2741, 39.37007874015748100 ) ;
#1915 = CIRCLE ( 'NONE', #861, 0.01000000000000001400 ) ;
#1916 = CARTESIAN_POINT ( 'NONE',  ( -0.08464566929133858500, -0.3128601855581031900, 0.01075817735951170600 ) ) ;
#1917 = CIRCLE ( 'NONE', #843, 0.01000000000000002800 ) ;
#1918 = CARTESIAN_POINT ( 'NONE',  ( 0.08464566929133858500, -0.2465800297294614400, -0.1928614088566383300 ) ) ;
#1919 = CARTESIAN_POINT ( 'NONE',  ( 0.08464566929133858500, 0.04373286461478003600, 0.3099752742399541300 ) ) ;
#1920 = VECTOR ( 'NONE', #5862, 39.37007874015748100 ) ;
#1921 = DIRECTION ( 'NONE',  ( -1.000000000000000000, -0.0000000000000000000, -0.0000000000000000000 ) ) ;
#1922 = LINE ( 'NONE', #4492, #2976 ) ;
#1923 = CIRCLE ( 'NONE', #1784, 0.01000000000000001800 ) ;
#1924 = ORIENTED_EDGE ( 'NONE', *, *, #3226, .F. ) ;
#1925 = ORIENTED_EDGE ( 'NONE', *, *, #3526, .F. ) ;
#1926 = DIRECTION ( 'NONE',  ( 0.0000000000000000000, -0.9582922338409667300, 0.2857901232724638900 ) ) ;
#1927 = DIRECTION ( 'NONE',  ( 0.0000000000000000000, 0.0000000000000000000, 1.000000000000000000 ) ) ;
#1928 = FACE_OUTER_BOUND ( 'NONE', #6524, .T. ) ;
#1929 = VERTEX_POINT ( 'NONE', #5301 ) ;
#1930 = DIRECTION ( 'NONE',  ( -1.000000000000000000, 0.0000000000000000000, 0.0000000000000000000 ) ) ;
#1931 = ADVANCED_FACE ( 'NONE', ( #4883 ), #4708, .T. ) ;
#1932 = EDGE_CURVE ( 'NONE', #6422, #4078, #5048, .T. ) ;
#1933 = ORIENTED_EDGE ( 'NONE', *, *, #1978, .F. ) ;
#1934 = ORIENTED_EDGE ( 'NONE', *, *, #4496, .T. ) ;
#1935 = VECTOR ( 'NONE', #4169, 39.37007874015748100 ) ;
#1936 = ORIENTED_EDGE ( 'NONE', *, *, #935, .T. ) ;
#1937 = ORIENTED_EDGE ( 'NONE', *, *, #4331, .T. ) ;
#1938 = AXIS2_PLACEMENT_3D ( 'NONE', #5942, #4901, #1742 ) ;
#1939 = AXIS2_PLACEMENT_3D ( 'NONE', #5649, #2464, #6178 ) ;
#1940 = ORIENTED_EDGE ( 'NONE', *, *, #2025, .F. ) ;
#1941 = VECTOR ( 'NONE', #6442, 39.37007874015748100 ) ;
#1942 = ORIENTED_EDGE ( 'NONE', *, *, #3601, .T. ) ;
#1943 = CARTESIAN_POINT ( 'NONE',  ( 0.08464566929133858500, 0.2891624680536971100, 0.1270474709397057800 ) ) ;
#1944 = CIRCLE ( 'NONE', #2710, 0.2165157480314960600 ) ;
#1945 = PLANE ( 'NONE',  #1805 ) ;
#1946 = ORIENTED_EDGE ( 'NONE', *, *, #4676, .F. ) ;
#1947 = EDGE_LOOP ( 'NONE', ( #6348, #1703, #1451, #2766 ) ) ;
#1948 = DIRECTION ( 'NONE',  ( -1.000000000000000000, -0.0000000000000000000, -0.0000000000000000000 ) ) ;
#1949 = DIRECTION ( 'NONE',  ( 0.0000000000000000000, 0.0000000000000000000, -1.000000000000000000 ) ) ;
#1950 = DIRECTION ( 'NONE',  ( 0.0000000000000000000, 0.9848077530122098000, 0.1736481776669209500 ) ) ;
#1951 = EDGE_CURVE ( 'NONE', #1640, #4296, #3459, .T. ) ;
#1952 = AXIS2_PLACEMENT_3D ( 'NONE', #2659, #2633, #2566 ) ;
#1953 = ORIENTED_EDGE ( 'NONE', *, *, #3059, .F. ) ;
#1954 = ORIENTED_EDGE ( 'NONE', *, *, #1222, .T. ) ;
#1955 = ORIENTED_EDGE ( 'NONE', *, *, #4803, .T. ) ;
#1956 = ORIENTED_EDGE ( 'NONE', *, *, #483, .F. ) ;
#1957 = CARTESIAN_POINT ( 'NONE',  ( -0.3248031496062992500, 0.0000000000000000000, -0.2065157480314960800 ) ) ;
#1958 = ORIENTED_EDGE ( 'NONE', *, *, #6603, .T. ) ;
#1959 = ORIENTED_EDGE ( 'NONE', *, *, #5773, .T. ) ;
#1960 = ADVANCED_FACE ( 'NONE', ( #3304 ), #5963, .F. ) ;
#1961 = CARTESIAN_POINT ( 'NONE',  ( 0.08464566929133858500, 0.005859823710932310500, -0.2779874889652428900 ) ) ;
#1962 = ORIENTED_EDGE ( 'NONE', *, *, #5147, .T. ) ;
#1963 = DIRECTION ( 'NONE',  ( 0.0000000000000000000, 0.8660254037844328200, -0.5000000000000101000 ) ) ;
#1964 = VERTEX_POINT ( 'NONE', #6287 ) ;
#1965 = ORIENTED_EDGE ( 'NONE', *, *, #6227, .T. ) ;
#1966 = AXIS2_PLACEMENT_3D ( 'NONE', #5455, #2282, #5983 ) ;
#1967 = DIRECTION ( 'NONE',  ( 1.000000000000000000, 0.0000000000000000000, 0.0000000000000000000 ) ) ;
#1968 = AXIS2_PLACEMENT_3D ( 'NONE', #2593, #4262, #2518 ) ;
#1969 = CARTESIAN_POINT ( 'NONE',  ( -0.1986863552292491600, -0.2148193320288301600, 0.02736508889611124000 ) ) ;
#1970 = ORIENTED_EDGE ( 'NONE', *, *, #4052, .F. ) ;
#1971 = EDGE_CURVE ( 'NONE', #5501, #6177, #530, .T. ) ;
#1972 = DIRECTION ( 'NONE',  ( -1.000000000000000000, -0.0000000000000000000, -0.0000000000000000000 ) ) ;
#1973 = FILL_AREA_STYLE_COLOUR ( '', #6452 ) ;
#1974 = AXIS2_PLACEMENT_3D ( 'NONE', #4181, #1075, #4733 ) ;
#1975 = CARTESIAN_POINT ( 'NONE',  ( -0.08464566929133858500, 0.0000000000000000000, 0.0000000000000000000 ) ) ;
#1976 = FACE_OUTER_BOUND ( 'NONE', #551, .T. ) ;
#1977 = EDGE_CURVE ( 'NONE', #5751, #6238, #6127, .T. ) ;
#1978 = EDGE_CURVE ( 'NONE', #6741, #5667, #2065, .T. ) ;
#1979 = CARTESIAN_POINT ( 'NONE',  ( 0.08464566929133858500, -0.06090285227388858600, -0.09329165720971338600 ) ) ;
#1980 = FACE_OUTER_BOUND ( 'NONE', #3850, .T. ) ;
#1981 = DIRECTION ( 'NONE',  ( 0.0000000000000000000, -0.3970504385406656300, -0.9177967908282666000 ) ) ;
#1982 = LINE ( 'NONE', #3709, #3211 ) ;
#1983 = CARTESIAN_POINT ( 'NONE',  ( -0.1897390929604524100, -0.05906482025194530200, -0.006015943636186672900 ) ) ;
#1984 = EDGE_CURVE ( 'NONE', #1851, #5764, #1917, .T. ) ;
#1985 = VECTOR ( 'NONE', #6646, 39.37007874015748100 ) ;
#1986 = DIRECTION ( 'NONE',  ( -1.000000000000000000, -0.0000000000000000000, -0.0000000000000000000 ) ) ;
#1987 = ADVANCED_FACE ( 'NONE', ( #3137 ), #1593, .F. ) ;
#1988 = VECTOR ( 'NONE', #2828, 39.37007874015748900 ) ;
#1989 = CARTESIAN_POINT ( 'NONE',  ( 0.08464566929133858500, 0.1471132378873009600, 0.2863239572057839100 ) ) ;
#1990 = CYLINDRICAL_SURFACE ( 'NONE', #2754, 0.02000000000000002500 ) ;
#1991 = CYLINDRICAL_SURFACE ( 'NONE', #3355, 0.3230450991271856500 ) ;
#1992 = VERTEX_POINT ( 'NONE', #546 ) ;
#1993 = LINE ( 'NONE', #5680, #3222 ) ;
#1994 = AXIS2_PLACEMENT_3D ( 'NONE', #5332, #5830, #3280 ) ;
#1995 = CARTESIAN_POINT ( 'NONE',  ( 0.08464566929133858500, 0.2327495835104569100, 0.2193438928253183300 ) ) ;
#1996 = LINE ( 'NONE', #5077, #623 ) ;
#1997 = DIRECTION ( 'NONE',  ( 1.000000000000000000, 0.0000000000000000000, 0.0000000000000000000 ) ) ;
#1998 = LINE ( 'NONE', #4317, #4809 ) ;
#1999 = ORIENTED_EDGE ( 'NONE', *, *, #3173, .T. ) ;
#2000 = VERTEX_POINT ( 'NONE', #6356 ) ;
#2001 = LINE ( 'NONE', #3411, #1849 ) ;
#2002 = ORIENTED_EDGE ( 'NONE', *, *, #2095, .T. ) ;
#2003 = ORIENTED_EDGE ( 'NONE', *, *, #2204, .T. ) ;
#2004 = EDGE_CURVE ( 'NONE', #2949, #3350, #5789, .T. ) ;
#2005 = DIRECTION ( 'NONE',  ( 0.0000000000000000000, -0.3970504385406517500, 0.9177967908282725900 ) ) ;
#2006 = CARTESIAN_POINT ( 'NONE',  ( -0.08464566929133858500, 0.003946707493162510600, 0.2431938158865362700 ) ) ;
#2007 = CARTESIAN_POINT ( 'NONE',  ( 0.08464566929133858500, 0.0000000000000000000, 0.0000000000000000000 ) ) ;
#2008 = ORIENTED_EDGE ( 'NONE', *, *, #293, .F. ) ;
#2009 = CARTESIAN_POINT ( 'NONE',  ( 0.08464566929133858500, 0.1518126642094978200, 0.2851509268014176800 ) ) ;
#2010 = DIRECTION ( 'NONE',  ( 0.0000000000000000000, -0.05920037723354933100, -0.9982461196195081500 ) ) ;
#2011 = EDGE_CURVE ( 'NONE', #5592, #6231, #375, .T. ) ;
#2012 = CARTESIAN_POINT ( 'NONE',  ( 0.08464566929133858500, 0.05034151896781741100, -0.09938924583697496300 ) ) ;
#2013 = AXIS2_PLACEMENT_3D ( 'NONE', #726, #3841, #1737 ) ;
#2014 = AXIS2_PLACEMENT_3D ( 'NONE', #1107, #3242, #4820 ) ;
#2015 = LINE ( 'NONE', #490, #3907 ) ;
#2016 = EDGE_LOOP ( 'NONE', ( #351, #1246, #3018, #3588 ) ) ;
#2017 = DIRECTION ( 'NONE',  ( -1.000000000000000000, -0.0000000000000000000, -0.0000000000000000000 ) ) ;
#2018 = EDGE_LOOP ( 'NONE', ( #5634, #6382, #6042, #2471, #4598, #5722, #2742, #3809, #1041, #3474, #6144, #1766, #5642, #2484, #6381, #4629, #302, #2733, #1034, #2075, #3143, #2818, #2642, #77, #3920, #5169, #3581, #6243, #1881, #4499, #4155, #1237, #4923, #5999, #4232, #3913, #6408, #3252, #328, #1385, #5251, #6490, #514, #190, #2791, #2616, #5277, #925, #3363, #1819, #5530, #2527, #3598, #3278, #1730, #12, #1079, #4940, #3360, #421, #4252, #5524, #5674, #86, #1160, #3590, #4668, #1721, #5438, #2432, #4929, #3185, #5669, #1325, #6594, #6516, #2118, #586, #1808, #1645, #1479, #1161, #993, #6093, #2943, #5440, #5095, #2110, #1801, #1474, #5351, #6414, #4837, #6087, #1715, #5753, #5593, #1239, #2428, #4925, #573, #226, #2489, #4984, #635, #306, #6800, #2403, #4897, #3318, #1762, #5636, #4399, #631, #3666, #5833, #4849, #1067, #6416, #4847, #2657, #2411, #6020, #2420, #991, #3517, #2503, #1365, #5427, #6161, #4090, #2769, #2775, #5924, #2338, #3567, #1648, #3727, #4507, #1861, #5685, #4833, #61, #4744, #5489, #3033, #4811, #5598, #339, #257, #4163, #1860, #6431, #6764, #5424, #348, #3005, #5145, #1816, #5886, #2435 ) ) ;
#2019 = CARTESIAN_POINT ( 'NONE',  ( -0.08464566929133858500, 0.1532986182605033100, -0.1888341659364416200 ) ) ;
#2020 = ADVANCED_FACE ( 'NONE', ( #2806 ), #4037, .T. ) ;
#2021 = CARTESIAN_POINT ( 'NONE',  ( 0.08464566929133858500, -0.005466606461051704300, 0.2779913548340064400 ) ) ;
#2022 = CIRCLE ( 'NONE', #1457, 0.01000000000000004700 ) ;
#2023 = ORIENTED_EDGE ( 'NONE', *, *, #3985, .T. ) ;
#2024 = ORIENTED_EDGE ( 'NONE', *, *, #2537, .F. ) ;
#2025 = EDGE_CURVE ( 'NONE', #2608, #3584, #39, .T. ) ;
#2026 = DIRECTION ( 'NONE',  ( -1.000000000000000000, -0.0000000000000000000, -0.0000000000000000000 ) ) ;
#2027 = CARTESIAN_POINT ( 'NONE',  ( -0.08464566929133858500, 0.06699623482581419700, -0.3160215824738202800 ) ) ;
#2028 = VERTEX_POINT ( 'NONE', #5576 ) ;
#2029 = DIRECTION ( 'NONE',  ( -1.000000000000000000, -0.0000000000000000000, -0.0000000000000000000 ) ) ;
#2030 = ORIENTED_EDGE ( 'NONE', *, *, #3555, .F. ) ;
#2031 = EDGE_LOOP ( 'NONE', ( #4655, #329, #3993, #3909 ) ) ;
#2032 = DIRECTION ( 'NONE',  ( 0.0000000000000000000, 0.9848077530122062400, -0.1736481776669404100 ) ) ;
#2033 = ORIENTED_EDGE ( 'NONE', *, *, #779, .F. ) ;
#2034 = CARTESIAN_POINT ( 'NONE',  ( 0.08464566929133858500, 0.08129867799940421200, -0.07617752736587710100 ) ) ;
#2035 = AXIS2_PLACEMENT_3D ( 'NONE', #4989, #5504, #151 ) ;
#2036 = VERTEX_POINT ( 'NONE', #6104 ) ;
#2037 = ORIENTED_EDGE ( 'NONE', *, *, #24, .F. ) ;
#2038 = CARTESIAN_POINT ( 'NONE',  ( 0.08464566929133858500, 0.1398467616490458300, -0.2831940607769797300 ) ) ;
#2039 = CARTESIAN_POINT ( 'NONE',  ( -0.08464566929133858500, -0.07490479875481984000, 0.3068310022252978000 ) ) ;
#2040 = ORIENTED_EDGE ( 'NONE', *, *, #2909, .T. ) ;
#2041 = DIRECTION ( 'NONE',  ( 1.000000000000000000, 0.0000000000000000000, 0.0000000000000000000 ) ) ;
#2042 = DIRECTION ( 'NONE',  ( -1.000000000000000000, -0.0000000000000000000, -0.0000000000000000000 ) ) ;
#2043 = ORIENTED_EDGE ( 'NONE', *, *, #2612, .F. ) ;
#2044 = ORIENTED_EDGE ( 'NONE', *, *, #830, .T. ) ;
#2045 = ORIENTED_EDGE ( 'NONE', *, *, #836, .F. ) ;
#2046 = ORIENTED_EDGE ( 'NONE', *, *, #1039, .T. ) ;
#2047 = EDGE_CURVE ( 'NONE', #3187, #914, #5468, .T. ) ;
#2048 = DIRECTION ( 'NONE',  ( -1.000000000000000000, -0.0000000000000000000, -0.0000000000000000000 ) ) ;
#2049 = DIRECTION ( 'NONE',  ( 1.000000000000000000, -0.0000000000000000000, -0.0000000000000000000 ) ) ;
#2050 = AXIS2_PLACEMENT_3D ( 'NONE', #1790, #5483, #2303 ) ;
#2051 = AXIS2_PLACEMENT_3D ( 'NONE', #2209, #3786, #670 ) ;
#2052 = CARTESIAN_POINT ( 'NONE',  ( 0.08464566929133858500, 0.07644636819249110700, 0.2808368146679658900 ) ) ;
#2053 = DIMENSIONAL_EXPONENTS ( 1.000000000000000000, 0.0000000000000000000, 0.0000000000000000000, 0.0000000000000000000, 0.0000000000000000000, 0.0000000000000000000, 0.0000000000000000000 ) ;
#2054 = DIRECTION ( 'NONE',  ( 0.0000000000000000000, -0.9728004803918457500, -0.2316446100158475700 ) ) ;
#2055 = CARTESIAN_POINT ( 'NONE',  ( 0.08464566929133858500, 0.1745017349850641100, -0.2164675995059051600 ) ) ;
#2056 = VECTOR ( 'NONE', #2353, 39.37007874015748100 ) ;
#2057 = FACE_OUTER_BOUND ( 'NONE', #988, .T. ) ;
#2058 = CARTESIAN_POINT ( 'NONE',  ( 0.08464566929133858500, -0.1219571092619223800, -0.2642722595792961800 ) ) ;
#2059 = DIRECTION ( 'NONE',  ( 0.0000000000000000000, -0.8660254037844393700, -0.4999999999999987800 ) ) ;
#2060 = VECTOR ( 'NONE', #1562, 39.37007874015748900 ) ;
#2061 = CARTESIAN_POINT ( 'NONE',  ( 0.08464566929133858500, 0.0000000000000000000, 0.0000000000000000000 ) ) ;
#2062 = LINE ( 'NONE', #2590, #694 ) ;
#2063 = VECTOR ( 'NONE', #1211, 39.37007874015748100 ) ;
#2064 = CIRCLE ( 'NONE', #4648, 0.4330708661417324000 ) ;
#2065 = LINE ( 'NONE', #6240, #1749 ) ;
#2066 = EDGE_CURVE ( 'NONE', #6679, #4003, #4190, .T. ) ;
#2067 = LINE ( 'NONE', #2691, #1920 ) ;
#2068 = CARTESIAN_POINT ( 'NONE',  ( -0.08464566929133858500, 0.02532233489663271100, 0.1084954841245134000 ) ) ;
#2069 = DIRECTION ( 'NONE',  ( -1.000000000000000000, -0.0000000000000000000, -0.0000000000000000000 ) ) ;
#2070 = CIRCLE ( 'NONE', #4431, 0.01000000000000001400 ) ;
#2071 = CARTESIAN_POINT ( 'NONE',  ( 0.08464566929133858500, -0.2125853763475967800, -0.1181789589928839000 ) ) ;
#2072 = CARTESIAN_POINT ( 'NONE',  ( -0.2342519685039370400, -0.3230450991271856500, -0.04450000000000004000 ) ) ;
#2073 = CIRCLE ( 'NONE', #1092, 0.2780450991271856700 ) ;
#2074 = CARTESIAN_POINT ( 'NONE',  ( 0.08464566929133858500, -0.2049886317241185200, -0.2066229042157356500 ) ) ;
#2075 = ORIENTED_EDGE ( 'NONE', *, *, #68, .T. ) ;
#2076 = VECTOR ( 'NONE', #5331, 39.37007874015748100 ) ;
#2077 = VERTEX_POINT ( 'NONE', #4559 ) ;
#2078 = DIRECTION ( 'NONE',  ( 0.0000000000000000000, 0.8660254037844431500, 0.4999999999999921200 ) ) ;
#2079 = CARTESIAN_POINT ( 'NONE',  ( 0.08464566929133858500, 0.2282710432183350800, -0.2182849596996864500 ) ) ;
#2080 = ORIENTED_EDGE ( 'NONE', *, *, #5533, .F. ) ;
#2081 = CIRCLE ( 'NONE', #5439, 0.02000000000000002500 ) ;
#2082 = ORIENTED_EDGE ( 'NONE', *, *, #4085, .F. ) ;
#2083 = CARTESIAN_POINT ( 'NONE',  ( 0.08464566929133858500, 0.0000000000000000000, 0.0000000000000000000 ) ) ;
#2084 = CARTESIAN_POINT ( 'NONE',  ( -0.08464566929133857100, 0.0000000000000000000, 0.0000000000000000000 ) ) ;
#2085 = ORIENTED_EDGE ( 'NONE', *, *, #5835, .T. ) ;
#2086 = LINE ( 'NONE', #653, #3327 ) ;
#2087 = AXIS2_PLACEMENT_3D ( 'NONE', #5611, #6635, #6326 ) ;
#2088 = VERTEX_POINT ( 'NONE', #2373 ) ;
#2089 = CARTESIAN_POINT ( 'NONE',  ( 0.08464566929133858500, 0.1960315511398793000, -0.2045050379644671200 ) ) ;
#2090 = DIRECTION ( 'NONE',  ( -1.000000000000000000, -0.0000000000000000000, -0.0000000000000000000 ) ) ;
#2091 = DIRECTION ( 'NONE',  ( 1.000000000000000000, -0.0000000000000000000, -0.0000000000000000000 ) ) ;
#2092 = CARTESIAN_POINT ( 'NONE',  ( -0.08464566929133858500, -0.2546075713472023500, -0.1868983076856503800 ) ) ;
#2093 = CIRCLE ( 'NONE', #982, 0.01999999999999999000 ) ;
#2094 = DIRECTION ( 'NONE',  ( 0.0000000000000000000, -0.7266476238251219400, -0.6870103571193844100 ) ) ;
#2095 = EDGE_CURVE ( 'NONE', #6596, #6424, #1280, .T. ) ;
#2096 = EDGE_LOOP ( 'NONE', ( #4512, #1959, #1570, #3663 ) ) ;
#2097 = AXIS2_PLACEMENT_3D ( 'NONE', #3891, #774, #4417 ) ;
#2098 = ORIENTED_EDGE ( 'NONE', *, *, #5656, .F. ) ;
#2099 = AXIS2_PLACEMENT_3D ( 'NONE', #5259, #1054, #525 ) ;
#2100 = CARTESIAN_POINT ( 'NONE',  ( 0.08464566929133858500, 0.0000000000000000000, 0.0000000000000000000 ) ) ;
#2101 = ORIENTED_EDGE ( 'NONE', *, *, #6625, .F. ) ;
#2102 = SURFACE_STYLE_USAGE ( .BOTH. , #5278 ) ;
#2103 = ORIENTED_EDGE ( 'NONE', *, *, #1424, .T. ) ;
#2104 = ORIENTED_EDGE ( 'NONE', *, *, #1536, .F. ) ;
#2105 = EDGE_CURVE ( 'NONE', #2949, #2862, #208, .T. ) ;
#2106 = EDGE_CURVE ( 'NONE', #4689, #1328, #5299, .T. ) ;
#2107 = CARTESIAN_POINT ( 'NONE',  ( 0.08464566929133858500, -0.1471132378872952200, 0.2763239572057869000 ) ) ;
#2108 = ORIENTED_EDGE ( 'NONE', *, *, #1012, .F. ) ;
#2109 = EDGE_CURVE ( 'NONE', #5228, #4660, #4370, .T. ) ;
#2110 = ORIENTED_EDGE ( 'NONE', *, *, #2296, .T. ) ;
#2111 = DIRECTION ( 'NONE',  ( -1.000000000000000000, -0.0000000000000000000, -0.0000000000000000000 ) ) ;
#2112 = ORIENTED_EDGE ( 'NONE', *, *, #4579, .F. ) ;
#2113 = CARTESIAN_POINT ( 'NONE',  ( 0.08464566929133858500, 0.1828770619894851400, 0.2094398657055063800 ) ) ;
#2114 = CARTESIAN_POINT ( 'NONE',  ( 0.08464566929133858500, -0.1002155727758146900, 0.2593567352544789400 ) ) ;
#2115 = DIRECTION ( 'NONE',  ( 0.0000000000000000000, 0.3970504385406596900, 0.9177967908282693700 ) ) ;
#2116 = ORIENTED_EDGE ( 'NONE', *, *, #3246, .F. ) ;
#2117 = CARTESIAN_POINT ( 'NONE',  ( -0.08464566929133858500, 0.2891624680536953900, -0.1270474709397096700 ) ) ;
#2118 = ORIENTED_EDGE ( 'NONE', *, *, #4859, .T. ) ;
#2119 = VERTEX_POINT ( 'NONE', #3532 ) ;
#2120 = ORIENTED_EDGE ( 'NONE', *, *, #2152, .F. ) ;
#2121 = VERTEX_POINT ( 'NONE', #929 ) ;
#2122 = CARTESIAN_POINT ( 'NONE',  ( -0.3148031496062991800, 0.0000000000000000000, 0.0000000000000000000 ) ) ;
#2123 = ADVANCED_FACE ( 'NONE', ( #1102 ), #6366, .F. ) ;
#2124 = CARTESIAN_POINT ( 'NONE',  ( -0.08464566929133858500, 0.0000000000000000000, 0.0000000000000000000 ) ) ;
#2125 = CARTESIAN_POINT ( 'NONE',  ( -0.08464566929133858500, 0.1471132378873009600, 0.2763239572057838400 ) ) ;
#2126 = ORIENTED_EDGE ( 'NONE', *, *, #4443, .T. ) ;
#2127 = DIRECTION ( 'NONE',  ( 0.0000000000000000000, 0.0000000000000000000, -1.000000000000000000 ) ) ;
#2128 = EDGE_CURVE ( 'NONE', #3180, #4334, #942, .T. ) ;
#2129 = CARTESIAN_POINT ( 'NONE',  ( -0.08464566929133858500, -0.2814349999166059200, -0.07421391045222829100 ) ) ;
#2130 = CARTESIAN_POINT ( 'NONE',  ( 0.08464566929133858500, 0.1398467616490458300, -0.2831940607769797300 ) ) ;
#2131 = VECTOR ( 'NONE', #2010, 39.37007874015748100 ) ;
#2132 = EDGE_CURVE ( 'NONE', #639, #1467, #6547, .T. ) ;
#2133 = DIRECTION ( 'NONE',  ( 0.0000000000000000000, -0.9848077530122074700, 0.1736481776669333000 ) ) ;
#2134 = DIRECTION ( 'NONE',  ( -1.000000000000000000, -0.0000000000000000000, -0.0000000000000000000 ) ) ;
#2135 = CARTESIAN_POINT ( 'NONE',  ( 0.08464566929133858500, -0.1398467616490478800, -0.2831940607769788400 ) ) ;
#2136 = CARTESIAN_POINT ( 'NONE',  ( -0.08464566929133858500, -0.09641129058487547800, 0.2820208222126385200 ) ) ;
#2137 = CARTESIAN_POINT ( 'NONE',  ( 0.08464566929133858500, 0.3031758419731581700, -0.08854604252561117100 ) ) ;
#2138 = STYLED_ITEM ( 'NONE', ( #936 ), #4882 ) ;
#2139 = CARTESIAN_POINT ( 'NONE',  ( -0.08464566929133858500, -0.1074241567854161800, 0.2780124667216854500 ) ) ;
#2140 = FACE_OUTER_BOUND ( 'NONE', #5142, .T. ) ;
#2141 = AXIS2_PLACEMENT_3D ( 'NONE', #6258, #55, #3605 ) ;
#2142 = DIRECTION ( 'NONE',  ( 0.0000000000000000000, 0.8660254037844438100, 0.4999999999999911700 ) ) ;
#2143 = CIRCLE ( 'NONE', #1698, 0.01000000000000002800 ) ;
#2144 = VECTOR ( 'NONE', #2859, 39.37007874015748100 ) ;
#2145 = DIRECTION ( 'NONE',  ( 1.000000000000000000, -0.0000000000000000000, -0.0000000000000000000 ) ) ;
#2146 = LINE ( 'NONE', #3582, #3534 ) ;
#2147 = CARTESIAN_POINT ( 'NONE',  ( -0.08464566929133858500, 0.2898450449421469700, -0.02651817499671019200 ) ) ;
#2148 = VECTOR ( 'NONE', #4416, 39.37007874015748100 ) ;
#2149 = DIRECTION ( 'NONE',  ( 1.000000000000000000, -0.0000000000000000000, -0.0000000000000000000 ) ) ;
#2150 = FACE_OUTER_BOUND ( 'NONE', #1867, .T. ) ;
#2151 = FACE_OUTER_BOUND ( 'NONE', #2788, .T. ) ;
#2152 = EDGE_CURVE ( 'NONE', #1467, #4319, #3710, .T. ) ;
#2153 = LINE ( 'NONE', #5755, #791 ) ;
#2154 = LINE ( 'NONE', #4474, #4804 ) ;
#2155 = DIRECTION ( 'NONE',  ( -1.000000000000000000, -0.0000000000000000000, -0.0000000000000000000 ) ) ;
#2156 = VECTOR ( 'NONE', #6050, 39.37007874015748100 ) ;
#2157 = ORIENTED_EDGE ( 'NONE', *, *, #2047, .T. ) ;
#2158 = CARTESIAN_POINT ( 'NONE',  ( -0.2115041988282966300, 0.04473639140618950600, 0.03867797832739085200 ) ) ;
#2159 = FACE_OUTER_BOUND ( 'NONE', #6757, .T. ) ;
#2160 = DIRECTION ( 'NONE',  ( -1.000000000000000000, -0.0000000000000000000, -0.0000000000000000000 ) ) ;
#2161 = ADVANCED_FACE ( 'NONE', ( #2312 ), #784, .T. ) ;
#2162 = VERTEX_POINT ( 'NONE', #3064 ) ;
#2163 = VECTOR ( 'NONE', #2885, 39.37007874015748900 ) ;
#2164 = ORIENTED_EDGE ( 'NONE', *, *, #3536, .F. ) ;
#2165 = CARTESIAN_POINT ( 'NONE',  ( 0.08464566929133858500, 0.0000000000000000000, 0.0000000000000000000 ) ) ;
#2166 = CARTESIAN_POINT ( 'NONE',  ( -0.3248031496062992500, 2.529088498002929700E-017, 0.2065157480314960800 ) ) ;
#2167 = ORIENTED_EDGE ( 'NONE', *, *, #6605, .T. ) ;
#2168 = CARTESIAN_POINT ( 'NONE',  ( 0.08464566929133858500, 0.08994171327143323000, 0.2630961143051067700 ) ) ;
#2169 = ORIENTED_EDGE ( 'NONE', *, *, #5265, .T. ) ;
#2170 = EDGE_CURVE ( 'NONE', #4171, #6509, #2146, .T. ) ;
#2171 = ORIENTED_EDGE ( 'NONE', *, *, #3391, .F. ) ;
#2172 = DIRECTION ( 'NONE',  ( 1.000000000000000000, 0.0000000000000000000, 0.0000000000000000000 ) ) ;
#2173 = VECTOR ( 'NONE', #5701, 39.37007874015748100 ) ;
#2174 = VERTEX_POINT ( 'NONE', #4647 ) ;
#2175 = EDGE_CURVE ( 'NONE', #6473, #3154, #4787, .T. ) ;
#2176 = ORIENTED_EDGE ( 'NONE', *, *, #2843, .F. ) ;
#2177 = CARTESIAN_POINT ( 'NONE',  ( 0.08464566929133858500, -0.2747173077608813800, 0.04288913574857511300 ) ) ;
#2178 = AXIS2_PLACEMENT_3D ( 'NONE', #3670, #552, #4188 ) ;
#2179 = AXIS2_PLACEMENT_3D ( 'NONE', #3908, #3885, #3858 ) ;
#2180 = CARTESIAN_POINT ( 'NONE',  ( 0.08464566929133858500, 0.2728187752609128600, -0.05365624859959936700 ) ) ;
#2181 = LINE ( 'NONE', #2497, #3413 ) ;
#2182 = CARTESIAN_POINT ( 'NONE',  ( 0.08464566929133858500, 0.0000000000000000000, 0.0000000000000000000 ) ) ;
#2183 = DIRECTION ( 'NONE',  ( -1.000000000000000000, -0.0000000000000000000, -0.0000000000000000000 ) ) ;
#2184 = CARTESIAN_POINT ( 'NONE',  ( -0.1956595721174822500, -0.05471825181397504300, -0.02292433951758489400 ) ) ;
#2185 = DIRECTION ( 'NONE',  ( -1.000000000000000000, -0.0000000000000000000, -0.0000000000000000000 ) ) ;
#2186 = VERTEX_POINT ( 'NONE', #4518 ) ;
#2187 = CARTESIAN_POINT ( 'NONE',  ( 0.08464566929133858500, -0.3228542786274535300, -0.01110183957908862300 ) ) ;
#2188 = CARTESIAN_POINT ( 'NONE',  ( -0.08464566929133858500, 0.1960315511398824700, 0.2245050379644644700 ) ) ;
#2189 = ORIENTED_EDGE ( 'NONE', *, *, #109, .F. ) ;
#2190 = DIRECTION ( 'NONE',  ( -1.000000000000000000, -0.0000000000000000000, -0.0000000000000000000 ) ) ;
#2191 = ORIENTED_EDGE ( 'NONE', *, *, #2752, .F. ) ;
#2192 = EDGE_CURVE ( 'NONE', #3032, #6585, #6195, .T. ) ;
#2193 = DIRECTION ( 'NONE',  ( 0.0000000000000000000, -0.05920037723353375300, 0.9982461196195090400 ) ) ;
#2194 = ORIENTED_EDGE ( 'NONE', *, *, #2450, .T. ) ;
#2195 = AXIS2_PLACEMENT_3D ( 'NONE', #1346, #5017, #1866 ) ;
#2196 = ORIENTED_EDGE ( 'NONE', *, *, #510, .T. ) ;
#2197 = ORIENTED_EDGE ( 'NONE', *, *, #4084, .T. ) ;
#2198 = ORIENTED_EDGE ( 'NONE', *, *, #4027, .T. ) ;
#2199 = DIRECTION ( 'NONE',  ( 0.0000000000000000000, 0.0000000000000000000, 1.000000000000000000 ) ) ;
#2200 = CARTESIAN_POINT ( 'NONE',  ( 0.08464566929133858500, 0.3151766316582617100, -0.02048618216342807500 ) ) ;
#2201 = ADVANCED_FACE ( 'NONE', ( #614 ), #3213, .T. ) ;
#2202 = DIRECTION ( 'NONE',  ( 0.0000000000000000000, -0.8660254037844398200, -0.4999999999999980000 ) ) ;
#2203 = ORIENTED_EDGE ( 'NONE', *, *, #4815, .T. ) ;
#2204 = EDGE_CURVE ( 'NONE', #5162, #4501, #4614, .T. ) ;
#2205 = VERTEX_POINT ( 'NONE', #5749 ) ;
#2206 = EDGE_CURVE ( 'NONE', #62, #1555, #443, .T. ) ;
#2207 = ORIENTED_EDGE ( 'NONE', *, *, #3127, .F. ) ;
#2208 = EDGE_CURVE ( 'NONE', #3467, #53, #1833, .T. ) ;
#2209 = CARTESIAN_POINT ( 'NONE',  ( 0.08464566929133858500, 0.0000000000000000000, 0.0000000000000000000 ) ) ;
#2210 = DIRECTION ( 'NONE',  ( 0.0000000000000000000, 0.0000000000000000000, 1.000000000000000000 ) ) ;
#2211 = ORIENTED_EDGE ( 'NONE', *, *, #4217, .F. ) ;
#2212 = CARTESIAN_POINT ( 'NONE',  ( 0.08464566929133858500, 0.0000000000000000000, 0.0000000000000000000 ) ) ;
#2213 = EDGE_LOOP ( 'NONE', ( #6506, #1970, #5908, #965 ) ) ;
#2214 = CARTESIAN_POINT ( 'NONE',  ( -0.3248031496062992500, 0.0000000000000000000, 0.05905511811023626800 ) ) ;
#2215 = EDGE_LOOP ( 'NONE', ( #4164, #3101, #6501, #2773 ) ) ;
#2216 = AXIS2_PLACEMENT_3D ( 'NONE', #5828, #6221, #5690 ) ;
#2217 = DIRECTION ( 'NONE',  ( -1.000000000000000000, -0.0000000000000000000, -0.0000000000000000000 ) ) ;
#2218 = DIRECTION ( 'NONE',  ( 1.000000000000000000, 0.0000000000000000000, 0.0000000000000000000 ) ) ;
#2219 = CARTESIAN_POINT ( 'NONE',  ( 0.08464566929133858500, -0.2380142720881752400, 0.1437298974847704100 ) ) ;
#2220 = CARTESIAN_POINT ( 'NONE',  ( -0.2459350262243216700, 0.2121473475734583500, 0.04333315075225922800 ) ) ;
#2221 = CARTESIAN_POINT ( 'NONE',  ( 0.08464566929133858500, -0.1745017349850655200, -0.2164675995059040200 ) ) ;
#2222 = EDGE_CURVE ( 'NONE', #2604, #3471, #4451, .T. ) ;
#2223 = CIRCLE ( 'NONE', #1339, 0.02000000000000002100 ) ;
#2224 = CIRCLE ( 'NONE', #537, 0.3230450991271856000 ) ;
#2225 = FACE_OUTER_BOUND ( 'NONE', #4335, .T. ) ;
#2226 = CARTESIAN_POINT ( 'NONE',  ( -0.2342519685039370400, -0.03882340756571928100, -0.04450000000000004000 ) ) ;
#2227 = EDGE_CURVE ( 'NONE', #4342, #4683, #3051, .T. ) ;
#2228 = CARTESIAN_POINT ( 'NONE',  ( 0.08464566929133858500, -0.2632954998903845900, 0.1240517771744679800 ) ) ;
#2229 = CIRCLE ( 'NONE', #2178, 0.01999999999999999300 ) ;
#2230 = ADVANCED_FACE ( 'NONE', ( #4965 ), #2883, .T. ) ;
#2231 = VECTOR ( 'NONE', #1462, 39.37007874015748100 ) ;
#2232 = LINE ( 'NONE', #2034, #2551 ) ;
#2233 = CARTESIAN_POINT ( 'NONE',  ( 0.08464566929133858500, 0.1745017349850641100, -0.2164675995059051600 ) ) ;
#2234 = DIRECTION ( 'NONE',  ( -1.000000000000000000, -0.0000000000000000000, -0.0000000000000000000 ) ) ;
#2235 = AXIS2_PLACEMENT_3D ( 'NONE', #5752, #2571, #6277 ) ;
#2236 = DIRECTION ( 'NONE',  ( 0.0000000000000000000, 0.8349063102029687900, 0.5503920904076147200 ) ) ;
#2237 = AXIS2_PLACEMENT_3D ( 'NONE', #924, #4574, #1444 ) ;
#2238 = CYLINDRICAL_SURFACE ( 'NONE', #1182, 0.01000000000000003000 ) ;
#2239 = LINE ( 'NONE', #4195, #3963 ) ;
#2240 = DIRECTION ( 'NONE',  ( 0.0000000000000000000, 0.3420201433256757600, 0.9396926207859059900 ) ) ;
#2241 = VECTOR ( 'NONE', #532, 39.37007874015748900 ) ;
#2242 = CARTESIAN_POINT ( 'NONE',  ( -0.08464566929133861300, 0.0000000000000000000, 0.3937007874015748800 ) ) ;
#2243 = DIRECTION ( 'NONE',  ( -1.000000000000000000, -0.0000000000000000000, -0.0000000000000000000 ) ) ;
#2244 = CIRCLE ( 'NONE', #36, 0.01000000000000004000 ) ;
#2245 = CARTESIAN_POINT ( 'NONE',  ( -0.2459206246614675000, 0.2121467318532800400, -0.04333583315268992000 ) ) ;
#2246 = ORIENTED_EDGE ( 'NONE', *, *, #6227, .F. ) ;
#2247 = LINE ( 'NONE', #4779, #2076 ) ;
#2248 = EDGE_LOOP ( 'NONE', ( #761, #4718 ) ) ;
#2249 = DIRECTION ( 'NONE',  ( 0.0000000000000000000, -0.9848077530122005800, -0.1736481776669728800 ) ) ;
#2250 = ORIENTED_EDGE ( 'NONE', *, *, #4803, .F. ) ;
#2251 = EDGE_CURVE ( 'NONE', #801, #4818, #5702, .T. ) ;
#2252 = DIRECTION ( 'NONE',  ( 0.0000000000000000000, 0.0000000000000000000, 1.000000000000000000 ) ) ;
#2253 = VERTEX_POINT ( 'NONE', #895 ) ;
#2254 = FACE_OUTER_BOUND ( 'NONE', #5273, .T. ) ;
#2255 = ORIENTED_EDGE ( 'NONE', *, *, #1510, .T. ) ;
#2256 = ORIENTED_EDGE ( 'NONE', *, *, #11, .F. ) ;
#2257 = CARTESIAN_POINT ( 'NONE',  ( -0.2615886278536841400, -0.04738063173865955000, 0.03555915923702265100 ) ) ;
#2258 = CARTESIAN_POINT ( 'NONE',  ( -0.08464566929133858500, -0.005859823710934334100, -0.2979874889652428500 ) ) ;
#2259 = DIRECTION ( 'NONE',  ( -1.000000000000000000, -0.0000000000000000000, -0.0000000000000000000 ) ) ;
#2260 = AXIS2_PLACEMENT_3D ( 'NONE', #6007, #6181, #6469 ) ;
#2261 = DIRECTION ( 'NONE',  ( 0.0000000000000000000, 0.6427876096865532400, -0.7660444431189664700 ) ) ;
#2262 = DIRECTION ( 'NONE',  ( 0.0000000000000000000, 0.0000000000000000000, 1.000000000000000000 ) ) ;
#2263 = CYLINDRICAL_SURFACE ( 'NONE', #5070, 0.01000000000000003000 ) ;
#2264 = EDGE_LOOP ( 'NONE', ( #5340, #2003, #271, #4126 ) ) ;
#2265 = CARTESIAN_POINT ( 'NONE',  ( -0.08464566929133858500, -0.07644636819248915000, -0.2808368146679664500 ) ) ;
#2266 = DIRECTION ( 'NONE',  ( 0.0000000000000000000, 0.6427876096865226000, 0.7660444431189921100 ) ) ;
#2267 = VECTOR ( 'NONE', #1719, 39.37007874015748100 ) ;
#2268 = ADVANCED_FACE ( 'NONE', ( #1667 ), #5546, .T. ) ;
#2269 = VERTEX_POINT ( 'NONE', #4536 ) ;
#2270 = ORIENTED_EDGE ( 'NONE', *, *, #3870, .T. ) ;
#2271 = ORIENTED_EDGE ( 'NONE', *, *, #2680, .T. ) ;
#2272 = CARTESIAN_POINT ( 'NONE',  ( -0.2615955922451305100, -0.2136118244372972000, -0.03558406395846731900 ) ) ;
#2273 = EDGE_CURVE ( 'NONE', #2269, #1559, #114, .T. ) ;
#2274 = EDGE_LOOP ( 'NONE', ( #5809, #2116, #2023, #140 ) ) ;
#2275 = AXIS2_PLACEMENT_3D ( 'NONE', #317, #3956, #847 ) ;
#2276 = AXIS2_PLACEMENT_3D ( 'NONE', #1375, #1414, #6139 ) ;
#2277 = VERTEX_POINT ( 'NONE', #515 ) ;
#2278 = DIRECTION ( 'NONE',  ( -1.000000000000000000, -0.0000000000000000000, -0.0000000000000000000 ) ) ;
#2279 = DIRECTION ( 'NONE',  ( 0.0000000000000000000, 0.0000000000000000000, 1.000000000000000000 ) ) ;
#2280 = DIRECTION ( 'NONE',  ( 0.0000000000000000000, -0.8660254037844377100, -0.5000000000000017800 ) ) ;
#2281 = EDGE_LOOP ( 'NONE', ( #5671, #2445, #5211, #3010 ) ) ;
#2282 = DIRECTION ( 'NONE',  ( 1.000000000000000000, -0.0000000000000000000, -0.0000000000000000000 ) ) ;
#2283 = DIRECTION ( 'NONE',  ( -1.000000000000000000, 0.0000000000000000000, -0.0000000000000000000 ) ) ;
#2284 = ORIENTED_EDGE ( 'NONE', *, *, #111, .T. ) ;
#2285 = ORIENTED_EDGE ( 'NONE', *, *, #3354, .T. ) ;
#2286 = CARTESIAN_POINT ( 'NONE',  ( 0.08464566929133858500, 0.0000000000000000000, 0.0000000000000000000 ) ) ;
#2287 = CARTESIAN_POINT ( 'NONE',  ( 0.08464566929133858500, -0.3128601855581033500, -0.01075817735950741800 ) ) ;
#2288 = CARTESIAN_POINT ( 'NONE',  ( -0.08464566929133858500, -0.2903128943442362900, 0.1271138653833172600 ) ) ;
#2289 = CARTESIAN_POINT ( 'NONE',  ( -0.08464566929133858500, 0.1678879356802285600, 0.2377540845825846200 ) ) ;
#2290 = VERTEX_POINT ( 'NONE', #4223 ) ;
#2291 = CARTESIAN_POINT ( 'NONE',  ( 0.08464566929133858500, 0.2327495835104539700, -0.2093438928253214300 ) ) ;
#2292 = DIRECTION ( 'NONE',  ( 0.0000000000000000000, 0.3420201433256757600, 0.9396926207859059900 ) ) ;
#2293 = ORIENTED_EDGE ( 'NONE', *, *, #6788, .F. ) ;
#2294 = ORIENTED_EDGE ( 'NONE', *, *, #3284, .T. ) ;
#2295 = CARTESIAN_POINT ( 'NONE',  ( -0.2342519685039370600, -0.2118934145877079700, 0.04450000000000005300 ) ) ;
#2296 = EDGE_CURVE ( 'NONE', #5405, #3923, #4271, .T. ) ;
#2297 = AXIS2_PLACEMENT_3D ( 'NONE', #2892, #3086, #3061 ) ;
#2298 = ORIENTED_EDGE ( 'NONE', *, *, #3675, .F. ) ;
#2299 = DIRECTION ( 'NONE',  ( 0.0000000000000000000, 0.9848077530122099100, 0.1736481776669199000 ) ) ;
#2300 = ADVANCED_FACE ( 'NONE', ( #2718, #4109 ), #1088, .T. ) ;
#2301 = CARTESIAN_POINT ( 'NONE',  ( 0.08464566929133858500, 0.0000000000000000000, 0.2165354330708661500 ) ) ;
#2302 = VECTOR ( 'NONE', #6212, 39.37007874015748100 ) ;
#2303 = DIRECTION ( 'NONE',  ( 0.0000000000000000000, 0.9848077530122096900, 0.1736481776669207000 ) ) ;
#2304 = CARTESIAN_POINT ( 'NONE',  ( 0.08464566929133858500, -0.1960315511398808600, -0.2045050379644657900 ) ) ;
#2305 = DIRECTION ( 'NONE',  ( -1.000000000000000000, -0.0000000000000000000, -0.0000000000000000000 ) ) ;
#2306 = FACE_BOUND ( 'NONE', #4724, .T. ) ;
#2307 = DIRECTION ( 'NONE',  ( 0.0000000000000000000, 0.9848077530122064700, -0.1736481776669401600 ) ) ;
#2308 = SURFACE_STYLE_FILL_AREA ( #1598 ) ;
#2309 = CYLINDRICAL_SURFACE ( 'NONE', #303, 0.01000000000000003000 ) ;
#2310 = FACE_OUTER_BOUND ( 'NONE', #2274, .T. ) ;
#2311 = AXIS2_PLACEMENT_3D ( 'NONE', #3339, #217, #3861 ) ;
#2312 = FACE_OUTER_BOUND ( 'NONE', #4493, .T. ) ;
#2313 = AXIS2_PLACEMENT_3D ( 'NONE', #3357, #3816, #6368 ) ;
#2314 = DIRECTION ( 'NONE',  ( 0.0000000000000000000, 0.0000000000000000000, 1.000000000000000000 ) ) ;
#2315 = FACE_OUTER_BOUND ( 'NONE', #383, .T. ) ;
#2316 = VECTOR ( 'NONE', #115, 39.37007874015748100 ) ;
#2317 = CIRCLE ( 'NONE', #1952, 0.01000000000000000700 ) ;
#2318 = DIRECTION ( 'NONE',  ( -1.000000000000000000, -0.0000000000000000000, -0.0000000000000000000 ) ) ;
#2319 = VECTOR ( 'NONE', #6436, 39.37007874015748100 ) ;
#2320 = EDGE_CURVE ( 'NONE', #5900, #243, #3953, .T. ) ;
#2321 = CARTESIAN_POINT ( 'NONE',  ( 0.08464566929133858500, 0.0000000000000000000, 0.0000000000000000000 ) ) ;
#2322 = CIRCLE ( 'NONE', #1504, 0.2065157480314960800 ) ;
#2323 = CARTESIAN_POINT ( 'NONE',  ( 0.08464566929133858500, 0.0000000000000000000, 0.0000000000000000000 ) ) ;
#2324 = DIRECTION ( 'NONE',  ( 0.0000000000000000000, 0.8660254037844403700, -0.4999999999999970600 ) ) ;
#2325 = CIRCLE ( 'NONE', #2793, 0.3230450991271856500 ) ;
#2326 = AXIS2_PLACEMENT_3D ( 'NONE', #3121, #521, #1574 ) ;
#2327 = CYLINDRICAL_SURFACE ( 'NONE', #5932, 0.01000000000000003000 ) ;
#2328 = DIRECTION ( 'NONE',  ( -1.000000000000000000, -0.0000000000000000000, -0.0000000000000000000 ) ) ;
#2329 = ORIENTED_EDGE ( 'NONE', *, *, #4599, .F. ) ;
#2330 = DIRECTION ( 'NONE',  ( 0.0000000000000000000, -0.05920037723354933100, -0.9982461196195081500 ) ) ;
#2331 = FACE_OUTER_BOUND ( 'NONE', #4762, .T. ) ;
#2332 = EDGE_LOOP ( 'NONE', ( #3807, #5644, #4545, #6750 ) ) ;
#2333 = VERTEX_POINT ( 'NONE', #4697 ) ;
#2334 = EDGE_CURVE ( 'NONE', #3188, #3574, #1349, .T. ) ;
#2335 = EDGE_CURVE ( 'NONE', #3499, #5667, #2547, .T. ) ;
#2336 = ADVANCED_FACE ( 'NONE', ( #5378 ), #3703, .F. ) ;
#2337 = EDGE_CURVE ( 'NONE', #1858, #4633, #3785, .T. ) ;
#2338 = ORIENTED_EDGE ( 'NONE', *, *, #465, .T. ) ;
#2339 = DIRECTION ( 'NONE',  ( -1.000000000000000000, -0.0000000000000000000, -0.0000000000000000000 ) ) ;
#2340 = LINE ( 'NONE', #2009, #3741 ) ;
#2341 = DIRECTION ( 'NONE',  ( -1.000000000000000000, -0.0000000000000000000, -0.0000000000000000000 ) ) ;
#2342 = DIRECTION ( 'NONE',  ( 0.0000000000000000000, -0.9848077530122073500, 0.1736481776669339900 ) ) ;
#2343 = AXIS2_PLACEMENT_3D ( 'NONE', #2477, #955, #1490 ) ;
#2344 = CARTESIAN_POINT ( 'NONE',  ( 0.08464566929133858500, 0.1074241567854180700, -0.2780124667216846700 ) ) ;
#2345 = DIRECTION ( 'NONE',  ( -1.000000000000000000, -0.0000000000000000000, -0.0000000000000000000 ) ) ;
#2346 = DIRECTION ( 'NONE',  ( 0.0000000000000000000, -0.3420201433256634400, 0.9396926207859104300 ) ) ;
#2347 = CARTESIAN_POINT ( 'NONE',  ( -0.08464566929133858500, 0.3228542786274534200, -0.01110183957909088900 ) ) ;
#2348 = ORIENTED_EDGE ( 'NONE', *, *, #5683, .F. ) ;
#2349 = VERTEX_POINT ( 'NONE', #3178 ) ;
#2350 = VERTEX_POINT ( 'NONE', #5725 ) ;
#2351 = CARTESIAN_POINT ( 'NONE',  ( -0.08464566929133858500, 0.2609946473093038800, 0.1439189882872515800 ) ) ;
#2352 = EDGE_CURVE ( 'NONE', #680, #1883, #6446, .T. ) ;
#2353 = DIRECTION ( 'NONE',  ( -1.000000000000000000, -0.0000000000000000000, -0.0000000000000000000 ) ) ;
#2354 = DIRECTION ( 'NONE',  ( -1.000000000000000000, -0.0000000000000000000, -0.0000000000000000000 ) ) ;
#2355 = ORIENTED_EDGE ( 'NONE', *, *, #5061, .F. ) ;
#2356 = ORIENTED_EDGE ( 'NONE', *, *, #3763, .T. ) ;
#2357 = ORIENTED_EDGE ( 'NONE', *, *, #5712, .F. ) ;
#2358 = DIRECTION ( 'NONE',  ( -1.000000000000000000, -0.0000000000000000000, -0.0000000000000000000 ) ) ;
#2359 = EDGE_CURVE ( 'NONE', #6746, #680, #6623, .T. ) ;
#2360 = AXIS2_PLACEMENT_3D ( 'NONE', #320, #3960, #854 ) ;
#2361 = ORIENTED_EDGE ( 'NONE', *, *, #5775, .T. ) ;
#2362 = ORIENTED_EDGE ( 'NONE', *, *, #1076, .F. ) ;
#2363 = CARTESIAN_POINT ( 'NONE',  ( -0.08464566929133858500, 0.0000000000000000000, 0.0000000000000000000 ) ) ;
#2364 = AXIS2_PLACEMENT_3D ( 'NONE', #1757, #5453, #2280 ) ;
#2365 = ORIENTED_EDGE ( 'NONE', *, *, #1038, .T. ) ;
#2366 = ADVANCED_FACE ( 'NONE', ( #5205, #1021 ), #5220, .F. ) ;
#2367 = DIRECTION ( 'NONE',  ( 0.0000000000000000000, -0.6870103571193959500, -0.7266476238251110600 ) ) ;
#2368 = CARTESIAN_POINT ( 'NONE',  ( 0.08464566929133858500, 0.0000000000000000000, 0.0000000000000000000 ) ) ;
#2369 =( NAMED_UNIT ( * ) SI_UNIT ( $, .STERADIAN. ) SOLID_ANGLE_UNIT ( ) );
#2370 = ORIENTED_EDGE ( 'NONE', *, *, #2454, .F. ) ;
#2371 = CARTESIAN_POINT ( 'NONE',  ( 0.08464566929133858500, 0.2944779371424640100, 0.04597418460454713600 ) ) ;
#2372 = ORIENTED_EDGE ( 'NONE', *, *, #4769, .F. ) ;
#2373 = CARTESIAN_POINT ( 'NONE',  ( -0.3148031496062991800, 2.651553177917665100E-017, 0.2165157480314960600 ) ) ;
#2374 = ORIENTED_EDGE ( 'NONE', *, *, #5117, .T. ) ;
#2375 = EDGE_CURVE ( 'NONE', #1883, #1550, #2384, .T. ) ;
#2376 = CARTESIAN_POINT ( 'NONE',  ( 0.08464566929133858500, -0.08913758683654278400, -0.06683547959719866900 ) ) ;
#2377 = AXIS2_PLACEMENT_3D ( 'NONE', #336, #356, #378 ) ;
#2378 = PLANE ( 'NONE',  #538 ) ;
#2379 = DIRECTION ( 'NONE',  ( 0.0000000000000000000, -0.3970504385406656300, -0.9177967908282666000 ) ) ;
#2380 = VECTOR ( 'NONE', #6555, 39.37007874015748900 ) ;
#2381 = FACE_OUTER_BOUND ( 'NONE', #1615, .T. ) ;
#2382 = DIRECTION ( 'NONE',  ( 1.000000000000000000, 0.0000000000000000000, 0.0000000000000000000 ) ) ;
#2383 = DIRECTION ( 'NONE',  ( 0.0000000000000000000, 0.0000000000000000000, 1.000000000000000000 ) ) ;
#2384 = CIRCLE ( 'NONE', #1807, 0.4330708661417324000 ) ;
#2385 = VECTOR ( 'NONE', #5719, 39.37007874015748100 ) ;
#2386 = VECTOR ( 'NONE', #6692, 39.37007874015748100 ) ;
#2387 = DIRECTION ( 'NONE',  ( 0.0000000000000000000, 0.9933605556394440300, 0.1150426290541691100 ) ) ;
#2388 = VECTOR ( 'NONE', #474, 39.37007874015748100 ) ;
#2389 = FACE_OUTER_BOUND ( 'NONE', #216, .T. ) ;
#2390 = DIRECTION ( 'NONE',  ( -1.000000000000000000, -0.0000000000000000000, -0.0000000000000000000 ) ) ;
#2391 = ADVANCED_FACE ( 'NONE', ( #868 ), #3453, .F. ) ;
#2392 = B_SPLINE_CURVE_WITH_KNOTS ( 'NONE', 3,
 ( #912, #1384, #873, #864, #842, #792, #748, #731, #723, #693, #671, #648, #626, #603, #582, #558, #511, #466 ),
 .UNSPECIFIED., .F., .F.,
 ( 4, 2, 2, 2, 2, 2, 2, 2, 4 ),
 ( 0.003543277999739728100, 0.003986072182052770700, 0.004428866364365813600, 0.004871660546678856600, 0.005314454728991899500, 0.005757248911304942500, 0.006200043093617985500, 0.006642837275931027600, 0.007085631458244070500 ),
 .UNSPECIFIED. ) ;
#2393 = EDGE_CURVE ( 'NONE', #53, #6798, #4873, .T. ) ;
#2394 = ADVANCED_FACE ( 'NONE', ( #2225 ), #6121, .T. ) ;
#2395 = LINE ( 'NONE', #5769, #6458 ) ;
#2396 = LINE ( 'NONE', #1342, #2556 ) ;
#2397 = AXIS2_PLACEMENT_3D ( 'NONE', #2287, #3343, #3846 ) ;
#2398 = AXIS2_PLACEMENT_3D ( 'NONE', #4360, #2278, #4913 ) ;
#2399 = CARTESIAN_POINT ( 'NONE',  ( 0.08464566929133858500, -0.04373286461477388100, 0.3099752742399549700 ) ) ;
#2400 = LINE ( 'NONE', #5872, #4891 ) ;
#2401 = ORIENTED_EDGE ( 'NONE', *, *, #4841, .T. ) ;
#2402 = CYLINDRICAL_SURFACE ( 'NONE', #1638, 0.01000000000000003000 ) ;
#2403 = ORIENTED_EDGE ( 'NONE', *, *, #2861, .T. ) ;
#2404 = DIRECTION ( 'NONE',  ( 0.0000000000000000000, 0.8349063102029601300, -0.5503920904076278200 ) ) ;
#2405 = CARTESIAN_POINT ( 'NONE',  ( 0.08464566929133858500, 0.2609946473093019400, -0.1439189882872550800 ) ) ;
#2406 = ORIENTED_EDGE ( 'NONE', *, *, #2451, .F. ) ;
#2407 = VECTOR ( 'NONE', #1417, 39.37007874015748900 ) ;
#2408 = VERTEX_POINT ( 'NONE', #6687 ) ;
#2409 = ORIENTED_EDGE ( 'NONE', *, *, #5695, .F. ) ;
#2410 = EDGE_LOOP ( 'NONE', ( #2085, #6656, #3199, #6491 ) ) ;
#2411 = ORIENTED_EDGE ( 'NONE', *, *, #3281, .T. ) ;
#2412 = CARTESIAN_POINT ( 'NONE',  ( 0.08464566929133858500, -0.1066210128960360700, -0.03231795675863605900 ) ) ;
#2413 = DIRECTION ( 'NONE',  ( -1.000000000000000000, -0.0000000000000000000, -0.0000000000000000000 ) ) ;
#2414 = LINE ( 'NONE', #2166, #897 ) ;
#2415 = CARTESIAN_POINT ( 'NONE',  ( 0.1240157480314961100, 0.0000000000000000000, 0.0000000000000000000 ) ) ;
#2416 = VERTEX_POINT ( 'NONE', #4672 ) ;
#2417 = EDGE_CURVE ( 'NONE', #1568, #1144, #691, .T. ) ;
#2418 = VECTOR ( 'NONE', #5909, 39.37007874015748100 ) ;
#2419 = ORIENTED_EDGE ( 'NONE', *, *, #3989, .F. ) ;
#2420 = ORIENTED_EDGE ( 'NONE', *, *, #6488, .T. ) ;
#2421 = ORIENTED_EDGE ( 'NONE', *, *, #2109, .F. ) ;
#2422 = DIRECTION ( 'NONE',  ( 0.0000000000000000000, 0.3420201433256763200, 0.9396926207859056500 ) ) ;
#2423 = ADVANCED_FACE ( 'NONE', ( #3616 ), #1910, .F. ) ;
#2424 = DIRECTION ( 'NONE',  ( 0.0000000000000000000, 0.0000000000000000000, 1.000000000000000000 ) ) ;
#2425 = DIRECTION ( 'NONE',  ( 0.0000000000000000000, 0.9848077530122061300, -0.1736481776669418800 ) ) ;
#2426 = DIRECTION ( 'NONE',  ( 0.0000000000000000000, 0.9848077530122096900, 0.1736481776669207000 ) ) ;
#2427 = ORIENTED_EDGE ( 'NONE', *, *, #1841, .T. ) ;
#2428 = ORIENTED_EDGE ( 'NONE', *, *, #6753, .T. ) ;
#2429 = EDGE_LOOP ( 'NONE', ( #2401, #4585, #5442, #4466 ) ) ;
#2430 = CARTESIAN_POINT ( 'NONE',  ( 0.08464566929133858500, -0.2327495835104525000, 0.2193438928253231000 ) ) ;
#2431 = DIRECTION ( 'NONE',  ( 0.0000000000000000000, -0.8941066874365023500, 0.4478540292118902700 ) ) ;
#2432 = ORIENTED_EDGE ( 'NONE', *, *, #2334, .F. ) ;
#2433 = DIRECTION ( 'NONE',  ( 1.000000000000000000, -0.0000000000000000000, -0.0000000000000000000 ) ) ;
#2434 = CARTESIAN_POINT ( 'NONE',  ( 0.08464566929133858500, 0.2388138168057127600, -0.04611691108669952600 ) ) ;
#2435 = ORIENTED_EDGE ( 'NONE', *, *, #5856, .T. ) ;
#2436 = AXIS2_PLACEMENT_3D ( 'NONE', #5654, #5318, #5260 ) ;
#2437 = VERTEX_POINT ( 'NONE', #3625 ) ;
#2438 = EDGE_LOOP ( 'NONE', ( #158, #6742 ) ) ;
#2439 = ORIENTED_EDGE ( 'NONE', *, *, #5552, .F. ) ;
#2440 = ORIENTED_EDGE ( 'NONE', *, *, #2337, .F. ) ;
#2441 = EDGE_CURVE ( 'NONE', #4755, #4329, #4699, .T. ) ;
#2442 = VERTEX_POINT ( 'NONE', #1040 ) ;
#2443 = AXIS2_PLACEMENT_3D ( 'NONE', #728, #1279, #1788 ) ;
#2444 = ORIENTED_EDGE ( 'NONE', *, *, #4816, .F. ) ;
#2445 = ORIENTED_EDGE ( 'NONE', *, *, #3082, .T. ) ;
#2446 = CARTESIAN_POINT ( 'NONE',  ( 0.08464566929133858500, -0.2898450449421468000, 0.02651817499671215600 ) ) ;
#2447 = AXIS2_PLACEMENT_3D ( 'NONE', #5517, #2339, #6035 ) ;
#2448 = CARTESIAN_POINT ( 'NONE',  ( 0.08464566929133858500, -0.02421575952749973500, -0.2900464801944296900 ) ) ;
#2449 = VERTEX_POINT ( 'NONE', #512 ) ;
#2450 = EDGE_CURVE ( 'NONE', #87, #4250, #5954, .T. ) ;
#2451 = EDGE_CURVE ( 'NONE', #4670, #5402, #3296, .T. ) ;
#2452 = DIRECTION ( 'NONE',  ( -1.000000000000000000, -0.0000000000000000000, -0.0000000000000000000 ) ) ;
#2453 = CARTESIAN_POINT ( 'NONE',  ( 0.08464566929133858500, -0.2544568510059125300, 0.1990222275180540100 ) ) ;
#2454 = EDGE_CURVE ( 'NONE', #1046, #1637, #6278, .T. ) ;
#2455 = CARTESIAN_POINT ( 'NONE',  ( -0.1240157480314960400, 0.0000000000000000000, -0.2165354330708660900 ) ) ;
#2456 = CARTESIAN_POINT ( 'NONE',  ( -0.08464566929133858500, 0.1678879356802253100, -0.2377540845825869300 ) ) ;
#2457 = ADVANCED_FACE ( 'NONE', ( #3132 ), #2963, .F. ) ;
#2458 = VECTOR ( 'NONE', #1495, 39.37007874015748100 ) ;
#2459 = CIRCLE ( 'NONE', #1678, 0.02000000000000000400 ) ;
#2460 = COLOUR_RGB ( '',0.8666666666666667000, 0.8666666666666667000, 0.8901960784313725000 ) ;
#2461 = AXIS2_PLACEMENT_3D ( 'NONE', #545, #3664, #17 ) ;
#2462 = CIRCLE ( 'NONE', #6772, 0.01000000000000000200 ) ;
#2463 = FACE_OUTER_BOUND ( 'NONE', #3553, .T. ) ;
#2464 = DIRECTION ( 'NONE',  ( -1.000000000000000000, -0.0000000000000000000, -0.0000000000000000000 ) ) ;
#2465 = VECTOR ( 'NONE', #5124, 39.37007874015748100 ) ;
#2466 = CARTESIAN_POINT ( 'NONE',  ( 0.08464566929133858500, -0.04373286461477388100, 0.3099752742399549700 ) ) ;
#2467 = CIRCLE ( 'NONE', #930, 0.4330708661417324000 ) ;
#2468 = CIRCLE ( 'NONE', #325, 0.3230450991271856000 ) ;
#2469 = CARTESIAN_POINT ( 'NONE',  ( 0.08464566929133858500, 0.1471132378873009600, 0.2763239572057838400 ) ) ;
#2470 = VECTOR ( 'NONE', #3443, 39.37007874015748100 ) ;
#2471 = ORIENTED_EDGE ( 'NONE', *, *, #6619, .T. ) ;
#2472 = VECTOR ( 'NONE', #4860, 39.37007874015748100 ) ;
#2473 = EDGE_CURVE ( 'NONE', #3404, #5771, #4359, .T. ) ;
#2474 = DIRECTION ( 'NONE',  ( 0.0000000000000000000, -0.2316446100158494300, -0.9728004803918454100 ) ) ;
#2475 = DIRECTION ( 'NONE',  ( -1.000000000000000000, -0.0000000000000000000, -0.0000000000000000000 ) ) ;
#2476 = CIRCLE ( 'NONE', #1166, 0.01000000000000004200 ) ;
#2477 = CARTESIAN_POINT ( 'NONE',  ( 0.08464566929133858500, 0.2903128943442387900, 0.1171138653833113700 ) ) ;
#2478 = LINE ( 'NONE', #5244, #4976 ) ;
#2479 = DIRECTION ( 'NONE',  ( 0.0000000000000000000, 0.0000000000000000000, 1.000000000000000000 ) ) ;
#2480 = CARTESIAN_POINT ( 'NONE',  ( -0.1909302943037515500, -0.2162656470965344800, 0.01170744870358930700 ) ) ;
#2481 = EDGE_CURVE ( 'NONE', #3510, #2987, #366, .T. ) ;
#2482 = CIRCLE ( 'NONE', #4504, 0.3230450991271857100 ) ;
#2483 = CARTESIAN_POINT ( 'NONE',  ( 0.08464566929133858500, -0.1074241567854200400, -0.2580124667216839900 ) ) ;
#2484 = ORIENTED_EDGE ( 'NONE', *, *, #6779, .F. ) ;
#2485 = FACE_OUTER_BOUND ( 'NONE', #4726, .T. ) ;
#2486 = ORIENTED_EDGE ( 'NONE', *, *, #5193, .F. ) ;
#2487 = ORIENTED_EDGE ( 'NONE', *, *, #1332, .F. ) ;
#2488 = PRESENTATION_LAYER_ASSIGNMENT (  '', '', ( #2138 ) ) ;
#2489 = ORIENTED_EDGE ( 'NONE', *, *, #5865, .T. ) ;
#2490 = AXIS2_PLACEMENT_3D ( 'NONE', #5315, #2134, #5843 ) ;
#2491 = CARTESIAN_POINT ( 'NONE',  ( 0.08464566929133858500, 0.08913758683654324200, 0.06683547959719803000 ) ) ;
#2492 = ADVANCED_FACE ( 'NONE', ( #203 ), #2797, .T. ) ;
#2493 = EDGE_LOOP ( 'NONE', ( #665, #5258, #5176, #663 ) ) ;
#2494 = CARTESIAN_POINT ( 'NONE',  ( 0.08464566929133858500, 0.04373286461478003600, 0.3099752742399541300 ) ) ;
#2495 = EDGE_CURVE ( 'NONE', #3352, #258, #4183, .T. ) ;
#2496 = CIRCLE ( 'NONE', #497, 0.3230450991271856000 ) ;
#2497 = CARTESIAN_POINT ( 'NONE',  ( 0.08464566929133858500, 0.2390797403628888200, 0.1659947030199609400 ) ) ;
#2498 = CARTESIAN_POINT ( 'NONE',  ( -0.08464566929133858500, 0.0000000000000000000, 0.0000000000000000000 ) ) ;
#2499 = CARTESIAN_POINT ( 'NONE',  ( 0.08464566929133858500, 0.2903128943442371800, -0.1171138653833152200 ) ) ;
#2500 = CARTESIAN_POINT ( 'NONE',  ( -0.08464566929133858500, 0.2401844939336561000, 0.03834341481042864700 ) ) ;
#2501 = AXIS2_PLACEMENT_3D ( 'NONE', #5346, #5415, #5684 ) ;
#2502 = EDGE_LOOP ( 'NONE', ( #3970, #3635, #4419, #4674 ) ) ;
#2503 = ORIENTED_EDGE ( 'NONE', *, *, #4912, .T. ) ;
#2504 = ORIENTED_EDGE ( 'NONE', *, *, #4202, .T. ) ;
#2505 = DIRECTION ( 'NONE',  ( 1.000000000000000000, -0.0000000000000000000, -0.0000000000000000000 ) ) ;
#2506 = CARTESIAN_POINT ( 'NONE',  ( -0.1240157480314961300, 0.0000000000000000000, 0.0000000000000000000 ) ) ;
#2507 = VERTEX_POINT ( 'NONE', #2114 ) ;
#2508 = ORIENTED_EDGE ( 'NONE', *, *, #293, .T. ) ;
#2509 = CARTESIAN_POINT ( 'NONE',  ( -0.08464566929133858500, 0.2728187752609128600, 0.05365624859959938100 ) ) ;
#2510 = EDGE_CURVE ( 'NONE', #3686, #1148, #5782, .T. ) ;
#2511 = ORIENTED_EDGE ( 'NONE', *, *, #238, .F. ) ;
#2512 = VERTEX_POINT ( 'NONE', #3175 ) ;
#2513 = DIRECTION ( 'NONE',  ( 0.0000000000000000000, 0.0000000000000000000, 1.000000000000000000 ) ) ;
#2514 = EDGE_LOOP ( 'NONE', ( #2916, #6402 ) ) ;
#2515 = ORIENTED_EDGE ( 'NONE', *, *, #5865, .F. ) ;
#2516 = ORIENTED_EDGE ( 'NONE', *, *, #3938, .T. ) ;
#2517 = EDGE_CURVE ( 'NONE', #4773, #6385, #523, .T. ) ;
#2518 = DIRECTION ( 'NONE',  ( 0.0000000000000000000, -0.6427876096865404700, -0.7660444431189771300 ) ) ;
#2519 = EDGE_LOOP ( 'NONE', ( #966, #1487, #1688, #6511 ) ) ;
#2520 = DIRECTION ( 'NONE',  ( -1.000000000000000000, -0.0000000000000000000, -0.0000000000000000000 ) ) ;
#2521 = AXIS2_PLACEMENT_3D ( 'NONE', #1577, #1058, #4719 ) ;
#2522 = CARTESIAN_POINT ( 'NONE',  ( 0.08464566929133858500, -0.3031758419731588300, -0.08854604252560902000 ) ) ;
#2523 = AXIS2_PLACEMENT_3D ( 'NONE', #4393, #4485, #4371 ) ;
#2524 = DIRECTION ( 'NONE',  ( 0.0000000000000000000, 0.0000000000000000000, 1.000000000000000000 ) ) ;
#2525 = ADVANCED_FACE ( 'NONE', ( #1422 ), #2625, .T. ) ;
#2526 = DIRECTION ( 'NONE',  ( 0.0000000000000000000, -0.9728004803918451900, 0.2316446100158494100 ) ) ;
#2527 = ORIENTED_EDGE ( 'NONE', *, *, #4041, .F. ) ;
#2528 = VERTEX_POINT ( 'NONE', #4792 ) ;
#2529 = ORIENTED_EDGE ( 'NONE', *, *, #2222, .T. ) ;
#2530 = EDGE_CURVE ( 'NONE', #3901, #2121, #4031, .T. ) ;
#2531 = DIRECTION ( 'NONE',  ( -1.000000000000000000, -0.0000000000000000000, -0.0000000000000000000 ) ) ;
#2532 = CARTESIAN_POINT ( 'NONE',  ( 0.08464566929133858500, 0.04373286461477592100, -0.3099752742399546900 ) ) ;
#2533 = CARTESIAN_POINT ( 'NONE',  ( 0.08464566929133858500, 0.0000000000000000000, 0.0000000000000000000 ) ) ;
#2534 = STYLED_ITEM ( 'NONE', ( #794 ), #3641 ) ;
#2535 = CARTESIAN_POINT ( 'NONE',  ( -0.08464566929133858500, -0.1532986182605020100, 0.1888341659364426700 ) ) ;
#2536 = VECTOR ( 'NONE', #2379, 39.37007874015748100 ) ;
#2537 = EDGE_CURVE ( 'NONE', #5831, #6008, #31, .T. ) ;
#2538 = FACE_OUTER_BOUND ( 'NONE', #4999, .T. ) ;
#2539 = CARTESIAN_POINT ( 'NONE',  ( -0.08464566929133858500, -0.04373286461477388100, 0.3099752742399549700 ) ) ;
#2540 = EDGE_CURVE ( 'NONE', #5913, #5098, #5461, .T. ) ;
#2541 = CARTESIAN_POINT ( 'NONE',  ( 0.08464566929133858500, -0.07644636819248915000, -0.2808368146679664500 ) ) ;
#2542 = CYLINDRICAL_SURFACE ( 'NONE', #191, 0.01000000000000003000 ) ;
#2543 = CARTESIAN_POINT ( 'NONE',  ( -0.2069337532143967200, -0.04737012159550771400, -0.03557191257697509700 ) ) ;
#2544 = CARTESIAN_POINT ( 'NONE',  ( 0.08464566929133858500, -0.04373286461477388100, 0.3199752742399550300 ) ) ;
#2545 = EDGE_CURVE ( 'NONE', #3403, #5595, #5622, .T. ) ;
#2546 = DIRECTION ( 'NONE',  ( 0.0000000000000000000, 0.0000000000000000000, 1.000000000000000000 ) ) ;
#2547 = CIRCLE ( 'NONE', #59, 0.3230450991271856000 ) ;
#2548 = CARTESIAN_POINT ( 'NONE',  ( 0.08464566929133858500, 0.0000000000000000000, 0.2780450991271856700 ) ) ;
#2549 = VECTOR ( 'NONE', #4527, 39.37007874015748100 ) ;
#2550 = CIRCLE ( 'NONE', #1585, 0.01000000000000004900 ) ;
#2551 = VECTOR ( 'NONE', #2054, 39.37007874015748100 ) ;
#2552 = VECTOR ( 'NONE', #2243, 39.37007874015748100 ) ;
#2553 = CARTESIAN_POINT ( 'NONE',  ( -0.08464566929133858500, -0.03455489670649111700, 0.3139457786253614900 ) ) ;
#2554 = AXIS2_PLACEMENT_3D ( 'NONE', #2136, #1408, #3011 ) ;
#2555 = LINE ( 'NONE', #1563, #3797 ) ;
#2556 = VECTOR ( 'NONE', #816, 39.37007874015748100 ) ;
#2557 = ADVANCED_FACE ( 'NONE', ( #1269 ), #6535, .F. ) ;
#2558 = DIRECTION ( 'NONE',  ( 0.0000000000000000000, 0.0000000000000000000, 1.000000000000000000 ) ) ;
#2559 = CYLINDRICAL_SURFACE ( 'NONE', #5799, 0.3230450991271856500 ) ;
#2560 = EDGE_LOOP ( 'NONE', ( #6017, #5066, #2912, #3282 ) ) ;
#2561 = EDGE_LOOP ( 'NONE', ( #6583, #3235 ) ) ;
#2562 = LINE ( 'NONE', #6268, #5400 ) ;
#2563 = DIRECTION ( 'NONE',  ( 1.000000000000000000, 0.0000000000000000000, 0.0000000000000000000 ) ) ;
#2564 = VERTEX_POINT ( 'NONE', #3766 ) ;
#2565 = EDGE_CURVE ( 'NONE', #91, #2588, #1098, .T. ) ;
#2566 = DIRECTION ( 'NONE',  ( 0.0000000000000000000, -0.8660254037844399300, -0.4999999999999977200 ) ) ;
#2567 = ORIENTED_EDGE ( 'NONE', *, *, #763, .F. ) ;
#2568 = DIRECTION ( 'NONE',  ( -1.000000000000000000, -0.0000000000000000000, -0.0000000000000000000 ) ) ;
#2569 = CIRCLE ( 'NONE', #863, 0.02000000000000002500 ) ;
#2570 = ORIENTED_EDGE ( 'NONE', *, *, #1369, .T. ) ;
#2571 = DIRECTION ( 'NONE',  ( 1.000000000000000000, 0.0000000000000000000, 0.0000000000000000000 ) ) ;
#2572 = CARTESIAN_POINT ( 'NONE',  ( -0.08464566929133858500, 0.1753298700092146000, -0.2627078786135518300 ) ) ;
#2573 = EDGE_LOOP ( 'NONE', ( #4838, #1394 ) ) ;
#2574 = EDGE_CURVE ( 'NONE', #5734, #4167, #2459, .T. ) ;
#2575 = CARTESIAN_POINT ( 'NONE',  ( 0.08464566929133858500, 0.2903128943442387900, 0.1171138653833113700 ) ) ;
#2576 = AXIS2_PLACEMENT_3D ( 'NONE', #471, #2029, #2546 ) ;
#2577 = AXIS2_PLACEMENT_3D ( 'NONE', #6158, #2985, #6693 ) ;
#2578 = CARTESIAN_POINT ( 'NONE',  ( 0.08464566929133858500, 0.2903128943442387900, 0.1171138653833113700 ) ) ;
#2579 = VECTOR ( 'NONE', #3704, 39.37007874015748100 ) ;
#2580 = ORIENTED_EDGE ( 'NONE', *, *, #601, .T. ) ;
#2581 = ORIENTED_EDGE ( 'NONE', *, *, #6812, .F. ) ;
#2582 = PLANE ( 'NONE',  #5890 ) ;
#2583 = VERTEX_POINT ( 'NONE', #1177 ) ;
#2584 = CARTESIAN_POINT ( 'NONE',  ( 0.08464566929133858500, 0.08994171327143323000, 0.2630961143051067700 ) ) ;
#2585 = CARTESIAN_POINT ( 'NONE',  ( 0.08464566929133858500, -0.2903128943442362900, 0.1271138653833172600 ) ) ;
#2586 = DIRECTION ( 'NONE',  ( 0.0000000000000000000, 0.6427876096865458000, 0.7660444431189726800 ) ) ;
#2587 = FACE_OUTER_BOUND ( 'NONE', #4565, .T. ) ;
#2588 = VERTEX_POINT ( 'NONE', #5381 ) ;
#2589 = ORIENTED_EDGE ( 'NONE', *, *, #959, .F. ) ;
#2590 = CARTESIAN_POINT ( 'NONE',  ( 0.08464566929133858500, 0.2086386688544358800, -0.1250148568936514700 ) ) ;
#2591 = EDGE_LOOP ( 'NONE', ( #1143, #6058, #3646, #1362 ) ) ;
#2592 = EDGE_CURVE ( 'NONE', #1363, #2512, #3869, .T. ) ;
#2593 = CARTESIAN_POINT ( 'NONE',  ( -0.08464566929133858500, 0.0000000000000000000, 0.0000000000000000000 ) ) ;
#2594 = DIRECTION ( 'NONE',  ( -1.000000000000000000, -0.0000000000000000000, -0.0000000000000000000 ) ) ;
#2595 = ORIENTED_EDGE ( 'NONE', *, *, #3193, .T. ) ;
#2596 = DIRECTION ( 'NONE',  ( -1.000000000000000000, -0.0000000000000000000, -0.0000000000000000000 ) ) ;
#2597 = ORIENTED_EDGE ( 'NONE', *, *, #917, .T. ) ;
#2598 = ORIENTED_EDGE ( 'NONE', *, *, #6532, .F. ) ;
#2599 = DIRECTION ( 'NONE',  ( 0.0000000000000000000, 0.0000000000000000000, 1.000000000000000000 ) ) ;
#2600 = DIRECTION ( 'NONE',  ( 1.000000000000000000, 0.0000000000000000000, 0.0000000000000000000 ) ) ;
#2601 = AXIS2_PLACEMENT_3D ( 'NONE', #1381, #4596, #1403 ) ;
#2602 = ORIENTED_EDGE ( 'NONE', *, *, #5557, .F. ) ;
#2603 = CARTESIAN_POINT ( 'NONE',  ( -0.08464566929133858500, -0.2327495835104525000, 0.2093438928253230600 ) ) ;
#2604 = VERTEX_POINT ( 'NONE', #5905 ) ;
#2605 = CARTESIAN_POINT ( 'NONE',  ( 0.08464566929133858500, 0.0000000000000000000, 0.0000000000000000000 ) ) ;
#2606 = ORIENTED_EDGE ( 'NONE', *, *, #3742, .T. ) ;
#2607 = DIRECTION ( 'NONE',  ( 0.0000000000000000000, 0.0000000000000000000, -1.000000000000000000 ) ) ;
#2608 = VERTEX_POINT ( 'NONE', #1202 ) ;
#2609 = CARTESIAN_POINT ( 'NONE',  ( 0.08464566929133858500, 0.2891624680536971100, 0.1270474709397057800 ) ) ;
#2610 = VERTEX_POINT ( 'NONE', #3788 ) ;
#2611 = CARTESIAN_POINT ( 'NONE',  ( -0.08464566929133858500, 0.0000000000000000000, 0.0000000000000000000 ) ) ;
#2612 = EDGE_CURVE ( 'NONE', #2205, #5734, #3705, .T. ) ;
#2613 = DIRECTION ( 'NONE',  ( 0.0000000000000000000, 0.0000000000000000000, 1.000000000000000000 ) ) ;
#2614 = DIRECTION ( 'NONE',  ( -0.4472135954999580400, 1.095357396528405400E-016, -0.8944271909999158600 ) ) ;
#2615 = DIRECTION ( 'NONE',  ( -1.000000000000000000, 0.0000000000000000000, 0.0000000000000000000 ) ) ;
#2616 = ORIENTED_EDGE ( 'NONE', *, *, #2537, .T. ) ;
#2617 = AXIS2_PLACEMENT_3D ( 'NONE', #2875, #6597, #3405 ) ;
#2618 = DIRECTION ( 'NONE',  ( -1.000000000000000000, -0.0000000000000000000, -0.0000000000000000000 ) ) ;
#2619 = CARTESIAN_POINT ( 'NONE',  ( -0.08464566929133858500, -0.1828770619894807500, 0.2094398657055101000 ) ) ;
#2620 = ADVANCED_BREP_SHAPE_REPRESENTATION ( '18t pulley', ( #3641, #4761, #4882, #6716 ), #3863 ) ;
#2621 = DIRECTION ( 'NONE',  ( -0.4472135954999572100, 0.0000000000000000000, 0.8944271909999161900 ) ) ;
#2622 = FACE_BOUND ( 'NONE', #2913, .T. ) ;
#2623 = DIRECTION ( 'NONE',  ( 1.000000000000000000, 0.0000000000000000000, 0.0000000000000000000 ) ) ;
#2624 =( CONVERSION_BASED_UNIT ( 'INCH', #6191 ) LENGTH_UNIT ( ) NAMED_UNIT ( #3630 ) );
#2625 = CYLINDRICAL_SURFACE ( 'NONE', #636, 0.01000000000000003000 ) ;
#2626 = LINE ( 'NONE', #6415, #1282 ) ;
#2627 = CIRCLE ( 'NONE', #411, 0.01000000000000003100 ) ;
#2628 = LINE ( 'NONE', #5774, #3874 ) ;
#2629 = CIRCLE ( 'NONE', #2050, 0.2780450991271856700 ) ;
#2630 = DIRECTION ( 'NONE',  ( 1.000000000000000000, 0.0000000000000000000, 0.0000000000000000000 ) ) ;
#2631 = VECTOR ( 'NONE', #404, 39.37007874015748100 ) ;
#2632 = EDGE_CURVE ( 'NONE', #4049, #1471, #6696, .T. ) ;
#2633 = DIRECTION ( 'NONE',  ( 1.000000000000000000, 0.0000000000000000000, 0.0000000000000000000 ) ) ;
#2634 = VECTOR ( 'NONE', #5383, 39.37007874015748100 ) ;
#2635 = ADVANCED_FACE ( 'NONE', ( #2140, #2306 ), #4781, .F. ) ;
#2636 = AXIS2_PLACEMENT_3D ( 'NONE', #1176, #1135, #1105 ) ;
#2637 = LINE ( 'NONE', #3342, #2470 ) ;
#2638 = CARTESIAN_POINT ( 'NONE',  ( 0.08464566929133858500, 0.0000000000000000000, 0.0000000000000000000 ) ) ;
#2639 = CARTESIAN_POINT ( 'NONE',  ( 0.08464566929133858500, -0.2898450449421471900, -0.02651817499670818700 ) ) ;
#2640 = CARTESIAN_POINT ( 'NONE',  ( 0.08464566929133858500, 0.07644636819248719400, -0.2808368146679670100 ) ) ;
#2641 = CIRCLE ( 'NONE', #610, 0.01000000000000003100 ) ;
#2642 = ORIENTED_EDGE ( 'NONE', *, *, #103, .F. ) ;
#2643 = FACE_OUTER_BOUND ( 'NONE', #4640, .T. ) ;
#2644 = CARTESIAN_POINT ( 'NONE',  ( 0.08464566929133858500, 0.07490479875482190800, -0.3068310022252972400 ) ) ;
#2645 = LINE ( 'NONE', #3359, #6717 ) ;
#2646 = PLANE ( 'NONE',  #1440 ) ;
#2647 = DIRECTION ( 'NONE',  ( 0.0000000000000000000, 0.6427876096865458000, 0.7660444431189726800 ) ) ;
#2648 = ORIENTED_EDGE ( 'NONE', *, *, #2911, .T. ) ;
#2649 = LINE ( 'NONE', #5236, #5319 ) ;
#2650 = CARTESIAN_POINT ( 'NONE',  ( -0.2342519685039370100, 0.03882340756571925300, 0.04450000000000005300 ) ) ;
#2651 = VERTEX_POINT ( 'NONE', #1736 ) ;
#2652 = DIRECTION ( 'NONE',  ( 0.0000000000000000000, -0.8349063102029649100, -0.5503920904076204900 ) ) ;
#2653 = EDGE_LOOP ( 'NONE', ( #5688, #312, #2440, #1875 ) ) ;
#2654 = AXIS2_PLACEMENT_3D ( 'NONE', #6568, #3374, #265 ) ;
#2655 = FACE_OUTER_BOUND ( 'NONE', #4834, .T. ) ;
#2656 = AXIS2_PLACEMENT_3D ( 'NONE', #1825, #1764, #1604 ) ;
#2657 = ORIENTED_EDGE ( 'NONE', *, *, #6029, .F. ) ;
#2658 = CARTESIAN_POINT ( 'NONE',  ( -0.2116085842802845300, 0.04468897766231392400, -0.03872928787996499800 ) ) ;
#2659 = CARTESIAN_POINT ( 'NONE',  ( -0.08464566929133858500, 0.1657469476708049400, -0.2655657798462763800 ) ) ;
#2660 = DIRECTION ( 'NONE',  ( -1.000000000000000000, -0.0000000000000000000, -0.0000000000000000000 ) ) ;
#2661 = DIRECTION ( 'NONE',  ( 0.0000000000000000000, 0.1150426290541626100, -0.9933605556394448100 ) ) ;
#2662 = DIRECTION ( 'NONE',  ( 0.0000000000000000000, 0.0000000000000000000, 1.000000000000000000 ) ) ;
#2663 = DIRECTION ( 'NONE',  ( 0.0000000000000000000, -0.9933605556394429200, 0.1150426290541777100 ) ) ;
#2664 = DIRECTION ( 'NONE',  ( 0.0000000000000000000, 0.9848077530122099100, 0.1736481776669199000 ) ) ;
#2665 = CARTESIAN_POINT ( 'NONE',  ( 0.08464566929133858500, 0.0000000000000000000, 0.0000000000000000000 ) ) ;
#2666 = CIRCLE ( 'NONE', #5910, 0.01999999999999999000 ) ;
#2667 = DIRECTION ( 'NONE',  ( 0.0000000000000000000, 0.3420201433256568900, -0.9396926207859127600 ) ) ;
#2668 = EDGE_CURVE ( 'NONE', #4346, #3549, #6359, .T. ) ;
#2669 = ORIENTED_EDGE ( 'NONE', *, *, #1863, .F. ) ;
#2670 = DIRECTION ( 'NONE',  ( 1.000000000000000000, 0.0000000000000000000, 0.0000000000000000000 ) ) ;
#2671 = AXIS2_PLACEMENT_3D ( 'NONE', #2124, #5829, #2647 ) ;
#2672 = CARTESIAN_POINT ( 'NONE',  ( 0.08464566929133858500, 0.08994171327142958000, -0.2630961143051079900 ) ) ;
#2673 = DIRECTION ( 'NONE',  ( 0.0000000000000000000, -0.3420201433256630000, 0.9396926207859105400 ) ) ;
#2674 = ADVANCED_FACE ( 'NONE', ( #6190 ), #6028, .F. ) ;
#2675 = DIRECTION ( 'NONE',  ( 1.000000000000000000, 0.0000000000000000000, 0.0000000000000000000 ) ) ;
#2676 = ORIENTED_EDGE ( 'NONE', *, *, #1644, .T. ) ;
#2677 = VERTEX_POINT ( 'NONE', #196 ) ;
#2678 = VERTEX_POINT ( 'NONE', #3840 ) ;
#2679 = EDGE_CURVE ( 'NONE', #1795, #4319, #778, .T. ) ;
#2680 = EDGE_CURVE ( 'NONE', #4500, #2277, #608, .T. ) ;
#2681 = VERTEX_POINT ( 'NONE', #3311 ) ;
#2682 = DIRECTION ( 'NONE',  ( 1.000000000000000000, 0.0000000000000000000, 0.0000000000000000000 ) ) ;
#2683 = EDGE_LOOP ( 'NONE', ( #165, #3639, #5326, #4379 ) ) ;
#2684 = ORIENTED_EDGE ( 'NONE', *, *, #4841, .F. ) ;
#2685 = EDGE_CURVE ( 'NONE', #6830, #5162, #3525, .T. ) ;
#2686 = ORIENTED_EDGE ( 'NONE', *, *, #3407, .T. ) ;
#2687 = CARTESIAN_POINT ( 'NONE',  ( -0.2222252392889366700, 0.04054317081864371900, 0.04294857732455573100 ) ) ;
#2688 = ORIENTED_EDGE ( 'NONE', *, *, #1483, .T. ) ;
#2689 = CARTESIAN_POINT ( 'NONE',  ( 0.08464566929133858500, -0.2401846011535778700, 0.2160312325539757200 ) ) ;
#2690 = CARTESIAN_POINT ( 'NONE',  ( 0.08464566929133858500, 0.0000000000000000000, 0.0000000000000000000 ) ) ;
#2691 = CARTESIAN_POINT ( 'NONE',  ( 0.08464566929133858500, -0.2390797403628854800, 0.1659947030199657700 ) ) ;
#2692 = DIRECTION ( 'NONE',  ( 0.0000000000000000000, 0.8660254037844431500, 0.4999999999999921200 ) ) ;
#2693 = DIRECTION ( 'NONE',  ( 1.000000000000000000, 0.0000000000000000000, 0.0000000000000000000 ) ) ;
#2694 = DIRECTION ( 'NONE',  ( -1.000000000000000000, -0.0000000000000000000, -0.0000000000000000000 ) ) ;
#2695 = ORIENTED_EDGE ( 'NONE', *, *, #2952, .T. ) ;
#2696 = VERTEX_POINT ( 'NONE', #3860 ) ;
#2697 = VERTEX_POINT ( 'NONE', #4394 ) ;
#2698 = CARTESIAN_POINT ( 'NONE',  ( 0.08464566929133858500, -0.1398467616490478800, -0.2831940607769788400 ) ) ;
#2699 = AXIS2_PLACEMENT_3D ( 'NONE', #6617, #311, #2898 ) ;
#2700 = ORIENTED_EDGE ( 'NONE', *, *, #6012, .F. ) ;
#2701 = DIRECTION ( 'NONE',  ( -1.000000000000000000, -0.0000000000000000000, -0.0000000000000000000 ) ) ;
#2702 = ORIENTED_EDGE ( 'NONE', *, *, #4131, .T. ) ;
#2703 = ORIENTED_EDGE ( 'NONE', *, *, #6713, .T. ) ;
#2704 = ORIENTED_EDGE ( 'NONE', *, *, #1518, .T. ) ;
#2705 = EDGE_CURVE ( 'NONE', #827, #5798, #4609, .T. ) ;
#2706 = DIRECTION ( 'NONE',  ( 1.000000000000000000, 0.0000000000000000000, 0.0000000000000000000 ) ) ;
#2707 = EDGE_CURVE ( 'NONE', #3439, #1646, #3208, .T. ) ;
#2708 = ADVANCED_FACE ( 'NONE', ( #1976 ), #277, .T. ) ;
#2709 = CARTESIAN_POINT ( 'NONE',  ( -0.3248031496062992500, 0.0000000000000000000, 0.0000000000000000000 ) ) ;
#2710 = AXIS2_PLACEMENT_3D ( 'NONE', #4949, #1793, #5488 ) ;
#2711 = AXIS2_PLACEMENT_3D ( 'NONE', #2863, #6030, #6014 ) ;
#2712 = DIRECTION ( 'NONE',  ( 0.0000000000000000000, 0.6427876096865294800, -0.7660444431189862300 ) ) ;
#2713 = LINE ( 'NONE', #865, #6618 ) ;
#2714 = AXIS2_PLACEMENT_3D ( 'NONE', #6517, #3338, #215 ) ;
#2715 = DIRECTION ( 'NONE',  ( 0.0000000000000000000, 0.0000000000000000000, 1.000000000000000000 ) ) ;
#2716 = VECTOR ( 'NONE', #6478, 39.37007874015748100 ) ;
#2717 = CIRCLE ( 'NONE', #5605, 0.2780450991271856700 ) ;
#2718 = FACE_OUTER_BOUND ( 'NONE', #5447, .T. ) ;
#2719 = DIRECTION ( 'NONE',  ( 1.000000000000000000, -0.0000000000000000000, -0.0000000000000000000 ) ) ;
#2720 = CARTESIAN_POINT ( 'NONE',  ( 0.08464566929133858500, 0.02532233489663271100, 0.1084954841245134000 ) ) ;
#2721 = LINE ( 'NONE', #1402, #2549 ) ;
#2722 = DIRECTION ( 'NONE',  ( 0.0000000000000000000, 0.3970504385406657400, 0.9177967908282667100 ) ) ;
#2723 = VECTOR ( 'NONE', #2404, 39.37007874015748100 ) ;
#2724 = CIRCLE ( 'NONE', #5497, 0.3230450991271856500 ) ;
#2725 = EDGE_CURVE ( 'NONE', #5834, #1480, #435, .T. ) ;
#2726 = CIRCLE ( 'NONE', #3399, 0.2780450991271857200 ) ;
#2727 = FACE_OUTER_BOUND ( 'NONE', #4386, .T. ) ;
#2728 = VECTOR ( 'NONE', #3174, 39.37007874015748100 ) ;
#2729 = CARTESIAN_POINT ( 'NONE',  ( 0.08464566929133858500, 0.2388138168057127600, -0.04611691108669952600 ) ) ;
#2730 = CIRCLE ( 'NONE', #4364, 0.01000000000000004900 ) ;
#2731 = CARTESIAN_POINT ( 'NONE',  ( 0.08464566929133858500, -0.04373286461477800300, -0.3099752742399545200 ) ) ;
#2732 = CARTESIAN_POINT ( 'NONE',  ( -0.08464566929133858500, 0.2609946473093019400, -0.1439189882872550800 ) ) ;
#2733 = ORIENTED_EDGE ( 'NONE', *, *, #5061, .T. ) ;
#2734 = CARTESIAN_POINT ( 'NONE',  ( 0.08464566929133858500, -0.08913758683654278400, -0.06683547959719866900 ) ) ;
#2735 = DIRECTION ( 'NONE',  ( 1.000000000000000000, 0.0000000000000000000, 0.0000000000000000000 ) ) ;
#2736 = FACE_BOUND ( 'NONE', #2573, .T. ) ;
#2737 = ORIENTED_EDGE ( 'NONE', *, *, #109, .T. ) ;
#2738 = CARTESIAN_POINT ( 'NONE',  ( 0.08464566929133858500, 0.05034151896781741100, -0.09938924583697496300 ) ) ;
#2739 = DIRECTION ( 'NONE',  ( -1.000000000000000000, -0.0000000000000000000, -0.0000000000000000000 ) ) ;
#2740 = ORIENTED_EDGE ( 'NONE', *, *, #6148, .T. ) ;
#2741 = DIRECTION ( 'NONE',  ( -1.000000000000000000, -0.0000000000000000000, -0.0000000000000000000 ) ) ;
#2742 = ORIENTED_EDGE ( 'NONE', *, *, #3256, .T. ) ;
#2743 = ORIENTED_EDGE ( 'NONE', *, *, #6559, .F. ) ;
#2744 = ORIENTED_EDGE ( 'NONE', *, *, #2175, .T. ) ;
#2745 = EDGE_LOOP ( 'NONE', ( #1324, #3100, #3855, #6651 ) ) ;
#2746 = ORIENTED_EDGE ( 'NONE', *, *, #4700, .T. ) ;
#2747 = CARTESIAN_POINT ( 'NONE',  ( 0.08464566929133858500, 0.0000000000000000000, 0.0000000000000000000 ) ) ;
#2748 = ADVANCED_FACE ( 'NONE', ( #4442 ), #4266, .T. ) ;
#2749 = CARTESIAN_POINT ( 'NONE',  ( -0.2616326928708204200, 0.2136167985729665300, 0.03555357747177464300 ) ) ;
#2750 = CARTESIAN_POINT ( 'NONE',  ( -0.08464566929133858500, -0.1074241567854200400, -0.2580124667216839900 ) ) ;
#2751 = VECTOR ( 'NONE', #6349, 39.37007874015748100 ) ;
#2752 = EDGE_CURVE ( 'NONE', #6078, #3402, #5694, .T. ) ;
#2753 = AXIS2_PLACEMENT_3D ( 'NONE', #5506, #2328, #6026 ) ;
#2754 = AXIS2_PLACEMENT_3D ( 'NONE', #5979, #6515, #5451 ) ;
#2755 = CARTESIAN_POINT ( 'NONE',  ( -0.2464127790806905600, -0.04040132657830091500, -0.04318327540733187000 ) ) ;
#2756 = CIRCLE ( 'NONE', #3904, 0.01000000000000001200 ) ;
#2757 = CARTESIAN_POINT ( 'NONE',  ( -0.08464566929133858500, 0.2609946473093019400, -0.1439189882872550800 ) ) ;
#2758 = DIRECTION ( 'NONE',  ( -1.000000000000000000, -0.0000000000000000000, -0.0000000000000000000 ) ) ;
#2759 = CARTESIAN_POINT ( 'NONE',  ( 0.08464566929133858500, -0.2327495835104525000, 0.2093438928253230600 ) ) ;
#2760 = ORIENTED_EDGE ( 'NONE', *, *, #1775, .F. ) ;
#2761 = EDGE_LOOP ( 'NONE', ( #4219, #1889, #316, #1525 ) ) ;
#2762 = DIRECTION ( 'NONE',  ( -1.000000000000000000, -0.0000000000000000000, -0.0000000000000000000 ) ) ;
#2763 = DIRECTION ( 'NONE',  ( 0.0000000000000000000, -0.6427876096865700100, 0.7660444431189523700 ) ) ;
#2764 = DIRECTION ( 'NONE',  ( 1.000000000000000000, -0.0000000000000000000, -0.0000000000000000000 ) ) ;
#2765 = ORIENTED_EDGE ( 'NONE', *, *, #1199, .F. ) ;
#2766 = ORIENTED_EDGE ( 'NONE', *, *, #465, .F. ) ;
#2767 = CARTESIAN_POINT ( 'NONE',  ( -0.08464566929133858500, -0.2434808785492315900, -0.1342614573492365600 ) ) ;
#2768 = ORIENTED_EDGE ( 'NONE', *, *, #1692, .F. ) ;
#2769 = ORIENTED_EDGE ( 'NONE', *, *, #250, .F. ) ;
#2770 = CARTESIAN_POINT ( 'NONE',  ( -0.08464566929133858500, -0.1960315511398808600, -0.2245050379644658000 ) ) ;
#2771 = CARTESIAN_POINT ( 'NONE',  ( 0.08464566929133858500, -0.2401846011535808400, -0.2160312325539724100 ) ) ;
#2772 = CARTESIAN_POINT ( 'NONE',  ( -0.2342519685039370400, 0.2118934145877079700, -0.04450000000000004000 ) ) ;
#2773 = ORIENTED_EDGE ( 'NONE', *, *, #5899, .F. ) ;
#2774 = VERTEX_POINT ( 'NONE', #263 ) ;
#2775 = ORIENTED_EDGE ( 'NONE', *, *, #5069, .T. ) ;
#2776 = DIRECTION ( 'NONE',  ( -1.000000000000000000, -0.0000000000000000000, -0.0000000000000000000 ) ) ;
#2777 = EDGE_CURVE ( 'NONE', #754, #4643, #5864, .T. ) ;
#2778 = ORIENTED_EDGE ( 'NONE', *, *, #3059, .T. ) ;
#2779 = CARTESIAN_POINT ( 'NONE',  ( -0.2490491931845752500, -0.04147736144234008500, 0.04206651162062878500 ) ) ;
#2780 = CARTESIAN_POINT ( 'NONE',  ( 0.08464566929133858500, 0.2434808785492307000, -0.1342614573492381900 ) ) ;
#2781 = ADVANCED_FACE ( 'NONE', ( #1662 ), #6048, .F. ) ;
#2782 = ORIENTED_EDGE ( 'NONE', *, *, #6603, .F. ) ;
#2783 = CARTESIAN_POINT ( 'NONE',  ( -0.08464566929133858500, 0.0000000000000000000, 0.0000000000000000000 ) ) ;
#2784 = ORIENTED_EDGE ( 'NONE', *, *, #5788, .F. ) ;
#2785 = DIRECTION ( 'NONE',  ( 0.0000000000000000000, 0.0000000000000000000, 1.000000000000000000 ) ) ;
#2786 = ORIENTED_EDGE ( 'NONE', *, *, #2679, .T. ) ;
#2787 = CARTESIAN_POINT ( 'NONE',  ( 0.08464566929133858500, -0.1870537803570430900, 0.2320382821171390900 ) ) ;
#2788 = EDGE_LOOP ( 'NONE', ( #2990, #4594, #2329, #3106 ) ) ;
#2789 = ORIENTED_EDGE ( 'NONE', *, *, #2574, .F. ) ;
#2790 = DIRECTION ( 'NONE',  ( -1.000000000000000000, -0.0000000000000000000, -0.0000000000000000000 ) ) ;
#2791 = ORIENTED_EDGE ( 'NONE', *, *, #5306, .T. ) ;
#2792 = CARTESIAN_POINT ( 'NONE',  ( 0.08464566929133858500, -0.1960315511398777200, 0.2245050379644684700 ) ) ;
#2793 = AXIS2_PLACEMENT_3D ( 'NONE', #4894, #4988, #5934 ) ;
#2794 = VECTOR ( 'NONE', #3492, 39.37007874015748100 ) ;
#2795 = CARTESIAN_POINT ( 'NONE',  ( -0.2730960045362081900, -0.2154131345010967000, -0.02248554574502601200 ) ) ;
#2796 = CYLINDRICAL_SURFACE ( 'NONE', #4746, 0.02000000000000002500 ) ;
#2797 = CYLINDRICAL_SURFACE ( 'NONE', #6044, 0.2165354330708661500 ) ;
#2798 = LINE ( 'NONE', #4172, #1426 ) ;
#2799 = EDGE_CURVE ( 'NONE', #802, #764, #1823, .T. ) ;
#2800 = LINE ( 'NONE', #3099, #205 ) ;
#2801 = FACE_OUTER_BOUND ( 'NONE', #4242, .T. ) ;
#2802 = VECTOR ( 'NONE', #1090, 39.37007874015748100 ) ;
#2803 = DIRECTION ( 'NONE',  ( 0.0000000000000000000, 0.05920037723354255200, 0.9982461196195084900 ) ) ;
#2804 = AXIS2_PLACEMENT_3D ( 'NONE', #3911, #796, #4438 ) ;
#2805 = AXIS2_PLACEMENT_3D ( 'NONE', #6315, #2776, #2252 ) ;
#2806 = FACE_OUTER_BOUND ( 'NONE', #341, .T. ) ;
#2807 = CARTESIAN_POINT ( 'NONE',  ( -0.08464566929133858500, -0.04512987944544337400, -0.3198772108971393300 ) ) ;
#2808 = DIRECTION ( 'NONE',  ( 1.000000000000000000, 0.0000000000000000000, 0.0000000000000000000 ) ) ;
#2809 = LINE ( 'NONE', #1178, #2634 ) ;
#2810 = CYLINDRICAL_SURFACE ( 'NONE', #2523, 0.01000000000000003000 ) ;
#2811 = DIRECTION ( 'NONE',  ( 0.0000000000000000000, -0.7266476238251159400, 0.6870103571193908500 ) ) ;
#2812 = EDGE_CURVE ( 'NONE', #5025, #1447, #107, .T. ) ;
#2813 = EDGE_CURVE ( 'NONE', #4832, #4082, #5537, .T. ) ;
#2814 = VECTOR ( 'NONE', #5418, 39.37007874015748100 ) ;
#2815 = DIRECTION ( 'NONE',  ( 0.0000000000000000000, -0.8660254037844393700, -0.4999999999999987800 ) ) ;
#2816 = ADVANCED_FACE ( 'NONE', ( #1497 ), #5373, .T. ) ;
#2817 = DIRECTION ( 'NONE',  ( -1.000000000000000000, -0.0000000000000000000, -0.0000000000000000000 ) ) ;
#2818 = ORIENTED_EDGE ( 'NONE', *, *, #949, .T. ) ;
#2819 = VECTOR ( 'NONE', #2842, 39.37007874015748100 ) ;
#2820 = CIRCLE ( 'NONE', #5767, 0.01999999999999999000 ) ;
#2821 = EDGE_CURVE ( 'NONE', #3471, #5355, #6773, .T. ) ;
#2822 = DIRECTION ( 'NONE',  ( -1.000000000000000000, -0.0000000000000000000, -0.0000000000000000000 ) ) ;
#2823 = ORIENTED_EDGE ( 'NONE', *, *, #4815, .F. ) ;
#2824 = VECTOR ( 'NONE', #6825, 39.37007874015748100 ) ;
#2825 = ORIENTED_EDGE ( 'NONE', *, *, #5431, .F. ) ;
#2826 = DIRECTION ( 'NONE',  ( 0.0000000000000000000, -0.5503920904076146100, 0.8349063102029689000 ) ) ;
#2827 = AXIS2_PLACEMENT_3D ( 'NONE', #1616, #3160, #6335 ) ;
#2828 = DIRECTION ( 'NONE',  ( 0.4472135954999570400, 1.095357396528406000E-016, 0.8944271909999164100 ) ) ;
#2829 = DIRECTION ( 'NONE',  ( -1.000000000000000000, -0.0000000000000000000, -0.0000000000000000000 ) ) ;
#2830 = CARTESIAN_POINT ( 'NONE',  ( -0.08464566929133858500, 0.07946849185770582500, -0.2298772876718202800 ) ) ;
#2831 = ORIENTED_EDGE ( 'NONE', *, *, #6300, .F. ) ;
#2832 = ORIENTED_EDGE ( 'NONE', *, *, #3916, .T. ) ;
#2833 = VECTOR ( 'NONE', #4944, 39.37007874015748100 ) ;
#2834 = ORIENTED_EDGE ( 'NONE', *, *, #2705, .F. ) ;
#2835 = DIRECTION ( 'NONE',  ( -1.000000000000000000, -0.0000000000000000000, -0.0000000000000000000 ) ) ;
#2836 = DIRECTION ( 'NONE',  ( 1.000000000000000000, -0.0000000000000000000, -0.0000000000000000000 ) ) ;
#2837 = CARTESIAN_POINT ( 'NONE',  ( -0.1240157480314961300, 0.0000000000000000000, 0.0000000000000000000 ) ) ;
#2838 = ORIENTED_EDGE ( 'NONE', *, *, #1863, .T. ) ;
#2839 = LINE ( 'NONE', #4025, #6735 ) ;
#2840 = EDGE_CURVE ( 'NONE', #2449, #1796, #1343, .T. ) ;
#2841 = CARTESIAN_POINT ( 'NONE',  ( -0.08464566929133858500, -0.05034151896781669700, 0.09938924583697531000 ) ) ;
#2842 = DIRECTION ( 'NONE',  ( -0.0000000000000000000, 1.000000000000000000, -0.0000000000000000000 ) ) ;
#2843 = EDGE_CURVE ( 'NONE', #3261, #1144, #2713, .T. ) ;
#2844 = ORIENTED_EDGE ( 'NONE', *, *, #6605, .F. ) ;
#2845 = AXIS2_PLACEMENT_3D ( 'NONE', #6727, #437, #4087 ) ;
#2846 = MECHANICAL_DESIGN_GEOMETRIC_PRESENTATION_REPRESENTATION (  '', ( #2138 ), #3202 ) ;
#2847 = ORIENTED_EDGE ( 'NONE', *, *, #6485, .F. ) ;
#2848 = AXIS2_PLACEMENT_3D ( 'NONE', #6791, #3604, #486 ) ;
#2849 = CARTESIAN_POINT ( 'NONE',  ( -0.08464566929133858500, 0.2390797403628888200, 0.1659947030199609400 ) ) ;
#2850 = ADVANCED_FACE ( 'NONE', ( #5197 ), #1215, .F. ) ;
#2851 = CARTESIAN_POINT ( 'NONE',  ( 0.08464566929133858500, 0.3031758419731582200, 0.08854604252561114300 ) ) ;
#2852 = DIRECTION ( 'NONE',  ( -1.000000000000000000, -0.0000000000000000000, -0.0000000000000000000 ) ) ;
#2853 = PLANE ( 'NONE',  #2436 ) ;
#2854 = CARTESIAN_POINT ( 'NONE',  ( -0.08464566929133858500, -0.2544568510059125300, 0.1990222275180540100 ) ) ;
#2855 = ORIENTED_EDGE ( 'NONE', *, *, #5012, .F. ) ;
#2856 = VERTEX_POINT ( 'NONE', #6115 ) ;
#2857 = ORIENTED_EDGE ( 'NONE', *, *, #6252, .F. ) ;
#2858 = ORIENTED_EDGE ( 'NONE', *, *, #2204, .F. ) ;
#2859 = DIRECTION ( 'NONE',  ( -1.000000000000000000, -0.0000000000000000000, -0.0000000000000000000 ) ) ;
#2860 = ORIENTED_EDGE ( 'NONE', *, *, #1891, .F. ) ;
#2861 = EDGE_CURVE ( 'NONE', #1064, #2651, #2569, .T. ) ;
#2862 = VERTEX_POINT ( 'NONE', #2944 ) ;
#2863 = CARTESIAN_POINT ( 'NONE',  ( 0.08464566929133858500, 0.0000000000000000000, 0.0000000000000000000 ) ) ;
#2864 = DIRECTION ( 'NONE',  ( -1.000000000000000000, -0.0000000000000000000, -0.0000000000000000000 ) ) ;
#2865 = ORIENTED_EDGE ( 'NONE', *, *, #5314, .F. ) ;
#2866 = VERTEX_POINT ( 'NONE', #333 ) ;
#2867 = AXIS2_PLACEMENT_3D ( 'NONE', #4606, #3091, #3115 ) ;
#2868 = ORIENTED_EDGE ( 'NONE', *, *, #5883, .T. ) ;
#2869 = VERTEX_POINT ( 'NONE', #5588 ) ;
#2870 = DIRECTION ( 'NONE',  ( -1.000000000000000000, -0.0000000000000000000, -0.0000000000000000000 ) ) ;
#2871 = DIRECTION ( 'NONE',  ( 0.0000000000000000000, 0.0000000000000000000, 1.000000000000000000 ) ) ;
#2872 = DIRECTION ( 'NONE',  ( 0.0000000000000000000, 0.8660254037844331600, -0.5000000000000096600 ) ) ;
#2873 = CARTESIAN_POINT ( 'NONE',  ( 0.08464566929133858500, 0.2891624680536953900, -0.1270474709397096700 ) ) ;
#2874 = EDGE_CURVE ( 'NONE', #3599, #4248, #3978, .T. ) ;
#2875 = CARTESIAN_POINT ( 'NONE',  ( 0.08464566929133858500, 0.1960315511398793000, -0.2245050379644671100 ) ) ;
#2876 = VECTOR ( 'NONE', #1854, 39.37007874015748100 ) ;
#2877 = CARTESIAN_POINT ( 'NONE',  ( 0.08464566929133858500, 0.2282710432183350800, -0.2182849596996864500 ) ) ;
#2878 = ADVANCED_FACE ( 'NONE', ( #6652 ), #6474, .T. ) ;
#2879 = LINE ( 'NONE', #133, #1500 ) ;
#2880 = EDGE_CURVE ( 'NONE', #3240, #1964, #5232, .T. ) ;
#2881 = VECTOR ( 'NONE', #5369, 39.37007874015748100 ) ;
#2882 = AXIS2_PLACEMENT_3D ( 'NONE', #4237, #1131, #4785 ) ;
#2883 = CYLINDRICAL_SURFACE ( 'NONE', #5475, 0.01000000000000004700 ) ;
#2884 = AXIS2_PLACEMENT_3D ( 'NONE', #3579, #3557, #3529 ) ;
#2885 = DIRECTION ( 'NONE',  ( 0.0000000000000000000, -0.5963101170987857900, 0.8027541617740964200 ) ) ;
#2886 = LINE ( 'NONE', #844, #5547 ) ;
#2887 = CIRCLE ( 'NONE', #192, 0.2165157480314960600 ) ;
#2888 = CYLINDRICAL_SURFACE ( 'NONE', #4055, 0.01000000000000003000 ) ;
#2889 = VERTEX_POINT ( 'NONE', #376 ) ;
#2890 = DIRECTION ( 'NONE',  ( 0.0000000000000000000, -0.3420201433257055700, 0.9396926207858949900 ) ) ;
#2891 = VECTOR ( 'NONE', #160, 39.37007874015748100 ) ;
#2892 = CARTESIAN_POINT ( 'NONE',  ( 0.08464566929133858500, 0.0000000000000000000, 0.0000000000000000000 ) ) ;
#2893 = EDGE_CURVE ( 'NONE', #2889, #4239, #3645, .T. ) ;
#2894 = DIRECTION ( 'NONE',  ( 0.0000000000000000000, 0.0000000000000000000, 1.000000000000000000 ) ) ;
#2895 = DIRECTION ( 'NONE',  ( -1.000000000000000000, -0.0000000000000000000, -0.0000000000000000000 ) ) ;
#2896 = CARTESIAN_POINT ( 'NONE',  ( -0.08464566929133858500, 0.1074241567854219700, 0.2780124667216832300 ) ) ;
#2897 = CIRCLE ( 'NONE', #3952, 0.3230450991271856500 ) ;
#2898 = DIRECTION ( 'NONE',  ( 0.0000000000000000000, 0.6427876096865462500, 0.7660444431189721300 ) ) ;
#2899 = CARTESIAN_POINT ( 'NONE',  ( 0.08464566929133858500, 0.1112443712417057100, -0.006097588627262676800 ) ) ;
#2900 = APPLICATION_PROTOCOL_DEFINITION ( 'draft international standard', 'automotive_design', 1998, #3424 ) ;
#2901 = CIRCLE ( 'NONE', #1968, 0.2780450991271857200 ) ;
#2902 = PRESENTATION_LAYER_ASSIGNMENT (  '', '', ( #2534 ) ) ;
#2903 = CIRCLE ( 'NONE', #3313, 0.3230450991271856500 ) ;
#2904 = ORIENTED_EDGE ( 'NONE', *, *, #1344, .T. ) ;
#2905 = DIRECTION ( 'NONE',  ( 0.0000000000000000000, 0.0000000000000000000, -1.000000000000000000 ) ) ;
#2906 = FACE_OUTER_BOUND ( 'NONE', #1132, .T. ) ;
#2907 = ORIENTED_EDGE ( 'NONE', *, *, #6106, .F. ) ;
#2908 = VERTEX_POINT ( 'NONE', #3481 ) ;
#2909 = EDGE_CURVE ( 'NONE', #4685, #4297, #5064, .T. ) ;
#2910 = FILL_AREA_STYLE ('',( #833 ) ) ;
#2911 = EDGE_CURVE ( 'NONE', #2908, #3896, #1043, .T. ) ;
#2912 = ORIENTED_EDGE ( 'NONE', *, *, #343, .F. ) ;
#2913 = EDGE_LOOP ( 'NONE', ( #596, #5078 ) ) ;
#2914 = ORIENTED_EDGE ( 'NONE', *, *, #5470, .T. ) ;
#2915 = EDGE_CURVE ( 'NONE', #1890, #4135, #3810, .T. ) ;
#2916 = ORIENTED_EDGE ( 'NONE', *, *, #3506, .T. ) ;
#2917 = LINE ( 'NONE', #2639, #2751 ) ;
#2918 = ADVANCED_FACE ( 'NONE', ( #6304 ), #719, .T. ) ;
#2919 = ORIENTED_EDGE ( 'NONE', *, *, #3168, .T. ) ;
#2920 = AXIS2_PLACEMENT_3D ( 'NONE', #5921, #5709, #1573 ) ;
#2921 = CARTESIAN_POINT ( 'NONE',  ( -0.08464566929133858500, 0.2434808785492324800, 0.1342614573492349700 ) ) ;
#2922 = ADVANCED_FACE ( 'NONE', ( #2254, #3475 ), #1463, .T. ) ;
#2923 = CARTESIAN_POINT ( 'NONE',  ( 0.08464566929133858500, -0.3151766316582618700, -0.02048618216342583400 ) ) ;
#2924 = PRODUCT_CONTEXT ( 'NONE', #3424, 'mechanical' ) ;
#2925 = VECTOR ( 'NONE', #2026, 39.37007874015748100 ) ;
#2926 = DIRECTION ( 'NONE',  ( 1.000000000000000000, 0.0000000000000000000, 0.0000000000000000000 ) ) ;
#2927 = DIRECTION ( 'NONE',  ( -1.000000000000000000, -0.0000000000000000000, -0.0000000000000000000 ) ) ;
#2928 = VERTEX_POINT ( 'NONE', #944 ) ;
#2929 = VERTEX_POINT ( 'NONE', #5672 ) ;
#2930 = ORIENTED_EDGE ( 'NONE', *, *, #103, .T. ) ;
#2931 = DIRECTION ( 'NONE',  ( 0.4472135954999570400, 0.0000000000000000000, -0.8944271909999164100 ) ) ;
#2932 = EDGE_CURVE ( 'NONE', #4689, #2162, #4902, .T. ) ;
#2933 = DIRECTION ( 'NONE',  ( 0.0000000000000000000, -0.8941066874365093400, -0.4478540292118762800 ) ) ;
#2934 = ORIENTED_EDGE ( 'NONE', *, *, #5510, .F. ) ;
#2935 = ORIENTED_EDGE ( 'NONE', *, *, #3897, .T. ) ;
#2936 = ORIENTED_EDGE ( 'NONE', *, *, #1424, .F. ) ;
#2937 = DIRECTION ( 'NONE',  ( 0.0000000000000000000, 0.9848077530122061300, -0.1736481776669413200 ) ) ;
#2938 = EDGE_CURVE ( 'NONE', #62, #3352, #4725, .T. ) ;
#2939 = ORIENTED_EDGE ( 'NONE', *, *, #4671, .F. ) ;
#2940 = AXIS2_PLACEMENT_3D ( 'NONE', #6, #3656, #539 ) ;
#2941 = ORIENTED_EDGE ( 'NONE', *, *, #5117, .F. ) ;
#2942 = AXIS2_PLACEMENT_3D ( 'NONE', #1918, #1401, #2424 ) ;
#2943 = ORIENTED_EDGE ( 'NONE', *, *, #6004, .T. ) ;
#2944 = CARTESIAN_POINT ( 'NONE',  ( -0.08464566929133858500, -0.2282710432183335200, 0.2182849596996880600 ) ) ;
#2945 = CARTESIAN_POINT ( 'NONE',  ( -0.08464566929133858500, -0.1960315511398777200, 0.2245050379644684700 ) ) ;
#2946 = ORIENTED_EDGE ( 'NONE', *, *, #3871, .T. ) ;
#2947 = ORIENTED_EDGE ( 'NONE', *, *, #1039, .F. ) ;
#2948 = CARTESIAN_POINT ( 'NONE',  ( 0.08464566929133858500, 0.0000000000000000000, 0.0000000000000000000 ) ) ;
#2949 = VERTEX_POINT ( 'NONE', #4615 ) ;
#2950 = CARTESIAN_POINT ( 'NONE',  ( 0.08464566929133858500, -0.2049886317241156600, 0.2066229042157384200 ) ) ;
#2951 = DIRECTION ( 'NONE',  ( -1.000000000000000000, -0.0000000000000000000, -0.0000000000000000000 ) ) ;
#2952 = EDGE_CURVE ( 'NONE', #6585, #1559, #2081, .T. ) ;
#2953 = CARTESIAN_POINT ( 'NONE',  ( -0.08464566929133858500, -0.1870537803570462600, -0.2320382821171364800 ) ) ;
#2954 = DIRECTION ( 'NONE',  ( 0.0000000000000000000, 0.0000000000000000000, -1.000000000000000000 ) ) ;
#2955 = ADVANCED_FACE ( 'NONE', ( #3322 ), #4553, .T. ) ;
#2956 = ADVANCED_FACE ( 'NONE', ( #6145 ), #1768, .T. ) ;
#2957 = VERTEX_POINT ( 'NONE', #2021 ) ;
#2958 = AXIS2_PLACEMENT_3D ( 'NONE', #3316, #1921, #5097 ) ;
#2959 = DIRECTION ( 'NONE',  ( 1.000000000000000000, -0.0000000000000000000, 0.0000000000000000000 ) ) ;
#2960 = VECTOR ( 'NONE', #2390, 39.37007874015748100 ) ;
#2961 = CARTESIAN_POINT ( 'NONE',  ( -0.08464566929133858500, 0.02421575952750163600, 0.2900464801944295200 ) ) ;
#2962 = CIRCLE ( 'NONE', #3332, 0.02000000000000002100 ) ;
#2963 = CYLINDRICAL_SURFACE ( 'NONE', #5345, 0.02000000000000002500 ) ;
#2964 = LINE ( 'NONE', #5790, #1589 ) ;
#2965 = FACE_OUTER_BOUND ( 'NONE', #1556, .T. ) ;
#2966 = CARTESIAN_POINT ( 'NONE',  ( -0.08464566929133858500, 0.08994171327143323000, 0.2630961143051067700 ) ) ;
#2967 = LINE ( 'NONE', #4680, #1591 ) ;
#2968 = DIRECTION ( 'NONE',  ( 0.0000000000000000000, 0.0000000000000000000, -1.000000000000000000 ) ) ;
#2969 = FACE_BOUND ( 'NONE', #2438, .T. ) ;
#2970 = DIRECTION ( 'NONE',  ( -1.000000000000000000, -0.0000000000000000000, -0.0000000000000000000 ) ) ;
#2971 = DIRECTION ( 'NONE',  ( 0.0000000000000000000, -0.5503920904076221600, -0.8349063102029640200 ) ) ;
#2972 = VECTOR ( 'NONE', #5759, 39.37007874015748900 ) ;
#2973 = DIRECTION ( 'NONE',  ( 0.0000000000000000000, 0.05920037723352671700, -0.9982461196195094900 ) ) ;
#2974 = EDGE_CURVE ( 'NONE', #4078, #1078, #3151, .T. ) ;
#2975 = VECTOR ( 'NONE', #4265, 39.37007874015748100 ) ;
#2976 = VECTOR ( 'NONE', #4459, 39.37007874015748900 ) ;
#2977 = AXIS2_PLACEMENT_3D ( 'NONE', #4968, #1818, #6550 ) ;
#2978 = STYLED_ITEM ( 'NONE', ( #3456 ), #4761 ) ;
#2979 = AXIS2_PLACEMENT_3D ( 'NONE', #4625, #1491, #5171 ) ;
#2980 = CIRCLE ( 'NONE', #4591, 0.02000000000000002100 ) ;
#2981 = VERTEX_POINT ( 'NONE', #5713 ) ;
#2982 = CYLINDRICAL_SURFACE ( 'NONE', #4807, 0.2780450991271856700 ) ;
#2983 = EDGE_LOOP ( 'NONE', ( #2857, #2487 ) ) ;
#2984 = ADVANCED_FACE ( 'NONE', ( #549 ), #2988, .T. ) ;
#2985 = DIRECTION ( 'NONE',  ( -1.000000000000000000, 0.0000000000000000000, -0.0000000000000000000 ) ) ;
#2986 = CARTESIAN_POINT ( 'NONE',  ( -0.08464566929133858500, -0.1828770619894835900, -0.2094398657055076300 ) ) ;
#2987 = VERTEX_POINT ( 'NONE', #1009 ) ;
#2988 = CYLINDRICAL_SURFACE ( 'NONE', #374, 0.01000000000000001200 ) ;
#2989 = EDGE_LOOP ( 'NONE', ( #4720, #4554, #4043, #837 ) ) ;
#2990 = ORIENTED_EDGE ( 'NONE', *, *, #2530, .T. ) ;
#2991 = VERTEX_POINT ( 'NONE', #1532 ) ;
#2992 = DIRECTION ( 'NONE',  ( 1.000000000000000000, 0.0000000000000000000, 0.0000000000000000000 ) ) ;
#2993 = ORIENTED_EDGE ( 'NONE', *, *, #624, .F. ) ;
#2994 = DIRECTION ( 'NONE',  ( -1.000000000000000000, 0.0000000000000000000, 0.0000000000000000000 ) ) ;
#2995 = DIRECTION ( 'NONE',  ( -1.000000000000000000, -0.0000000000000000000, -0.0000000000000000000 ) ) ;
#2996 = LINE ( 'NONE', #3291, #1617 ) ;
#2997 = ORIENTED_EDGE ( 'NONE', *, *, #4293, .T. ) ;
#2998 = EDGE_CURVE ( 'NONE', #6802, #5740, #4387, .T. ) ;
#2999 = AXIS2_PLACEMENT_3D ( 'NONE', #1271, #1252, #1235 ) ;
#3000 = CIRCLE ( 'NONE', #3770, 0.01999999999999999000 ) ;
#3001 = ORIENTED_EDGE ( 'NONE', *, *, #4041, .T. ) ;
#3002 = ORIENTED_EDGE ( 'NONE', *, *, #1332, .T. ) ;
#3003 = CARTESIAN_POINT ( 'NONE',  ( 0.08464566929133858500, 0.0000000000000000000, 0.0000000000000000000 ) ) ;
#3004 = DIRECTION ( 'NONE',  ( 0.0000000000000000000, 0.3420201433256556700, -0.9396926207859132000 ) ) ;
#3005 = ORIENTED_EDGE ( 'NONE', *, *, #5745, .T. ) ;
#3006 = ORIENTED_EDGE ( 'NONE', *, *, #3507, .F. ) ;
#3007 = ORIENTED_EDGE ( 'NONE', *, *, #5042, .F. ) ;
#3008 = CARTESIAN_POINT ( 'NONE',  ( -0.08464566929133858500, -0.1960315511398808600, -0.2045050379644657900 ) ) ;
#3009 = CARTESIAN_POINT ( 'NONE',  ( 0.1437007874015748000, 0.0000000000000000000, 0.0000000000000000000 ) ) ;
#3010 = ORIENTED_EDGE ( 'NONE', *, *, #6454, .F. ) ;
#3011 = DIRECTION ( 'NONE',  ( 0.0000000000000000000, 0.9848077530122098000, 0.1736481776669213100 ) ) ;
#3012 = AXIS2_PLACEMENT_3D ( 'NONE', #3444, #334, #3975 ) ;
#3013 = CARTESIAN_POINT ( 'NONE',  ( 0.08464566929133858500, -0.2976719210690814100, 0.09689510562764283600 ) ) ;
#3014 = VERTEX_POINT ( 'NONE', #4665 ) ;
#3015 = AXIS2_PLACEMENT_3D ( 'NONE', #2731, #2452, #2613 ) ;
#3016 = CARTESIAN_POINT ( 'NONE',  ( -0.1897496980555560800, -0.2165162146716665400, -0.005805080888090485500 ) ) ;
#3017 = ADVANCED_FACE ( 'NONE', ( #5976 ), #5643, .T. ) ;
#3018 = ORIENTED_EDGE ( 'NONE', *, *, #2574, .T. ) ;
#3019 = PLANE ( 'NONE',  #2867 ) ;
#3020 = EDGE_LOOP ( 'NONE', ( #1406, #4555, #5915, #1707 ) ) ;
#3021 = ORIENTED_EDGE ( 'NONE', *, *, #6485, .T. ) ;
#3022 = ORIENTED_EDGE ( 'NONE', *, *, #6600, .T. ) ;
#3023 = EDGE_CURVE ( 'NONE', #1858, #1652, #1609, .T. ) ;
#3024 = DIRECTION ( 'NONE',  ( -1.000000000000000000, -0.0000000000000000000, -0.0000000000000000000 ) ) ;
#3025 = VERTEX_POINT ( 'NONE', #4147 ) ;
#3026 = ORIENTED_EDGE ( 'NONE', *, *, #3514, .T. ) ;
#3027 = ORIENTED_EDGE ( 'NONE', *, *, #6252, .T. ) ;
#3028 = DIRECTION ( 'NONE',  ( 0.0000000000000000000, -0.05920037723352671700, 0.9982461196195096000 ) ) ;
#3029 = AXIS2_PLACEMENT_3D ( 'NONE', #2100, #6337, #1596 ) ;
#3030 = DIRECTION ( 'NONE',  ( -1.000000000000000000, -0.0000000000000000000, -0.0000000000000000000 ) ) ;
#3031 = DIRECTION ( 'NONE',  ( -1.000000000000000000, -0.0000000000000000000, -0.0000000000000000000 ) ) ;
#3032 = VERTEX_POINT ( 'NONE', #1557 ) ;
#3033 = ORIENTED_EDGE ( 'NONE', *, *, #3782, .T. ) ;
#3034 = EDGE_CURVE ( 'NONE', #1150, #4738, #4210, .T. ) ;
#3035 = EDGE_CURVE ( 'NONE', #4945, #6798, #224, .T. ) ;
#3036 = DIRECTION ( 'NONE',  ( -1.000000000000000000, -0.0000000000000000000, -0.0000000000000000000 ) ) ;
#3037 = CARTESIAN_POINT ( 'NONE',  ( 0.08464566929133858500, 0.01331242978701945700, -0.1106131544310867100 ) ) ;
#3038 = CARTESIAN_POINT ( 'NONE',  ( -0.1957604958391318500, -0.05464672370293321300, 0.02308781021705947800 ) ) ;
#3039 = DIRECTION ( 'NONE',  ( -1.000000000000000000, -0.0000000000000000000, -0.0000000000000000000 ) ) ;
#3040 = EDGE_CURVE ( 'NONE', #1363, #1306, #5806, .T. ) ;
#3041 = DIRECTION ( 'NONE',  ( 0.0000000000000000000, -0.9848077530122153500, 0.1736481776668894500 ) ) ;
#3042 = DIRECTION ( 'NONE',  ( 0.0000000000000000000, 0.0000000000000000000, 1.000000000000000000 ) ) ;
#3043 = VECTOR ( 'NONE', #6567, 39.37007874015748100 ) ;
#3044 = CYLINDRICAL_SURFACE ( 'NONE', #3905, 0.01000000000000003800 ) ;
#3045 = DIRECTION ( 'NONE',  ( 0.0000000000000000000, -0.6427876096865351400, 0.7660444431189815700 ) ) ;
#3046 = AXIS2_PLACEMENT_3D ( 'NONE', #2007, #2660, #3531 ) ;
#3047 = VECTOR ( 'NONE', #1207, 39.37007874015748100 ) ;
#3048 = FACE_OUTER_BOUND ( 'NONE', #3232, .T. ) ;
#3049 = DIRECTION ( 'NONE',  ( 0.0000000000000000000, 0.0000000000000000000, -1.000000000000000000 ) ) ;
#3050 = DIRECTION ( 'NONE',  ( 0.4472135954999576500, 0.0000000000000000000, -0.8944271909999160800 ) ) ;
#3051 = CIRCLE ( 'NONE', #3683, 0.01999999999999999000 ) ;
#3052 = ADVANCED_FACE ( 'NONE', ( #1446 ), #1295, .F. ) ;
#3053 = CARTESIAN_POINT ( 'NONE',  ( 0.08464566929133858500, 0.06492233755863111000, 0.3062389984529609300 ) ) ;
#3054 = CARTESIAN_POINT ( 'NONE',  ( 0.08464566929133858500, 0.2551348235983706400, 0.1540685006779849700 ) ) ;
#3055 = LINE ( 'NONE', #1323, #4616 ) ;
#3056 = FACE_OUTER_BOUND ( 'NONE', #135, .T. ) ;
#3057 = VECTOR ( 'NONE', #1581, 39.37007874015748900 ) ;
#3058 = VECTOR ( 'NONE', #5544, 39.37007874015748100 ) ;
#3059 = EDGE_CURVE ( 'NONE', #1447, #4248, #5487, .T. ) ;
#3060 = CARTESIAN_POINT ( 'NONE',  ( 0.08464566929133858500, -0.03455489670649111700, 0.3139457786253614900 ) ) ;
#3061 = DIRECTION ( 'NONE',  ( 0.0000000000000000000, 0.0000000000000000000, 1.000000000000000000 ) ) ;
#3062 = CARTESIAN_POINT ( 'NONE',  ( -0.2115780881419517300, -0.04470232558894562300, -0.03871504246275395800 ) ) ;
#3063 = CYLINDRICAL_SURFACE ( 'NONE', #6706, 0.2780450991271856700 ) ;
#3064 = CARTESIAN_POINT ( 'NONE',  ( 0.08464566929133858500, -0.2546075713471996900, 0.1868983076856539100 ) ) ;
#3065 = DIRECTION ( 'NONE',  ( -1.000000000000000000, -0.0000000000000000000, -0.0000000000000000000 ) ) ;
#3066 = EDGE_CURVE ( 'NONE', #2507, #1812, #2649, .T. ) ;
#3067 = FACE_OUTER_BOUND ( 'NONE', #6593, .T. ) ;
#3068 = VERTEX_POINT ( 'NONE', #1224 ) ;
#3069 = CYLINDRICAL_SURFACE ( 'NONE', #4946, 0.3230450991271856500 ) ;
#3070 = AXIS2_PLACEMENT_3D ( 'NONE', #1262, #2811, #6528 ) ;
#3071 = AXIS2_PLACEMENT_3D ( 'NONE', #807, #4997, #3917 ) ;
#3072 = ORIENTED_EDGE ( 'NONE', *, *, #4444, .F. ) ;
#3073 = AXIS2_PLACEMENT_3D ( 'NONE', #4865, #695, #5412 ) ;
#3074 = CARTESIAN_POINT ( 'NONE',  ( 0.08464566929133858500, -0.005859823710934334100, -0.2779874889652428300 ) ) ;
#3075 = DIRECTION ( 'NONE',  ( 0.0000000000000000000, -0.9848077530122073500, 0.1736481776669344900 ) ) ;
#3076 = ORIENTED_EDGE ( 'NONE', *, *, #1932, .F. ) ;
#3077 = EDGE_LOOP ( 'NONE', ( #3653, #757, #4654, #2740 ) ) ;
#3078 = DIRECTION ( 'NONE',  ( 0.0000000000000000000, -0.8660254037844362700, 0.5000000000000040000 ) ) ;
#3079 = ORIENTED_EDGE ( 'NONE', *, *, #3835, .F. ) ;
#3080 = DIRECTION ( 'NONE',  ( -1.000000000000000000, -0.0000000000000000000, -0.0000000000000000000 ) ) ;
#3081 = ORIENTED_EDGE ( 'NONE', *, *, #4676, .T. ) ;
#3082 = EDGE_CURVE ( 'NONE', #4325, #2174, #6723, .T. ) ;
#3083 = FACE_OUTER_BOUND ( 'NONE', #4002, .T. ) ;
#3084 = ORIENTED_EDGE ( 'NONE', *, *, #4658, .T. ) ;
#3085 = DIRECTION ( 'NONE',  ( 0.0000000000000000000, 0.9848077530122061300, -0.1736481776669413200 ) ) ;
#3086 = DIRECTION ( 'NONE',  ( -1.000000000000000000, -0.0000000000000000000, -0.0000000000000000000 ) ) ;
#3087 = ORIENTED_EDGE ( 'NONE', *, *, #5334, .T. ) ;
#3088 = DIRECTION ( 'NONE',  ( 0.0000000000000000000, 0.0000000000000000000, 1.000000000000000000 ) ) ;
#3089 = ADVANCED_FACE ( 'NONE', ( #2485 ), #5143, .F. ) ;
#3090 = FACE_OUTER_BOUND ( 'NONE', #4209, .T. ) ;
#3091 = DIRECTION ( 'NONE',  ( -1.000000000000000000, 0.0000000000000000000, 0.0000000000000000000 ) ) ;
#3092 = ORIENTED_EDGE ( 'NONE', *, *, #495, .T. ) ;
#3093 = EDGE_LOOP ( 'NONE', ( #492, #2198, #6257, #5268 ) ) ;
#3094 = EDGE_LOOP ( 'NONE', ( #5255, #4577, #4429, #1125 ) ) ;
#3095 = ORIENTED_EDGE ( 'NONE', *, *, #3082, .F. ) ;
#3096 = DIRECTION ( 'NONE',  ( -0.0000000000000000000, 0.7266476238251266000, 0.6870103571193794100 ) ) ;
#3097 = DIRECTION ( 'NONE',  ( -1.000000000000000000, -0.0000000000000000000, -0.0000000000000000000 ) ) ;
#3098 = EDGE_LOOP ( 'NONE', ( #136, #5837, #5084, #1937 ) ) ;
#3099 = CARTESIAN_POINT ( 'NONE',  ( -0.08464566929133858500, -0.2086386688544349900, 0.1250148568936528500 ) ) ;
#3100 = ORIENTED_EDGE ( 'NONE', *, *, #451, .T. ) ;
#3101 = ORIENTED_EDGE ( 'NONE', *, *, #1971, .T. ) ;
#3102 = DIRECTION ( 'NONE',  ( 1.000000000000000000, 0.0000000000000000000, 0.0000000000000000000 ) ) ;
#3103 = DIRECTION ( 'NONE',  ( -1.000000000000000000, -0.0000000000000000000, -0.0000000000000000000 ) ) ;
#3104 = CARTESIAN_POINT ( 'NONE',  ( 0.08464566929133858500, -0.02421575952749589800, 0.2900464801944299100 ) ) ;
#3105 = ORIENTED_EDGE ( 'NONE', *, *, #1268, .T. ) ;
#3106 = ORIENTED_EDGE ( 'NONE', *, *, #1797, .F. ) ;
#3107 = EDGE_CURVE ( 'NONE', #6390, #721, #6811, .T. ) ;
#3108 = DIRECTION ( 'NONE',  ( 1.000000000000000000, -0.0000000000000000000, -0.0000000000000000000 ) ) ;
#3109 = VERTEX_POINT ( 'NONE', #5998 ) ;
#3110 = CARTESIAN_POINT ( 'NONE',  ( 0.1437007874015748000, 2.651794250122221500E-017, -0.2165354330708661500 ) ) ;
#3111 = AXIS2_PLACEMENT_3D ( 'NONE', #5498, #2318, #6021 ) ;
#3112 = DIRECTION ( 'NONE',  ( -1.000000000000000000, -0.0000000000000000000, -0.0000000000000000000 ) ) ;
#3113 = ORIENTED_EDGE ( 'NONE', *, *, #1104, .T. ) ;
#3114 = CARTESIAN_POINT ( 'NONE',  ( -0.3248031496062992500, 0.0000000000000000000, 0.0000000000000000000 ) ) ;
#3115 = DIRECTION ( 'NONE',  ( 0.0000000000000000000, 0.0000000000000000000, 1.000000000000000000 ) ) ;
#3116 = ORIENTED_EDGE ( 'NONE', *, *, #2612, .T. ) ;
#3117 = ORIENTED_EDGE ( 'NONE', *, *, #1772, .F. ) ;
#3118 = ORIENTED_EDGE ( 'NONE', *, *, #2251, .F. ) ;
#3119 = B_SPLINE_CURVE_WITH_KNOTS ( 'NONE', 3,
 ( #1626, #4768, #5839, #2658, #6367, #3192, #70, #3723, #602, #4241, #1133, #4789, #1650, #5335, #2158, #5860, #2687, #6391, #3214, #94 ),
 .UNSPECIFIED., .F., .F.,
 ( 4, 2, 2, 2, 2, 2, 2, 2, 2, 4 ),
 ( 0.003693913568559370600, 0.004155004886569800500, 0.004616096204580231300, 0.005077187522590661200, 0.005538278840601091100, 0.005999370158611521900, 0.006460461476621951800, 0.006921552794632381700, 0.007152098453637597100, 0.007382644112642812500 ),
 .UNSPECIFIED. ) ;
#3120 = DIRECTION ( 'NONE',  ( 0.0000000000000000000, -0.6870103571193794100, 0.7266476238251266000 ) ) ;
#3121 = CARTESIAN_POINT ( 'NONE',  ( 0.08464566929133858500, -0.2327495835104525000, 0.2093438928253230600 ) ) ;
#3122 = ORIENTED_EDGE ( 'NONE', *, *, #1498, .F. ) ;
#3123 = DIRECTION ( 'NONE',  ( -1.000000000000000000, -0.0000000000000000000, -0.0000000000000000000 ) ) ;
#3124 = DIRECTION ( 'NONE',  ( -1.000000000000000000, -0.0000000000000000000, -0.0000000000000000000 ) ) ;
#3125 = DIRECTION ( 'NONE',  ( 1.000000000000000000, 0.0000000000000000000, 0.0000000000000000000 ) ) ;
#3126 = LINE ( 'NONE', #2376, #1908 ) ;
#3127 = EDGE_CURVE ( 'NONE', #2866, #6331, #1126, .T. ) ;
#3128 = CARTESIAN_POINT ( 'NONE',  ( -0.08464566929133861300, 5.062516295687878800E-017, -0.3937007874015748800 ) ) ;
#3129 = FACE_OUTER_BOUND ( 'NONE', #268, .T. ) ;
#3130 = CARTESIAN_POINT ( 'NONE',  ( -0.08464566929133858500, 0.0000000000000000000, 0.0000000000000000000 ) ) ;
#3131 = CARTESIAN_POINT ( 'NONE',  ( 0.08464566929133858500, -0.1471132378872952200, 0.2863239572057869100 ) ) ;
#3132 = FACE_OUTER_BOUND ( 'NONE', #6584, .T. ) ;
#3133 = CARTESIAN_POINT ( 'NONE',  ( 0.1437007874015748000, 0.0000000000000000000, 0.0000000000000000000 ) ) ;
#3134 = CYLINDRICAL_SURFACE ( 'NONE', #3583, 0.01000000000000003000 ) ;
#3135 = FACE_OUTER_BOUND ( 'NONE', #4992, .T. ) ;
#3136 = FACE_OUTER_BOUND ( 'NONE', #882, .T. ) ;
#3137 = FACE_OUTER_BOUND ( 'NONE', #5813, .T. ) ;
#3138 = CARTESIAN_POINT ( 'NONE',  ( -0.08464566929133858500, 0.1518126642094978200, 0.2851509268014176800 ) ) ;
#3139 = LINE ( 'NONE', #97, #5792 ) ;
#3140 = DIRECTION ( 'NONE',  ( 0.0000000000000000000, 0.05920037723354255200, 0.9982461196195084900 ) ) ;
#3141 = CYLINDRICAL_SURFACE ( 'NONE', #444, 0.2165354330708660900 ) ;
#3142 = FACE_OUTER_BOUND ( 'NONE', #5231, .T. ) ;
#3143 = ORIENTED_EDGE ( 'NONE', *, *, #3514, .F. ) ;
#3144 = ORIENTED_EDGE ( 'NONE', *, *, #6579, .T. ) ;
#3145 = FACE_OUTER_BOUND ( 'NONE', #1465, .T. ) ;
#3146 = EDGE_LOOP ( 'NONE', ( #3254, #3576 ) ) ;
#3147 = AXIS2_PLACEMENT_3D ( 'NONE', #5339, #6721, #6317 ) ;
#3148 = DIRECTION ( 'NONE',  ( 0.0000000000000000000, 0.3420201433256568300, -0.9396926207859127600 ) ) ;
#3149 = VERTEX_POINT ( 'NONE', #3878 ) ;
#3150 = CARTESIAN_POINT ( 'NONE',  ( 0.08464566929133858500, 0.2390797403628888200, 0.1659947030199609400 ) ) ;
#3151 = LINE ( 'NONE', #1506, #390 ) ;
#3152 = DIRECTION ( 'NONE',  ( -1.000000000000000000, -0.0000000000000000000, -0.0000000000000000000 ) ) ;
#3153 = DIRECTION ( 'NONE',  ( -1.000000000000000000, -0.0000000000000000000, -0.0000000000000000000 ) ) ;
#3154 = VERTEX_POINT ( 'NONE', #234 ) ;
#3155 = CARTESIAN_POINT ( 'NONE',  ( 0.08464566929133858500, 0.0000000000000000000, 0.0000000000000000000 ) ) ;
#3156 = EDGE_CURVE ( 'NONE', #1694, #5573, #964, .T. ) ;
#3157 = AXIS2_PLACEMENT_3D ( 'NONE', #1831, #5526, #2346 ) ;
#3158 = VERTEX_POINT ( 'NONE', #762 ) ;
#3159 = AXIS2_PLACEMENT_3D ( 'NONE', #1803, #1293, #2314 ) ;
#3160 = DIRECTION ( 'NONE',  ( 0.0000000000000000000, -0.8027541617740965300, -0.5963101170987857900 ) ) ;
#3161 = CIRCLE ( 'NONE', #727, 0.02000000000000000700 ) ;
#3162 = ORIENTED_EDGE ( 'NONE', *, *, #4304, .T. ) ;
#3163 = VERTEX_POINT ( 'NONE', #4408 ) ;
#3164 = ADVANCED_FACE ( 'NONE', ( #2331 ), #3552, .F. ) ;
#3165 = CARTESIAN_POINT ( 'NONE',  ( -0.08464566929133858500, -0.3228542786274535300, -0.01110183957908862300 ) ) ;
#3166 =( NAMED_UNIT ( * ) SI_UNIT ( $, .STERADIAN. ) SOLID_ANGLE_UNIT ( ) );
#3167 = EDGE_CURVE ( 'NONE', #3440, #1370, #3895, .T. ) ;
#3168 = EDGE_CURVE ( 'NONE', #6570, #5429, #3729, .T. ) ;
#3169 = FACE_OUTER_BOUND ( 'NONE', #3774, .T. ) ;
#3170 = ORIENTED_EDGE ( 'NONE', *, *, #6729, .F. ) ;
#3171 = CARTESIAN_POINT ( 'NONE',  ( -0.08464566929133858500, -0.3228542786274533600, 0.01110183957909305700 ) ) ;
#3172 = ORIENTED_EDGE ( 'NONE', *, *, #6083, .T. ) ;
#3173 = EDGE_CURVE ( 'NONE', #2564, #6585, #54, .T. ) ;
#3174 = DIRECTION ( 'NONE',  ( -1.000000000000000000, -0.0000000000000000000, -0.0000000000000000000 ) ) ;
#3175 = CARTESIAN_POINT ( 'NONE',  ( -0.1437007874015748000, 0.0000000000000000000, 0.2165354330708661500 ) ) ;
#3176 = PLANE ( 'NONE',  #5639 ) ;
#3177 = EDGE_LOOP ( 'NONE', ( #820, #1958, #6527, #565 ) ) ;
#3178 = CARTESIAN_POINT ( 'NONE',  ( 0.08464566929133858500, -0.3031758419731576100, 0.08854604252561322500 ) ) ;
#3179 = CARTESIAN_POINT ( 'NONE',  ( -0.08464566929133858500, -0.2609946473093029400, -0.1239189882872532800 ) ) ;
#3180 = VERTEX_POINT ( 'NONE', #4977 ) ;
#3181 = ORIENTED_EDGE ( 'NONE', *, *, #831, .F. ) ;
#3182 = CARTESIAN_POINT ( 'NONE',  ( -0.08464566929133858500, 0.2995867304513579700, 0.1208549833790839000 ) ) ;
#3183 = AXIS2_PLACEMENT_3D ( 'NONE', #2603, #5778, #2078 ) ;
#3184 = CARTESIAN_POINT ( 'NONE',  ( 0.08464566929133858500, -0.3151766316582616000, 0.02048618216343019500 ) ) ;
#3185 = ORIENTED_EDGE ( 'NONE', *, *, #4645, .T. ) ;
#3186 = DIRECTION ( 'NONE',  ( -1.000000000000000000, -0.0000000000000000000, -0.0000000000000000000 ) ) ;
#3187 = VERTEX_POINT ( 'NONE', #6582 ) ;
#3188 = VERTEX_POINT ( 'NONE', #3369 ) ;
#3189 = EDGE_CURVE ( 'NONE', #4428, #1169, #4812, .T. ) ;
#3190 = ORIENTED_EDGE ( 'NONE', *, *, #2105, .T. ) ;
#3191 = ORIENTED_EDGE ( 'NONE', *, *, #470, .F. ) ;
#3192 = CARTESIAN_POINT ( 'NONE',  ( -0.1990492211782724200, 0.05231664123371086000, -0.02778099215911188400 ) ) ;
#3193 = EDGE_CURVE ( 'NONE', #233, #3417, #6216, .T. ) ;
#3194 = DIRECTION ( 'NONE',  ( 0.0000000000000000000, 0.3420201433256756000, 0.9396926207859058700 ) ) ;
#3195 = ADVANCED_FACE ( 'NONE', ( #630 ), #4631, .F. ) ;
#3196 = CARTESIAN_POINT ( 'NONE',  ( 0.08464566929133858500, 0.1471132378873009600, 0.2763239572057838400 ) ) ;
#3197 = CARTESIAN_POINT ( 'NONE',  ( 0.08464566929133858500, -0.005466606461055367200, -0.2779913548340063900 ) ) ;
#3198 = DIRECTION ( 'NONE',  ( 0.0000000000000000000, 0.9848077530122071300, 0.1736481776669355500 ) ) ;
#3199 = ORIENTED_EDGE ( 'NONE', *, *, #2725, .F. ) ;
#3200 = DIRECTION ( 'NONE',  ( 1.000000000000000000, -0.0000000000000000000, -0.0000000000000000000 ) ) ;
#3201 = AXIS2_PLACEMENT_3D ( 'NONE', #2539, #6253, #3085 ) ;
#3202 =( GEOMETRIC_REPRESENTATION_CONTEXT ( 3 ) GLOBAL_UNCERTAINTY_ASSIGNED_CONTEXT ( ( #6299 ) ) GLOBAL_UNIT_ASSIGNED_CONTEXT ( ( #2624, #6338, #3166 ) ) REPRESENTATION_CONTEXT ( 'NONE', 'WORKASPACE' ) );
#3203 = DIRECTION ( 'NONE',  ( 0.0000000000000000000, -0.9933605556394448100, -0.1150426290541625800 ) ) ;
#3204 = AXIS2_PLACEMENT_3D ( 'NONE', #4024, #342, #874 ) ;
#3205 = CARTESIAN_POINT ( 'NONE',  ( 0.08464566929133858500, 0.2976719210690820200, -0.09689510562764082300 ) ) ;
#3206 = CARTESIAN_POINT ( 'NONE',  ( 0.08464566929133858500, 0.0000000000000000000, -0.4330708661417324000 ) ) ;
#3207 = CARTESIAN_POINT ( 'NONE',  ( 0.08464566929133858500, -0.07490479875482407300, -0.3068310022252968000 ) ) ;
#3208 = CIRCLE ( 'NONE', #4483, 0.01000000000000003500 ) ;
#3209 = EDGE_CURVE ( 'NONE', #5595, #1600, #6056, .T. ) ;
#3210 = FACE_OUTER_BOUND ( 'NONE', #3554, .T. ) ;
#3211 = VECTOR ( 'NONE', #1118, 39.37007874015748100 ) ;
#3212 = CARTESIAN_POINT ( 'NONE',  ( 0.08464566929133858500, 0.0000000000000000000, 0.0000000000000000000 ) ) ;
#3213 = CYLINDRICAL_SURFACE ( 'NONE', #4392, 0.2780450991271856700 ) ;
#3214 = CARTESIAN_POINT ( 'NONE',  ( -0.2311627760920108900, 0.03882340756571933000, 0.04450000000000007400 ) ) ;
#3215 = LINE ( 'NONE', #793, #6037 ) ;
#3216 = DIRECTION ( 'NONE',  ( 0.0000000000000000000, -0.3420201433257055700, 0.9396926207858949900 ) ) ;
#3217 = CIRCLE ( 'NONE', #4889, 0.02000000000000002100 ) ;
#3218 = DIRECTION ( 'NONE',  ( 1.000000000000000000, -0.0000000000000000000, -0.0000000000000000000 ) ) ;
#3219 = VECTOR ( 'NONE', #1695, 39.37007874015748100 ) ;
#3220 = DIRECTION ( 'NONE',  ( -1.000000000000000000, -0.0000000000000000000, -0.0000000000000000000 ) ) ;
#3221 = ORIENTED_EDGE ( 'NONE', *, *, #5974, .T. ) ;
#3222 = VECTOR ( 'NONE', #5123, 39.37007874015748100 ) ;
#3223 = CARTESIAN_POINT ( 'NONE',  ( -0.2342519685039370400, -0.03882340756571925300, 0.04450000000000005300 ) ) ;
#3224 = CARTESIAN_POINT ( 'NONE',  ( -0.08464566929133858500, 0.2814349999166054200, -0.07421391045223026100 ) ) ;
#3225 = CIRCLE ( 'NONE', #4931, 0.009999999999999996700 ) ;
#3226 = EDGE_CURVE ( 'NONE', #5088, #6334, #2001, .T. ) ;
#3227 = DIRECTION ( 'NONE',  ( 0.0000000000000000000, 0.0000000000000000000, 1.000000000000000000 ) ) ;
#3228 = CIRCLE ( 'NONE', #3660, 0.2165157480314960600 ) ;
#3229 = ADVANCED_FACE ( 'NONE', ( #5887 ), #3069, .T. ) ;
#3230 = CARTESIAN_POINT ( 'NONE',  ( 0.1437007874015748000, 2.651794250122221500E-017, -0.2165354330708661500 ) ) ;
#3231 = ORIENTED_EDGE ( 'NONE', *, *, #463, .F. ) ;
#3232 = EDGE_LOOP ( 'NONE', ( #5093, #5826, #2046, #848 ) ) ;
#3233 = LINE ( 'NONE', #326, #304 ) ;
#3234 = ORIENTED_EDGE ( 'NONE', *, *, #1977, .F. ) ;
#3235 = ORIENTED_EDGE ( 'NONE', *, *, #3258, .F. ) ;
#3236 = EDGE_CURVE ( 'NONE', #1087, #178, #804, .T. ) ;
#3237 = VERTEX_POINT ( 'NONE', #6090 ) ;
#3238 = AXIS2_PLACEMENT_3D ( 'NONE', #4766, #1622, #5311 ) ;
#3239 = AXIS2_PLACEMENT_3D ( 'NONE', #3009, #2992, #2968 ) ;
#3240 = VERTEX_POINT ( 'NONE', #6624 ) ;
#3241 = DIRECTION ( 'NONE',  ( 0.0000000000000000000, 0.05920037723352671700, -0.9982461196195094900 ) ) ;
#3242 = DIRECTION ( 'NONE',  ( -1.000000000000000000, -0.0000000000000000000, -0.0000000000000000000 ) ) ;
#3243 = CARTESIAN_POINT ( 'NONE',  ( 0.08464566929133858500, 0.2434808785492324800, 0.1342614573492349700 ) ) ;
#3244 = CARTESIAN_POINT ( 'NONE',  ( -0.08464566929133858500, 0.0000000000000000000, 0.0000000000000000000 ) ) ;
#3245 = VECTOR ( 'NONE', #3112, 39.37007874015748100 ) ;
#3246 = EDGE_CURVE ( 'NONE', #6091, #3661, #4467, .T. ) ;
#3247 = ORIENTED_EDGE ( 'NONE', *, *, #6690, .F. ) ;
#3248 = MECHANICAL_DESIGN_GEOMETRIC_PRESENTATION_REPRESENTATION (  '', ( #2534 ), #3596 ) ;
#3249 = CARTESIAN_POINT ( 'NONE',  ( -0.08464566929133858500, 0.1002155727758200600, 0.2593567352544768900 ) ) ;
#3250 = DIRECTION ( 'NONE',  ( 0.0000000000000000000, 0.0000000000000000000, 1.000000000000000000 ) ) ;
#3251 = VECTOR ( 'NONE', #974, 39.37007874015748100 ) ;
#3252 = ORIENTED_EDGE ( 'NONE', *, *, #1466, .T. ) ;
#3253 = EDGE_LOOP ( 'NONE', ( #5507, #3649, #3414, #2372 ) ) ;
#3254 = ORIENTED_EDGE ( 'NONE', *, *, #1756, .F. ) ;
#3255 = EDGE_CURVE ( 'NONE', #1148, #6155, #3233, .T. ) ;
#3256 = EDGE_CURVE ( 'NONE', #2697, #1150, #461, .T. ) ;
#3257 = ORIENTED_EDGE ( 'NONE', *, *, #5695, .T. ) ;
#3258 = EDGE_CURVE ( 'NONE', #3510, #2608, #1689, .T. ) ;
#3259 = VERTEX_POINT ( 'NONE', #6655 ) ;
#3260 = VERTEX_POINT ( 'NONE', #1995 ) ;
#3261 = VERTEX_POINT ( 'NONE', #6762 ) ;
#3262 = DIRECTION ( 'NONE',  ( -1.000000000000000000, -0.0000000000000000000, -0.0000000000000000000 ) ) ;
#3263 = ORIENTED_EDGE ( 'NONE', *, *, #4409, .T. ) ;
#3264 = DIRECTION ( 'NONE',  ( -1.000000000000000000, -0.0000000000000000000, -0.0000000000000000000 ) ) ;
#3265 = ADVANCED_FACE ( 'NONE', ( #2906 ), #5560, .T. ) ;
#3266 = DIRECTION ( 'NONE',  ( 0.0000000000000000000, -0.6427876096865471300, -0.7660444431189714600 ) ) ;
#3267 = CARTESIAN_POINT ( 'NONE',  ( 0.08464566929133858500, -0.1074241567854200400, -0.2780124667216840600 ) ) ;
#3268 = DIRECTION ( 'NONE',  ( 0.0000000000000000000, -0.9933605556394429200, 0.1150426290541777100 ) ) ;
#3269 = CARTESIAN_POINT ( 'NONE',  ( 0.08464566929133858500, 0.1678879356802253100, -0.2377540845825869300 ) ) ;
#3270 = ORIENTED_EDGE ( 'NONE', *, *, #4385, .F. ) ;
#3271 = ORIENTED_EDGE ( 'NONE', *, *, #1312, .T. ) ;
#3272 = CARTESIAN_POINT ( 'NONE',  ( 0.08464566929133858500, -0.1657469476708067200, -0.2655657798462752200 ) ) ;
#3273 = AXIS2_PLACEMENT_3D ( 'NONE', #1684, #6736, #82 ) ;
#3274 = VERTEX_POINT ( 'NONE', #1502 ) ;
#3275 = ORIENTED_EDGE ( 'NONE', *, *, #6671, .F. ) ;
#3276 = DIRECTION ( 'NONE',  ( 0.0000000000000000000, 0.9848077530122063500, -0.1736481776669404600 ) ) ;
#3277 = CARTESIAN_POINT ( 'NONE',  ( -0.2731304730168310200, 0.2154195923581114200, 0.02241190972440939800 ) ) ;
#3278 = ORIENTED_EDGE ( 'NONE', *, *, #3651, .T. ) ;
#3279 = ORIENTED_EDGE ( 'NONE', *, *, #1669, .T. ) ;
#3280 = DIRECTION ( 'NONE',  ( 0.0000000000000000000, 0.0000000000000000000, 1.000000000000000000 ) ) ;
#3281 = EDGE_CURVE ( 'NONE', #1234, #2929, #4288, .T. ) ;
#3282 = ORIENTED_EDGE ( 'NONE', *, *, #949, .F. ) ;
#3283 = CARTESIAN_POINT ( 'NONE',  ( -0.2615578848854782600, -0.04736465560033086000, -0.03557251572750375100 ) ) ;
#3284 = EDGE_CURVE ( 'NONE', #2119, #6667, #1524, .T. ) ;
#3285 = CARTESIAN_POINT ( 'NONE',  ( 0.08464566929133858500, -0.02421575952749589800, 0.2900464801944299100 ) ) ;
#3286 = EDGE_CURVE ( 'NONE', #5358, #5262, #5717, .T. ) ;
#3287 = DIRECTION ( 'NONE',  ( 0.0000000000000000000, -0.6427876096865407000, -0.7660444431189770100 ) ) ;
#3288 = DIRECTION ( 'NONE',  ( 1.000000000000000000, 0.0000000000000000000, 0.0000000000000000000 ) ) ;
#3289 = DIRECTION ( 'NONE',  ( -1.000000000000000000, -0.0000000000000000000, -0.0000000000000000000 ) ) ;
#3290 = AXIS2_PLACEMENT_3D ( 'NONE', #5221, #4698, #1542 ) ;
#3291 = CARTESIAN_POINT ( 'NONE',  ( -0.08464566929133858500, -0.1024500166235618600, 0.04377767483388832900 ) ) ;
#3292 = AXIS2_PLACEMENT_3D ( 'NONE', #3003, #6720, #3522 ) ;
#3293 = CYLINDRICAL_SURFACE ( 'NONE', #2711, 0.2780450991271856700 ) ;
#3294 = CARTESIAN_POINT ( 'NONE',  ( 0.08464566929133858500, 0.2327495835104569100, 0.2093438928253182900 ) ) ;
#3295 = VECTOR ( 'NONE', #4422, 39.37007874015748100 ) ;
#3296 = CIRCLE ( 'NONE', #4249, 0.2780450991271856700 ) ;
#3297 = DIRECTION ( 'NONE',  ( -1.000000000000000000, -0.0000000000000000000, -0.0000000000000000000 ) ) ;
#3298 = VECTOR ( 'NONE', #5787, 39.37007874015748100 ) ;
#3299 = ADVANCED_FACE ( 'NONE', ( #137, #2736 ), #1006, .T. ) ;
#3300 = CARTESIAN_POINT ( 'NONE',  ( -0.1240157480314961300, 5.062516295687878800E-017, -0.3937007874015748800 ) ) ;
#3301 = LINE ( 'NONE', #4802, #1914 ) ;
#3302 = CIRCLE ( 'NONE', #1018, 0.2165354330708661500 ) ;
#3303 = EDGE_CURVE ( 'NONE', #178, #4660, #2562, .T. ) ;
#3304 = FACE_OUTER_BOUND ( 'NONE', #4980, .T. ) ;
#3305 = DIRECTION ( 'NONE',  ( 1.000000000000000000, 0.0000000000000000000, 0.0000000000000000000 ) ) ;
#3306 = FACE_OUTER_BOUND ( 'NONE', #3177, .T. ) ;
#3307 = VECTOR ( 'NONE', #6538, 39.37007874015748100 ) ;
#3308 = CARTESIAN_POINT ( 'NONE',  ( -0.2404143143239164900, -0.03920562447435060200, 0.04417293293193545100 ) ) ;
#3309 = LINE ( 'NONE', #5802, #4714 ) ;
#3310 = DIRECTION ( 'NONE',  ( -1.000000000000000000, -0.0000000000000000000, -0.0000000000000000000 ) ) ;
#3311 = CARTESIAN_POINT ( 'NONE',  ( -0.08464566929133858500, -0.2380142720881772100, -0.1437298974847671900 ) ) ;
#3312 = EDGE_LOOP ( 'NONE', ( #3755, #4495, #3687, #760 ) ) ;
#3313 = AXIS2_PLACEMENT_3D ( 'NONE', #2323, #2739, #2763 ) ;
#3314 = DIRECTION ( 'NONE',  ( 0.0000000000000000000, -0.8660254037844247200, -0.5000000000000240900 ) ) ;
#3315 = CIRCLE ( 'NONE', #2671, 0.2780450991271856700 ) ;
#3316 = CARTESIAN_POINT ( 'NONE',  ( 0.08464566929133858500, 0.0000000000000000000, 0.0000000000000000000 ) ) ;
#3317 = DIRECTION ( 'NONE',  ( 0.0000000000000000000, 0.8660254037844429300, 0.4999999999999923900 ) ) ;
#3318 = ORIENTED_EDGE ( 'NONE', *, *, #1012, .T. ) ;
#3319 = CARTESIAN_POINT ( 'NONE',  ( -0.08464566929133858500, -0.2924428417247575400, 0.05751578424817292700 ) ) ;
#3320 = DIRECTION ( 'NONE',  ( -1.000000000000000000, -0.0000000000000000000, -0.0000000000000000000 ) ) ;
#3321 = ORIENTED_EDGE ( 'NONE', *, *, #5878, .F. ) ;
#3322 = FACE_OUTER_BOUND ( 'NONE', #5511, .T. ) ;
#3323 = CARTESIAN_POINT ( 'NONE',  ( -0.08464566929133858500, 0.07490479875482190800, -0.3068310022252972400 ) ) ;
#3324 = ORIENTED_EDGE ( 'NONE', *, *, #2880, .T. ) ;
#3325 = VERTEX_POINT ( 'NONE', #5181 ) ;
#3326 = DIRECTION ( 'NONE',  ( 0.0000000000000000000, 0.8660254037844433700, 0.4999999999999918400 ) ) ;
#3327 = VECTOR ( 'NONE', #5387, 39.37007874015748100 ) ;
#3328 = ORIENTED_EDGE ( 'NONE', *, *, #6532, .T. ) ;
#3329 = CARTESIAN_POINT ( 'NONE',  ( -0.2787491634805159800, -0.2165151715213354800, -0.005896380859178034000 ) ) ;
#3330 = CARTESIAN_POINT ( 'NONE',  ( -0.08464566929133858500, 0.0000000000000000000, 0.0000000000000000000 ) ) ;
#3331 = EDGE_CURVE ( 'NONE', #5348, #1244, #6799, .T. ) ;
#3332 = AXIS2_PLACEMENT_3D ( 'NONE', #2371, #6075, #2905 ) ;
#3333 = AXIS2_PLACEMENT_3D ( 'NONE', #2491, #6194, #3028 ) ;
#3334 = AXIS2_PLACEMENT_3D ( 'NONE', #6814, #6306, #5772 ) ;
#3335 = CIRCLE ( 'NONE', #1676, 0.3230450991271856500 ) ;
#3336 = CARTESIAN_POINT ( 'NONE',  ( 0.08464566929133858500, -0.1112443712417057600, 0.006097588627261950900 ) ) ;
#3337 = ADVANCED_FACE ( 'NONE', ( #3969 ), #2402, .T. ) ;
#3338 = DIRECTION ( 'NONE',  ( 1.000000000000000000, 0.0000000000000000000, 0.0000000000000000000 ) ) ;
#3339 = CARTESIAN_POINT ( 'NONE',  ( 0.08464566929133858500, 0.0000000000000000000, 0.0000000000000000000 ) ) ;
#3340 = VERTEX_POINT ( 'NONE', #2058 ) ;
#3341 = ORIENTED_EDGE ( 'NONE', *, *, #599, .T. ) ;
#3342 = CARTESIAN_POINT ( 'NONE',  ( 0.08464566929133858500, 0.03455489670649319200, -0.3139457786253612700 ) ) ;
#3343 = DIRECTION ( 'NONE',  ( -1.000000000000000000, -0.0000000000000000000, -0.0000000000000000000 ) ) ;
#3344 = DIRECTION ( 'NONE',  ( 1.000000000000000000, 0.0000000000000000000, 0.0000000000000000000 ) ) ;
#3345 = ORIENTED_EDGE ( 'NONE', *, *, #2192, .F. ) ;
#3346 = ORIENTED_EDGE ( 'NONE', *, *, #1862, .F. ) ;
#3347 = ORIENTED_EDGE ( 'NONE', *, *, #3040, .T. ) ;
#3348 = DIRECTION ( 'NONE',  ( 0.0000000000000000000, -0.8941066874365061200, -0.4478540292118825000 ) ) ;
#3349 = DIRECTION ( 'NONE',  ( -1.000000000000000000, 0.0000000000000000000, 0.0000000000000000000 ) ) ;
#3350 = VERTEX_POINT ( 'NONE', #5230 ) ;
#3351 = ORIENTED_EDGE ( 'NONE', *, *, #2025, .T. ) ;
#3352 = VERTEX_POINT ( 'NONE', #2584 ) ;
#3353 = CARTESIAN_POINT ( 'NONE',  ( 0.08464566929133858500, 0.2747173077608816000, -0.04288913574857326800 ) ) ;
#3354 = EDGE_CURVE ( 'NONE', #544, #1571, #1205, .T. ) ;
#3355 = AXIS2_PLACEMENT_3D ( 'NONE', #2286, #2475, #2279 ) ;
#3356 = VERTEX_POINT ( 'NONE', #2039 ) ;
#3357 = CARTESIAN_POINT ( 'NONE',  ( 0.08464566929133858500, 0.09641129058488133500, 0.2820208222126364700 ) ) ;
#3358 = DIRECTION ( 'NONE',  ( -1.000000000000000000, -0.0000000000000000000, -0.0000000000000000000 ) ) ;
#3359 = CARTESIAN_POINT ( 'NONE',  ( 0.08464566929133858500, -0.2390797403628877600, -0.1659947030199625000 ) ) ;
#3360 = ORIENTED_EDGE ( 'NONE', *, *, #23, .T. ) ;
#3361 = ORIENTED_EDGE ( 'NONE', *, *, #1711, .F. ) ;
#3362 = EDGE_LOOP ( 'NONE', ( #4861, #2211, #3087, #4168 ) ) ;
#3363 = ORIENTED_EDGE ( 'NONE', *, *, #1456, .F. ) ;
#3364 = DIRECTION ( 'NONE',  ( 0.0000000000000000000, 0.0000000000000000000, -1.000000000000000000 ) ) ;
#3365 = CARTESIAN_POINT ( 'NONE',  ( -0.08464566929133858500, -0.2390797403628854800, 0.1659947030199657700 ) ) ;
#3366 = ADVANCED_FACE ( 'NONE', ( #5227 ), #5057, .T. ) ;
#3367 = CARTESIAN_POINT ( 'NONE',  ( -0.1437007874015748500, 5.303588500244443600E-017, 0.4330708661417323500 ) ) ;
#3368 = AXIS2_PLACEMENT_3D ( 'NONE', #751, #4939, #1275 ) ;
#3369 = CARTESIAN_POINT ( 'NONE',  ( 0.08464566929133858500, -0.3071808359793941100, 0.09999034991984867600 ) ) ;
#3370 = VECTOR ( 'NONE', #2259, 39.37007874015748100 ) ;
#3371 = CARTESIAN_POINT ( 'NONE',  ( -0.08464566929133858500, 0.1828770619894851400, 0.2094398657055063800 ) ) ;
#3372 = EDGE_CURVE ( 'NONE', #5592, #4813, #3806, .T. ) ;
#3373 = CARTESIAN_POINT ( 'NONE',  ( 0.08464566929133858500, 0.0000000000000000000, 0.0000000000000000000 ) ) ;
#3374 = DIRECTION ( 'NONE',  ( 1.000000000000000000, -0.0000000000000000000, -0.0000000000000000000 ) ) ;
#3375 = CIRCLE ( 'NONE', #2035, 0.01000000000000004000 ) ;
#3376 = LINE ( 'NONE', #1164, #112 ) ;
#3377 = CARTESIAN_POINT ( 'NONE',  ( 0.08464566929133858500, -0.07644636819248530600, 0.2808368146679675600 ) ) ;
#3378 = AXIS2_PLACEMENT_3D ( 'NONE', #1641, #2149, #1124 ) ;
#3379 = VECTOR ( 'NONE', #5190, 39.37007874015748100 ) ;
#3380 = CIRCLE ( 'NONE', #4067, 0.3230450991271856500 ) ;
#3381 = FACE_OUTER_BOUND ( 'NONE', #3362, .T. ) ;
#3382 = CARTESIAN_POINT ( 'NONE',  ( 0.08464566929133858500, 0.3031758419731582200, 0.08854604252561114300 ) ) ;
#3383 = FACE_OUTER_BOUND ( 'NONE', #984, .T. ) ;
#3384 = EDGE_CURVE ( 'NONE', #473, #4501, #6467, .T. ) ;
#3385 = EDGE_CURVE ( 'NONE', #5100, #2408, #3636, .T. ) ;
#3386 = CYLINDRICAL_SURFACE ( 'NONE', #1994, 0.009999999999999995000 ) ;
#3387 = DIRECTION ( 'NONE',  ( 1.000000000000000000, 0.0000000000000000000, 0.0000000000000000000 ) ) ;
#3388 = COLOUR_RGB ( '',0.8666666666666667000, 0.8666666666666667000, 0.8901960784313725000 ) ;
#3389 = CIRCLE ( 'NONE', #5997, 0.3230450991271856500 ) ;
#3390 = ORIENTED_EDGE ( 'NONE', *, *, #4995, .F. ) ;
#3391 = EDGE_CURVE ( 'NONE', #904, #5399, #6644, .T. ) ;
#3392 = CARTESIAN_POINT ( 'NONE',  ( -0.08464566929133858500, -0.2609946473093029400, -0.1439189882872533300 ) ) ;
#3393 = FACE_OUTER_BOUND ( 'NONE', #5852, .T. ) ;
#3394 = EDGE_LOOP ( 'NONE', ( #4086, #3181, #4932, #4083 ) ) ;
#3395 = VECTOR ( 'NONE', #813, 39.37007874015748100 ) ;
#3396 = ORIENTED_EDGE ( 'NONE', *, *, #4092, .F. ) ;
#3397 = ADVANCED_FACE ( 'NONE', ( #6296 ), #6136, .T. ) ;
#3398 = CARTESIAN_POINT ( 'NONE',  ( -0.08464566929133858500, 0.2903128943442387900, 0.1171138653833113700 ) ) ;
#3399 = AXIS2_PLACEMENT_3D ( 'NONE', #2605, #2623, #2673 ) ;
#3400 = DIRECTION ( 'NONE',  ( -1.000000000000000000, -0.0000000000000000000, -0.0000000000000000000 ) ) ;
#3401 = DIRECTION ( 'NONE',  ( -1.000000000000000000, -0.0000000000000000000, -0.0000000000000000000 ) ) ;
#3402 = VERTEX_POINT ( 'NONE', #42 ) ;
#3403 = VERTEX_POINT ( 'NONE', #3691 ) ;
#3404 = VERTEX_POINT ( 'NONE', #570 ) ;
#3405 = DIRECTION ( 'NONE',  ( 0.0000000000000000000, -0.8660254037844414800, -0.4999999999999951200 ) ) ;
#3406 = FACE_OUTER_BOUND ( 'NONE', #4016, .T. ) ;
#3407 = EDGE_CURVE ( 'NONE', #4633, #6564, #3315, .T. ) ;
#3408 = PLANE ( 'NONE',  #3416 ) ;
#3409 = CARTESIAN_POINT ( 'NONE',  ( -0.08464566929133858500, 0.3128601855581031900, -0.01075817735950962200 ) ) ;
#3410 = VERTEX_POINT ( 'NONE', #3165 ) ;
#3411 = CARTESIAN_POINT ( 'NONE',  ( 0.08464566929133858500, 0.005466606461057185200, 0.2779913548340063300 ) ) ;
#3412 = EDGE_CURVE ( 'NONE', #5938, #3356, #714, .T. ) ;
#3413 = VECTOR ( 'NONE', #3036, 39.37007874015748100 ) ;
#3414 = ORIENTED_EDGE ( 'NONE', *, *, #2417, .F. ) ;
#3415 = AXIS2_PLACEMENT_3D ( 'NONE', #2837, #6552, #3364 ) ;
#3416 = AXIS2_PLACEMENT_3D ( 'NONE', #832, #4472, #1345 ) ;
#3417 = VERTEX_POINT ( 'NONE', #4208 ) ;
#3418 = DIRECTION ( 'NONE',  ( 0.0000000000000000000, 0.2857901232724705000, 0.9582922338409647400 ) ) ;
#3419 = AXIS2_PLACEMENT_3D ( 'NONE', #4340, #5957, #3819 ) ;
#3420 = ORIENTED_EDGE ( 'NONE', *, *, #6753, .F. ) ;
#3421 = CARTESIAN_POINT ( 'NONE',  ( 0.08464566929133858500, 0.3128601855581032400, 0.01075817735950960300 ) ) ;
#3422 = CARTESIAN_POINT ( 'NONE',  ( 0.08464566929133858500, 0.1960315511398793000, -0.2045050379644671200 ) ) ;
#3423 = CARTESIAN_POINT ( 'NONE',  ( -0.1437007874015748300, 0.0000000000000000000, 0.0000000000000000000 ) ) ;
#3424 = APPLICATION_CONTEXT ( 'automotive_design' ) ;
#3425 = VERTEX_POINT ( 'NONE', #4760 ) ;
#3426 = ORIENTED_EDGE ( 'NONE', *, *, #1171, .F. ) ;
#3427 = VERTEX_POINT ( 'NONE', #66 ) ;
#3428 = ORIENTED_EDGE ( 'NONE', *, *, #2352, .T. ) ;
#3429 = CARTESIAN_POINT ( 'NONE',  ( 0.08464566929133858500, -0.1960315511398808600, -0.2245050379644658000 ) ) ;
#3430 = ORIENTED_EDGE ( 'NONE', *, *, #4700, .F. ) ;
#3431 = DIRECTION ( 'NONE',  ( 1.000000000000000000, 0.0000000000000000000, 0.0000000000000000000 ) ) ;
#3432 = EDGE_CURVE ( 'NONE', #2349, #2174, #2247, .T. ) ;
#3433 = ORIENTED_EDGE ( 'NONE', *, *, #2540, .F. ) ;
#3434 = ADVANCED_FACE ( 'NONE', ( #4717 ), #1759, .F. ) ;
#3435 = SURFACE_STYLE_USAGE ( .BOTH. , #6620 ) ;
#3436 = EDGE_LOOP ( 'NONE', ( #2702, #5316, #2037, #3838 ) ) ;
#3437 = ORIENTED_EDGE ( 'NONE', *, *, #1984, .F. ) ;
#3438 = AXIS2_PLACEMENT_3D ( 'NONE', #399, #795, #822 ) ;
#3439 = VERTEX_POINT ( 'NONE', #3207 ) ;
#3440 = VERTEX_POINT ( 'NONE', #84 ) ;
#3441 = VERTEX_POINT ( 'NONE', #3738 ) ;
#3442 = DIRECTION ( 'NONE',  ( -1.000000000000000000, -0.0000000000000000000, -0.0000000000000000000 ) ) ;
#3443 = DIRECTION ( 'NONE',  ( -1.000000000000000000, -0.0000000000000000000, -0.0000000000000000000 ) ) ;
#3444 = CARTESIAN_POINT ( 'NONE',  ( 0.08464566929133858500, -0.1870537803570462600, -0.2320382821171364800 ) ) ;
#3445 = DIRECTION ( 'NONE',  ( -1.000000000000000000, -0.0000000000000000000, -0.0000000000000000000 ) ) ;
#3446 = APPLICATION_PROTOCOL_DEFINITION ( 'draft international standard', 'automotive_design', 1998, #6638 ) ;
#3447 = CARTESIAN_POINT ( 'NONE',  ( 0.1240157480314961100, 0.0000000000000000000, 0.0000000000000000000 ) ) ;
#3448 = VECTOR ( 'NONE', #780, 39.37007874015748100 ) ;
#3449 = EDGE_CURVE ( 'NONE', #469, #5368, #3470, .T. ) ;
#3450 = LINE ( 'NONE', #5485, #690 ) ;
#3451 = AXIS2_PLACEMENT_3D ( 'NONE', #4440, #1329, #4993 ) ;
#3452 = AXIS2_PLACEMENT_3D ( 'NONE', #213, #2826, #6536 ) ;
#3453 = CYLINDRICAL_SURFACE ( 'NONE', #3204, 0.04450000000000004600 ) ;
#3454 = DIRECTION ( 'NONE',  ( -1.000000000000000000, -0.0000000000000000000, -0.0000000000000000000 ) ) ;
#3455 = FACE_OUTER_BOUND ( 'NONE', #4663, .T. ) ;
#3456 = PRESENTATION_STYLE_ASSIGNMENT (( #4077 ) ) ;
#3457 = LINE ( 'NONE', #1723, #2063 ) ;
#3458 = VECTOR ( 'NONE', #493, 39.37007874015748100 ) ;
#3459 = LINE ( 'NONE', #5419, #6786 ) ;
#3460 = ADVANCED_FACE ( 'NONE', ( #1928 ), #543, .F. ) ;
#3461 = DIRECTION ( 'NONE',  ( 0.0000000000000000000, 0.8660254037844433700, 0.4999999999999918400 ) ) ;
#3462 = ADVANCED_FACE ( 'NONE', ( #3145 ), #2982, .T. ) ;
#3463 = LINE ( 'NONE', #2135, #5965 ) ;
#3464 = CARTESIAN_POINT ( 'NONE',  ( 0.08464566929133858500, -0.005859823710930355500, 0.2979874889652428500 ) ) ;
#3465 = CYLINDRICAL_SURFACE ( 'NONE', #5151, 0.01999999999999999000 ) ;
#3466 = FACE_OUTER_BOUND ( 'NONE', #4235, .T. ) ;
#3467 = VERTEX_POINT ( 'NONE', #3230 ) ;
#3468 = DIRECTION ( 'NONE',  ( 0.0000000000000000000, 6.982966722218764100E-015, 1.000000000000000000 ) ) ;
#3469 = DIRECTION ( 'NONE',  ( 0.0000000000000000000, 0.0000000000000000000, -1.000000000000000000 ) ) ;
#3470 = LINE ( 'NONE', #6380, #385 ) ;
#3471 = VERTEX_POINT ( 'NONE', #106 ) ;
#3472 = DIRECTION ( 'NONE',  ( 0.0000000000000000000, -0.6427876096865351400, 0.7660444431189815700 ) ) ;
#3473 = EDGE_CURVE ( 'NONE', #6175, #4054, #1601, .T. ) ;
#3474 = ORIENTED_EDGE ( 'NONE', *, *, #6386, .T. ) ;
#3475 = FACE_BOUND ( 'NONE', #167, .T. ) ;
#3476 = ORIENTED_EDGE ( 'NONE', *, *, #71, .T. ) ;
#3477 = DIRECTION ( 'NONE',  ( 0.0000000000000000000, 0.8941066874365023500, -0.4478540292118903300 ) ) ;
#3478 = EDGE_LOOP ( 'NONE', ( #3502, #6684, #4380, #913 ) ) ;
#3479 = CARTESIAN_POINT ( 'NONE',  ( -0.08464566929133858500, -0.2327495835104525000, 0.2093438928253230600 ) ) ;
#3480 = FACE_OUTER_BOUND ( 'NONE', #1145, .T. ) ;
#3481 = CARTESIAN_POINT ( 'NONE',  ( -0.08464566929133858500, -0.1753298700092164000, -0.2627078786135505500 ) ) ;
#3482 = ORIENTED_EDGE ( 'NONE', *, *, #722, .F. ) ;
#3483 = DIRECTION ( 'NONE',  ( 0.0000000000000000000, -0.9728004803918451900, 0.2316446100158494100 ) ) ;
#3484 = DIRECTION ( 'NONE',  ( -1.000000000000000000, -0.0000000000000000000, -0.0000000000000000000 ) ) ;
#3485 = CYLINDRICAL_SURFACE ( 'NONE', #1338, 0.01999999999999999000 ) ;
#3486 = CARTESIAN_POINT ( 'NONE',  ( -0.08464566929133858500, -0.06699623482581205900, 0.3160215824738207300 ) ) ;
#3487 = DIRECTION ( 'NONE',  ( 1.000000000000000000, -0.0000000000000000000, -0.0000000000000000000 ) ) ;
#3488 = ORIENTED_EDGE ( 'NONE', *, *, #3740, .T. ) ;
#3489 = EDGE_LOOP ( 'NONE', ( #3105, #3081, #6558, #1486 ) ) ;
#3490 = CARTESIAN_POINT ( 'NONE',  ( 0.1437007874015748000, 0.0000000000000000000, 0.0000000000000000000 ) ) ;
#3491 = AXIS2_PLACEMENT_3D ( 'NONE', #6439, #6225, #6143 ) ;
#3492 = DIRECTION ( 'NONE',  ( -1.000000000000000000, -0.0000000000000000000, -0.0000000000000000000 ) ) ;
#3493 = ADVANCED_FACE ( 'NONE', ( #5971 ), #4275, .F. ) ;
#3494 = ORIENTED_EDGE ( 'NONE', *, *, #1163, .T. ) ;
#3495 = EDGE_LOOP ( 'NONE', ( #414, #6160, #3428, #5754 ) ) ;
#3496 = ORIENTED_EDGE ( 'NONE', *, *, #1130, .F. ) ;
#3497 = EDGE_CURVE ( 'NONE', #1328, #221, #4546, .T. ) ;
#3498 = AXIS2_PLACEMENT_3D ( 'NONE', #6592, #3401, #287 ) ;
#3499 = VERTEX_POINT ( 'NONE', #6429 ) ;
#3500 = CARTESIAN_POINT ( 'NONE',  ( -0.08464566929133858500, -0.1112443712417057600, 0.006097588627261950900 ) ) ;
#3501 = AXIS2_PLACEMENT_3D ( 'NONE', #3392, #274, #3924 ) ;
#3502 = ORIENTED_EDGE ( 'NONE', *, *, #809, .T. ) ;
#3503 = DIRECTION ( 'NONE',  ( 0.0000000000000000000, 0.2857901232724638900, 0.9582922338409667300 ) ) ;
#3504 = DIRECTION ( 'NONE',  ( 0.0000000000000000000, 0.9848077530122062400, -0.1736481776669404100 ) ) ;
#3505 = ORIENTED_EDGE ( 'NONE', *, *, #3631, .F. ) ;
#3506 = EDGE_CURVE ( 'NONE', #5891, #1395, #5589, .T. ) ;
#3507 = EDGE_CURVE ( 'NONE', #3068, #6679, #218, .T. ) ;
#3508 = ORIENTED_EDGE ( 'NONE', *, *, #2004, .T. ) ;
#3509 = CARTESIAN_POINT ( 'NONE',  ( -0.08464566929133857100, 0.0000000000000000000, 0.0000000000000000000 ) ) ;
#3510 = VERTEX_POINT ( 'NONE', #3300 ) ;
#3511 = CARTESIAN_POINT ( 'NONE',  ( 0.08464566929133858500, -0.09641129058487936400, -0.2820208222126371900 ) ) ;
#3512 = CARTESIAN_POINT ( 'NONE',  ( -0.2280816143819536000, -0.03882340756590455700, -0.04450000000000645100 ) ) ;
#3513 = VERTEX_POINT ( 'NONE', #711 ) ;
#3514 = EDGE_CURVE ( 'NONE', #1203, #2077, #1442, .T. ) ;
#3515 = CARTESIAN_POINT ( 'NONE',  ( -0.2342519685039370400, -0.2118934145877079700, -0.04450000000000004000 ) ) ;
#3516 = CARTESIAN_POINT ( 'NONE',  ( -0.08464566929133858500, 0.2388138168057127600, -0.04611691108669952600 ) ) ;
#3517 = ORIENTED_EDGE ( 'NONE', *, *, #1513, .T. ) ;
#3518 = B_SPLINE_CURVE_WITH_KNOTS ( 'NONE', 3,
 ( #5567, #5658, #5679, #5538, #5521, #5500, #5477, #5452, #5432, #5411, #5379, #5360, #5266, #5242, #5214, #5189, #5167, #5148 ),
 .UNSPECIFIED., .F., .F.,
 ( 4, 2, 2, 2, 2, 2, 2, 2, 4 ),
 ( 9.199760500100243700E-019, 0.0004617391960699221400, 0.0009234783921398433100, 0.001385217588209764500, 0.001846956784279685800, 0.002308695980349607000, 0.002770435176419528200, 0.003232174372489449400, 0.003693913568559370600 ),
 .UNSPECIFIED. ) ;
#3519 = AXIS2_PLACEMENT_3D ( 'NONE', #5893, #2719, #6426 ) ;
#3520 = CARTESIAN_POINT ( 'NONE',  ( 0.08464566929133858500, 0.0000000000000000000, -0.2165354330708661500 ) ) ;
#3521 = ADVANCED_FACE ( 'NONE', ( #4381 ), #4046, .F. ) ;
#3522 = DIRECTION ( 'NONE',  ( 0.0000000000000000000, 0.8660254037844432600, 0.4999999999999919000 ) ) ;
#3523 = CIRCLE ( 'NONE', #5911, 0.01999999999999999300 ) ;
#3524 = DIRECTION ( 'NONE',  ( 0.0000000000000000000, 0.0000000000000000000, -1.000000000000000000 ) ) ;
#3525 = CIRCLE ( 'NONE', #3775, 0.01000000000000004500 ) ;
#3526 = EDGE_CURVE ( 'NONE', #4475, #1795, #5800, .T. ) ;
#3527 = CARTESIAN_POINT ( 'NONE',  ( 0.08464566929133858500, -0.08994171327142781700, 0.2630961143051086500 ) ) ;
#3528 = CIRCLE ( 'NONE', #1000, 0.01999999999999999300 ) ;
#3529 = DIRECTION ( 'NONE',  ( 0.0000000000000000000, -0.8660254037844398200, -0.4999999999999980000 ) ) ;
#3530 = CYLINDRICAL_SURFACE ( 'NONE', #3812, 0.01999999999999997600 ) ;
#3531 = DIRECTION ( 'NONE',  ( 0.0000000000000000000, 0.0000000000000000000, 1.000000000000000000 ) ) ;
#3532 = CARTESIAN_POINT ( 'NONE',  ( 0.08464566929133858500, 0.02421575952749779200, -0.2900464801944298000 ) ) ;
#3533 = DIRECTION ( 'NONE',  ( -1.000000000000000000, -0.0000000000000000000, -0.0000000000000000000 ) ) ;
#3534 = VECTOR ( 'NONE', #6768, 39.37007874015748100 ) ;
#3535 = CARTESIAN_POINT ( 'NONE',  ( -0.1953825679736574700, -0.2154177872208560000, -0.02244024727204449500 ) ) ;
#3536 = EDGE_CURVE ( 'NONE', #5368, #2696, #4204, .T. ) ;
#3537 = LINE ( 'NONE', #771, #2148 ) ;
#3538 = DIRECTION ( 'NONE',  ( 0.0000000000000000000, 0.3970504385406596900, 0.9177967908282693700 ) ) ;
#3539 = CYLINDRICAL_SURFACE ( 'NONE', #2051, 0.4330708661417324000 ) ;
#3540 = VECTOR ( 'NONE', #2431, 39.37007874015748900 ) ;
#3541 = AXIS2_PLACEMENT_3D ( 'NONE', #5166, #4104, #994 ) ;
#3542 = AXIS2_PLACEMENT_3D ( 'NONE', #597, #4233, #1128 ) ;
#3543 = AXIS2_PLACEMENT_3D ( 'NONE', #6275, #3108, #6813 ) ;
#3544 = VECTOR ( 'NONE', #467, 39.37007874015748100 ) ;
#3545 = CARTESIAN_POINT ( 'NONE',  ( -0.08464566929133858500, 0.2924428417247578700, -0.05751578424817096300 ) ) ;
#3546 = VECTOR ( 'NONE', #5535, 39.37007874015748100 ) ;
#3547 = CIRCLE ( 'NONE', #3491, 0.2780450991271857200 ) ;
#3548 = FILL_AREA_STYLE ('',( #1973 ) ) ;
#3549 = VERTEX_POINT ( 'NONE', #5969 ) ;
#3550 = CIRCLE ( 'NONE', #5226, 0.01999999999999999700 ) ;
#3551 = ORIENTED_EDGE ( 'NONE', *, *, #5431, .T. ) ;
#3552 = CYLINDRICAL_SURFACE ( 'NONE', #3159, 0.04450000000000004600 ) ;
#3553 = EDGE_LOOP ( 'NONE', ( #2270, #4677, #1318, #3396 ) ) ;
#3554 = EDGE_LOOP ( 'NONE', ( #346, #5559, #4930, #1407 ) ) ;
#3555 = EDGE_CURVE ( 'NONE', #2077, #6250, #1289, .T. ) ;
#3556 = PLANE ( 'NONE',  #2845 ) ;
#3557 = DIRECTION ( 'NONE',  ( 1.000000000000000000, 0.0000000000000000000, 0.0000000000000000000 ) ) ;
#3558 = CARTESIAN_POINT ( 'NONE',  ( -0.08464566929133858500, -0.2282710432183365500, -0.2182849596996848900 ) ) ;
#3559 = ORIENTED_EDGE ( 'NONE', *, *, #6226, .F. ) ;
#3560 = DIRECTION ( 'NONE',  ( -1.000000000000000000, -0.0000000000000000000, -0.0000000000000000000 ) ) ;
#3561 = DIRECTION ( 'NONE',  ( -1.000000000000000000, -0.0000000000000000000, -0.0000000000000000000 ) ) ;
#3562 = ADVANCED_FACE ( 'NONE', ( #2643 ), #6556, .T. ) ;
#3563 = EDGE_LOOP ( 'NONE', ( #3420, #506, #2838, #6676 ) ) ;
#3564 = CARTESIAN_POINT ( 'NONE',  ( 0.08464566929133858500, -0.003946707493160919000, -0.2431938158865362700 ) ) ;
#3565 = AXIS2_PLACEMENT_3D ( 'NONE', #3155, #5704, #2715 ) ;
#3566 = LINE ( 'NONE', #5191, #6228 ) ;
#3567 = ORIENTED_EDGE ( 'NONE', *, *, #3473, .T. ) ;
#3568 = DIRECTION ( 'NONE',  ( -1.000000000000000000, -0.0000000000000000000, -0.0000000000000000000 ) ) ;
#3569 = CARTESIAN_POINT ( 'NONE',  ( 0.08464566929133858500, 0.0000000000000000000, 0.0000000000000000000 ) ) ;
#3570 = CARTESIAN_POINT ( 'NONE',  ( 0.08464566929133858500, 0.005859823710932310500, -0.2979874889652428500 ) ) ;
#3571 = EDGE_CURVE ( 'NONE', #20, #6334, #1117, .T. ) ;
#3572 = DIRECTION ( 'NONE',  ( -1.000000000000000000, -0.0000000000000000000, -0.0000000000000000000 ) ) ;
#3573 = CIRCLE ( 'NONE', #56, 0.2780450991271856700 ) ;
#3574 = VERTEX_POINT ( 'NONE', #6530 ) ;
#3575 = EDGE_LOOP ( 'NONE', ( #6018, #2606, #1481, #4 ) ) ;
#3576 = ORIENTED_EDGE ( 'NONE', *, *, #4480, .F. ) ;
#3577 = PLANE ( 'NONE',  #3541 ) ;
#3578 = EDGE_CURVE ( 'NONE', #6390, #2991, #5480, .T. ) ;
#3579 = CARTESIAN_POINT ( 'NONE',  ( -0.08464566929133858500, 0.0000000000000000000, 0.0000000000000000000 ) ) ;
#3580 = CARTESIAN_POINT ( 'NONE',  ( -0.1910264514416113400, -0.05807890622277379200, -0.01210177986336466100 ) ) ;
#3581 = ORIENTED_EDGE ( 'NONE', *, *, #6392, .T. ) ;
#3582 = CARTESIAN_POINT ( 'NONE',  ( 0.08464566929133858500, -0.03455489670649532900, -0.3139457786253609900 ) ) ;
#3583 = AXIS2_PLACEMENT_3D ( 'NONE', #2107, #4737, #1080 ) ;
#3584 = VERTEX_POINT ( 'NONE', #3367 ) ;
#3585 = EDGE_LOOP ( 'NONE', ( #989, #5520, #413, #3674 ) ) ;
#3586 = AXIS2_PLACEMENT_3D ( 'NONE', #3319, #3310, #3194 ) ;
#3587 = DIRECTION ( 'NONE',  ( -1.000000000000000000, -0.0000000000000000000, -0.0000000000000000000 ) ) ;
#3588 = ORIENTED_EDGE ( 'NONE', *, *, #6036, .F. ) ;
#3589 = DIRECTION ( 'NONE',  ( 0.0000000000000000000, 0.0000000000000000000, 1.000000000000000000 ) ) ;
#3590 = ORIENTED_EDGE ( 'NONE', *, *, #1173, .T. ) ;
#3591 = VERTEX_POINT ( 'NONE', #3872 ) ;
#3592 = EDGE_CURVE ( 'NONE', #1929, #4014, #5134, .T. ) ;
#3593 = DIRECTION ( 'NONE',  ( 0.0000000000000000000, -0.2857901232724556200, 0.9582922338409690700 ) ) ;
#3594 = ORIENTED_EDGE ( 'NONE', *, *, #4619, .T. ) ;
#3595 = DIRECTION ( 'NONE',  ( 0.0000000000000000000, -0.3970504385406597400, -0.9177967908282693700 ) ) ;
#3596 =( GEOMETRIC_REPRESENTATION_CONTEXT ( 3 ) GLOBAL_UNCERTAINTY_ASSIGNED_CONTEXT ( ( #4332 ) ) GLOBAL_UNIT_ASSIGNED_CONTEXT ( ( #3961, #856, #4497 ) ) REPRESENTATION_CONTEXT ( 'NONE', 'WORKASPACE' ) );
#3597 = ADVANCED_FACE ( 'NONE', ( #5310 ), #954, .T. ) ;
#3598 = ORIENTED_EDGE ( 'NONE', *, *, #992, .T. ) ;
#3599 = VERTEX_POINT ( 'NONE', #6031 ) ;
#3600 = ORIENTED_EDGE ( 'NONE', *, *, #3281, .F. ) ;
#3601 = EDGE_CURVE ( 'NONE', #4755, #1537, #2322, .T. ) ;
#3602 = CARTESIAN_POINT ( 'NONE',  ( 0.08464566929133858500, -0.09641129058487547800, 0.2820208222126385200 ) ) ;
#3603 = EDGE_CURVE ( 'NONE', #5900, #5358, #3890, .T. ) ;
#3604 = DIRECTION ( 'NONE',  ( -1.000000000000000000, 0.0000000000000000000, -0.0000000000000000000 ) ) ;
#3605 = DIRECTION ( 'NONE',  ( 0.0000000000000000000, 0.0000000000000000000, -1.000000000000000000 ) ) ;
#3606 = EDGE_CURVE ( 'NONE', #2856, #5429, #3719, .T. ) ;
#3607 = CARTESIAN_POINT ( 'NONE',  ( 0.08464566929133858500, 2.651794250122221500E-017, 0.2165354330708661500 ) ) ;
#3608 = CARTESIAN_POINT ( 'NONE',  ( 0.08464566929133858500, -0.02421575952749973500, -0.2900464801944296900 ) ) ;
#3609 = CARTESIAN_POINT ( 'NONE',  ( 0.08464566929133858500, 7.232166136696968800E-018, -0.05905511811023623400 ) ) ;
#3610 = FACE_OUTER_BOUND ( 'NONE', #1814, .T. ) ;
#3611 = DIRECTION ( 'NONE',  ( 0.0000000000000000000, -0.3420201433256705400, -0.9396926207859077600 ) ) ;
#3612 = AXIS2_PLACEMENT_3D ( 'NONE', #6164, #2994, #6702 ) ;
#3613 = LINE ( 'NONE', #4922, #6274 ) ;
#3614 = DIRECTION ( 'NONE',  ( -1.000000000000000000, -0.0000000000000000000, -0.0000000000000000000 ) ) ;
#3615 = DIRECTION ( 'NONE',  ( 0.0000000000000000000, 0.5963101170987803500, -0.8027541617741005300 ) ) ;
#3616 = FACE_OUTER_BOUND ( 'NONE', #2031, .T. ) ;
#3617 = FACE_OUTER_BOUND ( 'NONE', #6686, .T. ) ;
#3618 = LINE ( 'NONE', #3520, #2231 ) ;
#3619 = LINE ( 'NONE', #2500, #6123 ) ;
#3620 = DIRECTION ( 'NONE',  ( 0.0000000000000000000, 0.0000000000000000000, 1.000000000000000000 ) ) ;
#3621 = VECTOR ( 'NONE', #4853, 39.37007874015748900 ) ;
#3622 = EDGE_CURVE ( 'NONE', #3259, #6219, #2476, .T. ) ;
#3623 = DIRECTION ( 'NONE',  ( -1.000000000000000000, -0.0000000000000000000, -0.0000000000000000000 ) ) ;
#3624 = FACE_OUTER_BOUND ( 'NONE', #4257, .T. ) ;
#3625 = CARTESIAN_POINT ( 'NONE',  ( -0.08464566929133858500, 0.07644636819248719400, -0.2808368146679670100 ) ) ;
#3626 = DIRECTION ( 'NONE',  ( -1.000000000000000000, -0.0000000000000000000, -0.0000000000000000000 ) ) ;
#3627 = CIRCLE ( 'NONE', #1625, 0.2780450991271856700 ) ;
#3628 = CARTESIAN_POINT ( 'NONE',  ( 0.08464566929133858500, 0.1828770619894822300, -0.2094398657055088200 ) ) ;
#3629 = DIRECTION ( 'NONE',  ( 1.000000000000000000, 0.0000000000000000000, 0.0000000000000000000 ) ) ;
#3630 = DIMENSIONAL_EXPONENTS ( 1.000000000000000000, 0.0000000000000000000, 0.0000000000000000000, 0.0000000000000000000, 0.0000000000000000000, 0.0000000000000000000, 0.0000000000000000000 ) ;
#3631 = EDGE_CURVE ( 'NONE', #1600, #5174, #4975, .T. ) ;
#3632 = VECTOR ( 'NONE', #3186, 39.37007874015748100 ) ;
#3633 = CARTESIAN_POINT ( 'NONE',  ( 0.08464566929133858500, -0.1678879356802268900, -0.2377540845825857300 ) ) ;
#3634 = EDGE_CURVE ( 'NONE', #2677, #6758, #2154, .T. ) ;
#3635 = ORIENTED_EDGE ( 'NONE', *, *, #1978, .T. ) ;
#3636 = LINE ( 'NONE', #2079, #883 ) ;
#3637 = ORIENTED_EDGE ( 'NONE', *, *, #3765, .T. ) ;
#3638 = AXIS2_PLACEMENT_3D ( 'NONE', #2188, #5888, #2712 ) ;
#3639 = ORIENTED_EDGE ( 'NONE', *, *, #4436, .F. ) ;
#3640 = AXIS2_PLACEMENT_3D ( 'NONE', #434, #4081, #970 ) ;
#3641 = MANIFOLD_SOLID_BREP ( 'Revolve1[1]', #4736 ) ;
#3642 = CARTESIAN_POINT ( 'NONE',  ( -0.3248031496062992500, 0.0000000000000000000, 0.0000000000000000000 ) ) ;
#3643 = CARTESIAN_POINT ( 'NONE',  ( 0.1437007874015748000, 0.0000000000000000000, -0.4330708661417324000 ) ) ;
#3644 = VERTEX_POINT ( 'NONE', #5554 ) ;
#3645 = CIRCLE ( 'NONE', #2577, 0.01999999999999999000 ) ;
#3646 = ORIENTED_EDGE ( 'NONE', *, *, #2565, .F. ) ;
#3647 = ORIENTED_EDGE ( 'NONE', *, *, #5901, .F. ) ;
#3648 = CARTESIAN_POINT ( 'NONE',  ( 0.1437007874015748000, 0.0000000000000000000, 0.2165354330708661500 ) ) ;
#3649 = ORIENTED_EDGE ( 'NONE', *, *, #2843, .T. ) ;
#3650 = CARTESIAN_POINT ( 'NONE',  ( -0.08464566929133858500, 0.3151766316582617100, 0.02048618216342803700 ) ) ;
#3651 = EDGE_CURVE ( 'NONE', #646, #5347, #127, .T. ) ;
#3652 = CIRCLE ( 'NONE', #4706, 0.01000000000000004700 ) ;
#3653 = ORIENTED_EDGE ( 'NONE', *, *, #6036, .T. ) ;
#3654 = CARTESIAN_POINT ( 'NONE',  ( 0.08464566929133858500, -0.2609946473093029400, -0.1439189882872533300 ) ) ;
#3655 = DIRECTION ( 'NONE',  ( 0.0000000000000000000, -0.3420201433256694300, -0.9396926207859080900 ) ) ;
#3656 = DIRECTION ( 'NONE',  ( 1.000000000000000000, 0.0000000000000000000, 0.0000000000000000000 ) ) ;
#3657 = DIRECTION ( 'NONE',  ( 0.0000000000000000000, 0.0000000000000000000, -1.000000000000000000 ) ) ;
#3658 = FACE_OUTER_BOUND ( 'NONE', #5931, .T. ) ;
#3659 = DIRECTION ( 'NONE',  ( 0.0000000000000000000, -0.2857901232724705500, -0.9582922338409647400 ) ) ;
#3660 = AXIS2_PLACEMENT_3D ( 'NONE', #3423, #3793, #4917 ) ;
#3661 = VERTEX_POINT ( 'NONE', #2544 ) ;
#3662 = ORIENTED_EDGE ( 'NONE', *, *, #380, .F. ) ;
#3663 = ORIENTED_EDGE ( 'NONE', *, *, #5602, .F. ) ;
#3664 = DIRECTION ( 'NONE',  ( 1.000000000000000000, 0.0000000000000000000, 0.0000000000000000000 ) ) ;
#3665 = CARTESIAN_POINT ( 'NONE',  ( 0.08464566929133858500, -0.04512987944543912100, 0.3198772108971399400 ) ) ;
#3666 = ORIENTED_EDGE ( 'NONE', *, *, #875, .T. ) ;
#3667 = CARTESIAN_POINT ( 'NONE',  ( 0.08464566929133858500, -0.3128601855581031900, 0.01075817735951170600 ) ) ;
#3668 = ORIENTED_EDGE ( 'NONE', *, *, #1174, .T. ) ;
#3669 = EDGE_LOOP ( 'NONE', ( #6820, #1127, #4000, #3346 ) ) ;
#3670 = CARTESIAN_POINT ( 'NONE',  ( -0.08464566929133858500, -0.2551348235983696400, -0.1540685006779866100 ) ) ;
#3671 = ORIENTED_EDGE ( 'NONE', *, *, #6808, .F. ) ;
#3672 = ORIENTED_EDGE ( 'NONE', *, *, #5356, .F. ) ;
#3673 = DIRECTION ( 'NONE',  ( -1.000000000000000000, -0.0000000000000000000, -0.0000000000000000000 ) ) ;
#3674 = ORIENTED_EDGE ( 'NONE', *, *, #598, .T. ) ;
#3675 = EDGE_CURVE ( 'NONE', #6061, #918, #2897, .T. ) ;
#3676 = DIRECTION ( 'NONE',  ( 0.0000000000000000000, 0.3420201433256583300, -0.9396926207859120900 ) ) ;
#3677 = ADVANCED_FACE ( 'NONE', ( #1515 ), #5390, .F. ) ;
#3678 = CARTESIAN_POINT ( 'NONE',  ( 0.1437007874015748000, 0.0000000000000000000, 0.0000000000000000000 ) ) ;
#3679 = DIRECTION ( 'NONE',  ( 0.0000000000000000000, -0.2857901232724556200, 0.9582922338409690700 ) ) ;
#3680 = AXIS2_PLACEMENT_3D ( 'NONE', #6055, #3912, #1836 ) ;
#3681 = PRESENTATION_LAYER_ASSIGNMENT (  '', '', ( #2978 ) ) ;
#3682 = CARTESIAN_POINT ( 'NONE',  ( -0.08464566929133858500, -0.2434808785492297000, 0.1342614573492398600 ) ) ;
#3683 = AXIS2_PLACEMENT_3D ( 'NONE', #4675, #4138, #4006 ) ;
#3684 = ORIENTED_EDGE ( 'NONE', *, *, #3473, .F. ) ;
#3685 = ORIENTED_EDGE ( 'NONE', *, *, #2222, .F. ) ;
#3686 = VERTEX_POINT ( 'NONE', #5747 ) ;
#3687 = ORIENTED_EDGE ( 'NONE', *, *, #2206, .F. ) ;
#3688 = ORIENTED_EDGE ( 'NONE', *, *, #4835, .F. ) ;
#3689 = DIRECTION ( 'NONE',  ( -1.000000000000000000, -0.0000000000000000000, -0.0000000000000000000 ) ) ;
#3690 = CARTESIAN_POINT ( 'NONE',  ( -0.08464566929133858500, -0.09641129058487936400, -0.2820208222126371900 ) ) ;
#3691 = CARTESIAN_POINT ( 'NONE',  ( 0.08464566929133858500, 0.2546075713472010200, -0.1868983076856521600 ) ) ;
#3692 = ORIENTED_EDGE ( 'NONE', *, *, #6059, .F. ) ;
#3693 = DIRECTION ( 'NONE',  ( 0.0000000000000000000, 0.0000000000000000000, 1.000000000000000000 ) ) ;
#3694 = EDGE_CURVE ( 'NONE', #270, #2205, #6790, .T. ) ;
#3695 = CARTESIAN_POINT ( 'NONE',  ( -0.1043307086614173500, 5.303588500244444200E-017, 0.4330708661417324000 ) ) ;
#3696 = CARTESIAN_POINT ( 'NONE',  ( -0.1043307086614173500, 0.0000000000000000000, 0.0000000000000000000 ) ) ;
#3697 = LINE ( 'NONE', #3516, #2302 ) ;
#3698 = EDGE_CURVE ( 'NONE', #5429, #2416, #1358, .T. ) ;
#3699 = DIRECTION ( 'NONE',  ( -1.000000000000000000, -0.0000000000000000000, -0.0000000000000000000 ) ) ;
#3700 = CARTESIAN_POINT ( 'NONE',  ( 0.08464566929133858500, 0.09641129058488133500, 0.2820208222126364700 ) ) ;
#3701 = AXIS2_PLACEMENT_3D ( 'NONE', #1852, #1877, #1809 ) ;
#3702 = DIRECTION ( 'NONE',  ( 0.0000000000000000000, 0.5963101170987928900, 0.8027541617740912000 ) ) ;
#3703 = PLANE ( 'NONE',  #1114 ) ;
#3704 = DIRECTION ( 'NONE',  ( -1.000000000000000000, -0.0000000000000000000, -0.0000000000000000000 ) ) ;
#3705 = CIRCLE ( 'NONE', #1341, 0.01999999999999999300 ) ;
#3706 = CYLINDRICAL_SURFACE ( 'NONE', #1806, 0.3230450991271856500 ) ;
#3707 = LINE ( 'NONE', #5730, #4783 ) ;
#3708 = FACE_OUTER_BOUND ( 'NONE', #3822, .T. ) ;
#3709 = CARTESIAN_POINT ( 'NONE',  ( 0.08464566929133858500, -0.005466606461055367200, -0.2779913548340063900 ) ) ;
#3710 = LINE ( 'NONE', #6208, #3877 ) ;
#3711 = DIRECTION ( 'NONE',  ( 0.0000000000000000000, 0.6870103571193794100, -0.7266476238251266000 ) ) ;
#3712 = DIRECTION ( 'NONE',  ( -1.000000000000000000, -0.0000000000000000000, -0.0000000000000000000 ) ) ;
#3713 = LINE ( 'NONE', #6542, #1988 ) ;
#3714 = ADVANCED_FACE ( 'NONE', ( #2727 ), #5215, .T. ) ;
#3715 = CARTESIAN_POINT ( 'NONE',  ( -0.08464566929133858500, -0.06492233755862478200, 0.3062389984529622600 ) ) ;
#3716 = LINE ( 'NONE', #2729, #2316 ) ;
#3717 = FACE_OUTER_BOUND ( 'NONE', #5409, .T. ) ;
#3718 = LINE ( 'NONE', #294, #2319 ) ;
#3719 = LINE ( 'NONE', #4998, #3546 ) ;
#3720 = CIRCLE ( 'NONE', #2087, 0.01999999999999999300 ) ;
#3721 = AXIS2_PLACEMENT_3D ( 'NONE', #1785, #6006, #5435 ) ;
#3722 = AXIS2_PLACEMENT_3D ( 'NONE', #2182, #2048, #2210 ) ;
#3723 = CARTESIAN_POINT ( 'NONE',  ( -0.1910730374539066100, 0.05804393866590376600, -0.01226152827420462800 ) ) ;
#3724 = LINE ( 'NONE', #3377, #799 ) ;
#3725 = CARTESIAN_POINT ( 'NONE',  ( 0.08464566929133858500, 0.2609946473093038800, 0.1439189882872515800 ) ) ;
#3726 = DIRECTION ( 'NONE',  ( -1.000000000000000000, 0.0000000000000000000, -0.0000000000000000000 ) ) ;
#3727 = ORIENTED_EDGE ( 'NONE', *, *, #2132, .T. ) ;
#3728 = DIRECTION ( 'NONE',  ( 0.0000000000000000000, 0.0000000000000000000, 1.000000000000000000 ) ) ;
#3729 = CIRCLE ( 'NONE', #2447, 0.01999999999999999000 ) ;
#3730 = EDGE_LOOP ( 'NONE', ( #4465, #1074, #6246, #489 ) ) ;
#3731 = DIRECTION ( 'NONE',  ( -1.000000000000000000, -0.0000000000000000000, -0.0000000000000000000 ) ) ;
#3732 = ORIENTED_EDGE ( 'NONE', *, *, #6457, .F. ) ;
#3733 = DIRECTION ( 'NONE',  ( 1.000000000000000000, 0.0000000000000000000, 0.0000000000000000000 ) ) ;
#3734 = EDGE_CURVE ( 'NONE', #2610, #5573, #1197, .T. ) ;
#3735 = AXIS2_PLACEMENT_3D ( 'NONE', #1687, #5372, #2202 ) ;
#3736 = ORIENTED_EDGE ( 'NONE', *, *, #1130, .T. ) ;
#3737 = ORIENTED_EDGE ( 'NONE', *, *, #2752, .T. ) ;
#3738 = CARTESIAN_POINT ( 'NONE',  ( 0.08464566929133858500, 0.2380142720881781000, 0.1437298974847656100 ) ) ;
#3739 = EDGE_CURVE ( 'NONE', #1297, #2528, #2555, .T. ) ;
#3740 = EDGE_CURVE ( 'NONE', #3154, #5329, #6636, .T. ) ;
#3741 = VECTOR ( 'NONE', #5173, 39.37007874015748100 ) ;
#3742 = EDGE_CURVE ( 'NONE', #3661, #5838, #2395, .T. ) ;
#3743 = DIRECTION ( 'NONE',  ( -1.000000000000000000, -0.0000000000000000000, -0.0000000000000000000 ) ) ;
#3744 = CARTESIAN_POINT ( 'NONE',  ( -0.1240157480314960400, 0.0000000000000000000, 0.0000000000000000000 ) ) ;
#3745 = ADVANCED_FACE ( 'NONE', ( #3624 ), #4886, .F. ) ;
#3746 = CARTESIAN_POINT ( 'NONE',  ( 0.08464566929133858500, -0.2995867304513572000, -0.1208549833790858600 ) ) ;
#3747 = EDGE_LOOP ( 'NONE', ( #6168, #1330, #899, #5670 ) ) ;
#3748 = CARTESIAN_POINT ( 'NONE',  ( 0.08464566929133858500, -0.07946849185770427100, 0.2298772876718208600 ) ) ;
#3749 = DIRECTION ( 'NONE',  ( 1.000000000000000000, -0.0000000000000000000, 0.0000000000000000000 ) ) ;
#3750 = EDGE_LOOP ( 'NONE', ( #5996, #2169, #4682, #740 ) ) ;
#3751 = CARTESIAN_POINT ( 'NONE',  ( -0.1437007874015748000, 0.0000000000000000000, 0.0000000000000000000 ) ) ;
#3752 = AXIS2_PLACEMENT_3D ( 'NONE', #519, #661, #707 ) ;
#3753 = CARTESIAN_POINT ( 'NONE',  ( -0.08464566929133861300, 4.821444091131312800E-017, -0.3937007874015748800 ) ) ;
#3754 = EDGE_LOOP ( 'NONE', ( #3971, #5811, #1924, #81 ) ) ;
#3755 = ORIENTED_EDGE ( 'NONE', *, *, #2974, .T. ) ;
#3756 = DIRECTION ( 'NONE',  ( 0.0000000000000000000, -0.8349063102029602400, 0.5503920904076277100 ) ) ;
#3757 = ORIENTED_EDGE ( 'NONE', *, *, #3739, .T. ) ;
#3758 = DIRECTION ( 'NONE',  ( 0.0000000000000000000, -0.8660254037844367100, 0.5000000000000033300 ) ) ;
#3759 = CARTESIAN_POINT ( 'NONE',  ( -0.2342519685039370100, 0.2118934145877079700, 0.04450000000000005300 ) ) ;
#3760 = ORIENTED_EDGE ( 'NONE', *, *, #5370, .F. ) ;
#3761 = VERTEX_POINT ( 'NONE', #3150 ) ;
#3762 = ORIENTED_EDGE ( 'NONE', *, *, #4436, .T. ) ;
#3763 = EDGE_CURVE ( 'NONE', #2869, #1851, #2239, .T. ) ;
#3764 = EDGE_LOOP ( 'NONE', ( #4582, #6319, #4637, #3116 ) ) ;
#3765 = EDGE_CURVE ( 'NONE', #6509, #2928, #879, .T. ) ;
#3766 = CARTESIAN_POINT ( 'NONE',  ( -0.08464566929133858500, -0.2632954998903863100, -0.1240517771744644200 ) ) ;
#3767 = CARTESIAN_POINT ( 'NONE',  ( -0.08464566929133858500, -0.1678879356802268900, -0.2377540845825857300 ) ) ;
#3768 = ORIENTED_EDGE ( 'NONE', *, *, #5557, .T. ) ;
#3769 = DIRECTION ( 'NONE',  ( -1.000000000000000000, -0.0000000000000000000, -0.0000000000000000000 ) ) ;
#3770 = AXIS2_PLACEMENT_3D ( 'NONE', #5060, #1906, #5597 ) ;
#3771 = AXIS2_PLACEMENT_3D ( 'NONE', #5036, #1888, #5579 ) ;
#3772 = ORIENTED_EDGE ( 'NONE', *, *, #5620, .T. ) ;
#3773 = DIRECTION ( 'NONE',  ( -1.000000000000000000, -0.0000000000000000000, -0.0000000000000000000 ) ) ;
#3774 = EDGE_LOOP ( 'NONE', ( #4139, #418, #2743, #835 ) ) ;
#3775 = AXIS2_PLACEMENT_3D ( 'NONE', #1273, #4938, #1783 ) ;
#3776 = CARTESIAN_POINT ( 'NONE',  ( 0.08464566929133858500, -0.3151766316582616000, 0.02048618216343019500 ) ) ;
#3777 = CARTESIAN_POINT ( 'NONE',  ( -0.08464566929133858500, 0.1870537803570447300, -0.2320382821171377600 ) ) ;
#3778 = CARTESIAN_POINT ( 'NONE',  ( 0.08464566929133858500, 0.09641129058487737900, -0.2820208222126378600 ) ) ;
#3779 = DIRECTION ( 'NONE',  ( -1.000000000000000000, -0.0000000000000000000, -0.0000000000000000000 ) ) ;
#3780 = CARTESIAN_POINT ( 'NONE',  ( -0.08464566929133858500, 0.09641129058487737900, -0.2820208222126378600 ) ) ;
#3781 = ADVANCED_FACE ( 'NONE', ( #1029 ), #6130, .T. ) ;
#3782 = EDGE_CURVE ( 'NONE', #270, #3404, #703, .T. ) ;
#3783 = CIRCLE ( 'NONE', #6756, 0.01000000000000005400 ) ;
#3784 = CYLINDRICAL_SURFACE ( 'NONE', #1249, 0.01000000000000003000 ) ;
#3785 = LINE ( 'NONE', #6079, #1185 ) ;
#3786 = DIRECTION ( 'NONE',  ( 1.000000000000000000, -0.0000000000000000000, -0.0000000000000000000 ) ) ;
#3787 = CIRCLE ( 'NONE', #6209, 0.02000000000000001800 ) ;
#3788 = CARTESIAN_POINT ( 'NONE',  ( -0.08464566929133858500, 0.2728187752609128600, -0.05365624859959936700 ) ) ;
#3789 = LINE ( 'NONE', #6157, #2386 ) ;
#3790 = AXIS2_PLACEMENT_3D ( 'NONE', #1787, #1830, #1901 ) ;
#3791 = DIRECTION ( 'NONE',  ( 1.000000000000000000, 0.0000000000000000000, 0.0000000000000000000 ) ) ;
#3792 = LINE ( 'NONE', #541, #2388 ) ;
#3793 = DIRECTION ( 'NONE',  ( -1.000000000000000000, -0.0000000000000000000, -0.0000000000000000000 ) ) ;
#3794 = DIRECTION ( 'NONE',  ( 0.0000000000000000000, 0.0000000000000000000, 1.000000000000000000 ) ) ;
#3795 = CIRCLE ( 'NONE', #6241, 0.01999999999999999300 ) ;
#3796 = DIRECTION ( 'NONE',  ( -1.000000000000000000, -0.0000000000000000000, -0.0000000000000000000 ) ) ;
#3797 = VECTOR ( 'NONE', #2594, 39.37007874015748100 ) ;
#3798 = CARTESIAN_POINT ( 'NONE',  ( 0.08464566929133858500, 0.0000000000000000000, 0.0000000000000000000 ) ) ;
#3799 = CIRCLE ( 'NONE', #5859, 0.2780450991271856100 ) ;
#3800 = CARTESIAN_POINT ( 'NONE',  ( -0.3248031496062992500, 2.590320837960297500E-017, 0.2065157480314960800 ) ) ;
#3801 = CYLINDRICAL_SURFACE ( 'NONE', #6154, 0.4330708661417324000 ) ;
#3802 = DIRECTION ( 'NONE',  ( 0.0000000000000000000, -0.6870103571193844100, 0.7266476238251218200 ) ) ;
#3803 = CARTESIAN_POINT ( 'NONE',  ( -0.2787496912687177900, 0.2165152799964418800, 0.005839838005187151900 ) ) ;
#3804 = ORIENTED_EDGE ( 'NONE', *, *, #3903, .F. ) ;
#3805 = ORIENTED_EDGE ( 'NONE', *, *, #2880, .F. ) ;
#3806 = LINE ( 'NONE', #6314, #1035 ) ;
#3807 = ORIENTED_EDGE ( 'NONE', *, *, #2545, .T. ) ;
#3808 = EDGE_CURVE ( 'NONE', #904, #491, #6288, .T. ) ;
#3809 = ORIENTED_EDGE ( 'NONE', *, *, #3034, .T. ) ;
#3810 = CIRCLE ( 'NONE', #3292, 0.2780450991271856700 ) ;
#3811 = ORIENTED_EDGE ( 'NONE', *, *, #2454, .T. ) ;
#3812 = AXIS2_PLACEMENT_3D ( 'NONE', #1817, #2835, #245 ) ;
#3813 = AXIS2_PLACEMENT_3D ( 'NONE', #6043, #2870, #6586 ) ;
#3814 = ORIENTED_EDGE ( 'NONE', *, *, #1951, .F. ) ;
#3815 = CARTESIAN_POINT ( 'NONE',  ( -0.2727693839514931400, -0.05466507131603826800, -0.02304720958126534700 ) ) ;
#3816 = DIRECTION ( 'NONE',  ( -1.000000000000000000, -0.0000000000000000000, -0.0000000000000000000 ) ) ;
#3817 = ORIENTED_EDGE ( 'NONE', *, *, #3808, .T. ) ;
#3818 = ADVANCED_FACE ( 'NONE', ( #3306 ), #3176, .F. ) ;
#3819 = DIRECTION ( 'NONE',  ( 0.0000000000000000000, 0.0000000000000000000, 1.000000000000000000 ) ) ;
#3820 = CARTESIAN_POINT ( 'NONE',  ( 0.08464566929133858500, -0.005859823710930355500, 0.2979874889652428500 ) ) ;
#3821 = DIRECTION ( 'NONE',  ( 0.0000000000000000000, -0.5963101170987981100, -0.8027541617740873200 ) ) ;
#3822 = EDGE_LOOP ( 'NONE', ( #4076, #1387, #6266, #5274 ) ) ;
#3823 = VECTOR ( 'NONE', #3203, 39.37007874015748100 ) ;
#3824 = ORIENTED_EDGE ( 'NONE', *, *, #3407, .F. ) ;
#3825 = DIRECTION ( 'NONE',  ( -1.000000000000000000, -0.0000000000000000000, -0.0000000000000000000 ) ) ;
#3826 = ORIENTED_EDGE ( 'NONE', *, *, #6625, .T. ) ;
#3827 = DIRECTION ( 'NONE',  ( 0.0000000000000000000, 0.6427876096865294800, -0.7660444431189862300 ) ) ;
#3828 = ORIENTED_EDGE ( 'NONE', *, *, #4443, .F. ) ;
#3829 = DIRECTION ( 'NONE',  ( -1.000000000000000000, -0.0000000000000000000, -0.0000000000000000000 ) ) ;
#3830 = CARTESIAN_POINT ( 'NONE',  ( 0.1043307086614173300, 0.0000000000000000000, -0.4330708661417324000 ) ) ;
#3831 = FACE_OUTER_BOUND ( 'NONE', #744, .T. ) ;
#3832 = EDGE_LOOP ( 'NONE', ( #1962, #2504, #3361, #5678 ) ) ;
#3833 = EDGE_LOOP ( 'NONE', ( #2907, #2737, #2255, #2008 ) ) ;
#3834 = VERTEX_POINT ( 'NONE', #5317 ) ;
#3835 = EDGE_CURVE ( 'NONE', #850, #2277, #3463, .T. ) ;
#3836 = VERTEX_POINT ( 'NONE', #3197 ) ;
#3837 = VERTEX_POINT ( 'NONE', #4794 ) ;
#3838 = ORIENTED_EDGE ( 'NONE', *, *, #88, .F. ) ;
#3839 = CARTESIAN_POINT ( 'NONE',  ( -0.2342519685039370400, -0.03882340756571925300, 0.04450000000000005300 ) ) ;
#3840 = CARTESIAN_POINT ( 'NONE',  ( 0.08464566929133858500, 0.2898450449421470200, 0.02651817499671020900 ) ) ;
#3841 = DIRECTION ( 'NONE',  ( -1.000000000000000000, -0.0000000000000000000, -0.0000000000000000000 ) ) ;
#3842 = CARTESIAN_POINT ( 'NONE',  ( 0.08464566929133858500, -0.2609946473093008900, 0.1439189882872568800 ) ) ;
#3843 = CARTESIAN_POINT ( 'NONE',  ( 0.08464566929133858500, 0.06699623482581861000, 0.3160215824738192800 ) ) ;
#3844 = ORIENTED_EDGE ( 'NONE', *, *, #4950, .F. ) ;
#3845 = ORIENTED_EDGE ( 'NONE', *, *, #5490, .F. ) ;
#3846 = DIRECTION ( 'NONE',  ( 0.0000000000000000000, 0.0000000000000000000, 1.000000000000000000 ) ) ;
#3847 = CARTESIAN_POINT ( 'NONE',  ( -0.08464566929133858500, 0.2609946473093019400, -0.1239189882872551000 ) ) ;
#3848 = EDGE_LOOP ( 'NONE', ( #2516, #1955, #1802, #2515 ) ) ;
#3849 = CARTESIAN_POINT ( 'NONE',  ( -0.08464566929133858500, 0.0000000000000000000, 0.0000000000000000000 ) ) ;
#3850 = EDGE_LOOP ( 'NONE', ( #5580, #3007, #4149, #884 ) ) ;
#3851 = UNCERTAINTY_MEASURE_WITH_UNIT (LENGTH_MEASURE( 1.000000000000000100E-005 ), #1856, 'distance_accuracy_value', 'NONE');
#3852 = ADVANCED_FACE ( 'NONE', ( #4542 ), #1751, .F. ) ;
#3853 = CARTESIAN_POINT ( 'NONE',  ( -0.08464566929133858500, 0.1960315511398793000, -0.2245050379644671100 ) ) ;
#3854 = ORIENTED_EDGE ( 'NONE', *, *, #483, .T. ) ;
#3855 = ORIENTED_EDGE ( 'NONE', *, *, #5147, .F. ) ;
#3856 = CARTESIAN_POINT ( 'NONE',  ( -0.2775882044924400900, -0.2162685010846567000, 0.01166510258525265200 ) ) ;
#3857 = ORIENTED_EDGE ( 'NONE', *, *, #5035, .F. ) ;
#3858 = DIRECTION ( 'NONE',  ( 0.0000000000000000000, -0.8660254037844399300, -0.4999999999999977200 ) ) ;
#3859 = EDGE_CURVE ( 'NONE', #5344, #5058, #2067, .T. ) ;
#3860 = CARTESIAN_POINT ( 'NONE',  ( -0.08464566929133858500, -0.2747173077608813800, 0.04288913574857511300 ) ) ;
#3861 = DIRECTION ( 'NONE',  ( 0.0000000000000000000, 0.0000000000000000000, -1.000000000000000000 ) ) ;
#3862 = DIRECTION ( 'NONE',  ( -1.000000000000000000, -0.0000000000000000000, -0.0000000000000000000 ) ) ;
#3863 =( GEOMETRIC_REPRESENTATION_CONTEXT ( 3 ) GLOBAL_UNCERTAINTY_ASSIGNED_CONTEXT ( ( #3851 ) ) GLOBAL_UNIT_ASSIGNED_CONTEXT ( ( #1856, #5545, #2369 ) ) REPRESENTATION_CONTEXT ( 'NONE', 'WORKASPACE' ) );
#3864 = DIRECTION ( 'NONE',  ( -1.000000000000000000, -0.0000000000000000000, -0.0000000000000000000 ) ) ;
#3865 = AXIS2_PLACEMENT_3D ( 'NONE', #3966, #858, #4503 ) ;
#3866 = LINE ( 'NONE', #4627, #2458 ) ;
#3867 = CARTESIAN_POINT ( 'NONE',  ( -0.08464566929133858500, -0.2049886317241156600, 0.2066229042157384200 ) ) ;
#3868 = CARTESIAN_POINT ( 'NONE',  ( -0.08464566929133858500, 0.1710416144179583400, -0.2740490872223290100 ) ) ;
#3869 = LINE ( 'NONE', #1697, #934 ) ;
#3870 = EDGE_CURVE ( 'NONE', #6135, #3410, #3139, .T. ) ;
#3871 = EDGE_CURVE ( 'NONE', #3923, #2564, #533, .T. ) ;
#3872 = CARTESIAN_POINT ( 'NONE',  ( 0.08464566929133858500, 0.2390797403628866800, -0.1659947030199641300 ) ) ;
#3873 = VECTOR ( 'NONE', #522, 39.37007874015748100 ) ;
#3874 = VECTOR ( 'NONE', #1546, 39.37007874015748100 ) ;
#3875 = CIRCLE ( 'NONE', #2753, 0.02000000000000002500 ) ;
#3876 = EDGE_CURVE ( 'NONE', #1646, #4818, #4373, .T. ) ;
#3877 = VECTOR ( 'NONE', #3039, 39.37007874015748100 ) ;
#3878 = CARTESIAN_POINT ( 'NONE',  ( 0.08464566929133858500, 0.2380142720881762200, -0.1437298974847687800 ) ) ;
#3879 = VECTOR ( 'NONE', #2758, 39.37007874015748100 ) ;
#3880 = LINE ( 'NONE', #2180, #1108 ) ;
#3881 = CYLINDRICAL_SURFACE ( 'NONE', #1172, 0.01999999999999999000 ) ;
#3882 = DIRECTION ( 'NONE',  ( -1.000000000000000000, -0.0000000000000000000, -0.0000000000000000000 ) ) ;
#3883 = ORIENTED_EDGE ( 'NONE', *, *, #5042, .T. ) ;
#3884 = CYLINDRICAL_SURFACE ( 'NONE', #264, 0.01000000000000003000 ) ;
#3885 = DIRECTION ( 'NONE',  ( -1.000000000000000000, -0.0000000000000000000, -0.0000000000000000000 ) ) ;
#3886 = ADVANCED_FACE ( 'NONE', ( #1594, #5629 ), #41, .T. ) ;
#3887 = ORIENTED_EDGE ( 'NONE', *, *, #4337, .T. ) ;
#3888 = AXIS2_PLACEMENT_3D ( 'NONE', #3778, #658, #4299 ) ;
#3889 = DIRECTION ( 'NONE',  ( 0.0000000000000000000, 0.0000000000000000000, 1.000000000000000000 ) ) ;
#3890 = LINE ( 'NONE', #6578, #6376 ) ;
#3891 = CARTESIAN_POINT ( 'NONE',  ( 0.08464566929133858500, 0.0000000000000000000, 0.0000000000000000000 ) ) ;
#3892 = CIRCLE ( 'NONE', #716, 0.02000000000000000000 ) ;
#3893 = ORIENTED_EDGE ( 'NONE', *, *, #345, .F. ) ;
#3894 = CARTESIAN_POINT ( 'NONE',  ( 0.08464566929133858500, -0.2814349999166049800, 0.07421391045223214900 ) ) ;
#3895 = CIRCLE ( 'NONE', #1415, 0.01000000000000004000 ) ;
#3896 = VERTEX_POINT ( 'NONE', #3767 ) ;
#3897 = EDGE_CURVE ( 'NONE', #3274, #4088, #4193, .T. ) ;
#3898 = DIRECTION ( 'NONE',  ( 0.0000000000000000000, 0.0000000000000000000, 1.000000000000000000 ) ) ;
#3899 = EDGE_LOOP ( 'NONE', ( #5445, #247, #3732, #1564 ) ) ;
#3900 = CIRCLE ( 'NONE', #3498, 0.02000000000000002500 ) ;
#3901 = VERTEX_POINT ( 'NONE', #3746 ) ;
#3902 = CARTESIAN_POINT ( 'NONE',  ( 0.08464566929133858500, -0.1828770619894835900, -0.2094398657055076300 ) ) ;
#3903 = EDGE_CURVE ( 'NONE', #4683, #1964, #2809, .T. ) ;
#3904 = AXIS2_PLACEMENT_3D ( 'NONE', #5863, #2693, #6396 ) ;
#3905 = AXIS2_PLACEMENT_3D ( 'NONE', #572, #1097, #3693 ) ;
#3906 = AXIS2_PLACEMENT_3D ( 'NONE', #3490, #2970, #3088 ) ;
#3907 = VECTOR ( 'NONE', #1020, 39.37007874015748100 ) ;
#3908 = CARTESIAN_POINT ( 'NONE',  ( 0.08464566929133858500, 0.1870537803570447300, -0.2320382821171377600 ) ) ;
#3909 = ORIENTED_EDGE ( 'NONE', *, *, #1299, .T. ) ;
#3910 = DIRECTION ( 'NONE',  ( 0.0000000000000000000, 0.6427876096865456900, 0.7660444431189726800 ) ) ;
#3911 = CARTESIAN_POINT ( 'NONE',  ( -0.08464566929133858500, 0.2903128943442371800, -0.1171138653833152200 ) ) ;
#3912 = DIRECTION ( 'NONE',  ( -1.000000000000000000, -0.0000000000000000000, -0.0000000000000000000 ) ) ;
#3913 = ORIENTED_EDGE ( 'NONE', *, *, #142, .T. ) ;
#3914 = ORIENTED_EDGE ( 'NONE', *, *, #6488, .F. ) ;
#3915 = VERTEX_POINT ( 'NONE', #649 ) ;
#3916 = EDGE_CURVE ( 'NONE', #499, #2290, #4039, .T. ) ;
#3917 = DIRECTION ( 'NONE',  ( 0.0000000000000000000, 0.0000000000000000000, 1.000000000000000000 ) ) ;
#3918 = ADVANCED_FACE ( 'NONE', ( #1281 ), #4844, .T. ) ;
#3919 = CARTESIAN_POINT ( 'NONE',  ( -0.3248031496062992500, 0.0000000000000000000, 0.0000000000000000000 ) ) ;
#3920 = ORIENTED_EDGE ( 'NONE', *, *, #4835, .T. ) ;
#3921 = ORIENTED_EDGE ( 'NONE', *, *, #1431, .F. ) ;
#3922 = ORIENTED_EDGE ( 'NONE', *, *, #5974, .F. ) ;
#3923 = VERTEX_POINT ( 'NONE', #5906 ) ;
#3924 = DIRECTION ( 'NONE',  ( 0.0000000000000000000, -0.3420201433256637700, 0.9396926207859103200 ) ) ;
#3925 = AXIS2_PLACEMENT_3D ( 'NONE', #3751, #4162, #4178 ) ;
#3926 = ORIENTED_EDGE ( 'NONE', *, *, #1511, .T. ) ;
#3927 = ORIENTED_EDGE ( 'NONE', *, *, #1518, .F. ) ;
#3928 = CARTESIAN_POINT ( 'NONE',  ( -0.08464566929133858500, 0.2944779371424640100, 0.04597418460454713600 ) ) ;
#3929 = ORIENTED_EDGE ( 'NONE', *, *, #1070, .F. ) ;
#3930 = DIRECTION ( 'NONE',  ( 0.0000000000000000000, 0.0000000000000000000, 1.000000000000000000 ) ) ;
#3931 = DIRECTION ( 'NONE',  ( 0.0000000000000000000, 0.3420201433256568900, -0.9396926207859127600 ) ) ;
#3932 = DIRECTION ( 'NONE',  ( 0.0000000000000000000, 0.6427876096865454700, 0.7660444431189729100 ) ) ;
#3933 = ORIENTED_EDGE ( 'NONE', *, *, #5522, .T. ) ;
#3934 = EDGE_CURVE ( 'NONE', #6599, #2588, #1435, .T. ) ;
#3935 = ORIENTED_EDGE ( 'NONE', *, *, #4444, .T. ) ;
#3936 = ORIENTED_EDGE ( 'NONE', *, *, #6510, .T. ) ;
#3937 = DIRECTION ( 'NONE',  ( 0.0000000000000000000, -0.3420201433256694300, -0.9396926207859080900 ) ) ;
#3938 = EDGE_CURVE ( 'NONE', #802, #2908, #5302, .T. ) ;
#3939 = AXIS2_PLACEMENT_3D ( 'NONE', #5857, #2682, #6387 ) ;
#3940 = CYLINDRICAL_SURFACE ( 'NONE', #669, 0.2780450991271856700 ) ;
#3941 = CARTESIAN_POINT ( 'NONE',  ( 0.08464566929133858500, 0.04373286461478003600, 0.3199752742399542000 ) ) ;
#3942 = CARTESIAN_POINT ( 'NONE',  ( 0.08464566929133858500, -0.2390797403628877600, -0.1659947030199625000 ) ) ;
#3943 = ADVANCED_FACE ( 'NONE', ( #377 ), #5129, .F. ) ;
#3944 = EDGE_CURVE ( 'NONE', #5761, #6424, #6548, .T. ) ;
#3945 = DIRECTION ( 'NONE',  ( 0.0000000000000000000, 0.0000000000000000000, -1.000000000000000000 ) ) ;
#3946 = VECTOR ( 'NONE', #1727, 39.37007874015748100 ) ;
#3947 = CARTESIAN_POINT ( 'NONE',  ( 0.08464566929133858500, 0.0000000000000000000, 0.0000000000000000000 ) ) ;
#3948 = CIRCLE ( 'NONE', #6673, 0.3230450991271856500 ) ;
#3949 = CARTESIAN_POINT ( 'NONE',  ( -0.08464566929133858500, 0.04373286461478003600, 0.3199752742399542000 ) ) ;
#3950 = CARTESIAN_POINT ( 'NONE',  ( -0.3248031496062992500, 0.0000000000000000000, 0.0000000000000000000 ) ) ;
#3951 = SURFACE_SIDE_STYLE ('',( #641 ) ) ;
#3952 = AXIS2_PLACEMENT_3D ( 'NONE', #4136, #1016, #4673 ) ;
#3953 = LINE ( 'NONE', #4197, #6780 ) ;
#3954 = CYLINDRICAL_SURFACE ( 'NONE', #92, 0.01999999999999999000 ) ;
#3955 = VECTOR ( 'NONE', #6113, 39.37007874015748100 ) ;
#3956 = DIRECTION ( 'NONE',  ( 1.000000000000000000, 0.0000000000000000000, 0.0000000000000000000 ) ) ;
#3957 = CIRCLE ( 'NONE', #5844, 0.2165354330708661500 ) ;
#3958 = EDGE_CURVE ( 'NONE', #1144, #1568, #2467, .T. ) ;
#3959 = LINE ( 'NONE', #1241, #2552 ) ;
#3960 = DIRECTION ( 'NONE',  ( 1.000000000000000000, -0.0000000000000000000, -0.0000000000000000000 ) ) ;
#3961 =( CONVERSION_BASED_UNIT ( 'INCH', #1842 ) LENGTH_UNIT ( ) NAMED_UNIT ( #2053 ) );
#3962 = EDGE_CURVE ( 'NONE', #3981, #6473, #6709, .T. ) ;
#3963 = VECTOR ( 'NONE', #4743, 39.37007874015748100 ) ;
#3964 = LINE ( 'NONE', #2228, #129 ) ;
#3965 = EDGE_CURVE ( 'NONE', #3834, #3261, #1106, .T. ) ;
#3966 = CARTESIAN_POINT ( 'NONE',  ( 0.08464566929133858500, 0.0000000000000000000, 0.0000000000000000000 ) ) ;
#3967 = VECTOR ( 'NONE', #2531, 39.37007874015748100 ) ;
#3968 = ORIENTED_EDGE ( 'NONE', *, *, #3258, .T. ) ;
#3969 = FACE_OUTER_BOUND ( 'NONE', #2560, .T. ) ;
#3970 = ORIENTED_EDGE ( 'NONE', *, *, #4450, .T. ) ;
#3971 = ORIENTED_EDGE ( 'NONE', *, *, #4074, .T. ) ;
#3972 = CARTESIAN_POINT ( 'NONE',  ( 0.08464566929133858500, -0.2388138168057124500, 0.04611691108670112900 ) ) ;
#3973 = CARTESIAN_POINT ( 'NONE',  ( 0.08464566929133858500, -0.2728187752609125300, 0.05365624859960119900 ) ) ;
#3974 = AXIS2_PLACEMENT_3D ( 'NONE', #424, #4066, #958 ) ;
#3975 = DIRECTION ( 'NONE',  ( 0.0000000000000000000, -0.6427876096865351400, 0.7660444431189815700 ) ) ;
#3976 = DIRECTION ( 'NONE',  ( 1.000000000000000000, -0.0000000000000000000, -0.0000000000000000000 ) ) ;
#3977 = EDGE_LOOP ( 'NONE', ( #1393, #745 ) ) ;
#3978 = CIRCLE ( 'NONE', #1210, 0.01000000000000001200 ) ;
#3979 = EDGE_LOOP ( 'NONE', ( #4228, #2002, #1712, #1066 ) ) ;
#3980 = ORIENTED_EDGE ( 'NONE', *, *, #6012, .T. ) ;
#3981 = VERTEX_POINT ( 'NONE', #6520 ) ;
#3982 = CARTESIAN_POINT ( 'NONE',  ( 0.08464566929133858500, 0.0000000000000000000, 0.0000000000000000000 ) ) ;
#3983 = DIRECTION ( 'NONE',  ( 0.0000000000000000000, 0.8349063102029687900, 0.5503920904076147200 ) ) ;
#3984 = LINE ( 'NONE', #5288, #2579 ) ;
#3985 = EDGE_CURVE ( 'NONE', #6091, #1366, #6369, .T. ) ;
#3986 = ADVANCED_FACE ( 'NONE', ( #2315 ), #787, .F. ) ;
#3987 = VERTEX_POINT ( 'NONE', #5479 ) ;
#3988 = ADVANCED_FACE ( 'NONE', ( #6198 ), #4790, .F. ) ;
#3989 = EDGE_CURVE ( 'NONE', #6823, #2290, #3537, .T. ) ;
#3990 = LINE ( 'NONE', #2738, #6486 ) ;
#3991 = EDGE_CURVE ( 'NONE', #6746, #1550, #3713, .T. ) ;
#3992 = ORIENTED_EDGE ( 'NONE', *, *, #5375, .F. ) ;
#3993 = ORIENTED_EDGE ( 'NONE', *, *, #4740, .T. ) ;
#3994 = AXIS2_PLACEMENT_3D ( 'NONE', #4176, #6309, #4727 ) ;
#3995 = ORIENTED_EDGE ( 'NONE', *, *, #2938, .F. ) ;
#3996 = DIRECTION ( 'NONE',  ( 1.000000000000000000, 0.0000000000000000000, 0.0000000000000000000 ) ) ;
#3997 = CARTESIAN_POINT ( 'NONE',  ( 0.08464566929133858500, -0.1074241567854200400, -0.2780124667216840600 ) ) ;
#3998 = CARTESIAN_POINT ( 'NONE',  ( 0.08464566929133858500, 0.1518126642094978200, 0.2851509268014176800 ) ) ;
#3999 = DIRECTION ( 'NONE',  ( -1.000000000000000000, -0.0000000000000000000, -0.0000000000000000000 ) ) ;
#4000 = ORIENTED_EDGE ( 'NONE', *, *, #4131, .F. ) ;
#4001 = ORIENTED_EDGE ( 'NONE', *, *, #4236, .T. ) ;
#4002 = EDGE_LOOP ( 'NONE', ( #642, #6313, #2298, #6738 ) ) ;
#4003 = VERTEX_POINT ( 'NONE', #4961 ) ;
#4004 = CARTESIAN_POINT ( 'NONE',  ( -0.08464566929133858500, 0.3071808359793947700, -0.09999034991984662200 ) ) ;
#4005 = ORIENTED_EDGE ( 'NONE', *, *, #3167, .T. ) ;
#4006 = DIRECTION ( 'NONE',  ( 0.0000000000000000000, 0.3420201433256761500, 0.9396926207859055400 ) ) ;
#4007 = EDGE_CURVE ( 'NONE', #4014, #1929, #945, .T. ) ;
#4008 = CARTESIAN_POINT ( 'NONE',  ( 0.08464566929133858500, 0.06090285227388918900, 0.09329165720971296900 ) ) ;
#4009 = ORIENTED_EDGE ( 'NONE', *, *, #510, .F. ) ;
#4010 = CARTESIAN_POINT ( 'NONE',  ( -0.08464566929133858500, 0.2380142720881762200, -0.1437298974847687800 ) ) ;
#4011 = ORIENTED_EDGE ( 'NONE', *, *, #1603, .F. ) ;
#4012 = ORIENTED_EDGE ( 'NONE', *, *, #1692, .T. ) ;
#4013 = AXIS2_PLACEMENT_3D ( 'NONE', #947, #6545, #6441 ) ;
#4014 = VERTEX_POINT ( 'NONE', #5503 ) ;
#4015 = EDGE_LOOP ( 'NONE', ( #5518, #5978, #5349, #3857 ) ) ;
#4016 = EDGE_LOOP ( 'NONE', ( #1800, #2271, #3079, #350 ) ) ;
#4017 = DIRECTION ( 'NONE',  ( 0.0000000000000000000, 0.8660254037844431500, 0.4999999999999921200 ) ) ;
#4018 = ADVANCED_FACE ( 'NONE', ( #616 ), #1834, .T. ) ;
#4019 = CARTESIAN_POINT ( 'NONE',  ( 0.08464566929133858500, -0.03455489670649532900, -0.3139457786253609900 ) ) ;
#4020 = DIRECTION ( 'NONE',  ( 0.0000000000000000000, 0.0000000000000000000, 1.000000000000000000 ) ) ;
#4021 = ORIENTED_EDGE ( 'NONE', *, *, #6725, .F. ) ;
#4022 = CARTESIAN_POINT ( 'NONE',  ( -0.08464566929133858500, 0.2465800297294601400, -0.1928614088566399900 ) ) ;
#4023 = CARTESIAN_POINT ( 'NONE',  ( 0.08464566929133858500, -0.1024500166235618600, 0.04377767483388832900 ) ) ;
#4024 = CARTESIAN_POINT ( 'NONE',  ( -0.2342519685039370400, -0.3230450991271856500, 1.108895517240735600E-017 ) ) ;
#4025 = CARTESIAN_POINT ( 'NONE',  ( 0.08464566929133858500, 0.2544568510059139200, -0.1990222275180522900 ) ) ;
#4026 = VECTOR ( 'NONE', #898, 39.37007874015748100 ) ;
#4027 = EDGE_CURVE ( 'NONE', #2697, #4643, #3215, .T. ) ;
#4028 = FACE_OUTER_BOUND ( 'NONE', #3754, .T. ) ;
#4029 = AXIS2_PLACEMENT_3D ( 'NONE', #3982, #871, #4514 ) ;
#4030 = MECHANICAL_DESIGN_GEOMETRIC_PRESENTATION_REPRESENTATION (  '', ( #2978 ), #4390 ) ;
#4031 = CIRCLE ( 'NONE', #279, 0.3230450991271857100 ) ;
#4032 = AXIS2_PLACEMENT_3D ( 'NONE', #4091, #2520, #976 ) ;
#4033 = FACE_OUTER_BOUND ( 'NONE', #1319, .T. ) ;
#4034 = FACE_OUTER_BOUND ( 'NONE', #45, .T. ) ;
#4035 = VECTOR ( 'NONE', #5224, 39.37007874015748100 ) ;
#4036 = VECTOR ( 'NONE', #3320, 39.37007874015748100 ) ;
#4037 = CONICAL_SURFACE ( 'NONE', #2920, 0.4330708661417324000, 1.107148717794090900 ) ;
#4038 = CARTESIAN_POINT ( 'NONE',  ( -0.08464566929133858500, -0.1066210128960360700, -0.03231795675863605900 ) ) ;
#4039 = CIRCLE ( 'NONE', #5279, 0.2780450991271856700 ) ;
#4040 = CIRCLE ( 'NONE', #2884, 0.2780450991271856700 ) ;
#4041 = EDGE_CURVE ( 'NONE', #5849, #5751, #3380, .T. ) ;
#4042 = VECTOR ( 'NONE', #1026, 39.37007874015748100 ) ;
#4043 = ORIENTED_EDGE ( 'NONE', *, *, #3859, .F. ) ;
#4044 = DIRECTION ( 'NONE',  ( 0.0000000000000000000, 0.0000000000000000000, -1.000000000000000000 ) ) ;
#4045 = CARTESIAN_POINT ( 'NONE',  ( 0.08464566929133858500, 0.0000000000000000000, 0.0000000000000000000 ) ) ;
#4046 = CYLINDRICAL_SURFACE ( 'NONE', #6595, 0.04450000000000004600 ) ;
#4047 = CARTESIAN_POINT ( 'NONE',  ( -0.08464566929133858500, 0.1471132378872970800, -0.2763239572057859000 ) ) ;
#4048 = CIRCLE ( 'NONE', #6128, 0.02000000000000001400 ) ;
#4049 = VERTEX_POINT ( 'NONE', #6049 ) ;
#4050 = DIRECTION ( 'NONE',  ( -1.000000000000000000, -0.0000000000000000000, -0.0000000000000000000 ) ) ;
#4051 = ADVANCED_FACE ( 'NONE', ( #445 ), #1670, .F. ) ;
#4052 = EDGE_CURVE ( 'NONE', #5613, #2416, #5873, .T. ) ;
#4053 = CARTESIAN_POINT ( 'NONE',  ( 0.08464566929133858500, 0.2544568510059165800, 0.1990222275180488800 ) ) ;
#4054 = VERTEX_POINT ( 'NONE', #4462 ) ;
#4055 = AXIS2_PLACEMENT_3D ( 'NONE', #1514, #1469, #1927 ) ;
#4056 = VECTOR ( 'NONE', #4333, 39.37007874015748100 ) ;
#4057 = ORIENTED_EDGE ( 'NONE', *, *, #644, .T. ) ;
#4058 = ORIENTED_EDGE ( 'NONE', *, *, #4213, .F. ) ;
#4059 = ORIENTED_EDGE ( 'NONE', *, *, #4173, .T. ) ;
#4060 = DIRECTION ( 'NONE',  ( 1.000000000000000000, 0.0000000000000000000, 0.0000000000000000000 ) ) ;
#4061 = CIRCLE ( 'NONE', #1761, 0.3230450991271856500 ) ;
#4062 = CARTESIAN_POINT ( 'NONE',  ( 0.1240157480314960800, 0.3937007874015748800, 0.0000000000000000000 ) ) ;
#4063 = EDGE_LOOP ( 'NONE', ( #1782, #4012, #6803, #1531 ) ) ;
#4064 = FACE_OUTER_BOUND ( 'NONE', #2281, .T. ) ;
#4065 = DIRECTION ( 'NONE',  ( 1.000000000000000000, 0.0000000000000000000, 0.0000000000000000000 ) ) ;
#4066 = DIRECTION ( 'NONE',  ( -1.000000000000000000, -0.0000000000000000000, -0.0000000000000000000 ) ) ;
#4067 = AXIS2_PLACEMENT_3D ( 'NONE', #6589, #3400, #283 ) ;
#4068 = CARTESIAN_POINT ( 'NONE',  ( -0.08464566929133858500, 0.1518126642094938300, -0.2851509268014198500 ) ) ;
#4069 = AXIS2_PLACEMENT_3D ( 'NONE', #3336, #953, #849 ) ;
#4070 = CARTESIAN_POINT ( 'NONE',  ( -0.2069254207791670400, -0.2136090496995611800, -0.03560484376827840300 ) ) ;
#4071 = VERTEX_POINT ( 'NONE', #821 ) ;
#4072 = ORIENTED_EDGE ( 'NONE', *, *, #3536, .T. ) ;
#4073 = ORIENTED_EDGE ( 'NONE', *, *, #5883, .F. ) ;
#4074 = EDGE_CURVE ( 'NONE', #1796, #20, #3055, .T. ) ;
#4075 = ORIENTED_EDGE ( 'NONE', *, *, #1139, .F. ) ;
#4076 = ORIENTED_EDGE ( 'NONE', *, *, #5408, .T. ) ;
#4077 = SURFACE_STYLE_USAGE ( .BOTH. , #432 ) ;
#4078 = VERTEX_POINT ( 'NONE', #310 ) ;
#4079 = ORIENTED_EDGE ( 'NONE', *, *, #6411, .T. ) ;
#4080 = ADVANCED_FACE ( 'NONE', ( #4274 ), #117, .T. ) ;
#4081 = DIRECTION ( 'NONE',  ( 1.000000000000000000, 0.0000000000000000000, 0.0000000000000000000 ) ) ;
#4082 = VERTEX_POINT ( 'NONE', #4489 ) ;
#4083 = ORIENTED_EDGE ( 'NONE', *, *, #2777, .T. ) ;
#4084 = EDGE_CURVE ( 'NONE', #5423, #1078, #2886, .T. ) ;
#4085 = EDGE_CURVE ( 'NONE', #344, #764, #5703, .T. ) ;
#4086 = ORIENTED_EDGE ( 'NONE', *, *, #4027, .F. ) ;
#4087 = DIRECTION ( 'NONE',  ( 0.0000000000000000000, -0.05920037723354255200, -0.9982461196195084900 ) ) ;
#4088 = VERTEX_POINT ( 'NONE', #2921 ) ;
#4089 = DIRECTION ( 'NONE',  ( 0.0000000000000000000, -0.9848077530122085800, -0.1736481776669275800 ) ) ;
#4090 = ORIENTED_EDGE ( 'NONE', *, *, #1887, .T. ) ;
#4091 = CARTESIAN_POINT ( 'NONE',  ( 0.08464566929133858500, -0.1471132378872952200, 0.2763239572057869000 ) ) ;
#4092 = EDGE_CURVE ( 'NONE', #6135, #6499, #4113, .T. ) ;
#4093 = CARTESIAN_POINT ( 'NONE',  ( 0.08464566929133858500, 0.0000000000000000000, 0.0000000000000000000 ) ) ;
#4094 = DIRECTION ( 'NONE',  ( -1.000000000000000000, -0.0000000000000000000, -0.0000000000000000000 ) ) ;
#4095 = ORIENTED_EDGE ( 'NONE', *, *, #113, .F. ) ;
#4096 = EDGE_LOOP ( 'NONE', ( #5917, #5257, #846, #4552 ) ) ;
#4097 = CARTESIAN_POINT ( 'NONE',  ( 0.08464566929133858500, -0.1745017349850625800, 0.2164675995059063800 ) ) ;
#4098 = AXIS2_PLACEMENT_3D ( 'NONE', #2122, #2172, #2199 ) ;
#4099 = DIRECTION ( 'NONE',  ( 0.0000000000000000000, -0.9848077530122071300, 0.1736481776669352400 ) ) ;
#4100 = CARTESIAN_POINT ( 'NONE',  ( 0.08464566929133858500, 0.2327495835104569100, 0.2093438928253182900 ) ) ;
#4101 = VECTOR ( 'NONE', #6614, 39.37007874015748100 ) ;
#4102 = EDGE_CURVE ( 'NONE', #5402, #5514, #289, .T. ) ;
#4103 = LINE ( 'NONE', #2771, #2716 ) ;
#4104 = DIRECTION ( 'NONE',  ( 0.0000000000000000000, 0.8027541617740874300, -0.5963101170987981100 ) ) ;
#4105 = CIRCLE ( 'NONE', #901, 0.02000000000000002500 ) ;
#4106 = CARTESIAN_POINT ( 'NONE',  ( -0.2280649024496773900, -0.03882340756571921200, 0.04450000000000005300 ) ) ;
#4107 = CARTESIAN_POINT ( 'NONE',  ( 0.08464566929133858500, 0.0000000000000000000, 0.0000000000000000000 ) ) ;
#4108 = CARTESIAN_POINT ( 'NONE',  ( 0.08464566929133858500, -0.2976719210690814100, 0.09689510562764283600 ) ) ;
#4109 = FACE_BOUND ( 'NONE', #2248, .T. ) ;
#4110 = CARTESIAN_POINT ( 'NONE',  ( 0.08464566929133858500, 0.1870537803570447300, -0.2320382821171377600 ) ) ;
#4111 = ADVANCED_FACE ( 'NONE', ( #1507 ), #3954, .F. ) ;
#4112 = EDGE_CURVE ( 'NONE', #2981, #2449, #5380, .T. ) ;
#4113 = CIRCLE ( 'NONE', #4786, 0.01000000000000001200 ) ;
#4114 = PLANE ( 'NONE',  #3925 ) ;
#4115 = CIRCLE ( 'NONE', #902, 0.01000000000000004000 ) ;
#4116 = CYLINDRICAL_SURFACE ( 'NONE', #5131, 0.01999999999999999000 ) ;
#4117 = AXIS2_PLACEMENT_3D ( 'NONE', #2953, #6669, #3472 ) ;
#4118 = AXIS2_PLACEMENT_3D ( 'NONE', #1368, #5553, #296 ) ;
#4119 = AXIS2_PLACEMENT_3D ( 'NONE', #6540, #3358, #239 ) ;
#4120 = VECTOR ( 'NONE', #1972, 39.37007874015748100 ) ;
#4121 = CARTESIAN_POINT ( 'NONE',  ( 0.08464566929133858500, -0.3128601855581031900, 0.01075817735951170600 ) ) ;
#4122 = VECTOR ( 'NONE', #2568, 39.37007874015748100 ) ;
#4123 = CYLINDRICAL_SURFACE ( 'NONE', #2313, 0.01999999999999999000 ) ;
#4124 = DIRECTION ( 'NONE',  ( -1.000000000000000000, -0.0000000000000000000, -0.0000000000000000000 ) ) ;
#4125 = CIRCLE ( 'NONE', #4013, 0.3937007874015748800 ) ;
#4126 = ORIENTED_EDGE ( 'NONE', *, *, #809, .F. ) ;
#4127 = VECTOR ( 'NONE', #987, 39.37007874015748100 ) ;
#4128 = ORIENTED_EDGE ( 'NONE', *, *, #557, .F. ) ;
#4129 = CARTESIAN_POINT ( 'NONE',  ( 0.08464566929133858500, -0.2924428417247582600, -0.05751578424816888900 ) ) ;
#4130 = ORIENTED_EDGE ( 'NONE', *, *, #5552, .T. ) ;
#4131 = EDGE_CURVE ( 'NONE', #5977, #2681, #2721, .T. ) ;
#4132 = CARTESIAN_POINT ( 'NONE',  ( -0.08464566929133858500, -0.005466606461055367200, -0.2779913548340063900 ) ) ;
#4133 = DIRECTION ( 'NONE',  ( 0.0000000000000000000, -0.8660254037844247200, -0.5000000000000240900 ) ) ;
#4134 = DIRECTION ( 'NONE',  ( 0.0000000000000000000, 0.0000000000000000000, -1.000000000000000000 ) ) ;
#4135 = VERTEX_POINT ( 'NONE', #6142 ) ;
#4136 = CARTESIAN_POINT ( 'NONE',  ( -0.08464566929133858500, 0.0000000000000000000, 0.0000000000000000000 ) ) ;
#4137 = VERTEX_POINT ( 'NONE', #6682 ) ;
#4138 = DIRECTION ( 'NONE',  ( -1.000000000000000000, -0.0000000000000000000, -0.0000000000000000000 ) ) ;
#4139 = ORIENTED_EDGE ( 'NONE', *, *, #3835, .T. ) ;
#4140 = AXIS2_PLACEMENT_3D ( 'NONE', #1232, #1278, #1301 ) ;
#4141 = CARTESIAN_POINT ( 'NONE',  ( -0.08464566929133858500, 0.3031758419731582200, 0.08854604252561114300 ) ) ;
#4142 = LINE ( 'NONE', #5321, #3823 ) ;
#4143 = ORIENTED_EDGE ( 'NONE', *, *, #5536, .F. ) ;
#4144 = DIRECTION ( 'NONE',  ( 0.0000000000000000000, 0.0000000000000000000, 1.000000000000000000 ) ) ;
#4145 = EDGE_LOOP ( 'NONE', ( #1258, #4684, #2529, #1655 ) ) ;
#4146 = DIRECTION ( 'NONE',  ( 0.0000000000000000000, 0.0000000000000000000, 1.000000000000000000 ) ) ;
#4147 = CARTESIAN_POINT ( 'NONE',  ( 0.08464566929133858500, -0.3031758419731588300, -0.08854604252560902000 ) ) ;
#4148 = CYLINDRICAL_SURFACE ( 'NONE', #4607, 0.02000000000000002500 ) ;
#4149 = ORIENTED_EDGE ( 'NONE', *, *, #3763, .F. ) ;
#4150 = VERTEX_POINT ( 'NONE', #3998 ) ;
#4151 = DIRECTION ( 'NONE',  ( -1.000000000000000000, -0.0000000000000000000, -0.0000000000000000000 ) ) ;
#4152 = ORIENTED_EDGE ( 'NONE', *, *, #4605, .F. ) ;
#4153 = EDGE_CURVE ( 'NONE', #6088, #1218, #1350, .T. ) ;
#4154 = CARTESIAN_POINT ( 'NONE',  ( -0.08464566929133858500, 0.1074241567854180700, -0.2780124667216846700 ) ) ;
#4155 = ORIENTED_EDGE ( 'NONE', *, *, #1431, .T. ) ;
#4156 = ORIENTED_EDGE ( 'NONE', *, *, #1425, .T. ) ;
#4157 = AXIS2_PLACEMENT_3D ( 'NONE', #3777, #655, #4295 ) ;
#4158 = AXIS2_PLACEMENT_3D ( 'NONE', #1321, #4985, #1824 ) ;
#4159 = DIRECTION ( 'NONE',  ( -1.000000000000000000, -0.0000000000000000000, -0.0000000000000000000 ) ) ;
#4160 = ORIENTED_EDGE ( 'NONE', *, *, #1669, .F. ) ;
#4161 = ORIENTED_EDGE ( 'NONE', *, *, #1797, .T. ) ;
#4162 = DIRECTION ( 'NONE',  ( 1.000000000000000000, 0.0000000000000000000, 0.0000000000000000000 ) ) ;
#4163 = ORIENTED_EDGE ( 'NONE', *, *, #1007, .T. ) ;
#4164 = ORIENTED_EDGE ( 'NONE', *, *, #6601, .T. ) ;
#4165 = CARTESIAN_POINT ( 'NONE',  ( 0.08464566929133858500, 0.1471132378872970800, -0.2763239572057859000 ) ) ;
#4166 = CARTESIAN_POINT ( 'NONE',  ( -0.08464566929133861300, 0.0000000000000000000, 0.0000000000000000000 ) ) ;
#4167 = VERTEX_POINT ( 'NONE', #1419 ) ;
#4168 = ORIENTED_EDGE ( 'NONE', *, *, #6169, .T. ) ;
#4169 = DIRECTION ( 'NONE',  ( -1.000000000000000000, -0.0000000000000000000, -0.0000000000000000000 ) ) ;
#4170 = ORIENTED_EDGE ( 'NONE', *, *, #5307, .F. ) ;
#4171 = VERTEX_POINT ( 'NONE', #4019 ) ;
#4172 = CARTESIAN_POINT ( 'NONE',  ( 0.08464566929133858500, 0.06699623482581419700, -0.3160215824738202800 ) ) ;
#4173 = EDGE_CURVE ( 'NONE', #6522, #3014, #1187, .T. ) ;
#4174 = CARTESIAN_POINT ( 'NONE',  ( -0.08464566929133858500, 0.0000000000000000000, 0.0000000000000000000 ) ) ;
#4175 = ORIENTED_EDGE ( 'NONE', *, *, #9, .T. ) ;
#4176 = CARTESIAN_POINT ( 'NONE',  ( 0.08464566929133858500, 0.0000000000000000000, 0.0000000000000000000 ) ) ;
#4177 = CARTESIAN_POINT ( 'NONE',  ( 0.1437007874015748000, 0.0000000000000000000, 0.0000000000000000000 ) ) ;
#4178 = DIRECTION ( 'NONE',  ( 0.0000000000000000000, 0.0000000000000000000, -1.000000000000000000 ) ) ;
#4179 = FACE_OUTER_BOUND ( 'NONE', #5406, .T. ) ;
#4180 = CIRCLE ( 'NONE', #4389, 0.01000000000000002600 ) ;
#4181 = CARTESIAN_POINT ( 'NONE',  ( -0.08464566929133858500, 0.0000000000000000000, 0.0000000000000000000 ) ) ;
#4182 = DIRECTION ( 'NONE',  ( 0.0000000000000000000, 0.3420201433256763200, 0.9396926207859056500 ) ) ;
#4183 = CIRCLE ( 'NONE', #5689, 0.01999999999999998300 ) ;
#4184 = VECTOR ( 'NONE', #3743, 39.37007874015748100 ) ;
#4185 = CIRCLE ( 'NONE', #5821, 0.01000000000000002800 ) ;
#4186 = CYLINDRICAL_SURFACE ( 'NONE', #4630, 0.009999999999999995000 ) ;
#4187 = LINE ( 'NONE', #2640, #2802 ) ;
#4188 = DIRECTION ( 'NONE',  ( 0.0000000000000000000, -0.3420201433256624400, 0.9396926207859106500 ) ) ;
#4189 = AXIS2_PLACEMENT_3D ( 'NONE', #1109, #4771, #1629 ) ;
#4190 = CIRCLE ( 'NONE', #3612, 0.05905511811023626800 ) ;
#4191 = AXIS2_PLACEMENT_3D ( 'NONE', #6521, #6249, #5009 ) ;
#4192 = DIRECTION ( 'NONE',  ( -1.000000000000000000, -0.0000000000000000000, -0.0000000000000000000 ) ) ;
#4193 = LINE ( 'NONE', #3243, #5471 ) ;
#4194 = DIRECTION ( 'NONE',  ( -1.000000000000000000, -0.0000000000000000000, -0.0000000000000000000 ) ) ;
#4195 = CARTESIAN_POINT ( 'NONE',  ( 0.08464566929133858500, -0.2891624680536944400, 0.1270474709397116400 ) ) ;
#4196 = LINE ( 'NONE', #4244, #4374 ) ;
#4197 = CARTESIAN_POINT ( 'NONE',  ( 0.08464566929133858500, 0.1532986182605033100, -0.1888341659364416200 ) ) ;
#4198 = DIRECTION ( 'NONE',  ( 0.0000000000000000000, 0.0000000000000000000, 1.000000000000000000 ) ) ;
#4199 = CARTESIAN_POINT ( 'NONE',  ( 0.08464566929133858500, -0.2891624680536962800, -0.1270474709397076700 ) ) ;
#4200 = LINE ( 'NONE', #684, #2814 ) ;
#4201 = CARTESIAN_POINT ( 'NONE',  ( 0.08464566929133858500, -0.2327495835104554400, -0.2093438928253199000 ) ) ;
#4202 = EDGE_CURVE ( 'NONE', #5645, #2774, #6626, .T. ) ;
#4203 = ORIENTED_EDGE ( 'NONE', *, *, #3526, .T. ) ;
#4204 = CIRCLE ( 'NONE', #5870, 0.2780450991271856700 ) ;
#4205 = ORIENTED_EDGE ( 'NONE', *, *, #3916, .F. ) ;
#4206 = AXIS2_PLACEMENT_3D ( 'NONE', #2399, #6112, #2937 ) ;
#4207 = DIRECTION ( 'NONE',  ( 1.000000000000000000, 0.0000000000000000000, 0.0000000000000000000 ) ) ;
#4208 = CARTESIAN_POINT ( 'NONE',  ( -0.08464566929133858500, 0.2747173077608816000, 0.04288913574857328900 ) ) ;
#4209 = EDGE_LOOP ( 'NONE', ( #3980, #1411, #1548, #2570 ) ) ;
#4210 = LINE ( 'NONE', #6291, #2824 ) ;
#4211 = ORIENTED_EDGE ( 'NONE', *, *, #3989, .T. ) ;
#4212 = EDGE_LOOP ( 'NONE', ( #5516, #5178, #3247, #5652 ) ) ;
#4213 = EDGE_CURVE ( 'NONE', #3923, #3032, #3787, .T. ) ;
#4214 = EDGE_CURVE ( 'NONE', #5764, #1691, #1023, .T. ) ;
#4215 = CARTESIAN_POINT ( 'NONE',  ( -0.08464566929133858500, 0.1024500166235621700, -0.04377767483388760700 ) ) ;
#4216 = VERTEX_POINT ( 'NONE', #6785 ) ;
#4217 = EDGE_CURVE ( 'NONE', #1152, #4071, #6449, .T. ) ;
#4218 = LINE ( 'NONE', #4396, #2833 ) ;
#4219 = ORIENTED_EDGE ( 'NONE', *, *, #2359, .F. ) ;
#4220 = DIRECTION ( 'NONE',  ( 0.0000000000000000000, 0.0000000000000000000, -1.000000000000000000 ) ) ;
#4221 = ADVANCED_FACE ( 'NONE', ( #3617 ), #4876, .F. ) ;
#4222 = DIRECTION ( 'NONE',  ( 0.0000000000000000000, 0.8660254037844337100, -0.5000000000000087700 ) ) ;
#4223 = CARTESIAN_POINT ( 'NONE',  ( -0.08464566929133858500, 0.1745017349850671000, 0.2164675995059028600 ) ) ;
#4224 = DIRECTION ( 'NONE',  ( -1.000000000000000000, -0.0000000000000000000, -0.0000000000000000000 ) ) ;
#4225 = CARTESIAN_POINT ( 'NONE',  ( 0.08464566929133858500, 0.2165354330708661500, 0.0000000000000000000 ) ) ;
#4226 = FACE_OUTER_BOUND ( 'NONE', #3750, .T. ) ;
#4227 = AXIS2_PLACEMENT_3D ( 'NONE', #1704, #2218, #5918 ) ;
#4228 = ORIENTED_EDGE ( 'NONE', *, *, #250, .T. ) ;
#4229 = PLANE ( 'NONE',  #5246 ) ;
#4230 = DIRECTION ( 'NONE',  ( -0.0000000000000000000, 0.5503920904076277100, 0.8349063102029602400 ) ) ;
#4231 = DIRECTION ( 'NONE',  ( 0.0000000000000000000, 0.9848077530122098000, 0.1736481776669212600 ) ) ;
#4232 = ORIENTED_EDGE ( 'NONE', *, *, #2840, .T. ) ;
#4233 = DIRECTION ( 'NONE',  ( 1.000000000000000000, 0.0000000000000000000, 0.0000000000000000000 ) ) ;
#4234 = ORIENTED_EDGE ( 'NONE', *, *, #1449, .T. ) ;
#4235 = EDGE_LOOP ( 'NONE', ( #1059, #1216, #2784, #4488 ) ) ;
#4236 = EDGE_CURVE ( 'NONE', #6758, #1637, #869, .T. ) ;
#4237 = CARTESIAN_POINT ( 'NONE',  ( 0.08464566929133858500, 0.0000000000000000000, 0.0000000000000000000 ) ) ;
#4238 = EDGE_LOOP ( 'NONE', ( #4566, #3992, #6138, #4632 ) ) ;
#4239 = VERTEX_POINT ( 'NONE', #1558 ) ;
#4240 = VERTEX_POINT ( 'NONE', #3104 ) ;
#4241 = CARTESIAN_POINT ( 'NONE',  ( -0.1897376168864540700, 0.05906593251942757900, 0.006052811152436220700 ) ) ;
#4242 = EDGE_LOOP ( 'NONE', ( #2103, #1965, #2823, #5016 ) ) ;
#4243 = EDGE_CURVE ( 'NONE', #3403, #3591, #2062, .T. ) ;
#4244 = CARTESIAN_POINT ( 'NONE',  ( -0.08464566929133858500, -0.06090285227388858600, -0.09329165720971338600 ) ) ;
#4245 = DIRECTION ( 'NONE',  ( -1.000000000000000000, -0.0000000000000000000, -0.0000000000000000000 ) ) ;
#4246 = AXIS2_PLACEMENT_3D ( 'NONE', #1137, #4797, #1653 ) ;
#4247 = AXIS2_PLACEMENT_3D ( 'NONE', #3780, #662, #4302 ) ;
#4248 = VERTEX_POINT ( 'NONE', #3650 ) ;
#4249 = AXIS2_PLACEMENT_3D ( 'NONE', #4174, #1063, #4723 ) ;
#4250 = VERTEX_POINT ( 'NONE', #529 ) ;
#4251 = CARTESIAN_POINT ( 'NONE',  ( 0.08464566929133858500, -0.2546075713472023500, -0.1868983076856503800 ) ) ;
#4252 = ORIENTED_EDGE ( 'NONE', *, *, #5676, .F. ) ;
#4253 = DIRECTION ( 'NONE',  ( 0.0000000000000000000, 0.0000000000000000000, -1.000000000000000000 ) ) ;
#4254 = ORIENTED_EDGE ( 'NONE', *, *, #147, .F. ) ;
#4255 = ADVANCED_FACE ( 'NONE', ( #6122 ), #4701, .T. ) ;
#4256 = DIRECTION ( 'NONE',  ( -1.000000000000000000, -0.0000000000000000000, -0.0000000000000000000 ) ) ;
#4257 = EDGE_LOOP ( 'NONE', ( #6305, #3968, #3351, #5927 ) ) ;
#4258 = ORIENTED_EDGE ( 'NONE', *, *, #3372, .F. ) ;
#4259 = EDGE_CURVE ( 'NONE', #2681, #3158, #2229, .T. ) ;
#4260 = CARTESIAN_POINT ( 'NONE',  ( 0.08464566929133858500, -0.1398467616490439200, 0.2831940607769807300 ) ) ;
#4261 = DIRECTION ( 'NONE',  ( 0.0000000000000000000, 0.0000000000000000000, 1.000000000000000000 ) ) ;
#4262 = DIRECTION ( 'NONE',  ( 1.000000000000000000, 0.0000000000000000000, 0.0000000000000000000 ) ) ;
#4263 = DIRECTION ( 'NONE',  ( -1.000000000000000000, -0.0000000000000000000, -0.0000000000000000000 ) ) ;
#4264 = AXIS2_PLACEMENT_3D ( 'NONE', #60, #75, #496 ) ;
#4265 = DIRECTION ( 'NONE',  ( -1.000000000000000000, -0.0000000000000000000, -0.0000000000000000000 ) ) ;
#4266 = CYLINDRICAL_SURFACE ( 'NONE', #5914, 0.3230450991271856500 ) ;
#4267 = DIRECTION ( 'NONE',  ( 0.0000000000000000000, -0.3420201433256705400, -0.9396926207859077600 ) ) ;
#4268 = VECTOR ( 'NONE', #4854, 39.37007874015748100 ) ;
#4269 = CIRCLE ( 'NONE', #4157, 0.02000000000000001400 ) ;
#4270 = EDGE_CURVE ( 'NONE', #1150, #3425, #6280, .T. ) ;
#4271 = LINE ( 'NONE', #2071, #288 ) ;
#4272 = CARTESIAN_POINT ( 'NONE',  ( 0.08464566929133858500, 0.2049886317241171300, -0.2066229042157370100 ) ) ;
#4273 = DIRECTION ( 'NONE',  ( 0.0000000000000000000, -0.9848077530122085800, -0.1736481776669275800 ) ) ;
#4274 = FACE_OUTER_BOUND ( 'NONE', #251, .T. ) ;
#4275 = PLANE ( 'NONE',  #5528 ) ;
#4276 = VECTOR ( 'NONE', #307, 39.37007874015748100 ) ;
#4277 = CIRCLE ( 'NONE', #2999, 0.01000000000000003100 ) ;
#4278 = LINE ( 'NONE', #568, #1512 ) ;
#4279 = EDGE_CURVE ( 'NONE', #6522, #5751, #5045, .T. ) ;
#4280 = FACE_OUTER_BOUND ( 'NONE', #6084, .T. ) ;
#4281 = AXIS2_PLACEMENT_3D ( 'NONE', #1061, #4722, #1578 ) ;
#4282 = CARTESIAN_POINT ( 'NONE',  ( -0.08464566929133858500, -0.1960315511398808600, -0.2245050379644658000 ) ) ;
#4283 = CIRCLE ( 'NONE', #2601, 0.05905511811023623400 ) ;
#4284 = DIRECTION ( 'NONE',  ( 0.0000000000000000000, 0.8660254037844438100, 0.4999999999999911700 ) ) ;
#4285 = ADVANCED_FACE ( 'NONE', ( #3455 ), #3134, .T. ) ;
#4286 = ORIENTED_EDGE ( 'NONE', *, *, #2170, .F. ) ;
#4287 = DIRECTION ( 'NONE',  ( -1.000000000000000000, -0.0000000000000000000, -0.0000000000000000000 ) ) ;
#4288 = CIRCLE ( 'NONE', #6353, 0.01000000000000004000 ) ;
#4289 = EDGE_LOOP ( 'NONE', ( #675, #4072, #3275, #2348 ) ) ;
#4290 = CARTESIAN_POINT ( 'NONE',  ( 0.1437007874015748000, 2.651794250122221500E-017, -0.2165354330708661500 ) ) ;
#4291 = CARTESIAN_POINT ( 'NONE',  ( 0.08464566929133858500, 0.2924428417247578700, -0.05751578424817096300 ) ) ;
#4292 = ORIENTED_EDGE ( 'NONE', *, *, #3876, .F. ) ;
#4293 = EDGE_CURVE ( 'NONE', #3644, #3068, #5956, .T. ) ;
#4294 = ORIENTED_EDGE ( 'NONE', *, *, #657, .T. ) ;
#4295 = DIRECTION ( 'NONE',  ( 0.0000000000000000000, -0.8660254037844399300, -0.4999999999999977200 ) ) ;
#4296 = VERTEX_POINT ( 'NONE', #3171 ) ;
#4297 = VERTEX_POINT ( 'NONE', #3695 ) ;
#4298 = AXIS2_PLACEMENT_3D ( 'NONE', #5267, #2091, #5793 ) ;
#4299 = DIRECTION ( 'NONE',  ( 0.0000000000000000000, -0.9848077530122083500, -0.1736481776669281400 ) ) ;
#4300 = VERTEX_POINT ( 'NONE', #2129 ) ;
#4301 = CARTESIAN_POINT ( 'NONE',  ( 0.08464566929133858500, -0.1657469476708030900, 0.2655657798462774900 ) ) ;
#4302 = DIRECTION ( 'NONE',  ( 0.0000000000000000000, -0.9848077530122083500, -0.1736481776669281400 ) ) ;
#4303 = CARTESIAN_POINT ( 'NONE',  ( -0.08464566929133858500, -0.2465800297294587800, 0.1928614088566417100 ) ) ;
#4304 = EDGE_CURVE ( 'NONE', #1480, #6385, #5784, .T. ) ;
#4305 = CARTESIAN_POINT ( 'NONE',  ( 0.08464566929133858500, -0.2434808785492297000, 0.1342614573492398600 ) ) ;
#4306 = LINE ( 'NONE', #6329, #5898 ) ;
#4307 = ORIENTED_EDGE ( 'NONE', *, *, #621, .T. ) ;
#4308 = EDGE_CURVE ( 'NONE', #2036, #4346, #1911, .T. ) ;
#4309 = VERTEX_POINT ( 'NONE', #6364 ) ;
#4310 = EDGE_CURVE ( 'NONE', #5720, #6156, #368, .T. ) ;
#4311 = CIRCLE ( 'NONE', #4246, 0.01000000000000005100 ) ;
#4312 = CARTESIAN_POINT ( 'NONE',  ( -0.08464566929133858500, 0.0000000000000000000, 0.0000000000000000000 ) ) ;
#4313 = CARTESIAN_POINT ( 'NONE',  ( 0.08464566929133858500, 0.2898450449421469700, -0.02651817499671019200 ) ) ;
#4314 = DIRECTION ( 'NONE',  ( 0.0000000000000000000, -0.9982461196195091500, -0.05920037723353376000 ) ) ;
#4315 = ORIENTED_EDGE ( 'NONE', *, *, #2047, .F. ) ;
#4316 = CARTESIAN_POINT ( 'NONE',  ( -0.08464566929133858500, 0.005859823710932310500, -0.2779874889652428900 ) ) ;
#4317 = CARTESIAN_POINT ( 'NONE',  ( -0.08464566929133858500, 0.1112443712417057100, -0.006097588627262676800 ) ) ;
#4318 = DIRECTION ( 'NONE',  ( -1.000000000000000000, -0.0000000000000000000, -0.0000000000000000000 ) ) ;
#4319 = VERTEX_POINT ( 'NONE', #575 ) ;
#4320 = DIRECTION ( 'NONE',  ( 0.0000000000000000000, 0.0000000000000000000, 1.000000000000000000 ) ) ;
#4321 = AXIS2_PLACEMENT_3D ( 'NONE', #4602, #5660, #1472 ) ;
#4322 = DIRECTION ( 'NONE',  ( 0.0000000000000000000, 0.6427876096865226000, 0.7660444431189921100 ) ) ;
#4323 = EDGE_LOOP ( 'NONE', ( #3668, #2157, #98, #2024 ) ) ;
#4324 = CARTESIAN_POINT ( 'NONE',  ( -0.08464566929133858500, -0.2976719210690826900, -0.09689510562763871400 ) ) ;
#4325 = VERTEX_POINT ( 'NONE', #600 ) ;
#4326 = ORIENTED_EDGE ( 'NONE', *, *, #6261, .T. ) ;
#4327 = ADVANCED_FACE ( 'NONE', ( #4531 ), #204, .T. ) ;
#4328 = CARTESIAN_POINT ( 'NONE',  ( -0.2775970981043899300, 0.2162701852166098700, -0.01164451523824603900 ) ) ;
#4329 = VERTEX_POINT ( 'NONE', #622 ) ;
#4330 = VERTEX_POINT ( 'NONE', #4260 ) ;
#4331 = EDGE_CURVE ( 'NONE', #3499, #1792, #5623, .T. ) ;
#4332 = UNCERTAINTY_MEASURE_WITH_UNIT (LENGTH_MEASURE( 1.000000000000000100E-005 ), #3961, 'distance_accuracy_value', 'NONE');
#4333 = DIRECTION ( 'NONE',  ( -1.000000000000000000, -0.0000000000000000000, -0.0000000000000000000 ) ) ;
#4334 = VERTEX_POINT ( 'NONE', #1647 ) ;
#4335 = EDGE_LOOP ( 'NONE', ( #3347, #910, #6675, #172 ) ) ;
#4336 = CARTESIAN_POINT ( 'NONE',  ( -0.2787373709787320800, -0.05904411840149004200, -0.006262027581179802900 ) ) ;
#4337 = EDGE_CURVE ( 'NONE', #2290, #6250, #526, .T. ) ;
#4338 = DIRECTION ( 'NONE',  ( 1.000000000000000000, 0.0000000000000000000, 0.0000000000000000000 ) ) ;
#4339 = EDGE_CURVE ( 'NONE', #4088, #89, #1745, .T. ) ;
#4340 = CARTESIAN_POINT ( 'NONE',  ( 0.08464566929133858500, 0.2944779371424639000, -0.04597418460454715000 ) ) ;
#4341 = DIRECTION ( 'NONE',  ( -1.000000000000000000, -0.0000000000000000000, -0.0000000000000000000 ) ) ;
#4342 = VERTEX_POINT ( 'NONE', #2177 ) ;
#4343 = DIRECTION ( 'NONE',  ( 0.0000000000000000000, 0.0000000000000000000, 1.000000000000000000 ) ) ;
#4344 = DIRECTION ( 'NONE',  ( -1.000000000000000000, -0.0000000000000000000, -0.0000000000000000000 ) ) ;
#4345 = AXIS2_PLACEMENT_3D ( 'NONE', #1089, #2618, #4198 ) ;
#4346 = VERTEX_POINT ( 'NONE', #5263 ) ;
#4347 = DIRECTION ( 'NONE',  ( 1.000000000000000000, -0.0000000000000000000, 0.0000000000000000000 ) ) ;
#4348 = ORIENTED_EDGE ( 'NONE', *, *, #657, .F. ) ;
#4349 = AXIS2_PLACEMENT_3D ( 'NONE', #2466, #5112, #6180 ) ;
#4350 = DIRECTION ( 'NONE',  ( 0.0000000000000000000, -2.321509954758549400E-014, 1.000000000000000000 ) ) ;
#4351 = DIRECTION ( 'NONE',  ( 0.0000000000000000000, 0.8941066874365061200, 0.4478540292118825000 ) ) ;
#4352 = ORIENTED_EDGE ( 'NONE', *, *, #6587, .F. ) ;
#4353 = CARTESIAN_POINT ( 'NONE',  ( 0.08464566929133858500, 0.0000000000000000000, 0.0000000000000000000 ) ) ;
#4354 = DIRECTION ( 'NONE',  ( 0.0000000000000000000, 0.0000000000000000000, 1.000000000000000000 ) ) ;
#4355 = EDGE_CURVE ( 'NONE', #5798, #6000, #2964, .T. ) ;
#4356 = LINE ( 'NONE', #5062, #1418 ) ;
#4357 = CARTESIAN_POINT ( 'NONE',  ( -0.2342519685039370400, -0.2118934145877079700, -0.04450000000000004000 ) ) ;
#4358 = CIRCLE ( 'NONE', #5108, 0.2780450991271856700 ) ;
#4359 = CIRCLE ( 'NONE', #4986, 0.02000000000000000400 ) ;
#4360 = CARTESIAN_POINT ( 'NONE',  ( 0.08464566929133858500, 0.0000000000000000000, 0.0000000000000000000 ) ) ;
#4361 = CARTESIAN_POINT ( 'NONE',  ( -0.08464566929133858500, -0.1657469476708030900, 0.2655657798462774900 ) ) ;
#4362 = VECTOR ( 'NONE', #2652, 39.37007874015748900 ) ;
#4363 = ADVANCED_FACE ( 'NONE', ( #33 ), #25, .T. ) ;
#4364 = AXIS2_PLACEMENT_3D ( 'NONE', #4941, #5457, #6159 ) ;
#4365 = DIRECTION ( 'NONE',  ( 1.000000000000000000, -0.0000000000000000000, -0.0000000000000000000 ) ) ;
#4366 = FACE_OUTER_BOUND ( 'NONE', #509, .T. ) ;
#4367 = VECTOR ( 'NONE', #32, 39.37007874015748100 ) ;
#4368 = CARTESIAN_POINT ( 'NONE',  ( -0.08464566929133858500, 0.005859823710932310500, -0.2979874889652428500 ) ) ;
#4369 = CARTESIAN_POINT ( 'NONE',  ( -0.08464566929133858500, 0.3031758419731581700, -0.08854604252561117100 ) ) ;
#4370 = CIRCLE ( 'NONE', #3974, 0.3230450991271857100 ) ;
#4371 = DIRECTION ( 'NONE',  ( 0.0000000000000000000, 0.0000000000000000000, 1.000000000000000000 ) ) ;
#4372 = CARTESIAN_POINT ( 'NONE',  ( -0.08464566929133858500, -0.2747173077608819300, -0.04288913574857136600 ) ) ;
#4373 = LINE ( 'NONE', #1673, #211 ) ;
#4374 = VECTOR ( 'NONE', #4414, 39.37007874015748900 ) ;
#4375 = DIRECTION ( 'NONE',  ( 0.0000000000000000000, -0.9848077530122084600, -0.1736481776669273600 ) ) ;
#4376 = CIRCLE ( 'NONE', #6024, 0.3230450991271856000 ) ;
#4377 = DIRECTION ( 'NONE',  ( 1.000000000000000000, 0.0000000000000000000, 0.0000000000000000000 ) ) ;
#4378 = DIRECTION ( 'NONE',  ( 0.0000000000000000000, -0.8660254037844414800, -0.4999999999999951200 ) ) ;
#4379 = ORIENTED_EDGE ( 'NONE', *, *, #5212, .T. ) ;
#4380 = ORIENTED_EDGE ( 'NONE', *, *, #4153, .F. ) ;
#4381 = FACE_OUTER_BOUND ( 'NONE', #1731, .T. ) ;
#4382 = ORIENTED_EDGE ( 'NONE', *, *, #6779, .T. ) ;
#4383 = PRODUCT_DEFINITION_SHAPE ( 'NONE', 'NONE',  #242 ) ;
#4384 = CARTESIAN_POINT ( 'NONE',  ( -0.2698238619168783500, -0.2148204791418576200, 0.02735567894093051500 ) ) ;
#4385 = EDGE_CURVE ( 'NONE', #3427, #640, #2798, .T. ) ;
#4386 = EDGE_LOOP ( 'NONE', ( #656, #4001, #2370, #3321 ) ) ;
#4387 = CIRCLE ( 'NONE', #6140, 0.01000000000000001600 ) ;
#4388 = ORIENTED_EDGE ( 'NONE', *, *, #4669, .F. ) ;
#4389 = AXIS2_PLACEMENT_3D ( 'NONE', #6100, #2926, #6642 ) ;
#4390 =( GEOMETRIC_REPRESENTATION_CONTEXT ( 3 ) GLOBAL_UNCERTAINTY_ASSIGNED_CONTEXT ( ( #701 ) ) GLOBAL_UNIT_ASSIGNED_CONTEXT ( ( #4613, #1482, #5157 ) ) REPRESENTATION_CONTEXT ( 'NONE', 'WORKASPACE' ) );
#4391 = EDGE_LOOP ( 'NONE', ( #2511, #5894, #2580, #6477 ) ) ;
#4392 = AXIS2_PLACEMENT_3D ( 'NONE', #4107, #1517, #5102 ) ;
#4393 = CARTESIAN_POINT ( 'NONE',  ( 0.08464566929133858500, 0.06492233755862683600, -0.3062389984529618700 ) ) ;
#4394 = CARTESIAN_POINT ( 'NONE',  ( 0.08464566929133858500, 0.2903128943442387900, 0.1271138653833113800 ) ) ;
#4395 = DIRECTION ( 'NONE',  ( -1.000000000000000000, -0.0000000000000000000, -0.0000000000000000000 ) ) ;
#4396 = CARTESIAN_POINT ( 'NONE',  ( 0.08464566929133858500, 0.2282710432183381300, 0.2182849596996833700 ) ) ;
#4397 = ORIENTED_EDGE ( 'NONE', *, *, #4279, .F. ) ;
#4398 = CIRCLE ( 'NONE', #5776, 0.02000000000000002500 ) ;
#4399 = ORIENTED_EDGE ( 'NONE', *, *, #6132, .F. ) ;
#4400 = ORIENTED_EDGE ( 'NONE', *, *, #6203, .F. ) ;
#4401 = CARTESIAN_POINT ( 'NONE',  ( 0.08464566929133858500, 0.1710416144179583400, -0.2740490872223290100 ) ) ;
#4402 = CARTESIAN_POINT ( 'NONE',  ( 0.08464566929133858500, 0.0000000000000000000, 0.0000000000000000000 ) ) ;
#4403 = EDGE_CURVE ( 'NONE', #4297, #4685, #5462, .T. ) ;
#4404 = LINE ( 'NONE', #225, #1621 ) ;
#4405 = CARTESIAN_POINT ( 'NONE',  ( 0.08464566929133858500, -0.1828770619894807500, 0.2094398657055101000 ) ) ;
#4406 = ADVANCED_FACE ( 'NONE', ( #4033 ), #3940, .T. ) ;
#4407 = ORIENTED_EDGE ( 'NONE', *, *, #875, .F. ) ;
#4408 = CARTESIAN_POINT ( 'NONE',  ( 0.08464566929133858500, 0.1219571092619205200, -0.2642722595792969500 ) ) ;
#4409 = EDGE_CURVE ( 'NONE', #3915, #4926, #3119, .T. ) ;
#4410 = AXIS2_PLACEMENT_3D ( 'NONE', #51, #27, #1 ) ;
#4411 = ORIENTED_EDGE ( 'NONE', *, *, #3354, .F. ) ;
#4412 = EDGE_LOOP ( 'NONE', ( #144, #3494, #2825, #4258 ) ) ;
#4413 = DIRECTION ( 'NONE',  ( 0.0000000000000000000, 0.9933605556394420300, -0.1150426290541845400 ) ) ;
#4414 = DIRECTION ( 'NONE',  ( 0.0000000000000000000, -0.3970504385406517500, 0.9177967908282725900 ) ) ;
#4415 = CARTESIAN_POINT ( 'NONE',  ( 0.08464566929133858500, -0.06492233755862897300, -0.3062389984529614900 ) ) ;
#4416 = DIRECTION ( 'NONE',  ( -1.000000000000000000, -0.0000000000000000000, -0.0000000000000000000 ) ) ;
#4417 = DIRECTION ( 'NONE',  ( 0.0000000000000000000, 0.6427876096865532400, -0.7660444431189664700 ) ) ;
#4418 = ORIENTED_EDGE ( 'NONE', *, *, #1603, .T. ) ;
#4419 = ORIENTED_EDGE ( 'NONE', *, *, #2335, .F. ) ;
#4420 = DIRECTION ( 'NONE',  ( -1.000000000000000000, -0.0000000000000000000, -0.0000000000000000000 ) ) ;
#4421 = CARTESIAN_POINT ( 'NONE',  ( -0.08464566929133858500, -0.2995867304513554800, 0.1208549833790899500 ) ) ;
#4422 = DIRECTION ( 'NONE',  ( -1.000000000000000000, -0.0000000000000000000, -0.0000000000000000000 ) ) ;
#4423 = ORIENTED_EDGE ( 'NONE', *, *, #2192, .T. ) ;
#4424 = DIRECTION ( 'NONE',  ( -1.000000000000000000, -0.0000000000000000000, -0.0000000000000000000 ) ) ;
#4425 = ORIENTED_EDGE ( 'NONE', *, *, #6386, .F. ) ;
#4426 = CARTESIAN_POINT ( 'NONE',  ( 0.08464566929133858500, 0.1960315511398824700, 0.2245050379644644700 ) ) ;
#4427 = EDGE_CURVE ( 'NONE', #1380, #5613, #1272, .T. ) ;
#4428 = VERTEX_POINT ( 'NONE', #1103 ) ;
#4429 = ORIENTED_EDGE ( 'NONE', *, *, #2095, .F. ) ;
#4430 = AXIS2_PLACEMENT_3D ( 'NONE', #2321, #2852, #3889 ) ;
#4431 = AXIS2_PLACEMENT_3D ( 'NONE', #6346, #6322, #6301 ) ;
#4432 = DIRECTION ( 'NONE',  ( 1.000000000000000000, 0.0000000000000000000, 0.0000000000000000000 ) ) ;
#4433 = ORIENTED_EDGE ( 'NONE', *, *, #5241, .F. ) ;
#4434 = ORIENTED_EDGE ( 'NONE', *, *, #2821, .F. ) ;
#4435 = ADVANCED_FACE ( 'NONE', ( #1180 ), #5303, .T. ) ;
#4436 = EDGE_CURVE ( 'NONE', #2528, #5098, #2626, .T. ) ;
#4437 = DIRECTION ( 'NONE',  ( -1.000000000000000000, -0.0000000000000000000, -0.0000000000000000000 ) ) ;
#4438 = DIRECTION ( 'NONE',  ( 0.0000000000000000000, -0.6427876096865409200, -0.7660444431189766800 ) ) ;
#4439 = AXIS2_PLACEMENT_3D ( 'NONE', #617, #1661, #4810 ) ;
#4440 = CARTESIAN_POINT ( 'NONE',  ( -0.08464566929133858500, 0.2327495835104569100, 0.2093438928253182900 ) ) ;
#4441 = DIRECTION ( 'NONE',  ( -1.000000000000000000, -0.0000000000000000000, -0.0000000000000000000 ) ) ;
#4442 = FACE_OUTER_BOUND ( 'NONE', #6152, .T. ) ;
#4443 = EDGE_CURVE ( 'NONE', #4137, #6000, #6710, .T. ) ;
#4444 = EDGE_CURVE ( 'NONE', #4082, #2610, #3880, .T. ) ;
#4445 = CARTESIAN_POINT ( 'NONE',  ( 0.08464566929133858500, -0.2544568510059153100, -0.1990222275180505400 ) ) ;
#4446 = DIRECTION ( 'NONE',  ( 0.0000000000000000000, 0.0000000000000000000, 1.000000000000000000 ) ) ;
#4447 = CIRCLE ( 'NONE', #3542, 0.2780450991271856700 ) ;
#4448 = LINE ( 'NONE', #889, #1665 ) ;
#4449 = FACE_OUTER_BOUND ( 'NONE', #229, .T. ) ;
#4450 = EDGE_CURVE ( 'NONE', #4309, #6741, #2468, .T. ) ;
#4451 = CIRCLE ( 'NONE', #3334, 0.01000000000000001100 ) ;
#4452 = CARTESIAN_POINT ( 'NONE',  ( 0.08464566929133858500, 0.2747173077608816000, 0.04288913574857328900 ) ) ;
#4453 = VECTOR ( 'NONE', #5542, 39.37007874015748900 ) ;
#4454 = LINE ( 'NONE', #3972, #2723 ) ;
#4455 = LINE ( 'NONE', #1651, #3057 ) ;
#4456 = ORIENTED_EDGE ( 'NONE', *, *, #4236, .F. ) ;
#4457 = DIRECTION ( 'NONE',  ( 0.0000000000000000000, 0.0000000000000000000, -1.000000000000000000 ) ) ;
#4458 = LINE ( 'NONE', #1168, #124 ) ;
#4459 = DIRECTION ( 'NONE',  ( 0.0000000000000000000, -0.8349063102029649100, -0.5503920904076204900 ) ) ;
#4460 = DIRECTION ( 'NONE',  ( 0.0000000000000000000, -0.9933605556394440300, -0.1150426290541691100 ) ) ;
#4461 = AXIS2_PLACEMENT_3D ( 'NONE', #1051, #1460, #1121 ) ;
#4462 = CARTESIAN_POINT ( 'NONE',  ( 0.08464566929133858500, 0.1828770619894822300, -0.2094398657055088200 ) ) ;
#4463 = CIRCLE ( 'NONE', #6344, 0.01000000000000002800 ) ;
#4464 = FACE_OUTER_BOUND ( 'NONE', #6743, .T. ) ;
#4465 = ORIENTED_EDGE ( 'NONE', *, *, #6457, .T. ) ;
#4466 = ORIENTED_EDGE ( 'NONE', *, *, #419, .F. ) ;
#4467 = CIRCLE ( 'NONE', #4206, 0.01000000000000004000 ) ;
#4468 = ORIENTED_EDGE ( 'NONE', *, *, #1466, .F. ) ;
#4469 = ORIENTED_EDGE ( 'NONE', *, *, #6671, .T. ) ;
#4470 = ORIENTED_EDGE ( 'NONE', *, *, #2915, .F. ) ;
#4471 = EDGE_CURVE ( 'NONE', #6088, #4832, #3716, .T. ) ;
#4472 = DIRECTION ( 'NONE',  ( 0.0000000000000000000, 0.2316446100158476000, -0.9728004803918457500 ) ) ;
#4473 = ADVANCED_FACE ( 'NONE', ( #6371 ), #3539, .T. ) ;
#4474 = CARTESIAN_POINT ( 'NONE',  ( 0.08464566929133858500, 0.2546075713472035200, 0.1868983076856487200 ) ) ;
#4475 = VERTEX_POINT ( 'NONE', #4862 ) ;
#4476 = ORIENTED_EDGE ( 'NONE', *, *, #6300, .T. ) ;
#4477 = LENGTH_MEASURE_WITH_UNIT ( LENGTH_MEASURE( 0.02539999999999999900 ), #4490 );
#4478 = ORIENTED_EDGE ( 'NONE', *, *, #5039, .F. ) ;
#4479 = DIRECTION ( 'NONE',  ( -1.000000000000000000, -0.0000000000000000000, -0.0000000000000000000 ) ) ;
#4480 = EDGE_CURVE ( 'NONE', #2991, #755, #1907, .T. ) ;
#4481 = AXIS2_PLACEMENT_3D ( 'NONE', #1432, #5103, #1949 ) ;
#4482 = AXIS2_PLACEMENT_3D ( 'NONE', #2415, #6129, #2954 ) ;
#4483 = AXIS2_PLACEMENT_3D ( 'NONE', #4415, #1300, #4959 ) ;
#4484 = LINE ( 'NONE', #5270, #5578 ) ;
#4485 = DIRECTION ( 'NONE',  ( -1.000000000000000000, -0.0000000000000000000, -0.0000000000000000000 ) ) ;
#4486 = DIRECTION ( 'NONE',  ( 0.0000000000000000000, -0.4478540292118903300, -0.8941066874365023500 ) ) ;
#4487 = CARTESIAN_POINT ( 'NONE',  ( 0.08464566929133858500, -0.06492233755862478200, 0.3062389984529622600 ) ) ;
#4488 = ORIENTED_EDGE ( 'NONE', *, *, #4645, .F. ) ;
#4489 = CARTESIAN_POINT ( 'NONE',  ( 0.08464566929133858500, 0.2728187752609128600, -0.05365624859959936700 ) ) ;
#4490 =( LENGTH_UNIT ( ) NAMED_UNIT ( * ) SI_UNIT ( $, .METRE. ) );
#4491 = VECTOR ( 'NONE', #2005, 39.37007874015748900 ) ;
#4492 = CARTESIAN_POINT ( 'NONE',  ( 0.08464566929133858500, 0.1024500166235621700, -0.04377767483388760700 ) ) ;
#4493 = EDGE_LOOP ( 'NONE', ( #5585, #2486, #3257, #2597 ) ) ;
#4494 = ORIENTED_EDGE ( 'NONE', *, *, #3592, .T. ) ;
#4495 = ORIENTED_EDGE ( 'NONE', *, *, #22, .T. ) ;
#4496 = EDGE_CURVE ( 'NONE', #1882, #2442, #946, .T. ) ;
#4497 =( NAMED_UNIT ( * ) SI_UNIT ( $, .STERADIAN. ) SOLID_ANGLE_UNIT ( ) );
#4498 = PLANE ( 'NONE',  #967 ) ;
#4499 = ORIENTED_EDGE ( 'NONE', *, *, #5212, .F. ) ;
#4500 = VERTEX_POINT ( 'NONE', #1251 ) ;
#4501 = VERTEX_POINT ( 'NONE', #1753 ) ;
#4502 = ORIENTED_EDGE ( 'NONE', *, *, #108, .F. ) ;
#4503 = DIRECTION ( 'NONE',  ( 0.0000000000000000000, -0.6427876096864941800, -0.7660444431190159800 ) ) ;
#4504 = AXIS2_PLACEMENT_3D ( 'NONE', #1975, #2234, #2261 ) ;
#4505 = ORIENTED_EDGE ( 'NONE', *, *, #5187, .F. ) ;
#4506 = DIRECTION ( 'NONE',  ( 0.0000000000000000000, -0.8941066874364991300, 0.4478540292118964900 ) ) ;
#4507 = ORIENTED_EDGE ( 'NONE', *, *, #598, .F. ) ;
#4508 = ADVANCED_FACE ( 'NONE', ( #2150 ), #4793, .T. ) ;
#4509 = DIRECTION ( 'NONE',  ( 0.0000000000000000000, 0.0000000000000000000, 1.000000000000000000 ) ) ;
#4510 = ADVANCED_FACE ( 'NONE', ( #4967 ), #1990, .F. ) ;
#4511 = CARTESIAN_POINT ( 'NONE',  ( 0.08464566929133858500, 0.1753298700092182400, 0.2627078786135494400 ) ) ;
#4512 = ORIENTED_EDGE ( 'NONE', *, *, #2417, .T. ) ;
#4513 = ORIENTED_EDGE ( 'NONE', *, *, #5745, .F. ) ;
#4514 = DIRECTION ( 'NONE',  ( 0.0000000000000000000, -0.3420201433256694300, -0.9396926207859080900 ) ) ;
#4515 = ORIENTED_EDGE ( 'NONE', *, *, #4669, .T. ) ;
#4516 = DIRECTION ( 'NONE',  ( 0.0000000000000000000, 0.6427876096865454700, 0.7660444431189729100 ) ) ;
#4517 = ORIENTED_EDGE ( 'NONE', *, *, #4339, .T. ) ;
#4518 = CARTESIAN_POINT ( 'NONE',  ( 0.08464566929133858500, 0.0000000000000000000, 0.2780450991271856700 ) ) ;
#4519 = PLANE ( 'NONE',  #5563 ) ;
#4520 = EDGE_CURVE ( 'NONE', #2507, #4716, #6549, .T. ) ;
#4521 = VERTEX_POINT ( 'NONE', #747 ) ;
#4522 = AXIS2_PLACEMENT_3D ( 'NONE', #1093, #4754, #1614 ) ;
#4523 = AXIS2_PLACEMENT_3D ( 'NONE', #1270, #3882, #4957 ) ;
#4524 = CARTESIAN_POINT ( 'NONE',  ( 0.08464566929133858500, 0.2903128943442387900, 0.1171138653833113700 ) ) ;
#4525 = DIRECTION ( 'NONE',  ( 0.0000000000000000000, -0.8660254037844361500, 0.5000000000000043300 ) ) ;
#4526 = FACE_OUTER_BOUND ( 'NONE', #812, .T. ) ;
#4527 = DIRECTION ( 'NONE',  ( -1.000000000000000000, -0.0000000000000000000, -0.0000000000000000000 ) ) ;
#4528 = CYLINDRICAL_SURFACE ( 'NONE', #2977, 0.3230450991271856500 ) ;
#4529 = CARTESIAN_POINT ( 'NONE',  ( 0.08464566929133858500, -0.005466606461051704300, 0.2779913548340064400 ) ) ;
#4530 = VECTOR ( 'NONE', #6302, 39.37007874015748900 ) ;
#4531 = FACE_OUTER_BOUND ( 'NONE', #2429, .T. ) ;
#4532 = CARTESIAN_POINT ( 'NONE',  ( 0.08464566929133858500, 0.1074241567854180700, -0.2780124667216846700 ) ) ;
#4533 = LINE ( 'NONE', #3776, #4704 ) ;
#4534 = DIRECTION ( 'NONE',  ( 1.000000000000000000, 0.0000000000000000000, 0.0000000000000000000 ) ) ;
#4535 = LINE ( 'NONE', #5271, #4367 ) ;
#4536 = CARTESIAN_POINT ( 'NONE',  ( 0.08464566929133858500, -0.2434808785492315900, -0.1342614573492365600 ) ) ;
#4537 = CARTESIAN_POINT ( 'NONE',  ( -0.08464566929133858500, -0.2898450449421471900, -0.02651817499670818700 ) ) ;
#4538 = VECTOR ( 'NONE', #5895, 39.37007874015748100 ) ;
#4539 = CARTESIAN_POINT ( 'NONE',  ( 0.08464566929133858500, -0.2891624680536962800, -0.1270474709397076700 ) ) ;
#4540 = ADVANCED_FACE ( 'NONE', ( #618 ), #6002, .T. ) ;
#4541 = EDGE_CURVE ( 'NONE', #2869, #6824, #6038, .T. ) ;
#4542 = FACE_OUTER_BOUND ( 'NONE', #3436, .T. ) ;
#4543 = CIRCLE ( 'NONE', #93, 0.2780450991271857200 ) ;
#4544 = CIRCLE ( 'NONE', #2461, 0.01000000000000000900 ) ;
#4545 = ORIENTED_EDGE ( 'NONE', *, *, #4638, .F. ) ;
#4546 = CIRCLE ( 'NONE', #5158, 0.01000000000000001600 ) ;
#4547 = ORIENTED_EDGE ( 'NONE', *, *, #4102, .T. ) ;
#4548 = CARTESIAN_POINT ( 'NONE',  ( 0.08464566929133858500, -0.2544568510059125300, 0.1990222275180540100 ) ) ;
#4549 = CARTESIAN_POINT ( 'NONE',  ( -0.08464566929133858500, -0.08129867799940368500, 0.07617752736587764300 ) ) ;
#4550 = DIRECTION ( 'NONE',  ( 0.0000000000000000000, 0.2857901232724489600, -0.9582922338409710600 ) ) ;
#4551 = CARTESIAN_POINT ( 'NONE',  ( -0.08464566929133858500, 0.04512987944544123000, -0.3198772108971396600 ) ) ;
#4552 = ORIENTED_EDGE ( 'NONE', *, *, #2799, .T. ) ;
#4553 = CYLINDRICAL_SURFACE ( 'NONE', #6496, 0.01000000000000006400 ) ;
#4554 = ORIENTED_EDGE ( 'NONE', *, *, #4816, .T. ) ;
#4555 = ORIENTED_EDGE ( 'NONE', *, *, #5925, .T. ) ;
#4556 = DIRECTION ( 'NONE',  ( 0.0000000000000000000, -0.6427876096865407000, -0.7660444431189770100 ) ) ;
#4557 = CARTESIAN_POINT ( 'NONE',  ( 0.08464566929133858500, -0.2903128943442362900, 0.1171138653833172400 ) ) ;
#4558 = EDGE_LOOP ( 'NONE', ( #4469, #4476, #3804, #6009 ) ) ;
#4559 = CARTESIAN_POINT ( 'NONE',  ( 0.08464566929133858500, 0.1678879356802285600, 0.2377540845825846200 ) ) ;
#4560 = AXIS2_PLACEMENT_3D ( 'NONE', #5285, #5818, #29 ) ;
#4561 = DIRECTION ( 'NONE',  ( -1.000000000000000000, -0.0000000000000000000, -0.0000000000000000000 ) ) ;
#4562 = LINE ( 'NONE', #5939, #1776 ) ;
#4563 = AXIS2_PLACEMENT_3D ( 'NONE', #5984, #5770, #6197 ) ;
#4564 = CARTESIAN_POINT ( 'NONE',  ( 0.08464566929133858500, 0.0000000000000000000, 0.0000000000000000000 ) ) ;
#4565 = EDGE_LOOP ( 'NONE', ( #449, #254, #2421, #392 ) ) ;
#4566 = ORIENTED_EDGE ( 'NONE', *, *, #830, .F. ) ;
#4567 = LINE ( 'NONE', #4008, #5499 ) ;
#4568 = EDGE_CURVE ( 'NONE', #1694, #4049, #6199, .T. ) ;
#4569 = ORIENTED_EDGE ( 'NONE', *, *, #1336, .T. ) ;
#4570 = STYLED_ITEM ( 'NONE', ( #6062 ), #2620 ) ;
#4571 = ORIENTED_EDGE ( 'NONE', *, *, #6601, .F. ) ;
#4572 = AXIS2_PLACEMENT_3D ( 'NONE', #1335, #2358, #6064 ) ;
#4573 = ADVANCED_FACE ( 'NONE', ( #3381 ), #5876, .F. ) ;
#4574 = DIRECTION ( 'NONE',  ( 1.000000000000000000, -0.0000000000000000000, -0.0000000000000000000 ) ) ;
#4575 = CARTESIAN_POINT ( 'NONE',  ( 0.08464566929133858500, 0.2551348235983685900, -0.1540685006779884400 ) ) ;
#4576 = VERTEX_POINT ( 'NONE', #6566 ) ;
#4577 = ORIENTED_EDGE ( 'NONE', *, *, #1732, .T. ) ;
#4578 = ORIENTED_EDGE ( 'NONE', *, *, #1560, .F. ) ;
#4579 = EDGE_CURVE ( 'NONE', #3987, #4576, #447, .T. ) ;
#4580 = EDGE_CURVE ( 'NONE', #3325, #6807, #4617, .T. ) ;
#4581 = CARTESIAN_POINT ( 'NONE',  ( -0.2342519685039370400, -0.03882340756571925300, 0.04450000000000005300 ) ) ;
#4582 = ORIENTED_EDGE ( 'NONE', *, *, #1082, .F. ) ;
#4583 = CARTESIAN_POINT ( 'NONE',  ( 0.08464566929133858500, -0.2282710432183335200, 0.2182849596996880600 ) ) ;
#4584 = EDGE_CURVE ( 'NONE', #1575, #3417, #3217, .T. ) ;
#4585 = ORIENTED_EDGE ( 'NONE', *, *, #275, .T. ) ;
#4586 = CARTESIAN_POINT ( 'NONE',  ( -0.2225689107835524000, -0.2121473475734583500, 0.04333315075225922800 ) ) ;
#4587 = ORIENTED_EDGE ( 'NONE', *, *, #5018, .F. ) ;
#4588 = CARTESIAN_POINT ( 'NONE',  ( 0.08464566929133858500, 0.2544568510059139200, -0.1990222275180522900 ) ) ;
#4589 = VERTEX_POINT ( 'NONE', #5519 ) ;
#4590 = CARTESIAN_POINT ( 'NONE',  ( -0.08464566929133858500, 0.0000000000000000000, 0.0000000000000000000 ) ) ;
#4591 = AXIS2_PLACEMENT_3D ( 'NONE', #4808, #1658, #5757 ) ;
#4592 = VERTEX_POINT ( 'NONE', #259 ) ;
#4593 = ORIENTED_EDGE ( 'NONE', *, *, #6766, .T. ) ;
#4594 = ORIENTED_EDGE ( 'NONE', *, *, #6460, .T. ) ;
#4595 = PLANE ( 'NONE',  #3333 ) ;
#4596 = DIRECTION ( 'NONE',  ( 1.000000000000000000, 0.0000000000000000000, 0.0000000000000000000 ) ) ;
#4597 = ORIENTED_EDGE ( 'NONE', *, *, #3391, .T. ) ;
#4598 = ORIENTED_EDGE ( 'NONE', *, *, #4579, .T. ) ;
#4599 = EDGE_CURVE ( 'NONE', #391, #1396, #1835, .T. ) ;
#4600 = CARTESIAN_POINT ( 'NONE',  ( 0.08464566929133858500, -0.2976719210690826900, -0.09689510562763871400 ) ) ;
#4601 = CARTESIAN_POINT ( 'NONE',  ( -0.08464566929133858500, 0.01331242978701945700, -0.1106131544310867100 ) ) ;
#4602 = CARTESIAN_POINT ( 'NONE',  ( 0.1240157480314961100, 0.0000000000000000000, 0.0000000000000000000 ) ) ;
#4603 = CARTESIAN_POINT ( 'NONE',  ( -0.2225833123464066600, -0.2121467318532800400, -0.04333583315268992000 ) ) ;
#4604 = ADVANCED_FACE ( 'NONE', ( #3056 ), #278, .T. ) ;
#4605 = EDGE_CURVE ( 'NONE', #6798, #53, #290, .T. ) ;
#4606 = CARTESIAN_POINT ( 'NONE',  ( -0.1240157480314960800, 0.3937007874015748800, 0.0000000000000000000 ) ) ;
#4607 = AXIS2_PLACEMENT_3D ( 'NONE', #3602, #484, #5188 ) ;
#4608 = AXIS2_PLACEMENT_3D ( 'NONE', #4830, #1686, #5371 ) ;
#4609 = CIRCLE ( 'NONE', #4119, 0.02000000000000003500 ) ;
#4610 = AXIS2_PLACEMENT_3D ( 'NONE', #1015, #2049, #4134 ) ;
#4611 = LINE ( 'NONE', #286, #1828 ) ;
#4612 = CYLINDRICAL_SURFACE ( 'NONE', #4888, 0.01000000000000003000 ) ;
#4613 =( CONVERSION_BASED_UNIT ( 'INCH', #1912 ) LENGTH_UNIT ( ) NAMED_UNIT ( #6279 ) );
#4614 = LINE ( 'NONE', #5085, #1985 ) ;
#4615 = CARTESIAN_POINT ( 'NONE',  ( 0.08464566929133858500, -0.2282710432183335200, 0.2182849596996880600 ) ) ;
#4616 = VECTOR ( 'NONE', #6616, 39.37007874015748100 ) ;
#4617 = CIRCLE ( 'NONE', #3813, 0.01999999999999999000 ) ;
#4618 = LINE ( 'NONE', #1718, #3219 ) ;
#4619 = EDGE_CURVE ( 'NONE', #2981, #1792, #5705, .T. ) ;
#4620 = CYLINDRICAL_SURFACE ( 'NONE', #2343, 0.01000000000000001200 ) ;
#4621 = CARTESIAN_POINT ( 'NONE',  ( -0.2342519685039370400, -0.3230450991271856500, 0.04450000000000005300 ) ) ;
#4622 = DIRECTION ( 'NONE',  ( 0.0000000000000000000, -0.9848077530122074700, 0.1736481776669333000 ) ) ;
#4623 = CIRCLE ( 'NONE', #5280, 0.2780450991271857200 ) ;
#4624 = EDGE_LOOP ( 'NONE', ( #6077, #6339, #1953, #6724 ) ) ;
#4625 = CARTESIAN_POINT ( 'NONE',  ( 0.08464566929133858500, 0.1960315511398793000, -0.2245050379644671100 ) ) ;
#4626 = DIRECTION ( 'NONE',  ( -1.000000000000000000, -0.0000000000000000000, -0.0000000000000000000 ) ) ;
#4627 = CARTESIAN_POINT ( 'NONE',  ( 0.08464566929133858500, -0.2728187752609132500, -0.05365624859959747900 ) ) ;
#4628 = CIRCLE ( 'NONE', #2958, 0.3230450991271856000 ) ;
#4629 = ORIENTED_EDGE ( 'NONE', *, *, #5434, .T. ) ;
#4630 = AXIS2_PLACEMENT_3D ( 'NONE', #4201, #4094, #3589 ) ;
#4631 = CYLINDRICAL_SURFACE ( 'NONE', #4572, 0.01999999999999999000 ) ;
#4632 = ORIENTED_EDGE ( 'NONE', *, *, #686, .T. ) ;
#4633 = VERTEX_POINT ( 'NONE', #6092 ) ;
#4634 = CARTESIAN_POINT ( 'NONE',  ( -0.08464566929133858500, -0.2903128943442362900, 0.1171138653833172400 ) ) ;
#4635 = ORIENTED_EDGE ( 'NONE', *, *, #1635, .F. ) ;
#4636 = PLANE ( 'NONE',  #6171 ) ;
#4637 = ORIENTED_EDGE ( 'NONE', *, *, #3694, .T. ) ;
#4638 = EDGE_CURVE ( 'NONE', #3591, #1600, #1672, .T. ) ;
#4639 = ADVANCED_FACE ( 'NONE', ( #5548 ), #2378, .T. ) ;
#4640 = EDGE_LOOP ( 'NONE', ( #5928, #1464, #806, #667 ) ) ;
#4641 = DIRECTION ( 'NONE',  ( -1.000000000000000000, -0.0000000000000000000, -0.0000000000000000000 ) ) ;
#4642 = LINE ( 'NONE', #3628, #475 ) ;
#4643 = VERTEX_POINT ( 'NONE', #1354 ) ;
#4644 = CARTESIAN_POINT ( 'NONE',  ( -0.08464566929133858500, -0.2401846011535808400, -0.2160312325539724100 ) ) ;
#4645 = EDGE_CURVE ( 'NONE', #2349, #3237, #4454, .T. ) ;
#4646 = DIRECTION ( 'NONE',  ( -1.000000000000000000, -0.0000000000000000000, -0.0000000000000000000 ) ) ;
#4647 = CARTESIAN_POINT ( 'NONE',  ( -0.08464566929133858500, -0.3031758419731576100, 0.08854604252561322500 ) ) ;
#4648 = AXIS2_PLACEMENT_3D ( 'NONE', #3133, #8, #3657 ) ;
#4649 = AXIS2_PLACEMENT_3D ( 'NONE', #5881, #2706, #6412 ) ;
#4650 = DIRECTION ( 'NONE',  ( 0.0000000000000000000, 0.3420201433256771500, 0.9396926207859053200 ) ) ;
#4651 = CARTESIAN_POINT ( 'NONE',  ( 0.1240157480314960600, 0.0000000000000000000, -0.2165354330708661500 ) ) ;
#4652 = LINE ( 'NONE', #4621, #3251 ) ;
#4653 = DIRECTION ( 'NONE',  ( -1.000000000000000000, -0.0000000000000000000, -0.0000000000000000000 ) ) ;
#4654 = ORIENTED_EDGE ( 'NONE', *, *, #644, .F. ) ;
#4655 = ORIENTED_EDGE ( 'NONE', *, *, #2175, .F. ) ;
#4656 = ORIENTED_EDGE ( 'NONE', *, *, #2952, .F. ) ;
#4657 = ORIENTED_EDGE ( 'NONE', *, *, #5788, .T. ) ;
#4658 = EDGE_CURVE ( 'NONE', #4329, #2088, #2887, .T. ) ;
#4659 = DIRECTION ( 'NONE',  ( 1.000000000000000000, 0.0000000000000000000, 0.0000000000000000000 ) ) ;
#4660 = VERTEX_POINT ( 'NONE', #5587 ) ;
#4661 = CARTESIAN_POINT ( 'NONE',  ( 0.08464566929133858500, 0.1002155727758164600, -0.2593567352544782800 ) ) ;
#4662 = AXIS2_PLACEMENT_3D ( 'NONE', #4154, #1042, #4695 ) ;
#4663 = EDGE_LOOP ( 'NONE', ( #4397, #4059, #3476, #3234 ) ) ;
#4664 = ORIENTED_EDGE ( 'NONE', *, *, #6029, .T. ) ;
#4665 = CARTESIAN_POINT ( 'NONE',  ( -0.08464566929133858500, -0.1471132378872952200, 0.2863239572057869100 ) ) ;
#4666 = CARTESIAN_POINT ( 'NONE',  ( 0.08464566929133858500, 0.1870537803570479500, 0.2320382821171352300 ) ) ;
#4667 = DIRECTION ( 'NONE',  ( -1.000000000000000000, -0.0000000000000000000, -0.0000000000000000000 ) ) ;
#4668 = ORIENTED_EDGE ( 'NONE', *, *, #4541, .F. ) ;
#4669 = EDGE_CURVE ( 'NONE', #3240, #4296, #4115, .T. ) ;
#4670 = VERTEX_POINT ( 'NONE', #1399 ) ;
#4671 = EDGE_CURVE ( 'NONE', #2862, #4856, #119, .T. ) ;
#4672 = CARTESIAN_POINT ( 'NONE',  ( -0.08464566929133858500, 0.1219571092619205200, -0.2642722595792969500 ) ) ;
#4673 = DIRECTION ( 'NONE',  ( 0.0000000000000000000, -0.6427876096865700100, 0.7660444431189523700 ) ) ;
#4674 = ORIENTED_EDGE ( 'NONE', *, *, #724, .F. ) ;
#4675 = CARTESIAN_POINT ( 'NONE',  ( 0.08464566929133858500, -0.2944779371424636200, 0.04597418460454914100 ) ) ;
#4676 = EDGE_CURVE ( 'NONE', #4757, #6219, #1351, .T. ) ;
#4677 = ORIENTED_EDGE ( 'NONE', *, *, #5496, .T. ) ;
#4678 = CARTESIAN_POINT ( 'NONE',  ( 0.08464566929133858500, -0.1678879356802236400, 0.2377540845825880700 ) ) ;
#4679 = ADVANCED_FACE ( 'NONE', ( #6783 ), #5208, .F. ) ;
#4680 = CARTESIAN_POINT ( 'NONE',  ( 0.08464566929133858500, -0.2544568510059153100, -0.1990222275180505400 ) ) ;
#4681 = ORIENTED_EDGE ( 'NONE', *, *, #5155, .F. ) ;
#4682 = ORIENTED_EDGE ( 'NONE', *, *, #1104, .F. ) ;
#4683 = VERTEX_POINT ( 'NONE', #2446 ) ;
#4684 = ORIENTED_EDGE ( 'NONE', *, *, #6233, .T. ) ;
#4685 = VERTEX_POINT ( 'NONE', #5094 ) ;
#4686 = CARTESIAN_POINT ( 'NONE',  ( -0.1437007874015748500, 0.0000000000000000000, 0.4330708661417323500 ) ) ;
#4687 = AXIS2_PLACEMENT_3D ( 'NONE', #6748, #3560, #441 ) ;
#4688 = DIRECTION ( 'NONE',  ( 1.000000000000000000, 0.0000000000000000000, 0.0000000000000000000 ) ) ;
#4689 = VERTEX_POINT ( 'NONE', #4548 ) ;
#4690 = DIRECTION ( 'NONE',  ( 0.0000000000000000000, 0.0000000000000000000, 1.000000000000000000 ) ) ;
#4691 = EDGE_CURVE ( 'NONE', #2277, #6101, #3789, .T. ) ;
#4692 = LINE ( 'NONE', #6060, #2056 ) ;
#4693 = CARTESIAN_POINT ( 'NONE',  ( 0.08464566929133858500, -0.005859823710934334100, -0.2979874889652428500 ) ) ;
#4694 = LINE ( 'NONE', #6027, #520 ) ;
#4695 = DIRECTION ( 'NONE',  ( 0.0000000000000000000, -0.9848077530122086900, -0.1736481776669268100 ) ) ;
#4696 = DIRECTION ( 'NONE',  ( 1.000000000000000000, 0.0000000000000000000, 0.0000000000000000000 ) ) ;
#4697 = CARTESIAN_POINT ( 'NONE',  ( -0.08464566929133858500, -0.02421575952749589800, 0.2900464801944299100 ) ) ;
#4698 = DIRECTION ( 'NONE',  ( -1.000000000000000000, -0.0000000000000000000, -0.0000000000000000000 ) ) ;
#4699 = LINE ( 'NONE', #5216, #2060 ) ;
#4700 = EDGE_CURVE ( 'NONE', #5399, #3158, #1191, .T. ) ;
#4701 = CYLINDRICAL_SURFACE ( 'NONE', #2521, 0.2780450991271856700 ) ;
#4702 = CARTESIAN_POINT ( 'NONE',  ( -0.08464566929133858500, -0.2544568510059153100, -0.1990222275180505400 ) ) ;
#4703 = EDGE_CURVE ( 'NONE', #6177, #4300, #1025, .T. ) ;
#4704 = VECTOR ( 'NONE', #3796, 39.37007874015748100 ) ;
#4705 = VECTOR ( 'NONE', #3065, 39.37007874015748100 ) ;
#4706 = AXIS2_PLACEMENT_3D ( 'NONE', #100, #3749, #634 ) ;
#4707 = AXIS2_PLACEMENT_3D ( 'NONE', #4062, #5653, #5138 ) ;
#4708 = CONICAL_SURFACE ( 'NONE', #478, 0.3937007874015748800, 1.107148717794091300 ) ;
#4709 = DIRECTION ( 'NONE',  ( 0.0000000000000000000, 0.9848077530122063500, -0.1736481776669404600 ) ) ;
#4710 = VECTOR ( 'NONE', #3702, 39.37007874015748100 ) ;
#4711 = DIRECTION ( 'NONE',  ( 0.0000000000000000000, 0.0000000000000000000, -1.000000000000000000 ) ) ;
#4712 = LINE ( 'NONE', #4601, #5794 ) ;
#4713 = DIRECTION ( 'NONE',  ( 1.000000000000000000, 0.0000000000000000000, 0.0000000000000000000 ) ) ;
#4714 = VECTOR ( 'NONE', #2621, 39.37007874015748100 ) ;
#4715 = DIRECTION ( 'NONE',  ( -1.000000000000000000, -0.0000000000000000000, -0.0000000000000000000 ) ) ;
#4716 = VERTEX_POINT ( 'NONE', #5111 ) ;
#4717 = FACE_OUTER_BOUND ( 'NONE', #3495, .T. ) ;
#4718 = ORIENTED_EDGE ( 'NONE', *, *, #3592, .F. ) ;
#4719 = DIRECTION ( 'NONE',  ( 0.0000000000000000000, 0.0000000000000000000, 1.000000000000000000 ) ) ;
#4720 = ORIENTED_EDGE ( 'NONE', *, *, #5165, .T. ) ;
#4721 = EDGE_CURVE ( 'NONE', #904, #5075, #2550, .T. ) ;
#4722 = DIRECTION ( 'NONE',  ( -1.000000000000000000, -0.0000000000000000000, -0.0000000000000000000 ) ) ;
#4723 = DIRECTION ( 'NONE',  ( 0.0000000000000000000, 0.8660254037844432600, 0.4999999999999919000 ) ) ;
#4724 = EDGE_LOOP ( 'NONE', ( #4826, #1371 ) ) ;
#4725 = CIRCLE ( 'NONE', #5071, 0.2780450991271856700 ) ;
#4726 = EDGE_LOOP ( 'NONE', ( #3345, #4058, #2946, #1999 ) ) ;
#4727 = DIRECTION ( 'NONE',  ( 0.0000000000000000000, 0.0000000000000000000, 1.000000000000000000 ) ) ;
#4728 = DIRECTION ( 'NONE',  ( 1.000000000000000000, 0.0000000000000000000, 0.0000000000000000000 ) ) ;
#4729 = ORIENTED_EDGE ( 'NONE', *, *, #4671, .T. ) ;
#4730 = DIRECTION ( 'NONE',  ( 0.0000000000000000000, 0.6870103571193844100, -0.7266476238251219400 ) ) ;
#4731 = AXIS2_PLACEMENT_3D ( 'NONE', #2494, #1813, #4020 ) ;
#4732 = CYLINDRICAL_SURFACE ( 'NONE', #6493, 0.3230450991271856500 ) ;
#4733 = DIRECTION ( 'NONE',  ( 0.0000000000000000000, -0.3420201433256411200, -0.9396926207859185300 ) ) ;
#4734 = FILL_AREA_STYLE_COLOUR ( '', #2460 ) ;
#4735 = LINE ( 'NONE', #4903, #5993 ) ;
#4736 = CLOSED_SHELL ( 'NONE', ( #6151, #2123, #4473, #1595, #2020, #6428, #3434, #2922, #2423, #5433 ) ) ;
#4737 = DIRECTION ( 'NONE',  ( -1.000000000000000000, -0.0000000000000000000, -0.0000000000000000000 ) ) ;
#4738 = VERTEX_POINT ( 'NONE', #6718 ) ;
#4739 = DIRECTION ( 'NONE',  ( 0.0000000000000000000, -0.3970504385406457600, 0.9177967908282751400 ) ) ;
#4740 = EDGE_CURVE ( 'NONE', #3981, #5329, #3618, .T. ) ;
#4741 = DIRECTION ( 'NONE',  ( 0.0000000000000000000, -0.8941066874365023500, 0.4478540292118902700 ) ) ;
#4742 = DIRECTION ( 'NONE',  ( -1.000000000000000000, -0.0000000000000000000, -0.0000000000000000000 ) ) ;
#4743 = DIRECTION ( 'NONE',  ( -1.000000000000000000, -0.0000000000000000000, -0.0000000000000000000 ) ) ;
#4744 = ORIENTED_EDGE ( 'NONE', *, *, #1199, .T. ) ;
#4745 = DIRECTION ( 'NONE',  ( 0.0000000000000000000, -0.5963101170987803500, 0.8027541617741006400 ) ) ;
#4746 = AXIS2_PLACEMENT_3D ( 'NONE', #3429, #803, #5014 ) ;
#4747 = AXIS2_PLACEMENT_3D ( 'NONE', #3570, #455, #4099 ) ;
#4748 = CARTESIAN_POINT ( 'NONE',  ( 0.08464566929133858500, 0.1518126642094938300, -0.2851509268014198500 ) ) ;
#4749 = ORIENTED_EDGE ( 'NONE', *, *, #3331, .F. ) ;
#4750 = ORIENTED_EDGE ( 'NONE', *, *, #5069, .F. ) ;
#4751 = CARTESIAN_POINT ( 'NONE',  ( -0.08464566929133858500, 0.0000000000000000000, 0.0000000000000000000 ) ) ;
#4752 = AXIS2_PLACEMENT_3D ( 'NONE', #2638, #318, #5245 ) ;
#4753 = DIRECTION ( 'NONE',  ( -1.000000000000000000, -0.0000000000000000000, -0.0000000000000000000 ) ) ;
#4754 = DIRECTION ( 'NONE',  ( -1.000000000000000000, -0.0000000000000000000, -0.0000000000000000000 ) ) ;
#4755 = VERTEX_POINT ( 'NONE', #1957 ) ;
#4756 = CARTESIAN_POINT ( 'NONE',  ( -0.08464566929133858500, -0.2903128943442380100, -0.1171138653833132700 ) ) ;
#4757 = VERTEX_POINT ( 'NONE', #5136 ) ;
#4758 = DIRECTION ( 'NONE',  ( -0.4472135954999580400, 0.0000000000000000000, 0.8944271909999158600 ) ) ;
#4759 = ADVANCED_FACE ( 'NONE', ( #5046 ), #4595, .T. ) ;
#4760 = CARTESIAN_POINT ( 'NONE',  ( -0.08464566929133858500, 0.2891624680536971100, 0.1270474709397057800 ) ) ;
#4761 = MANIFOLD_SOLID_BREP ( 'Chamfer1', #179 ) ;
#4762 = EDGE_LOOP ( 'NONE', ( #1702, #3328, #732, #1533 ) ) ;
#4763 = EDGE_CURVE ( 'NONE', #1148, #2119, #5382, .T. ) ;
#4764 = ORIENTED_EDGE ( 'NONE', *, *, #5172, .T. ) ;
#4765 = ORIENTED_EDGE ( 'NONE', *, *, #2451, .T. ) ;
#4766 = CARTESIAN_POINT ( 'NONE',  ( 0.1437007874015748000, 0.0000000000000000000, 0.0000000000000000000 ) ) ;
#4767 = ORIENTED_EDGE ( 'NONE', *, *, #4310, .F. ) ;
#4768 = CARTESIAN_POINT ( 'NONE',  ( -0.2280902721633812100, 0.03882340756591101000, -0.04450000000000081000 ) ) ;
#4769 = EDGE_CURVE ( 'NONE', #3834, #1568, #870, .T. ) ;
#4770 = AXIS2_PLACEMENT_3D ( 'NONE', #198, #194, #116 ) ;
#4771 = DIRECTION ( 'NONE',  ( -1.000000000000000000, -0.0000000000000000000, -0.0000000000000000000 ) ) ;
#4772 = CARTESIAN_POINT ( 'NONE',  ( 0.08464566929133858500, 0.1002155727758200600, 0.2593567352544768900 ) ) ;
#4773 = VERTEX_POINT ( 'NONE', #2509 ) ;
#4774 = DIRECTION ( 'NONE',  ( 1.000000000000000000, 0.0000000000000000000, -0.0000000000000000000 ) ) ;
#4775 = CARTESIAN_POINT ( 'NONE',  ( 0.08464566929133858500, -0.04512987944544337400, -0.3198772108971393300 ) ) ;
#4776 = DIRECTION ( 'NONE',  ( -1.000000000000000000, 0.0000000000000000000, 0.0000000000000000000 ) ) ;
#4777 = CARTESIAN_POINT ( 'NONE',  ( 0.08464566929133858500, 0.0000000000000000000, 0.0000000000000000000 ) ) ;
#4778 = CARTESIAN_POINT ( 'NONE',  ( 0.08464566929133858500, 0.0000000000000000000, 0.0000000000000000000 ) ) ;
#4779 = CARTESIAN_POINT ( 'NONE',  ( 0.08464566929133858500, -0.3031758419731576100, 0.08854604252561322500 ) ) ;
#4780 = DIRECTION ( 'NONE',  ( 1.000000000000000000, -0.0000000000000000000, -0.0000000000000000000 ) ) ;
#4781 = CYLINDRICAL_SURFACE ( 'NONE', #3073, 0.05905511811023623400 ) ;
#4782 = EDGE_CURVE ( 'NONE', #2651, #91, #5624, .T. ) ;
#4783 = VECTOR ( 'NONE', #6818, 39.37007874015748100 ) ;
#4784 = FACE_OUTER_BOUND ( 'NONE', #6001, .T. ) ;
#4785 = DIRECTION ( 'NONE',  ( 0.0000000000000000000, -0.8660254037844438100, 0.4999999999999909500 ) ) ;
#4786 = AXIS2_PLACEMENT_3D ( 'NONE', #5049, #1899, #5590 ) ;
#4787 = LINE ( 'NONE', #5700, #3379 ) ;
#4788 = AXIS2_PLACEMENT_3D ( 'NONE', #6204, #6185, #6124 ) ;
#4789 = CARTESIAN_POINT ( 'NONE',  ( -0.1956498761459581300, 0.05472523275729046500, 0.02290397677833035500 ) ) ;
#4790 = CYLINDRICAL_SURFACE ( 'NONE', #3721, 0.01999999999999999000 ) ;
#4791 = ADVANCED_FACE ( 'NONE', ( #2965 ), #4636, .F. ) ;
#4792 = CARTESIAN_POINT ( 'NONE',  ( -0.08464566929133858500, 0.07490479875482621000, 0.3068310022252961900 ) ) ;
#4793 = CYLINDRICAL_SURFACE ( 'NONE', #2398, 0.2780450991271856700 ) ;
#4794 = CARTESIAN_POINT ( 'NONE',  ( -0.08464566929133858500, -0.2632954998903845900, 0.1240517771744679800 ) ) ;
#4795 = CARTESIAN_POINT ( 'NONE',  ( -0.08464566929133858500, -0.1471132378872952200, 0.2763239572057869000 ) ) ;
#4796 = VECTOR ( 'NONE', #1981, 39.37007874015748100 ) ;
#4797 = DIRECTION ( 'NONE',  ( 1.000000000000000000, 0.0000000000000000000, 0.0000000000000000000 ) ) ;
#4798 = CARTESIAN_POINT ( 'NONE',  ( 0.08464566929133858500, 0.2327495835104569100, 0.2093438928253182900 ) ) ;
#4799 = ORIENTED_EDGE ( 'NONE', *, *, #6109, .F. ) ;
#4800 = FACE_OUTER_BOUND ( 'NONE', #3093, .T. ) ;
#4801 = CARTESIAN_POINT ( 'NONE',  ( 0.08464566929133858500, 0.01331242978701945700, -0.1106131544310867100 ) ) ;
#4802 = CARTESIAN_POINT ( 'NONE',  ( 0.08464566929133858500, 0.2380142720881781000, 0.1437298974847656100 ) ) ;
#4803 = EDGE_CURVE ( 'NONE', #2908, #3549, #4185, .T. ) ;
#4804 = VECTOR ( 'NONE', #2354, 39.37007874015748100 ) ;
#4805 = CARTESIAN_POINT ( 'NONE',  ( -0.08464566929133858500, 0.1398467616490458300, -0.2831940607769797300 ) ) ;
#4806 = FACE_OUTER_BOUND ( 'NONE', #2591, .T. ) ;
#4807 = AXIS2_PLACEMENT_3D ( 'NONE', #5353, #5875, #1142 ) ;
#4808 = CARTESIAN_POINT ( 'NONE',  ( 0.08464566929133858500, -0.2924428417247575400, 0.05751578424817292700 ) ) ;
#4809 = VECTOR ( 'NONE', #3821, 39.37007874015748100 ) ;
#4810 = DIRECTION ( 'NONE',  ( 0.0000000000000000000, 0.0000000000000000000, 1.000000000000000000 ) ) ;
#4811 = ORIENTED_EDGE ( 'NONE', *, *, #2473, .T. ) ;
#4812 = LINE ( 'NONE', #3902, #3395 ) ;
#4813 = VERTEX_POINT ( 'NONE', #5691 ) ;
#4814 = ORIENTED_EDGE ( 'NONE', *, *, #369, .F. ) ;
#4815 = EDGE_CURVE ( 'NONE', #4934, #6570, #1427, .T. ) ;
#4816 = EDGE_CURVE ( 'NONE', #221, #5058, #2800, .T. ) ;
#4817 = EDGE_CURVE ( 'NONE', #2408, #4660, #6282, .T. ) ;
#4818 = VERTEX_POINT ( 'NONE', #504 ) ;
#4819 = DIRECTION ( 'NONE',  ( 0.0000000000000000000, 0.3970504385406518100, -0.9177967908282725900 ) ) ;
#4820 = DIRECTION ( 'NONE',  ( 0.0000000000000000000, 0.0000000000000000000, 1.000000000000000000 ) ) ;
#4821 = CARTESIAN_POINT ( 'NONE',  ( 0.08464566929133858500, -0.2551348235983675300, 0.1540685006779901600 ) ) ;
#4822 = DIRECTION ( 'NONE',  ( 0.0000000000000000000, 0.0000000000000000000, 1.000000000000000000 ) ) ;
#4823 = LINE ( 'NONE', #2052, #3245 ) ;
#4824 = CARTESIAN_POINT ( 'NONE',  ( -0.08464566929133858500, -0.08994171327142781700, 0.2630961143051086500 ) ) ;
#4825 = AXIS2_PLACEMENT_3D ( 'NONE', #2770, #3024, #3045 ) ;
#4826 = ORIENTED_EDGE ( 'NONE', *, *, #407, .F. ) ;
#4827 = DIRECTION ( 'NONE',  ( 0.0000000000000000000, -0.3420201433256634400, 0.9396926207859104300 ) ) ;
#4828 = DIRECTION ( 'NONE',  ( -1.000000000000000000, -0.0000000000000000000, -0.0000000000000000000 ) ) ;
#4829 = FACE_OUTER_BOUND ( 'NONE', #5407, .T. ) ;
#4830 = CARTESIAN_POINT ( 'NONE',  ( 0.08464566929133858500, -0.08129867799940368500, 0.07617752736587764300 ) ) ;
#4831 = ADVANCED_FACE ( 'NONE', ( #4034 ), #5293, .F. ) ;
#4832 = VERTEX_POINT ( 'NONE', #6290 ) ;
#4833 = ORIENTED_EDGE ( 'NONE', *, *, #189, .T. ) ;
#4834 = EDGE_LOOP ( 'NONE', ( #5261, #64, #852, #6430 ) ) ;
#4835 = EDGE_CURVE ( 'NONE', #1722, #6422, #2627, .T. ) ;
#4836 = VERTEX_POINT ( 'NONE', #2585 ) ;
#4837 = ORIENTED_EDGE ( 'NONE', *, *, #3808, .F. ) ;
#4838 = ORIENTED_EDGE ( 'NONE', *, *, #4605, .T. ) ;
#4839 = DIRECTION ( 'NONE',  ( 0.0000000000000000000, -0.6427876096865342600, 0.7660444431189822300 ) ) ;
#4840 = ORIENTED_EDGE ( 'NONE', *, *, #786, .F. ) ;
#4841 = EDGE_CURVE ( 'NONE', #3149, #5174, #5465, .T. ) ;
#4842 = DIRECTION ( 'NONE',  ( 0.0000000000000000000, -0.9177967908282727000, -0.3970504385406518600 ) ) ;
#4843 = DIRECTION ( 'NONE',  ( -1.000000000000000000, -0.0000000000000000000, -0.0000000000000000000 ) ) ;
#4844 = PLANE ( 'NONE',  #577 ) ;
#4845 = CARTESIAN_POINT ( 'NONE',  ( -0.08464566929133858500, 0.2380142720881781000, 0.1437298974847656100 ) ) ;
#4846 = CARTESIAN_POINT ( 'NONE',  ( 0.08464566929133858500, -0.2551348235983675300, 0.1540685006779901600 ) ) ;
#4847 = ORIENTED_EDGE ( 'NONE', *, *, #4763, .T. ) ;
#4848 = AXIS2_PLACEMENT_3D ( 'NONE', #770, #5982, #6005 ) ;
#4849 = ORIENTED_EDGE ( 'NONE', *, *, #238, .T. ) ;
#4850 = DIRECTION ( 'NONE',  ( 0.0000000000000000000, 0.0000000000000000000, 1.000000000000000000 ) ) ;
#4851 = ORIENTED_EDGE ( 'NONE', *, *, #1412, .F. ) ;
#4852 = DIRECTION ( 'NONE',  ( 0.0000000000000000000, 0.0000000000000000000, 1.000000000000000000 ) ) ;
#4853 = DIRECTION ( 'NONE',  ( 0.0000000000000000000, 0.3970504385406458100, -0.9177967908282753700 ) ) ;
#4854 = DIRECTION ( 'NONE',  ( -1.000000000000000000, -0.0000000000000000000, -0.0000000000000000000 ) ) ;
#4855 = DIRECTION ( 'NONE',  ( 0.0000000000000000000, 0.6427876096865462500, 0.7660444431189721300 ) ) ;
#4856 = VERTEX_POINT ( 'NONE', #5781 ) ;
#4857 = ORIENTED_EDGE ( 'NONE', *, *, #6233, .F. ) ;
#4858 = ORIENTED_EDGE ( 'NONE', *, *, #5856, .F. ) ;
#4859 = EDGE_CURVE ( 'NONE', #5581, #1640, #1274, .T. ) ;
#4860 = DIRECTION ( 'NONE',  ( 0.0000000000000000000, -0.9728004803918457500, -0.2316446100158475700 ) ) ;
#4861 = ORIENTED_EDGE ( 'NONE', *, *, #1391, .F. ) ;
#4862 = CARTESIAN_POINT ( 'NONE',  ( -0.08464566929133858500, 0.1828770619894822300, -0.2094398657055088200 ) ) ;
#4863 = DIRECTION ( 'NONE',  ( 0.0000000000000000000, -0.6427876096865404700, -0.7660444431189771300 ) ) ;
#4864 = ADVANCED_FACE ( 'NONE', ( #6697 ), #3706, .T. ) ;
#4865 = CARTESIAN_POINT ( 'NONE',  ( 0.08464566929133858500, 0.0000000000000000000, 0.0000000000000000000 ) ) ;
#4866 = AXIS2_PLACEMENT_3D ( 'NONE', #2368, #2382, #2426 ) ;
#4867 = DIRECTION ( 'NONE',  ( 0.0000000000000000000, 0.0000000000000000000, 1.000000000000000000 ) ) ;
#4868 = CARTESIAN_POINT ( 'NONE',  ( -0.08464566929133858500, -0.2728187752609132500, -0.05365624859959747900 ) ) ;
#4869 = DIRECTION ( 'NONE',  ( -1.000000000000000000, -0.0000000000000000000, -0.0000000000000000000 ) ) ;
#4870 = FACE_OUTER_BOUND ( 'NONE', #1288, .T. ) ;
#4871 = LINE ( 'NONE', #1791, #5041 ) ;
#4872 = CARTESIAN_POINT ( 'NONE',  ( 0.08464566929133858500, -0.1593453249480072100, -0.1837603765851198700 ) ) ;
#4873 = CIRCLE ( 'NONE', #2848, 0.2165354330708661500 ) ;
#4874 = DIRECTION ( 'NONE',  ( 0.0000000000000000000, 6.829619984160625900E-015, 1.000000000000000000 ) ) ;
#4875 = CARTESIAN_POINT ( 'NONE',  ( -0.08464566929133858500, 0.06090285227388918900, 0.09329165720971296900 ) ) ;
#4876 = CYLINDRICAL_SURFACE ( 'NONE', #1844, 0.01999999999999999000 ) ;
#4877 = DIRECTION ( 'NONE',  ( -1.000000000000000000, -0.0000000000000000000, -0.0000000000000000000 ) ) ;
#4878 = CARTESIAN_POINT ( 'NONE',  ( -0.2698494656235699800, 0.2148238061858548400, -0.02733611730175618300 ) ) ;
#4879 = SURFACE_STYLE_FILL_AREA ( #3548 ) ;
#4880 = VECTOR ( 'NONE', #2190, 39.37007874015748100 ) ;
#4881 = LINE ( 'NONE', #2548, #4705 ) ;
#4882 = MANIFOLD_SOLID_BREP ( 'Revolve1[2]', #6295 ) ;
#4883 = FACE_OUTER_BOUND ( 'NONE', #6251, .T. ) ;
#4884 = DIRECTION ( 'NONE',  ( -1.000000000000000000, -0.0000000000000000000, -0.0000000000000000000 ) ) ;
#4885 = EDGE_CURVE ( 'NONE', #2987, #3584, #6541, .T. ) ;
#4886 = CONICAL_SURFACE ( 'NONE', #6099, 0.4330708661417323500, 1.107148717794090400 ) ;
#4887 = CIRCLE ( 'NONE', #4788, 0.01999999999999999000 ) ;
#4888 = AXIS2_PLACEMENT_3D ( 'NONE', #5297, #5825, #6352 ) ;
#4889 = AXIS2_PLACEMENT_3D ( 'NONE', #3928, #814, #4457 ) ;
#4890 = CARTESIAN_POINT ( 'NONE',  ( -0.2774731599190000700, -0.05807582072827898600, 0.01210959534165832200 ) ) ;
#4891 = VECTOR ( 'NONE', #80, 39.37007874015748100 ) ;
#4892 = CARTESIAN_POINT ( 'NONE',  ( 0.08464566929133858500, -0.1710416144179601700, -0.2740490872223277900 ) ) ;
#4893 = ORIENTED_EDGE ( 'NONE', *, *, #6808, .T. ) ;
#4894 = CARTESIAN_POINT ( 'NONE',  ( 0.08464566929133858500, 0.0000000000000000000, 0.0000000000000000000 ) ) ;
#4895 = VECTOR ( 'NONE', #547, 39.37007874015748100 ) ;
#4896 = DIRECTION ( 'NONE',  ( -1.000000000000000000, -0.0000000000000000000, -0.0000000000000000000 ) ) ;
#4897 = ORIENTED_EDGE ( 'NONE', *, *, #4782, .T. ) ;
#4898 = CARTESIAN_POINT ( 'NONE',  ( 0.08464566929133858500, -0.1960315511398777200, 0.2245050379644684700 ) ) ;
#4899 = DIRECTION ( 'NONE',  ( -1.000000000000000000, -0.0000000000000000000, -0.0000000000000000000 ) ) ;
#4900 = ORIENTED_EDGE ( 'NONE', *, *, #3066, .T. ) ;
#4901 = DIRECTION ( 'NONE',  ( -1.000000000000000000, -0.0000000000000000000, -0.0000000000000000000 ) ) ;
#4902 = CIRCLE ( 'NONE', #3640, 0.01000000000000001600 ) ;
#4903 = CARTESIAN_POINT ( 'NONE',  ( 0.08464566929133858500, -0.1710416144179564300, 0.2740490872223301800 ) ) ;
#4904 = DIRECTION ( 'NONE',  ( 1.000000000000000000, -0.0000000000000000000, -0.0000000000000000000 ) ) ;
#4905 = ORIENTED_EDGE ( 'NONE', *, *, #3578, .F. ) ;
#4906 = CARTESIAN_POINT ( 'NONE',  ( 0.08464566929133858500, 0.3228542786274534200, 0.01110183957909087800 ) ) ;
#4907 = ADVANCED_FACE ( 'NONE', ( #436 ), #3044, .T. ) ;
#4908 = DIRECTION ( 'NONE',  ( -0.0000000000000000000, 1.000000000000000000, -0.0000000000000000000 ) ) ;
#4909 = LINE ( 'NONE', #3269, #1941 ) ;
#4910 = EDGE_LOOP ( 'NONE', ( #3647, #314, #1894, #1257 ) ) ;
#4911 = CARTESIAN_POINT ( 'NONE',  ( -0.08464566929133858500, -0.2401844939336563700, -0.03834341481042697500 ) ) ;
#4912 = EDGE_CURVE ( 'NONE', #5357, #4934, #4447, .T. ) ;
#4913 = DIRECTION ( 'NONE',  ( 0.0000000000000000000, 0.0000000000000000000, 1.000000000000000000 ) ) ;
#4914 = LINE ( 'NONE', #1231, #2267 ) ;
#4915 = CARTESIAN_POINT ( 'NONE',  ( 0.08464566929133858500, -0.03455489670649111700, 0.3139457786253614900 ) ) ;
#4916 = DIRECTION ( 'NONE',  ( 0.0000000000000000000, -0.9848077530122074700, 0.1736481776669335500 ) ) ;
#4917 = DIRECTION ( 'NONE',  ( 0.0000000000000000000, 0.0000000000000000000, -1.000000000000000000 ) ) ;
#4918 = CARTESIAN_POINT ( 'NONE',  ( -0.08464566929133858500, 0.2546075713472035200, 0.1868983076856487200 ) ) ;
#4919 = ORIENTED_EDGE ( 'NONE', *, *, #1820, .T. ) ;
#4920 = DIRECTION ( 'NONE',  ( 0.0000000000000000000, 0.0000000000000000000, 1.000000000000000000 ) ) ;
#4921 = DIRECTION ( 'NONE',  ( 1.000000000000000000, -0.0000000000000000000, -0.0000000000000000000 ) ) ;
#4922 = CARTESIAN_POINT ( 'NONE',  ( 0.08464566929133858500, -0.1678879356802268900, -0.2377540845825857300 ) ) ;
#4923 = ORIENTED_EDGE ( 'NONE', *, *, #79, .T. ) ;
#4924 = DIRECTION ( 'NONE',  ( -1.000000000000000000, -0.0000000000000000000, -0.0000000000000000000 ) ) ;
#4925 = ORIENTED_EDGE ( 'NONE', *, *, #1077, .T. ) ;
#4926 = VERTEX_POINT ( 'NONE', #2650 ) ;
#4927 = CARTESIAN_POINT ( 'NONE',  ( 0.08464566929133858500, -0.1593453249480072100, -0.1837603765851198700 ) ) ;
#4928 = CARTESIAN_POINT ( 'NONE',  ( 0.08464566929133858500, 0.1678879356802285600, 0.2377540845825846200 ) ) ;
#4929 = ORIENTED_EDGE ( 'NONE', *, *, #6454, .T. ) ;
#4930 = ORIENTED_EDGE ( 'NONE', *, *, #6579, .F. ) ;
#4931 = AXIS2_PLACEMENT_3D ( 'NONE', #6437, #1904, #6664 ) ;
#4932 = ORIENTED_EDGE ( 'NONE', *, *, #1649, .T. ) ;
#4933 = CARTESIAN_POINT ( 'NONE',  ( -0.2567017666727571300, -0.2130125894208136900, 0.03885680172735667100 ) ) ;
#4934 = VERTEX_POINT ( 'NONE', #67 ) ;
#4935 = DIRECTION ( 'NONE',  ( 1.000000000000000000, 0.0000000000000000000, 0.0000000000000000000 ) ) ;
#4936 = ADVANCED_FACE ( 'NONE', ( #1099 ), #5832, .T. ) ;
#4937 = EDGE_CURVE ( 'NONE', #2437, #5309, #1664, .T. ) ;
#4938 = DIRECTION ( 'NONE',  ( 1.000000000000000000, 0.0000000000000000000, 0.0000000000000000000 ) ) ;
#4939 = DIRECTION ( 'NONE',  ( -1.000000000000000000, -0.0000000000000000000, -0.0000000000000000000 ) ) ;
#4940 = ORIENTED_EDGE ( 'NONE', *, *, #2004, .F. ) ;
#4941 = CARTESIAN_POINT ( 'NONE',  ( -0.08464566929133858500, -0.2465800297294614400, -0.1928614088566383300 ) ) ;
#4942 = PRESENTATION_LAYER_ASSIGNMENT (  '', '', ( #4570 ) ) ;
#4943 = ORIENTED_EDGE ( 'NONE', *, *, #6587, .T. ) ;
#4944 = DIRECTION ( 'NONE',  ( -1.000000000000000000, -0.0000000000000000000, -0.0000000000000000000 ) ) ;
#4945 = VERTEX_POINT ( 'NONE', #5896 ) ;
#4946 = AXIS2_PLACEMENT_3D ( 'NONE', #300, #5022, #1871 ) ;
#4947 = DIRECTION ( 'NONE',  ( 0.0000000000000000000, -0.3420201433256411200, -0.9396926207859185300 ) ) ;
#4948 = ORIENTED_EDGE ( 'NONE', *, *, #2066, .T. ) ;
#4949 = CARTESIAN_POINT ( 'NONE',  ( -0.1437007874015748300, 0.0000000000000000000, 0.0000000000000000000 ) ) ;
#4950 = EDGE_CURVE ( 'NONE', #1992, #3259, #5696, .T. ) ;
#4951 = EDGE_CURVE ( 'NONE', #5088, #2186, #5118, .T. ) ;
#4952 = CARTESIAN_POINT ( 'NONE',  ( -0.3248031496062992500, 2.651553177917665100E-017, 0.2165157480314960600 ) ) ;
#4953 = PRODUCT ( '18t pulley', '18t pulley', '', ( #2924 ) ) ;
#4954 = EDGE_CURVE ( 'NONE', #5740, #3356, #2879, .T. ) ;
#4955 = CYLINDRICAL_SURFACE ( 'NONE', #153, 0.01000000000000003000 ) ;
#4956 = VECTOR ( 'NONE', #5930, 39.37007874015748100 ) ;
#4957 = DIRECTION ( 'NONE',  ( 0.0000000000000000000, 0.0000000000000000000, 1.000000000000000000 ) ) ;
#4958 = DIRECTION ( 'NONE',  ( 0.0000000000000000000, 0.0000000000000000000, 1.000000000000000000 ) ) ;
#4959 = DIRECTION ( 'NONE',  ( 0.0000000000000000000, -0.8660254037844367100, 0.5000000000000032200 ) ) ;
#4960 = AXIS2_PLACEMENT_3D ( 'NONE', #4324, #1217, #4874 ) ;
#4961 = CARTESIAN_POINT ( 'NONE',  ( -0.3248031496062992500, 7.232166136696973400E-018, -0.05905511811023627500 ) ) ;
#4962 = LINE ( 'NONE', #5389, #782 ) ;
#4963 = CIRCLE ( 'NONE', #3451, 0.01000000000000001100 ) ;
#4964 = DIRECTION ( 'NONE',  ( 0.0000000000000000000, -0.6427876096865398100, -0.7660444431189776800 ) ) ;
#4965 = FACE_OUTER_BOUND ( 'NONE', #3730, .T. ) ;
#4966 = VECTOR ( 'NONE', #4395, 39.37007874015748100 ) ;
#4967 = FACE_OUTER_BOUND ( 'NONE', #5233, .T. ) ;
#4968 = CARTESIAN_POINT ( 'NONE',  ( 0.08464566929133858500, 0.0000000000000000000, 0.0000000000000000000 ) ) ;
#4969 = CIRCLE ( 'NONE', #1607, 0.02000000000000002100 ) ;
#4970 = FACE_OUTER_BOUND ( 'NONE', #3020, .T. ) ;
#4971 = EDGE_CURVE ( 'NONE', #1380, #3163, #282, .T. ) ;
#4972 = DIRECTION ( 'NONE',  ( 0.0000000000000000000, 0.6427876096865294800, -0.7660444431189862300 ) ) ;
#4973 = ADVANCED_FACE ( 'NONE', ( #5866 ), #6775, .T. ) ;
#4974 = DIRECTION ( 'NONE',  ( 1.000000000000000000, -0.0000000000000000000, -0.0000000000000000000 ) ) ;
#4975 = CIRCLE ( 'NONE', #2195, 0.02000000000000002100 ) ;
#4976 = VECTOR ( 'NONE', #3483, 39.37007874015748100 ) ;
#4977 = CARTESIAN_POINT ( 'NONE',  ( 0.08464566929133858500, -0.2898450449421471900, -0.02651817499670818700 ) ) ;
#4978 = EDGE_CURVE ( 'NONE', #5720, #6061, #4103, .T. ) ;
#4979 = VECTOR ( 'NONE', #3031, 39.37007874015748100 ) ;
#4980 = EDGE_LOOP ( 'NONE', ( #1733, #6071, #2993, #2355 ) ) ;
#4981 = VECTOR ( 'NONE', #1846, 39.37007874015748100 ) ;
#4982 = AXIS2_PLACEMENT_3D ( 'NONE', #121, #3769, #652 ) ;
#4983 = AXIS2_PLACEMENT_3D ( 'NONE', #2747, #6450, #3276 ) ;
#4984 = ORIENTED_EDGE ( 'NONE', *, *, #4308, .F. ) ;
#4985 = DIRECTION ( 'NONE',  ( 1.000000000000000000, -0.0000000000000000000, 0.0000000000000000000 ) ) ;
#4986 = AXIS2_PLACEMENT_3D ( 'NONE', #559, #4194, #1086 ) ;
#4987 = CARTESIAN_POINT ( 'NONE',  ( 0.08464566929133858500, 0.0000000000000000000, 0.0000000000000000000 ) ) ;
#4988 = DIRECTION ( 'NONE',  ( -1.000000000000000000, -0.0000000000000000000, -0.0000000000000000000 ) ) ;
#4989 = CARTESIAN_POINT ( 'NONE',  ( -0.08464566929133858500, 0.06492233755863111000, 0.3062389984529609300 ) ) ;
#4990 = CARTESIAN_POINT ( 'NONE',  ( 0.08464566929133858500, -0.2632954998903845900, 0.1240517771744679800 ) ) ;
#4991 = ORIENTED_EDGE ( 'NONE', *, *, #5661, .F. ) ;
#4992 = EDGE_LOOP ( 'NONE', ( #4587, #2033 ) ) ;
#4993 = DIRECTION ( 'NONE',  ( 0.0000000000000000000, 0.6427876096865294800, -0.7660444431189862300 ) ) ;
#4994 = CARTESIAN_POINT ( 'NONE',  ( -0.08464566929133858500, -0.04373286461477388100, 0.3199752742399550300 ) ) ;
#4995 = EDGE_CURVE ( 'NONE', #3686, #3402, #110, .T. ) ;
#4996 = LINE ( 'NONE', #2522, #2173 ) ;
#4997 = DIRECTION ( 'NONE',  ( -1.000000000000000000, -0.0000000000000000000, -0.0000000000000000000 ) ) ;
#4998 = CARTESIAN_POINT ( 'NONE',  ( 0.08464566929133858500, 0.1074241567854180700, -0.2580124667216847100 ) ) ;
#4999 = EDGE_LOOP ( 'NONE', ( #3935, #166, #5848, #5666 ) ) ;
#5000 = FACE_OUTER_BOUND ( 'NONE', #4412, .T. ) ;
#5001 = AXIS2_PLACEMENT_3D ( 'NONE', #4777, #4753, #4320 ) ;
#5002 = ORIENTED_EDGE ( 'NONE', *, *, #2251, .T. ) ;
#5003 = VERTEX_POINT ( 'NONE', #709 ) ;
#5004 = ORIENTED_EDGE ( 'NONE', *, *, #3173, .F. ) ;
#5005 = CARTESIAN_POINT ( 'NONE',  ( 0.08464566929133858500, 0.1066210128960363200, 0.03231795675863532300 ) ) ;
#5006 = ADVANCED_FACE ( 'NONE', ( #2538 ), #5200, .T. ) ;
#5007 = DIRECTION ( 'NONE',  ( -1.000000000000000000, -0.0000000000000000000, -0.0000000000000000000 ) ) ;
#5008 = DIRECTION ( 'NONE',  ( 0.0000000000000000000, 0.0000000000000000000, 1.000000000000000000 ) ) ;
#5009 = DIRECTION ( 'NONE',  ( 0.0000000000000000000, 0.9848077530122064700, -0.1736481776669401600 ) ) ;
#5010 =( LENGTH_UNIT ( ) NAMED_UNIT ( * ) SI_UNIT ( $, .METRE. ) );
#5011 = EDGE_LOOP ( 'NONE', ( #2930, #5607, #2293, #5989 ) ) ;
#5012 = EDGE_CURVE ( 'NONE', #4135, #3350, #6621, .T. ) ;
#5013 = ORIENTED_EDGE ( 'NONE', *, *, #22, .F. ) ;
#5014 = DIRECTION ( 'NONE',  ( 0.0000000000000000000, 0.0000000000000000000, 1.000000000000000000 ) ) ;
#5015 = ORIENTED_EDGE ( 'NONE', *, *, #4355, .F. ) ;
#5016 = ORIENTED_EDGE ( 'NONE', *, *, #4912, .F. ) ;
#5017 = DIRECTION ( 'NONE',  ( -1.000000000000000000, -0.0000000000000000000, -0.0000000000000000000 ) ) ;
#5018 = EDGE_CURVE ( 'NONE', #2512, #6245, #1347, .T. ) ;
#5019 = ORIENTED_EDGE ( 'NONE', *, *, #689, .T. ) ;
#5020 = AXIS2_PLACEMENT_3D ( 'NONE', #1068, #4728, #1588 ) ;
#5021 = AXIS2_PLACEMENT_3D ( 'NONE', #3212, #2155, #90 ) ;
#5022 = DIRECTION ( 'NONE',  ( -1.000000000000000000, -0.0000000000000000000, -0.0000000000000000000 ) ) ;
#5023 = ORIENTED_EDGE ( 'NONE', *, *, #3622, .T. ) ;
#5024 = ORIENTED_EDGE ( 'NONE', *, *, #5721, .F. ) ;
#5025 = VERTEX_POINT ( 'NONE', #4906 ) ;
#5026 = CARTESIAN_POINT ( 'NONE',  ( 0.08464566929133858500, 0.0000000000000000000, 0.0000000000000000000 ) ) ;
#5027 = CARTESIAN_POINT ( 'NONE',  ( 0.08464566929133858500, -0.06090285227388858600, -0.09329165720971338600 ) ) ;
#5028 = DIRECTION ( 'NONE',  ( -1.000000000000000000, -0.0000000000000000000, -0.0000000000000000000 ) ) ;
#5029 = DIRECTION ( 'NONE',  ( -1.000000000000000000, -0.0000000000000000000, -0.0000000000000000000 ) ) ;
#5030 = CARTESIAN_POINT ( 'NONE',  ( 0.08464566929133858500, -0.04373286461477388100, 0.3099752742399549700 ) ) ;
#5031 = CARTESIAN_POINT ( 'NONE',  ( 0.08464566929133858500, 0.0000000000000000000, 0.0000000000000000000 ) ) ;
#5032 =( NAMED_UNIT ( * ) PLANE_ANGLE_UNIT ( ) SI_UNIT ( $, .RADIAN. ) );
#5033 = AXIS2_PLACEMENT_3D ( 'NONE', #487, #5723, #6256 ) ;
#5034 = PLANE ( 'NONE',  #1151 ) ;
#5035 = EDGE_CURVE ( 'NONE', #5100, #178, #3783, .T. ) ;
#5036 = CARTESIAN_POINT ( 'NONE',  ( -0.08464566929133858500, 0.0000000000000000000, 0.0000000000000000000 ) ) ;
#5037 = ADVANCED_FACE ( 'NONE', ( #5374 ), #5446, .F. ) ;
#5038 = LINE ( 'NONE', #2841, #2380 ) ;
#5039 = EDGE_CURVE ( 'NONE', #4135, #5402, #6443, .T. ) ;
#5040 = ADVANCED_FACE ( 'NONE', ( #3610 ), #866, .T. ) ;
#5041 = VECTOR ( 'NONE', #246, 39.37007874015748100 ) ;
#5042 = EDGE_CURVE ( 'NONE', #1851, #3837, #5038, .T. ) ;
#5043 = VECTOR ( 'NONE', #2931, 39.37007874015748900 ) ;
#5044 = DIRECTION ( 'NONE',  ( -1.000000000000000000, -0.0000000000000000000, -0.0000000000000000000 ) ) ;
#5045 = CIRCLE ( 'NONE', #1149, 0.01000000000000003300 ) ;
#5046 = FACE_OUTER_BOUND ( 'NONE', #2683, .T. ) ;
#5047 = VECTOR ( 'NONE', #1162, 39.37007874015748100 ) ;
#5048 = LINE ( 'NONE', #5733, #700 ) ;
#5049 = CARTESIAN_POINT ( 'NONE',  ( 0.08464566929133858500, -0.3128601855581033500, -0.01075817735950741800 ) ) ;
#5050 = DIRECTION ( 'NONE',  ( 0.0000000000000000000, 0.9848077530122061300, -0.1736481776669418800 ) ) ;
#5051 = VECTOR ( 'NONE', #2115, 39.37007874015747400 ) ;
#5052 = FACE_OUTER_BOUND ( 'NONE', #143, .T. ) ;
#5053 = CYLINDRICAL_SURFACE ( 'NONE', #6519, 0.01000000000000003800 ) ;
#5054 = ORIENTED_EDGE ( 'NONE', *, *, #4308, .T. ) ;
#5055 = ORIENTED_EDGE ( 'NONE', *, *, #599, .F. ) ;
#5056 = DIRECTION ( 'NONE',  ( -1.000000000000000000, -0.0000000000000000000, -0.0000000000000000000 ) ) ;
#5057 = CYLINDRICAL_SURFACE ( 'NONE', #2326, 0.01000000000000003000 ) ;
#5058 = VERTEX_POINT ( 'NONE', #3365 ) ;
#5059 = DIRECTION ( 'NONE',  ( 0.0000000000000000000, -0.8660254037844367100, 0.5000000000000032200 ) ) ;
#5060 = CARTESIAN_POINT ( 'NONE',  ( -0.08464566929133858500, -0.2944779371424636200, 0.04597418460454914100 ) ) ;
#5061 = EDGE_CURVE ( 'NONE', #654, #386, #2223, .T. ) ;
#5062 = CARTESIAN_POINT ( 'NONE',  ( 0.08464566929133858500, -0.2546075713471996900, 0.1868983076856539100 ) ) ;
#5063 = EDGE_LOOP ( 'NONE', ( #4905, #4433, #6409, #138 ) ) ;
#5064 = CIRCLE ( 'NONE', #2237, 0.4330708661417324000 ) ;
#5065 = ORIENTED_EDGE ( 'NONE', *, *, #859, .T. ) ;
#5066 = ORIENTED_EDGE ( 'NONE', *, *, #3331, .T. ) ;
#5067 = DIRECTION ( 'NONE',  ( 0.0000000000000000000, 0.3420201433256568900, -0.9396926207859127600 ) ) ;
#5068 = EDGE_CURVE ( 'NONE', #2088, #4589, #6273, .T. ) ;
#5069 = EDGE_CURVE ( 'NONE', #2583, #5900, #1011, .T. ) ;
#5070 = AXIS2_PLACEMENT_3D ( 'NONE', #4798, #3731, #1654 ) ;
#5071 = AXIS2_PLACEMENT_3D ( 'NONE', #5159, #1997, #5693 ) ;
#5072 = FACE_OUTER_BOUND ( 'NONE', #1461, .T. ) ;
#5073 = ADVANCED_FACE ( 'NONE', ( #4870 ), #3293, .T. ) ;
#5074 = ORIENTED_EDGE ( 'NONE', *, *, #3507, .T. ) ;
#5075 = VERTEX_POINT ( 'NONE', #4445 ) ;
#5076 = ADVANCED_FACE ( 'NONE', ( #6116 ), #518, .T. ) ;
#5077 = CARTESIAN_POINT ( 'NONE',  ( 0.08464566929133858500, 0.2728187752609128600, 0.05365624859959938100 ) ) ;
#5078 = ORIENTED_EDGE ( 'NONE', *, *, #1449, .F. ) ;
#5079 = DIRECTION ( 'NONE',  ( 0.0000000000000000000, 0.0000000000000000000, 1.000000000000000000 ) ) ;
#5080 = LINE ( 'NONE', #5961, #737 ) ;
#5081 = DIRECTION ( 'NONE',  ( 0.0000000000000000000, -0.9848077530122086900, -0.1736481776669268100 ) ) ;
#5082 = ORIENTED_EDGE ( 'NONE', *, *, #5815, .F. ) ;
#5083 = ORIENTED_EDGE ( 'NONE', *, *, #6744, .T. ) ;
#5084 = ORIENTED_EDGE ( 'NONE', *, *, #724, .T. ) ;
#5085 = CARTESIAN_POINT ( 'NONE',  ( 0.08464566929133858500, 0.2995867304513563100, -0.1208549833790879000 ) ) ;
#5086 = EDGE_CURVE ( 'NONE', #3987, #6341, #4692, .T. ) ;
#5087 = PLANE ( 'NONE',  #5562 ) ;
#5088 = VERTEX_POINT ( 'NONE', #5491 ) ;
#5089 = EDGE_LOOP ( 'NONE', ( #1320, #5508, #4234, #3006 ) ) ;
#5090 = ORIENTED_EDGE ( 'NONE', *, *, #3606, .F. ) ;
#5091 = B_SPLINE_CURVE_WITH_KNOTS ( 'NONE', 3,
 ( #6707, #6167, #4586, #1453, #5127, #1969, #5663, #2480, #6186, #3016, #6732, #3535, #426, #4070, #960, #4603, #1475, #5152 ),
 .UNSPECIFIED., .F., .F.,
 ( 4, 2, 2, 2, 2, 2, 2, 2, 4 ),
 ( 8.940560153363745000E-019, 0.0004429097499674667700, 0.0008858194999349326800, 0.001328729249902398500, 0.001771638999869864500, 0.002214548749837330500, 0.002657458499804796200, 0.003100368249772262400, 0.003543277999739728100 ),
 .UNSPECIFIED. ) ;
#5092 = AXIS2_PLACEMENT_3D ( 'NONE', #3642, #1120, #3227 ) ;
#5093 = ORIENTED_EDGE ( 'NONE', *, *, #6713, .F. ) ;
#5094 = CARTESIAN_POINT ( 'NONE',  ( -0.1043307086614173500, 0.0000000000000000000, -0.4330708661417324000 ) ) ;
#5095 = ORIENTED_EDGE ( 'NONE', *, *, #6812, .T. ) ;
#5096 = CARTESIAN_POINT ( 'NONE',  ( 0.08464566929133858500, -0.1471132378872952200, 0.2863239572057869100 ) ) ;
#5097 = DIRECTION ( 'NONE',  ( 0.0000000000000000000, -0.9848077530122005800, -0.1736481776669728800 ) ) ;
#5098 = VERTEX_POINT ( 'NONE', #1839 ) ;
#5099 = CARTESIAN_POINT ( 'NONE',  ( 0.08464566929133858500, 0.005859823710936280400, 0.2979874889652428000 ) ) ;
#5100 = VERTEX_POINT ( 'NONE', #2877 ) ;
#5101 = EDGE_LOOP ( 'NONE', ( #6166, #6098, #5055, #2108 ) ) ;
#5102 = DIRECTION ( 'NONE',  ( 0.0000000000000000000, 0.0000000000000000000, 1.000000000000000000 ) ) ;
#5103 = DIRECTION ( 'NONE',  ( 1.000000000000000000, 0.0000000000000000000, 0.0000000000000000000 ) ) ;
#5104 = DIRECTION ( 'NONE',  ( 1.000000000000000000, 0.0000000000000000000, 0.0000000000000000000 ) ) ;
#5105 = ADVANCED_FACE ( 'NONE', ( #4526 ), #3408, .T. ) ;
#5106 = EDGE_CURVE ( 'NONE', #3439, #5184, #3126, .T. ) ;
#5107 = ORIENTED_EDGE ( 'NONE', *, *, #4954, .T. ) ;
#5108 = AXIS2_PLACEMENT_3D ( 'NONE', #2948, #6663, #3468 ) ;
#5109 = AXIS2_PLACEMENT_3D ( 'NONE', #2533, #6244, #3078 ) ;
#5110 = AXIS2_PLACEMENT_3D ( 'NONE', #851, #3431, #5059 ) ;
#5111 = CARTESIAN_POINT ( 'NONE',  ( 0.08464566929133858500, -0.1219571092619187400, 0.2642722595792977900 ) ) ;
#5112 = DIRECTION ( 'NONE',  ( -1.000000000000000000, -0.0000000000000000000, -0.0000000000000000000 ) ) ;
#5113 = FACE_OUTER_BOUND ( 'NONE', #1947, .T. ) ;
#5114 = DIRECTION ( 'NONE',  ( 0.0000000000000000000, 0.9848077530122061300, -0.1736481776669413200 ) ) ;
#5115 = CARTESIAN_POINT ( 'NONE',  ( -0.08464566929133858500, 0.0000000000000000000, 0.0000000000000000000 ) ) ;
#5116 = VECTOR ( 'NONE', #4843, 39.37007874015748100 ) ;
#5117 = EDGE_CURVE ( 'NONE', #3584, #2987, #687, .T. ) ;
#5118 = CIRCLE ( 'NONE', #4983, 0.2780450991271856700 ) ;
#5119 = DIRECTION ( 'NONE',  ( 1.000000000000000000, 0.0000000000000000000, 0.0000000000000000000 ) ) ;
#5120 = VECTOR ( 'NONE', #3659, 39.37007874015748100 ) ;
#5121 = DIRECTION ( 'NONE',  ( 0.0000000000000000000, -0.8660254037844366000, 0.5000000000000035500 ) ) ;
#5122 = VECTOR ( 'NONE', #6010, 39.37007874015748100 ) ;
#5123 = DIRECTION ( 'NONE',  ( 0.0000000000000000000, 0.6870103571193907400, 0.7266476238251158300 ) ) ;
#5124 = DIRECTION ( 'NONE',  ( -1.000000000000000000, -0.0000000000000000000, -0.0000000000000000000 ) ) ;
#5125 = CARTESIAN_POINT ( 'NONE',  ( 0.08464566929133858500, 0.0000000000000000000, 0.0000000000000000000 ) ) ;
#5126 = VECTOR ( 'NONE', #1948, 39.37007874015748100 ) ;
#5127 = CARTESIAN_POINT ( 'NONE',  ( -0.2068712441370536800, -0.2136167985729665300, 0.03555357747177464300 ) ) ;
#5128 = EDGE_CURVE ( 'NONE', #6341, #754, #5948, .T. ) ;
#5129 = CYLINDRICAL_SURFACE ( 'NONE', #1624, 0.02000000000000002500 ) ;
#5130 = VECTOR ( 'NONE', #5929, 39.37007874015748100 ) ;
#5131 = AXIS2_PLACEMENT_3D ( 'NONE', #1227, #1429, #1201 ) ;
#5132 = VECTOR ( 'NONE', #2927, 39.37007874015748100 ) ;
#5133 = LINE ( 'NONE', #928, #3544 ) ;
#5134 = CIRCLE ( 'NONE', #824, 0.2165354330708660900 ) ;
#5135 = FACE_OUTER_BOUND ( 'NONE', #6465, .T. ) ;
#5136 = CARTESIAN_POINT ( 'NONE',  ( 0.08464566929133858500, 0.3228542786274534200, -0.01110183957909088900 ) ) ;
#5137 = ADVANCED_FACE ( 'NONE', ( #1739 ), #5619, .F. ) ;
#5138 = DIRECTION ( 'NONE',  ( -0.0000000000000000000, 0.0000000000000000000, -1.000000000000000000 ) ) ;
#5139 = VECTOR ( 'NONE', #2803, 39.37007874015748100 ) ;
#5140 = DIRECTION ( 'NONE',  ( 1.000000000000000000, 0.0000000000000000000, 0.0000000000000000000 ) ) ;
#5141 = DIRECTION ( 'NONE',  ( 1.000000000000000000, -0.0000000000000000000, 0.0000000000000000000 ) ) ;
#5142 = EDGE_LOOP ( 'NONE', ( #2362, #2997, #5074, #4948 ) ) ;
#5143 = CYLINDRICAL_SURFACE ( 'NONE', #2805, 0.02000000000000002500 ) ;
#5144 = ORIENTED_EDGE ( 'NONE', *, *, #1247, .F. ) ;
#5145 = ORIENTED_EDGE ( 'NONE', *, *, #1268, .F. ) ;
#5146 = DIRECTION ( 'NONE',  ( 0.0000000000000000000, 6.829619984160625900E-015, 1.000000000000000000 ) ) ;
#5147 = EDGE_CURVE ( 'NONE', #646, #5645, #1579, .T. ) ;
#5148 = CARTESIAN_POINT ( 'NONE',  ( -0.2342519685039370400, 0.03882340756571927400, -0.04450000000000004000 ) ) ;
#5149 = ORIENTED_EDGE ( 'NONE', *, *, #6505, .T. ) ;
#5150 = AXIS2_PLACEMENT_3D ( 'NONE', #2344, #4437, #2871 ) ;
#5151 = AXIS2_PLACEMENT_3D ( 'NONE', #485, #174, #148 ) ;
#5152 = CARTESIAN_POINT ( 'NONE',  ( -0.2342519685039370400, -0.2118934145877079700, -0.04450000000000004000 ) ) ;
#5153 = ORIENTED_EDGE ( 'NONE', *, *, #6504, .F. ) ;
#5154 = CYLINDRICAL_SURFACE ( 'NONE', #860, 0.01000000000000001200 ) ;
#5155 = EDGE_CURVE ( 'NONE', #6760, #654, #5779, .T. ) ;
#5156 = DIRECTION ( 'NONE',  ( 0.0000000000000000000, 0.0000000000000000000, 1.000000000000000000 ) ) ;
#5157 =( NAMED_UNIT ( * ) SI_UNIT ( $, .STERADIAN. ) SOLID_ANGLE_UNIT ( ) );
#5158 = AXIS2_PLACEMENT_3D ( 'NONE', #4303, #1190, #4855 ) ;
#5159 = CARTESIAN_POINT ( 'NONE',  ( 0.08464566929133858500, 0.0000000000000000000, 0.0000000000000000000 ) ) ;
#5160 = CARTESIAN_POINT ( 'NONE',  ( 0.08464566929133858500, 2.651794250122221500E-017, -0.2165354330708661500 ) ) ;
#5161 = ORIENTED_EDGE ( 'NONE', *, *, #3209, .F. ) ;
#5162 = VERTEX_POINT ( 'NONE', #878 ) ;
#5163 = ORIENTED_EDGE ( 'NONE', *, *, #5536, .T. ) ;
#5164 = EDGE_CURVE ( 'NONE', #680, #6746, #199, .T. ) ;
#5165 = EDGE_CURVE ( 'NONE', #2162, #221, #4356, .T. ) ;
#5166 = CARTESIAN_POINT ( 'NONE',  ( 0.08464566929133858500, 0.1112443712417057100, -0.006097588627262676800 ) ) ;
#5167 = CARTESIAN_POINT ( 'NONE',  ( -0.2404223226259205000, 0.03882340756590450800, -0.04450000000000645800 ) ) ;
#5168 = CARTESIAN_POINT ( 'NONE',  ( -0.2221046932489913700, -0.04039491748363761200, -0.04319031219432259400 ) ) ;
#5169 = ORIENTED_EDGE ( 'NONE', *, *, #1932, .T. ) ;
#5170 = VERTEX_POINT ( 'NONE', #6670 ) ;
#5171 = DIRECTION ( 'NONE',  ( 0.0000000000000000000, -0.8660254037844377100, -0.5000000000000017800 ) ) ;
#5172 = EDGE_CURVE ( 'NONE', #3513, #6174, #5459, .T. ) ;
#5173 = DIRECTION ( 'NONE',  ( -1.000000000000000000, -0.0000000000000000000, -0.0000000000000000000 ) ) ;
#5174 = VERTEX_POINT ( 'NONE', #4010 ) ;
#5175 = ADVANCED_FACE ( 'NONE', ( #4179, #2622 ), #4519, .T. ) ;
#5176 = ORIENTED_EDGE ( 'NONE', *, *, #5835, .F. ) ;
#5177 = ORIENTED_EDGE ( 'NONE', *, *, #6815, .F. ) ;
#5178 = ORIENTED_EDGE ( 'NONE', *, *, #3286, .T. ) ;
#5179 = ORIENTED_EDGE ( 'NONE', *, *, #5950, .T. ) ;
#5180 = CARTESIAN_POINT ( 'NONE',  ( -0.08464566929133858500, 0.0000000000000000000, 0.0000000000000000000 ) ) ;
#5181 = CARTESIAN_POINT ( 'NONE',  ( 0.08464566929133858500, -0.2728187752609132500, -0.05365624859959747900 ) ) ;
#5182 = ORIENTED_EDGE ( 'NONE', *, *, #1832, .F. ) ;
#5183 = DIRECTION ( 'NONE',  ( 0.0000000000000000000, 0.0000000000000000000, 1.000000000000000000 ) ) ;
#5184 = VERTEX_POINT ( 'NONE', #6150 ) ;
#5185 = ORIENTED_EDGE ( 'NONE', *, *, #5128, .F. ) ;
#5186 = ORIENTED_EDGE ( 'NONE', *, *, #4703, .T. ) ;
#5187 = EDGE_CURVE ( 'NONE', #5405, #3109, #26, .T. ) ;
#5188 = DIRECTION ( 'NONE',  ( 0.0000000000000000000, 0.0000000000000000000, 1.000000000000000000 ) ) ;
#5189 = CARTESIAN_POINT ( 'NONE',  ( -0.2463992437588827200, 0.04039491748363762500, -0.04319031219432260100 ) ) ;
#5190 = DIRECTION ( 'NONE',  ( 1.000000000000000000, -0.0000000000000000000, -0.0000000000000000000 ) ) ;
#5191 = CARTESIAN_POINT ( 'NONE',  ( 0.08464566929133858500, -0.3071808359793954900, -0.09999034991984445700 ) ) ;
#5192 = DIRECTION ( 'NONE',  ( -1.000000000000000000, -0.0000000000000000000, -0.0000000000000000000 ) ) ;
#5193 = EDGE_CURVE ( 'NONE', #4330, #6522, #1266, .T. ) ;
#5194 = CARTESIAN_POINT ( 'NONE',  ( 0.08464566929133858500, -0.04512987944544337400, -0.3198772108971393300 ) ) ;
#5195 = AXIS2_PLACEMENT_3D ( 'NONE', #6126, #876, #756 ) ;
#5196 = AXIS2_PLACEMENT_3D ( 'NONE', #1434, #5104, #1950 ) ;
#5197 = FACE_OUTER_BOUND ( 'NONE', #1572, .T. ) ;
#5198 = AXIS2_PLACEMENT_3D ( 'NONE', #3398, #281, #3931 ) ;
#5199 = DIRECTION ( 'NONE',  ( 0.0000000000000000000, -0.5963101170987981100, -0.8027541617740873200 ) ) ;
#5200 = CYLINDRICAL_SURFACE ( 'NONE', #6398, 0.2780450991271856700 ) ;
#5201 = CARTESIAN_POINT ( 'NONE',  ( 0.08464566929133858500, 0.07490479875482190800, -0.3068310022252972400 ) ) ;
#5202 = LINE ( 'NONE', #4872, #1014 ) ;
#5203 = DIRECTION ( 'NONE',  ( 0.0000000000000000000, 0.0000000000000000000, -1.000000000000000000 ) ) ;
#5204 = CARTESIAN_POINT ( 'NONE',  ( -0.08464566929133858500, -0.1657469476708067200, -0.2655657798462752200 ) ) ;
#5205 = FACE_OUTER_BOUND ( 'NONE', #971, .T. ) ;
#5206 = ADVANCED_FACE ( 'NONE', ( #6694 ), #6531, .T. ) ;
#5207 = VECTOR ( 'NONE', #907, 39.37007874015748100 ) ;
#5208 = CYLINDRICAL_SURFACE ( 'NONE', #2276, 0.02000000000000002500 ) ;
#5209 = CIRCLE ( 'NONE', #430, 0.01999999999999999000 ) ;
#5210 = DIRECTION ( 'NONE',  ( -1.000000000000000000, -0.0000000000000000000, -0.0000000000000000000 ) ) ;
#5211 = ORIENTED_EDGE ( 'NONE', *, *, #3432, .F. ) ;
#5212 = EDGE_CURVE ( 'NONE', #1297, #258, #1095, .T. ) ;
#5213 = CIRCLE ( 'NONE', #5541, 0.02000000000000001800 ) ;
#5214 = CARTESIAN_POINT ( 'NONE',  ( -0.2569258488659223500, 0.04470232558894558800, -0.03871504246275396500 ) ) ;
#5215 = CYLINDRICAL_SURFACE ( 'NONE', #5737, 0.01000000000000003000 ) ;
#5216 = CARTESIAN_POINT ( 'NONE',  ( -0.3248031496062992500, 0.0000000000000000000, -0.2065157480314960800 ) ) ;
#5217 = DIRECTION ( 'NONE',  ( 0.0000000000000000000, 0.0000000000000000000, 1.000000000000000000 ) ) ;
#5218 = DIRECTION ( 'NONE',  ( 1.000000000000000000, 0.0000000000000000000, 0.0000000000000000000 ) ) ;
#5219 = FACE_OUTER_BOUND ( 'NONE', #145, .T. ) ;
#5220 = PLANE ( 'NONE',  #2141 ) ;
#5221 = CARTESIAN_POINT ( 'NONE',  ( 0.08464566929133858500, -0.2924428417247575400, 0.05751578424817292700 ) ) ;
#5222 = CARTESIAN_POINT ( 'NONE',  ( -0.08464566929133858500, 0.1753298700092182400, 0.2627078786135494400 ) ) ;
#5223 = LINE ( 'NONE', #2672, #3632 ) ;
#5224 = DIRECTION ( 'NONE',  ( -1.000000000000000000, -0.0000000000000000000, -0.0000000000000000000 ) ) ;
#5225 = ORIENTED_EDGE ( 'NONE', *, *, #4817, .F. ) ;
#5226 = AXIS2_PLACEMENT_3D ( 'NONE', #3842, #3862, #3910 ) ;
#5227 = FACE_OUTER_BOUND ( 'NONE', #468, .T. ) ;
#5228 = VERTEX_POINT ( 'NONE', #406 ) ;
#5229 = CARTESIAN_POINT ( 'NONE',  ( -0.08464566929133861300, 0.0000000000000000000, 0.0000000000000000000 ) ) ;
#5230 = CARTESIAN_POINT ( 'NONE',  ( 0.08464566929133858500, -0.2049886317241156600, 0.2066229042157384200 ) ) ;
#5231 = EDGE_LOOP ( 'NONE', ( #1936, #337, #6502, #3191 ) ) ;
#5232 = LINE ( 'NONE', #4549, #2407 ) ;
#5233 = EDGE_LOOP ( 'NONE', ( #4156, #1398, #1770, #4858 ) ) ;
#5234 = DIRECTION ( 'NONE',  ( 1.000000000000000000, 0.0000000000000000000, 0.0000000000000000000 ) ) ;
#5235 = ORIENTED_EDGE ( 'NONE', *, *, #3286, .F. ) ;
#5236 = CARTESIAN_POINT ( 'NONE',  ( 0.08464566929133858500, -0.1002155727758146900, 0.2593567352544789400 ) ) ;
#5237 = ORIENTED_EDGE ( 'NONE', *, *, #4658, .F. ) ;
#5238 = ORIENTED_EDGE ( 'NONE', *, *, #6109, .T. ) ;
#5239 = CIRCLE ( 'NONE', #3638, 0.02000000000000002100 ) ;
#5240 = ORIENTED_EDGE ( 'NONE', *, *, #323, .F. ) ;
#5241 = EDGE_CURVE ( 'NONE', #721, #6390, #5091, .T. ) ;
#5242 = CARTESIAN_POINT ( 'NONE',  ( -0.2615701837934773000, 0.04737012159550771400, -0.03557191257697511100 ) ) ;
#5243 = DIRECTION ( 'NONE',  ( -1.000000000000000000, -0.0000000000000000000, -0.0000000000000000000 ) ) ;
#5244 = CARTESIAN_POINT ( 'NONE',  ( 0.08464566929133858500, 0.2401844939336561000, 0.03834341481042864700 ) ) ;
#5245 = DIRECTION ( 'NONE',  ( 0.0000000000000000000, 0.3420201433256331900, 0.9396926207859213100 ) ) ;
#5246 = AXIS2_PLACEMENT_3D ( 'NONE', #1636, #2670, #6377 ) ;
#5247 = AXIS2_PLACEMENT_3D ( 'NONE', #2363, #6066, #2890 ) ;
#5248 = CARTESIAN_POINT ( 'NONE',  ( -0.08464566929133858500, -0.03455489670649532900, -0.3139457786253609900 ) ) ;
#5249 = CARTESIAN_POINT ( 'NONE',  ( -0.08464566929133858500, -0.2728187752609125300, 0.05365624859960119900 ) ) ;
#5250 = CIRCLE ( 'NONE', #6397, 0.02000000000000003200 ) ;
#5251 = ORIENTED_EDGE ( 'NONE', *, *, #3246, .T. ) ;
#5252 = ORIENTED_EDGE ( 'NONE', *, *, #2208, .T. ) ;
#5253 = DIRECTION ( 'NONE',  ( -1.000000000000000000, 0.0000000000000000000, 0.0000000000000000000 ) ) ;
#5254 = DIRECTION ( 'NONE',  ( -1.000000000000000000, -0.0000000000000000000, -0.0000000000000000000 ) ) ;
#5255 = ORIENTED_EDGE ( 'NONE', *, *, #4427, .T. ) ;
#5256 = CARTESIAN_POINT ( 'NONE',  ( 0.08464566929133858500, 0.2380142720881762200, -0.1437298974847687800 ) ) ;
#5257 = ORIENTED_EDGE ( 'NONE', *, *, #2911, .F. ) ;
#5258 = ORIENTED_EDGE ( 'NONE', *, *, #2517, .T. ) ;
#5259 = CARTESIAN_POINT ( 'NONE',  ( 0.08464566929133858500, 0.2924428417247578700, 0.05751578424817092900 ) ) ;
#5260 = DIRECTION ( 'NONE',  ( 0.0000000000000000000, 0.8941066874365092300, 0.4478540292118762800 ) ) ;
#5261 = ORIENTED_EDGE ( 'NONE', *, *, #742, .T. ) ;
#5262 = VERTEX_POINT ( 'NONE', #2456 ) ;
#5263 = CARTESIAN_POINT ( 'NONE',  ( 0.08464566929133858500, -0.1710416144179601700, -0.2740490872223277900 ) ) ;
#5264 = ORIENTED_EDGE ( 'NONE', *, *, #24, .T. ) ;
#5265 = EDGE_CURVE ( 'NONE', #1218, #5637, #3697, .T. ) ;
#5266 = CARTESIAN_POINT ( 'NONE',  ( -0.2695357086794276100, 0.05236970359033015600, -0.02768941187923832500 ) ) ;
#5267 = CARTESIAN_POINT ( 'NONE',  ( 0.1240157480314960600, 0.0000000000000000000, 0.0000000000000000000 ) ) ;
#5268 = ORIENTED_EDGE ( 'NONE', *, *, #4270, .F. ) ;
#5269 = DIRECTION ( 'NONE',  ( -0.0000000000000000000, 0.8027541617741006400, 0.5963101170987803500 ) ) ;
#5270 = CARTESIAN_POINT ( 'NONE',  ( 0.08464566929133858500, -0.1219571092619223800, -0.2642722595792961800 ) ) ;
#5271 = CARTESIAN_POINT ( 'NONE',  ( 0.08464566929133858500, 0.03455489670649738300, 0.3139457786253607200 ) ) ;
#5272 = CARTESIAN_POINT ( 'NONE',  ( 0.08464566929133858500, -0.02532233489663197900, -0.1084954841245135700 ) ) ;
#5273 = EDGE_LOOP ( 'NONE', ( #1337, #5855 ) ) ;
#5274 = ORIENTED_EDGE ( 'NONE', *, *, #1173, .F. ) ;
#5275 = ORIENTED_EDGE ( 'NONE', *, *, #3497, .F. ) ;
#5276 = ORIENTED_EDGE ( 'NONE', *, *, #2685, .F. ) ;
#5277 = ORIENTED_EDGE ( 'NONE', *, *, #1146, .T. ) ;
#5278 = SURFACE_SIDE_STYLE ('',( #2308 ) ) ;
#5279 = AXIS2_PLACEMENT_3D ( 'NONE', #149, #3791, #674 ) ;
#5280 = AXIS2_PLACEMENT_3D ( 'NONE', #5988, #5964, #6102 ) ;
#5281 = DIRECTION ( 'NONE',  ( -1.000000000000000000, -0.0000000000000000000, -0.0000000000000000000 ) ) ;
#5282 = VECTOR ( 'NONE', #2973, 39.37007874015748900 ) ;
#5283 = CARTESIAN_POINT ( 'NONE',  ( 0.08464566929133858500, 0.2551348235983685900, -0.1540685006779884400 ) ) ;
#5284 = ADVANCED_FACE ( 'NONE', ( #933 ), #4955, .T. ) ;
#5285 = CARTESIAN_POINT ( 'NONE',  ( 0.08464566929133858500, 0.0000000000000000000, 0.0000000000000000000 ) ) ;
#5286 = CARTESIAN_POINT ( 'NONE',  ( 0.08464566929133858500, 0.04373286461478003600, 0.3099752742399541300 ) ) ;
#5287 = DIRECTION ( 'NONE',  ( 0.0000000000000000000, 0.9848077530122115700, -0.1736481776669107600 ) ) ;
#5288 = CARTESIAN_POINT ( 'NONE',  ( 0.08464566929133858500, -0.1745017349850625800, 0.2164675995059063800 ) ) ;
#5289 = VECTOR ( 'NONE', #96, 39.37007874015748100 ) ;
#5290 = DIRECTION ( 'NONE',  ( 0.0000000000000000000, 0.8660254037844357100, 0.5000000000000051100 ) ) ;
#5291 = DIRECTION ( 'NONE',  ( 0.0000000000000000000, 0.0000000000000000000, 1.000000000000000000 ) ) ;
#5292 = EDGE_CURVE ( 'NONE', #3325, #6177, #3866, .T. ) ;
#5293 = CYLINDRICAL_SURFACE ( 'NONE', #766, 0.01999999999999999000 ) ;
#5294 = CYLINDRICAL_SURFACE ( 'NONE', #5706, 0.2780450991271856700 ) ;
#5295 = CIRCLE ( 'NONE', #1713, 0.02000000000000002500 ) ;
#5297 = CARTESIAN_POINT ( 'NONE',  ( 0.08464566929133858500, -0.04373286461477388100, 0.3099752742399549700 ) ) ;
#5296 = MECHANICAL_DESIGN_GEOMETRIC_PRESENTATION_REPRESENTATION (  '', ( #4570 ), #5647 ) ;
#5298 = AXIS2_PLACEMENT_3D ( 'NONE', #4524, #1397, #5067 ) ;
#5299 = LINE ( 'NONE', #2453, #2465 ) ;
#5300 = PLANE ( 'NONE',  #2827 ) ;
#5301 = CARTESIAN_POINT ( 'NONE',  ( -0.08464566929133855700, 2.651794250122220900E-017, 0.2165354330708660900 ) ) ;
#5302 = LINE ( 'NONE', #5933, #3879 ) ;
#5303 = CYLINDRICAL_SURFACE ( 'NONE', #1019, 0.01000000000000003000 ) ;
#5304 = CIRCLE ( 'NONE', #3586, 0.02000000000000002100 ) ;
#5305 = DIRECTION ( 'NONE',  ( 1.000000000000000000, -0.0000000000000000000, -0.0000000000000000000 ) ) ;
#5306 = EDGE_CURVE ( 'NONE', #5740, #5831, #6355, .T. ) ;
#5307 = EDGE_CURVE ( 'NONE', #6155, #6667, #3523, .T. ) ;
#5308 = CONICAL_SURFACE ( 'NONE', #5668, 0.4330708661417324000, 1.107148717794090900 ) ;
#5309 = VERTEX_POINT ( 'NONE', #6234 ) ;
#5310 = FACE_OUTER_BOUND ( 'NONE', #6110, .T. ) ;
#5311 = DIRECTION ( 'NONE',  ( 0.0000000000000000000, 0.0000000000000000000, -1.000000000000000000 ) ) ;
#5312 = CIRCLE ( 'NONE', #1410, 0.01000000000000000900 ) ;
#5313 = ORIENTED_EDGE ( 'NONE', *, *, #4763, .F. ) ;
#5314 = EDGE_CURVE ( 'NONE', #6218, #2333, #775, .T. ) ;
#5315 = CARTESIAN_POINT ( 'NONE',  ( 0.08464566929133858500, 0.005859823710932310500, -0.2979874889652428500 ) ) ;
#5316 = ORIENTED_EDGE ( 'NONE', *, *, #4259, .T. ) ;
#5317 = CARTESIAN_POINT ( 'NONE',  ( 0.08464566929133858500, 0.0000000000000000000, -0.3937007874015748800 ) ) ;
#5318 = DIRECTION ( 'NONE',  ( 0.0000000000000000000, 0.4478540292118763400, -0.8941066874365093400 ) ) ;
#5319 = VECTOR ( 'NONE', #4884, 39.37007874015748100 ) ;
#5320 = ORIENTED_EDGE ( 'NONE', *, *, #5646, .F. ) ;
#5321 = CARTESIAN_POINT ( 'NONE',  ( -0.08464566929133858500, 0.2125853763475975300, 0.1181789589928825400 ) ) ;
#5322 = ORIENTED_EDGE ( 'NONE', *, *, #3226, .T. ) ;
#5323 = CARTESIAN_POINT ( 'NONE',  ( 0.08464566929133858500, 0.2632954998903871400, 0.1240517771744626800 ) ) ;
#5324 = AXIS2_PLACEMENT_3D ( 'NONE', #1186, #130, #4852 ) ;
#5325 = CARTESIAN_POINT ( 'NONE',  ( -0.08464566929133858500, 0.2546075713472010200, -0.1868983076856521600 ) ) ;
#5326 = ORIENTED_EDGE ( 'NONE', *, *, #3739, .F. ) ;
#5327 = CARTESIAN_POINT ( 'NONE',  ( 0.08464566929133858500, 0.06492233755863111000, 0.3062389984529609300 ) ) ;
#5328 = SHAPE_DEFINITION_REPRESENTATION ( #4383, #2620 ) ;
#5329 = VERTEX_POINT ( 'NONE', #4651 ) ;
#5330 = ADVANCED_FACE ( 'NONE', ( #5113 ), #697, .F. ) ;
#5331 = DIRECTION ( 'NONE',  ( -1.000000000000000000, -0.0000000000000000000, -0.0000000000000000000 ) ) ;
#5332 = CARTESIAN_POINT ( 'NONE',  ( 0.08464566929133858500, 0.2465800297294601400, -0.1928614088566399900 ) ) ;
#5333 = CIRCLE ( 'NONE', #6264, 0.2780450991271857200 ) ;
#5334 = EDGE_CURVE ( 'NONE', #1152, #2928, #6285, .T. ) ;
#5335 = CARTESIAN_POINT ( 'NONE',  ( -0.2069153091541899000, 0.04738063173865953600, 0.03555915923702265100 ) ) ;
#5336 = EDGE_CURVE ( 'NONE', #2186, #2000, #4881, .T. ) ;
#5337 = DIRECTION ( 'NONE',  ( -1.000000000000000000, -0.0000000000000000000, -0.0000000000000000000 ) ) ;
#5338 = DIRECTION ( 'NONE',  ( -1.000000000000000000, -0.0000000000000000000, -0.0000000000000000000 ) ) ;
#5339 = CARTESIAN_POINT ( 'NONE',  ( -0.08464566929133858500, -0.2944779371424642900, -0.04597418460454507500 ) ) ;
#5340 = ORIENTED_EDGE ( 'NONE', *, *, #5750, .T. ) ;
#5341 = ORIENTED_EDGE ( 'NONE', *, *, #275, .F. ) ;
#5342 = AXIS2_PLACEMENT_3D ( 'NONE', #2792, #6507, #3326 ) ;
#5343 = DIRECTION ( 'NONE',  ( 0.7071067811865486800, 8.659560562354916800E-017, 0.7071067811865462400 ) ) ;
#5344 = VERTEX_POINT ( 'NONE', #1543 ) ;
#5345 = AXIS2_PLACEMENT_3D ( 'NONE', #3654, #2090, #2 ) ;
#5346 = CARTESIAN_POINT ( 'NONE',  ( -0.08464566929133858500, -0.1471132378872952200, 0.2763239572057869000 ) ) ;
#5347 = VERTEX_POINT ( 'NONE', #4678 ) ;
#5348 = VERTEX_POINT ( 'NONE', #5222 ) ;
#5349 = ORIENTED_EDGE ( 'NONE', *, *, #3303, .F. ) ;
#5350 = DIRECTION ( 'NONE',  ( -1.000000000000000000, -0.0000000000000000000, -0.0000000000000000000 ) ) ;
#5351 = ORIENTED_EDGE ( 'NONE', *, *, #1862, .T. ) ;
#5352 = DIRECTION ( 'NONE',  ( -1.000000000000000000, -0.0000000000000000000, -0.0000000000000000000 ) ) ;
#5353 = CARTESIAN_POINT ( 'NONE',  ( 0.08464566929133858500, 0.0000000000000000000, 0.0000000000000000000 ) ) ;
#5354 = ORIENTED_EDGE ( 'NONE', *, *, #3622, .F. ) ;
#5355 = VERTEX_POINT ( 'NONE', #1022 ) ;
#5356 = EDGE_CURVE ( 'NONE', #919, #4171, #1915, .T. ) ;
#5357 = VERTEX_POINT ( 'NONE', #6260 ) ;
#5358 = VERTEX_POINT ( 'NONE', #2572 ) ;
#5359 = DIRECTION ( 'NONE',  ( -1.000000000000000000, -0.0000000000000000000, -0.0000000000000000000 ) ) ;
#5360 = CARTESIAN_POINT ( 'NONE',  ( -0.2728443648903917100, 0.05471825181397505000, -0.02292433951758491800 ) ) ;
#5361 = ADVANCED_FACE ( 'NONE', ( #5960 ), #1747, .T. ) ;
#5362 = CARTESIAN_POINT ( 'NONE',  ( -0.08464566929133858500, 0.09641129058488133500, 0.2820208222126364700 ) ) ;
#5363 = AXIS2_PLACEMENT_3D ( 'NONE', #5941, #6188, #6236 ) ;
#5364 = DIRECTION ( 'NONE',  ( 0.0000000000000000000, 0.0000000000000000000, -1.000000000000000000 ) ) ;
#5365 = ORIENTED_EDGE ( 'NONE', *, *, #1853, .F. ) ;
#5366 = DIRECTION ( 'NONE',  ( 0.0000000000000000000, 0.05920037723354933100, 0.9982461196195081500 ) ) ;
#5367 = CARTESIAN_POINT ( 'NONE',  ( 0.08464566929133858500, 0.0000000000000000000, 0.0000000000000000000 ) ) ;
#5368 = VERTEX_POINT ( 'NONE', #5249 ) ;
#5369 = DIRECTION ( 'NONE',  ( -0.4472135954999572100, 1.095357396528405700E-016, -0.8944271909999161900 ) ) ;
#5370 = EDGE_CURVE ( 'NONE', #1550, #1883, #2064, .T. ) ;
#5371 = DIRECTION ( 'NONE',  ( 0.0000000000000000000, -0.9728004803918474100, -0.2316446100158410200 ) ) ;
#5372 = DIRECTION ( 'NONE',  ( 1.000000000000000000, 0.0000000000000000000, 0.0000000000000000000 ) ) ;
#5373 = CYLINDRICAL_SURFACE ( 'NONE', #1551, 0.01000000000000003000 ) ;
#5374 = FACE_OUTER_BOUND ( 'NONE', #5527, .T. ) ;
#5375 = EDGE_CURVE ( 'NONE', #4150, #1722, #6125, .T. ) ;
#5376 = FACE_OUTER_BOUND ( 'NONE', #4015, .T. ) ;
#5377 = AXIS2_PLACEMENT_3D ( 'NONE', #2611, #6320, #3148 ) ;
#5378 = FACE_OUTER_BOUND ( 'NONE', #2989, .T. ) ;
#5379 = CARTESIAN_POINT ( 'NONE',  ( -0.2774774855662626700, 0.05807890622277377100, -0.01210177986336468900 ) ) ;
#5380 = CIRCLE ( 'NONE', #6581, 0.01000000000000000900 ) ;
#5381 = CARTESIAN_POINT ( 'NONE',  ( -0.08464566929133858500, -0.08994171327143139800, -0.2630961143051074300 ) ) ;
#5382 = CIRCLE ( 'NONE', #4747, 0.01999999999999999300 ) ;
#5383 = DIRECTION ( 'NONE',  ( -1.000000000000000000, -0.0000000000000000000, -0.0000000000000000000 ) ) ;
#5384 = CARTESIAN_POINT ( 'NONE',  ( 0.08464566929133858500, -0.08994171327143139800, -0.2630961143051074300 ) ) ;
#5385 = CIRCLE ( 'NONE', #6189, 0.01000000000000001100 ) ;
#5386 = DIRECTION ( 'NONE',  ( 0.0000000000000000000, 0.6427876096865462500, 0.7660444431189721300 ) ) ;
#5387 = DIRECTION ( 'NONE',  ( -1.000000000000000000, -0.0000000000000000000, -0.0000000000000000000 ) ) ;
#5388 = CIRCLE ( 'NONE', #4825, 0.02000000000000000700 ) ;
#5389 = CARTESIAN_POINT ( 'NONE',  ( -0.08464566929133858500, -0.1593453249480072100, -0.1837603765851198700 ) ) ;
#5390 = CYLINDRICAL_SURFACE ( 'NONE', #5033, 0.02000000000000002500 ) ;
#5391 = CIRCLE ( 'NONE', #2656, 0.01000000000000002800 ) ;
#5392 = AXIS2_PLACEMENT_3D ( 'NONE', #3130, #3, #3655 ) ;
#5393 = DIRECTION ( 'NONE',  ( 0.0000000000000000000, -0.8660254037844438100, 0.4999999999999909500 ) ) ;
#5394 = DIRECTION ( 'NONE',  ( -1.000000000000000000, -0.0000000000000000000, -0.0000000000000000000 ) ) ;
#5395 = FACE_OUTER_BOUND ( 'NONE', #3394, .T. ) ;
#5396 = DIRECTION ( 'NONE',  ( 0.0000000000000000000, 0.0000000000000000000, 1.000000000000000000 ) ) ;
#5397 = ADVANCED_FACE ( 'NONE', ( #3136 ), #5786, .T. ) ;
#5398 = CARTESIAN_POINT ( 'NONE',  ( 0.08464566929133858500, 0.1066210128960363200, 0.03231795675863532300 ) ) ;
#5399 = VERTEX_POINT ( 'NONE', #2092 ) ;
#5400 = VECTOR ( 'NONE', #3097, 39.37007874015748100 ) ;
#5401 = ORIENTED_EDGE ( 'NONE', *, *, #959, .T. ) ;
#5402 = VERTEX_POINT ( 'NONE', #2619 ) ;
#5403 = EDGE_CURVE ( 'NONE', #2449, #5854, #4535, .T. ) ;
#5404 = EDGE_CURVE ( 'NONE', #2350, #6238, #371, .T. ) ;
#5405 = VERTEX_POINT ( 'NONE', #4199 ) ;
#5406 = EDGE_LOOP ( 'NONE', ( #1942, #1374 ) ) ;
#5407 = EDGE_LOOP ( 'NONE', ( #2778, #628, #1400, #4502 ) ) ;
#5408 = EDGE_CURVE ( 'NONE', #1652, #6564, #1592, .T. ) ;
#5409 = EDGE_LOOP ( 'NONE', ( #1632, #5601, #1478, #5574 ) ) ;
#5410 = CARTESIAN_POINT ( 'NONE',  ( -0.2404136648444928600, -0.03882340756591098900, -0.04450000000000078900 ) ) ;
#5411 = CARTESIAN_POINT ( 'NONE',  ( -0.2787648440474216900, 0.05906482025194530900, -0.006015943636186714600 ) ) ;
#5412 = DIRECTION ( 'NONE',  ( 0.0000000000000000000, 0.0000000000000000000, 1.000000000000000000 ) ) ;
#5413 = DIRECTION ( 'NONE',  ( 0.0000000000000000000, 0.0000000000000000000, -1.000000000000000000 ) ) ;
#5414 = LINE ( 'NONE', #1112, #6658 ) ;
#5415 = DIRECTION ( 'NONE',  ( 1.000000000000000000, 0.0000000000000000000, 0.0000000000000000000 ) ) ;
#5416 = ORIENTED_EDGE ( 'NONE', *, *, #2441, .F. ) ;
#5417 = DIRECTION ( 'NONE',  ( 1.000000000000000000, 0.0000000000000000000, 0.0000000000000000000 ) ) ;
#5418 = DIRECTION ( 'NONE',  ( -1.000000000000000000, -0.0000000000000000000, -0.0000000000000000000 ) ) ;
#5419 = CARTESIAN_POINT ( 'NONE',  ( 0.08464566929133858500, -0.3228542786274533600, 0.01110183957909305700 ) ) ;
#5420 = VECTOR ( 'NONE', #3200, 39.37007874015748100 ) ;
#5421 = CARTESIAN_POINT ( 'NONE',  ( 0.08464566929133858500, 0.005466606461053531900, -0.2779913548340064400 ) ) ;
#5422 = CARTESIAN_POINT ( 'NONE',  ( -0.2566773652648157200, 0.2130093348174855700, -0.03887484471580071600 ) ) ;
#5423 = VERTEX_POINT ( 'NONE', #6350 ) ;
#5424 = ORIENTED_EDGE ( 'NONE', *, *, #4568, .T. ) ;
#5425 = ORIENTED_EDGE ( 'NONE', *, *, #3934, .F. ) ;
#5426 = AXIS2_PLACEMENT_3D ( 'NONE', #3244, #3124, #3198 ) ;
#5427 = ORIENTED_EDGE ( 'NONE', *, *, #5901, .T. ) ;
#5428 = VERTEX_POINT ( 'NONE', #2117 ) ;
#5429 = VERTEX_POINT ( 'NONE', #562 ) ;
#5430 = CARTESIAN_POINT ( 'NONE',  ( -0.2695614267695939900, -0.05238691785708074500, 0.02765843283763342100 ) ) ;
#5431 = EDGE_CURVE ( 'NONE', #4813, #2437, #4187, .T. ) ;
#5432 = CARTESIAN_POINT ( 'NONE',  ( -0.2787388922883821100, 0.05904526475550666400, 0.006204939901442055100 ) ) ;
#5433 = ADVANCED_FACE ( 'NONE', ( #2969, #528 ), #1113, .T. ) ;
#5434 = EDGE_CURVE ( 'NONE', #3260, #6760, #5626, .T. ) ;
#5435 = DIRECTION ( 'NONE',  ( 0.0000000000000000000, 0.0000000000000000000, 1.000000000000000000 ) ) ;
#5436 = CARTESIAN_POINT ( 'NONE',  ( -0.08464566929133858500, 0.1710416144179621200, 0.2740490872223266800 ) ) ;
#5437 = AXIS2_PLACEMENT_3D ( 'NONE', #699, #4347, #1233 ) ;
#5438 = ORIENTED_EDGE ( 'NONE', *, *, #1069, .T. ) ;
#5439 = AXIS2_PLACEMENT_3D ( 'NONE', #6763, #3572, #458 ) ;
#5440 = ORIENTED_EDGE ( 'NONE', *, *, #2530, .F. ) ;
#5441 = CARTESIAN_POINT ( 'NONE',  ( 0.08464566929133858500, 0.0000000000000000000, 0.0000000000000000000 ) ) ;
#5442 = ORIENTED_EDGE ( 'NONE', *, *, #3694, .F. ) ;
#5443 = DIRECTION ( 'NONE',  ( -1.000000000000000000, -0.0000000000000000000, -0.0000000000000000000 ) ) ;
#5444 = CARTESIAN_POINT ( 'NONE',  ( 0.1043307086614173300, 0.0000000000000000000, 0.0000000000000000000 ) ) ;
#5445 = ORIENTED_EDGE ( 'NONE', *, *, #1853, .T. ) ;
#5446 = PLANE ( 'NONE',  #983 ) ;
#5447 = EDGE_LOOP ( 'NONE', ( #2904, #2285 ) ) ;
#5448 = EDGE_CURVE ( 'NONE', #4325, #1691, #1430, .T. ) ;
#5449 = CARTESIAN_POINT ( 'NONE',  ( -0.2566513582183178600, -0.2130071325530112900, -0.03888634215650251700 ) ) ;
#5450 = ORIENTED_EDGE ( 'NONE', *, *, #1456, .T. ) ;
#5451 = DIRECTION ( 'NONE',  ( 0.0000000000000000000, 0.0000000000000000000, 1.000000000000000000 ) ) ;
#5452 = CARTESIAN_POINT ( 'NONE',  ( -0.2774106016415284200, 0.05802877353403632800, 0.01232772623881640700 ) ) ;
#5453 = DIRECTION ( 'NONE',  ( -1.000000000000000000, -0.0000000000000000000, -0.0000000000000000000 ) ) ;
#5454 = AXIS2_PLACEMENT_3D ( 'NONE', #3330, #3689, #5393 ) ;
#5455 = CARTESIAN_POINT ( 'NONE',  ( 0.08464566929133858500, 0.0000000000000000000, 0.0000000000000000000 ) ) ;
#5456 = ORIENTED_EDGE ( 'NONE', *, *, #3631, .T. ) ;
#5457 = DIRECTION ( 'NONE',  ( 1.000000000000000000, 0.0000000000000000000, 0.0000000000000000000 ) ) ;
#5458 = CARTESIAN_POINT ( 'NONE',  ( -0.08464566929133858500, 0.0000000000000000000, 0.0000000000000000000 ) ) ;
#5459 = LINE ( 'NONE', #5599, #4026 ) ;
#5460 = CIRCLE ( 'NONE', #5473, 0.01999999999999998300 ) ;
#5461 = CIRCLE ( 'NONE', #985, 0.01999999999999998300 ) ;
#5462 = CIRCLE ( 'NONE', #6086, 0.4330708661417324000 ) ;
#5463 = ADVANCED_FACE ( 'NONE', ( #38 ), #1277, .T. ) ;
#5464 = DIRECTION ( 'NONE',  ( 1.000000000000000000, 0.0000000000000000000, 0.0000000000000000000 ) ) ;
#5465 = LINE ( 'NONE', #5256, #3873 ) ;
#5466 = CYLINDRICAL_SURFACE ( 'NONE', #5001, 0.2780450991271856700 ) ;
#5467 = LINE ( 'NONE', #6497, #4036 ) ;
#5468 = CIRCLE ( 'NONE', #2554, 0.02000000000000002500 ) ;
#5469 = CARTESIAN_POINT ( 'NONE',  ( -0.2401478470492518200, -0.2118934145877080200, 0.04450000000000005300 ) ) ;
#5470 = EDGE_CURVE ( 'NONE', #6008, #914, #5467, .T. ) ;
#5471 = VECTOR ( 'NONE', #4287, 39.37007874015748100 ) ;
#5472 = FACE_OUTER_BOUND ( 'NONE', #5101, .T. ) ;
#5473 = AXIS2_PLACEMENT_3D ( 'NONE', #4532, #1405, #5081 ) ;
#5474 = DIRECTION ( 'NONE',  ( -1.000000000000000000, -0.0000000000000000000, -0.0000000000000000000 ) ) ;
#5475 = AXIS2_PLACEMENT_3D ( 'NONE', #5, #2596, #1541 ) ;
#5476 = VECTOR ( 'NONE', #3297, 39.37007874015748100 ) ;
#5477 = CARTESIAN_POINT ( 'NONE',  ( -0.2727434411687422200, 0.05464672370293323400, 0.02308781021705946100 ) ) ;
#5478 = ORIENTED_EDGE ( 'NONE', *, *, #1832, .T. ) ;
#5479 = CARTESIAN_POINT ( 'NONE',  ( 0.08464566929133858500, 0.3071808359793947700, 0.09999034991984660800 ) ) ;
#5480 = LINE ( 'NONE', #1287, #2819 ) ;
#5481 = CARTESIAN_POINT ( 'NONE',  ( 0.08464566929133858500, 0.03455489670649319200, -0.3139457786253612700 ) ) ;
#5482 = CIRCLE ( 'NONE', #6481, 0.01000000000000005100 ) ;
#5483 = DIRECTION ( 'NONE',  ( 1.000000000000000000, 0.0000000000000000000, 0.0000000000000000000 ) ) ;
#5484 = VERTEX_POINT ( 'NONE', #200 ) ;
#5485 = CARTESIAN_POINT ( 'NONE',  ( 0.08464566929133858500, 5.303588500244444200E-017, 0.4330708661417324000 ) ) ;
#5486 = CARTESIAN_POINT ( 'NONE',  ( 0.08464566929133858500, -0.3228542786274533600, 0.01110183957909305700 ) ) ;
#5487 = LINE ( 'NONE', #688, #4056 ) ;
#5488 = DIRECTION ( 'NONE',  ( 0.0000000000000000000, 0.0000000000000000000, -1.000000000000000000 ) ) ;
#5489 = ORIENTED_EDGE ( 'NONE', *, *, #419, .T. ) ;
#5490 = EDGE_CURVE ( 'NONE', #6473, #3981, #3302, .T. ) ;
#5491 = CARTESIAN_POINT ( 'NONE',  ( 0.08464566929133858500, 0.005466606461057185200, 0.2779913548340063300 ) ) ;
#5492 = DIRECTION ( 'NONE',  ( -1.000000000000000000, -0.0000000000000000000, -0.0000000000000000000 ) ) ;
#5493 = ORIENTED_EDGE ( 'NONE', *, *, #249, .T. ) ;
#5494 = CIRCLE ( 'NONE', #2804, 0.01000000000000004500 ) ;
#5495 = ORIENTED_EDGE ( 'NONE', *, *, #3107, .F. ) ;
#5496 = EDGE_CURVE ( 'NONE', #3410, #2866, #6701, .T. ) ;
#5497 = AXIS2_PLACEMENT_3D ( 'NONE', #102, #125, #408 ) ;
#5498 = CARTESIAN_POINT ( 'NONE',  ( 0.08464566929133858500, 0.2944779371424639000, -0.04597418460454715000 ) ) ;
#5499 = VECTOR ( 'NONE', #5617, 39.37007874015748900 ) ;
#5500 = CARTESIAN_POINT ( 'NONE',  ( -0.2694792499762400700, 0.05233193226176399700, 0.02775726602800240500 ) ) ;
#5501 = VERTEX_POINT ( 'NONE', #4372 ) ;
#5502 = ADVANCED_FACE ( 'NONE', ( #2463 ), #6544, .T. ) ;
#5503 = CARTESIAN_POINT ( 'NONE',  ( -0.08464566929133855700, 0.0000000000000000000, -0.2165354330708660900 ) ) ;
#5504 = DIRECTION ( 'NONE',  ( 1.000000000000000000, 0.0000000000000000000, 0.0000000000000000000 ) ) ;
#5505 = DIRECTION ( 'NONE',  ( -1.000000000000000000, -0.0000000000000000000, -0.0000000000000000000 ) ) ;
#5506 = CARTESIAN_POINT ( 'NONE',  ( -0.08464566929133858500, -0.1870537803570430900, 0.2320382821171390900 ) ) ;
#5507 = ORIENTED_EDGE ( 'NONE', *, *, #3965, .T. ) ;
#5508 = ORIENTED_EDGE ( 'NONE', *, *, #1076, .T. ) ;
#5509 = ORIENTED_EDGE ( 'NONE', *, *, #2680, .F. ) ;
#5510 = EDGE_CURVE ( 'NONE', #914, #1812, #2629, .T. ) ;
#5511 = EDGE_LOOP ( 'NONE', ( #3757, #1003, #1933, #3921 ) ) ;
#5512 = ORIENTED_EDGE ( 'NONE', *, *, #1870, .F. ) ;
#5513 = AXIS2_PLACEMENT_3D ( 'NONE', #3947, #2895, #5008 ) ;
#5514 = VERTEX_POINT ( 'NONE', #3867 ) ;
#5515 = AXIS2_PLACEMENT_3D ( 'NONE', #6789, #6611, #261 ) ;
#5516 = ORIENTED_EDGE ( 'NONE', *, *, #3603, .T. ) ;
#5517 = CARTESIAN_POINT ( 'NONE',  ( -0.08464566929133858500, 0.1074241567854180700, -0.2780124667216846700 ) ) ;
#5518 = ORIENTED_EDGE ( 'NONE', *, *, #3385, .T. ) ;
#5519 = CARTESIAN_POINT ( 'NONE',  ( -0.1437007874015748300, 2.651553177917665100E-017, 0.2165157480314960600 ) ) ;
#5520 = ORIENTED_EDGE ( 'NONE', *, *, #433, .F. ) ;
#5521 = CARTESIAN_POINT ( 'NONE',  ( -0.2615294660571368900, 0.04734692859189308000, 0.03560007450151378400 ) ) ;
#5522 = EDGE_CURVE ( 'NONE', #2583, #5761, #1101, .T. ) ;
#5523 = DIRECTION ( 'NONE',  ( 1.000000000000000000, 0.0000000000000000000, 0.0000000000000000000 ) ) ;
#5524 = ORIENTED_EDGE ( 'NONE', *, *, #2932, .T. ) ;
#5525 = CARTESIAN_POINT ( 'NONE',  ( 0.08464566929133858500, 0.04373286461477592100, -0.3099752742399546900 ) ) ;
#5526 = DIRECTION ( 'NONE',  ( 1.000000000000000000, 0.0000000000000000000, 0.0000000000000000000 ) ) ;
#5527 = EDGE_LOOP ( 'NONE', ( #222, #2365, #3496, #2357 ) ) ;
#5528 = AXIS2_PLACEMENT_3D ( 'NONE', #6407, #5897, #2722 ) ;
#5529 = CARTESIAN_POINT ( 'NONE',  ( 0.08464566929133858500, 0.0000000000000000000, -0.4330708661417324000 ) ) ;
#5530 = ORIENTED_EDGE ( 'NONE', *, *, #4279, .T. ) ;
#5531 = EDGE_LOOP ( 'NONE', ( #3341, #4991, #1892, #6310 ) ) ;
#5532 = EDGE_CURVE ( 'NONE', #3340, #1064, #5295, .T. ) ;
#5533 = EDGE_CURVE ( 'NONE', #2774, #4670, #3875, .T. ) ;
#5534 = ADVANCED_FACE ( 'NONE', ( #3708 ), #3530, .F. ) ;
#5535 = DIRECTION ( 'NONE',  ( -1.000000000000000000, -0.0000000000000000000, -0.0000000000000000000 ) ) ;
#5536 = EDGE_CURVE ( 'NONE', #6174, #2604, #4963, .T. ) ;
#5537 = CIRCLE ( 'NONE', #500, 0.02000000000000001800 ) ;
#5538 = CARTESIAN_POINT ( 'NONE',  ( -0.2568728216994686200, 0.04467564650825876800, 0.03874491469809748800 ) ) ;
#5539 = CARTESIAN_POINT ( 'NONE',  ( 0.08464566929133858500, -0.1066210128960360700, -0.03231795675863605900 ) ) ;
#5540 = VECTOR ( 'NONE', #3802, 39.37007874015748900 ) ;
#5541 = AXIS2_PLACEMENT_3D ( 'NONE', #3545, #3568, #3611 ) ;
#5542 = DIRECTION ( 'NONE',  ( 0.0000000000000000000, -0.6870103571193844100, 0.7266476238251218200 ) ) ;
#5543 = LINE ( 'NONE', #128, #1348 ) ;
#5544 = DIRECTION ( 'NONE',  ( -1.000000000000000000, -0.0000000000000000000, -0.0000000000000000000 ) ) ;
#5545 =( NAMED_UNIT ( * ) PLANE_ANGLE_UNIT ( ) SI_UNIT ( $, .RADIAN. ) );
#5546 = CYLINDRICAL_SURFACE ( 'NONE', #6173, 0.2780450991271856700 ) ;
#5547 = VECTOR ( 'NONE', #2367, 39.37007874015748100 ) ;
#5548 = FACE_OUTER_BOUND ( 'NONE', #235, .T. ) ;
#5549 = LINE ( 'NONE', #1013, #1509 ) ;
#5550 = CARTESIAN_POINT ( 'NONE',  ( 0.08464566929133858500, -0.2434808785492315900, -0.1342614573492365600 ) ) ;
#5551 = LINE ( 'NONE', #1659, #4120 ) ;
#5552 = EDGE_CURVE ( 'NONE', #3574, #1691, #938, .T. ) ;
#5553 = DIRECTION ( 'NONE',  ( -1.000000000000000000, 0.0000000000000000000, 0.0000000000000000000 ) ) ;
#5554 = CARTESIAN_POINT ( 'NONE',  ( 0.1437007874015748000, 7.232166136696968800E-018, -0.05905511811023623400 ) ) ;
#5555 = VECTOR ( 'NONE', #1840, 39.37007874015748100 ) ;
#5556 = LINE ( 'NONE', #2689, #6793 ) ;
#5557 = EDGE_CURVE ( 'NONE', #2987, #4685, #6363, .T. ) ;
#5558 = LINE ( 'NONE', #2899, #1200 ) ;
#5559 = ORIENTED_EDGE ( 'NONE', *, *, #3127, .T. ) ;
#5560 = CYLINDRICAL_SURFACE ( 'NONE', #6719, 0.2780450991271856700 ) ;
#5561 = ORIENTED_EDGE ( 'NONE', *, *, #1891, .T. ) ;
#5562 = AXIS2_PLACEMENT_3D ( 'NONE', #2434, #2971, #6688 ) ;
#5563 = AXIS2_PLACEMENT_3D ( 'NONE', #361, #1930, #5618 ) ;
#5564 = ORIENTED_EDGE ( 'NONE', *, *, #3698, .F. ) ;
#5565 = DIRECTION ( 'NONE',  ( 0.0000000000000000000, 0.0000000000000000000, -1.000000000000000000 ) ) ;
#5566 = AXIS2_PLACEMENT_3D ( 'NONE', #1827, #5523, #2342 ) ;
#5567 = CARTESIAN_POINT ( 'NONE',  ( -0.2342519685039370100, 0.03882340756571925300, 0.04450000000000005300 ) ) ;
#5568 = ADVANCED_FACE ( 'NONE', ( #4784 ), #612, .F. ) ;
#5569 = CARTESIAN_POINT ( 'NONE',  ( -0.08464566929133858500, 0.1593453249480085400, 0.1837603765851187600 ) ) ;
#5570 = ADVANCED_FACE ( 'NONE', ( #2310 ), #4612, .T. ) ;
#5571 = ORIENTED_EDGE ( 'NONE', *, *, #2105, .F. ) ;
#5572 = ORIENTED_EDGE ( 'NONE', *, *, #3985, .F. ) ;
#5573 = VERTEX_POINT ( 'NONE', #590 ) ;
#5574 = ORIENTED_EDGE ( 'NONE', *, *, #1077, .F. ) ;
#5575 = CARTESIAN_POINT ( 'NONE',  ( 0.08464566929133858500, 0.1678879356802253100, -0.2377540845825869300 ) ) ;
#5576 = CARTESIAN_POINT ( 'NONE',  ( -0.08464566929133858500, -0.1745017349850655200, -0.2164675995059040200 ) ) ;
#5577 = EDGE_CURVE ( 'NONE', #3836, #6078, #1982, .T. ) ;
#5578 = VECTOR ( 'NONE', #1586, 39.37007874015748100 ) ;
#5579 = DIRECTION ( 'NONE',  ( 0.0000000000000000000, 0.0000000000000000000, -1.000000000000000000 ) ) ;
#5580 = ORIENTED_EDGE ( 'NONE', *, *, #315, .T. ) ;
#5581 = VERTEX_POINT ( 'NONE', #3184 ) ;
#5582 = CIRCLE ( 'NONE', #4982, 0.3230450991271856000 ) ;
#5583 = AXIS2_PLACEMENT_3D ( 'NONE', #3464, #3484, #3504 ) ;
#5584 = ORIENTED_EDGE ( 'NONE', *, *, #1412, .T. ) ;
#5585 = ORIENTED_EDGE ( 'NONE', *, *, #4173, .F. ) ;
#5586 = ORIENTED_EDGE ( 'NONE', *, *, #168, .F. ) ;
#5587 = CARTESIAN_POINT ( 'NONE',  ( -0.08464566929133858500, 0.2401846011535793700, -0.2160312325539740800 ) ) ;
#5588 = CARTESIAN_POINT ( 'NONE',  ( 0.08464566929133858500, -0.2891624680536944400, 0.1270474709397116400 ) ) ;
#5589 = B_SPLINE_CURVE_WITH_KNOTS ( 'NONE', 3,
 ( #3759, #1706, #2220, #5923, #2749, #6451, #3277, #164, #3803, #685, #4328, #1221, #4878, #1729, #5422, #2245, #5947, #2772 ),
 .UNSPECIFIED., .F., .F.,
 ( 4, 2, 2, 2, 2, 2, 2, 2, 4 ),
 ( 8.940560153363745000E-019, 0.0004429097499674667700, 0.0008858194999349326800, 0.001328729249902398500, 0.001771638999869864500, 0.002214548749837330500, 0.002657458499804796200, 0.003100368249772262400, 0.003543277999739728100 ),
 .UNSPECIFIED. ) ;
#5590 = DIRECTION ( 'NONE',  ( 0.0000000000000000000, 6.829619984160649600E-015, 1.000000000000000000 ) ) ;
#5591 = CARTESIAN_POINT ( 'NONE',  ( 0.08464566929133858500, 0.0000000000000000000, 0.0000000000000000000 ) ) ;
#5592 = VERTEX_POINT ( 'NONE', #2644 ) ;
#5593 = ORIENTED_EDGE ( 'NONE', *, *, #5712, .T. ) ;
#5594 = ORIENTED_EDGE ( 'NONE', *, *, #1649, .F. ) ;
#5595 = VERTEX_POINT ( 'NONE', #5325 ) ;
#5596 = DIRECTION ( 'NONE',  ( 0.0000000000000000000, 0.0000000000000000000, 1.000000000000000000 ) ) ;
#5597 = DIRECTION ( 'NONE',  ( 0.0000000000000000000, 0.3420201433256761500, 0.9396926207859055400 ) ) ;
#5598 = ORIENTED_EDGE ( 'NONE', *, *, #6148, .F. ) ;
#5599 = CARTESIAN_POINT ( 'NONE',  ( 0.08464566929133858500, 0.2401846011535823700, 0.2160312325539708000 ) ) ;
#5600 = ADVANCED_FACE ( 'NONE', ( #6033, #1829 ), #4229, .T. ) ;
#5601 = ORIENTED_EDGE ( 'NONE', *, *, #380, .T. ) ;
#5602 = EDGE_CURVE ( 'NONE', #1568, #1883, #440, .T. ) ;
#5603 = ADVANCED_FACE ( 'NONE', ( #3048 ), #285, .F. ) ;
#5604 = ORIENTED_EDGE ( 'NONE', *, *, #2170, .T. ) ;
#5605 = AXIS2_PLACEMENT_3D ( 'NONE', #1724, #5417, #2240 ) ;
#5606 = ORIENTED_EDGE ( 'NONE', *, *, #5403, .T. ) ;
#5607 = ORIENTED_EDGE ( 'NONE', *, *, #343, .T. ) ;
#5608 = ORIENTED_EDGE ( 'NONE', *, *, #68, .F. ) ;
#5609 = DIRECTION ( 'NONE',  ( 1.000000000000000000, 0.0000000000000000000, 0.0000000000000000000 ) ) ;
#5610 = DIRECTION ( 'NONE',  ( 1.000000000000000000, 0.0000000000000000000, 0.0000000000000000000 ) ) ;
#5611 = CARTESIAN_POINT ( 'NONE',  ( 0.08464566929133858500, -0.2551348235983696400, -0.1540685006779866100 ) ) ;
#5612 = DIRECTION ( 'NONE',  ( 0.0000000000000000000, 0.0000000000000000000, 1.000000000000000000 ) ) ;
#5613 = VERTEX_POINT ( 'NONE', #4805 ) ;
#5614 = DIRECTION ( 'NONE',  ( 0.0000000000000000000, -0.2857901232724638900, -0.9582922338409667300 ) ) ;
#5615 = CARTESIAN_POINT ( 'NONE',  ( 0.08464566929133858500, 0.2747173077608816000, 0.04288913574857328900 ) ) ;
#5616 = CARTESIAN_POINT ( 'NONE',  ( 0.1437007874015748000, 0.0000000000000000000, 0.0000000000000000000 ) ) ;
#5617 = DIRECTION ( 'NONE',  ( 0.0000000000000000000, 0.3970504385406458100, -0.9177967908282753700 ) ) ;
#5618 = DIRECTION ( 'NONE',  ( 0.0000000000000000000, 0.0000000000000000000, 1.000000000000000000 ) ) ;
#5619 = CONICAL_SURFACE ( 'NONE', #4118, 0.4330708661417323500, 1.107148717794090400 ) ;
#5620 = EDGE_CURVE ( 'NONE', #3352, #5913, #5868, .T. ) ;
#5621 = LINE ( 'NONE', #1884, #28 ) ;
#5622 = LINE ( 'NONE', #1671, #5289 ) ;
#5623 = CIRCLE ( 'NONE', #4649, 0.01000000000000000900 ) ;
#5624 = CIRCLE ( 'NONE', #5109, 0.2780450991271857200 ) ;
#5625 = FACE_OUTER_BOUND ( 'NONE', #3669, .T. ) ;
#5626 = CIRCLE ( 'NONE', #6433, 0.01000000000000001100 ) ;
#5627 = VECTOR ( 'NONE', #5352, 39.37007874015748100 ) ;
#5628 = ADVANCED_FACE ( 'NONE', ( #4449 ), #1501, .T. ) ;
#5629 = FACE_BOUND ( 'NONE', #548, .T. ) ;
#5630 = DIRECTION ( 'NONE',  ( -1.000000000000000000, -0.0000000000000000000, -0.0000000000000000000 ) ) ;
#5631 = CIRCLE ( 'NONE', #2179, 0.02000000000000001400 ) ;
#5632 = CYLINDRICAL_SURFACE ( 'NONE', #5324, 0.02000000000000002500 ) ;
#5633 = ORIENTED_EDGE ( 'NONE', *, *, #428, .F. ) ;
#5634 = ORIENTED_EDGE ( 'NONE', *, *, #345, .T. ) ;
#5635 = VECTOR ( 'NONE', #185, 39.37007874015748100 ) ;
#5636 = ORIENTED_EDGE ( 'NONE', *, *, #2707, .T. ) ;
#5637 = VERTEX_POINT ( 'NONE', #3224 ) ;
#5638 = CARTESIAN_POINT ( 'NONE',  ( 0.08464566929133858500, -0.2609946473093029400, -0.1239189882872532800 ) ) ;
#5639 = AXIS2_PLACEMENT_3D ( 'NONE', #5845, #2661, #6372 ) ;
#5640 = AXIS2_PLACEMENT_3D ( 'NONE', #4898, #5056, #4958 ) ;
#5641 = CARTESIAN_POINT ( 'NONE',  ( 0.08464566929133858500, 0.08913758683654324200, 0.06683547959719803000 ) ) ;
#5642 = ORIENTED_EDGE ( 'NONE', *, *, #5878, .T. ) ;
#5643 = CYLINDRICAL_SURFACE ( 'NONE', #1073, 0.01000000000000001600 ) ;
#5644 = ORIENTED_EDGE ( 'NONE', *, *, #3209, .T. ) ;
#5645 = VERTEX_POINT ( 'NONE', #638 ) ;
#5646 = EDGE_CURVE ( 'NONE', #4836, #5764, #3376, .T. ) ;
#5647 =( GEOMETRIC_REPRESENTATION_CONTEXT ( 3 ) GLOBAL_UNCERTAINTY_ASSIGNED_CONTEXT ( ( #1423 ) ) GLOBAL_UNIT_ASSIGNED_CONTEXT ( ( #1359, #5032, #1880 ) ) REPRESENTATION_CONTEXT ( 'NONE', 'WORKASPACE' ) );
#5648 = ORIENTED_EDGE ( 'NONE', *, *, #1580, .F. ) ;
#5649 = CARTESIAN_POINT ( 'NONE',  ( -0.08464566929133858500, -0.2924428417247582600, -0.05751578424816888900 ) ) ;
#5650 = AXIS2_PLACEMENT_3D ( 'NONE', #2506, #6222, #3049 ) ;
#5651 = CIRCLE ( 'NONE', #1071, 0.3230450991271856500 ) ;
#5652 = ORIENTED_EDGE ( 'NONE', *, *, #2320, .F. ) ;
#5653 = DIRECTION ( 'NONE',  ( 1.000000000000000000, 0.0000000000000000000, -0.0000000000000000000 ) ) ;
#5654 = CARTESIAN_POINT ( 'NONE',  ( 0.08464566929133858500, 0.1593453249480085400, 0.1837603765851187600 ) ) ;
#5655 = EDGE_CURVE ( 'NONE', #544, #4685, #1666, .T. ) ;
#5656 = EDGE_CURVE ( 'NONE', #5262, #5170, #4269, .T. ) ;
#5657 = FACE_OUTER_BOUND ( 'NONE', #482, .T. ) ;
#5658 = CARTESIAN_POINT ( 'NONE',  ( -0.2404390345581966000, 0.03882340756571929500, 0.04450000000000005300 ) ) ;
#5659 = CARTESIAN_POINT ( 'NONE',  ( -0.2342519685039370400, -0.03882340756571928100, -0.04450000000000004000 ) ) ;
#5660 = DIRECTION ( 'NONE',  ( 1.000000000000000000, -0.0000000000000000000, -0.0000000000000000000 ) ) ;
#5661 = EDGE_CURVE ( 'NONE', #801, #5743, #5543, .T. ) ;
#5662 = DIRECTION ( 'NONE',  ( 0.0000000000000000000, 0.3420201433256568300, -0.9396926207859127600 ) ) ;
#5663 = CARTESIAN_POINT ( 'NONE',  ( -0.1953734639910430500, -0.2154195923581114200, 0.02241190972440939800 ) ) ;
#5664 = ADVANCED_FACE ( 'NONE', ( #5376 ), #2542, .T. ) ;
#5665 = DIRECTION ( 'NONE',  ( 0.0000000000000000000, 0.0000000000000000000, 1.000000000000000000 ) ) ;
#5666 = ORIENTED_EDGE ( 'NONE', *, *, #5879, .F. ) ;
#5667 = VERTEX_POINT ( 'NONE', #5916 ) ;
#5668 = AXIS2_PLACEMENT_3D ( 'NONE', #5444, #4904, #1238 ) ;
#5669 = ORIENTED_EDGE ( 'NONE', *, *, #1580, .T. ) ;
#5670 = ORIENTED_EDGE ( 'NONE', *, *, #2998, .F. ) ;
#5671 = ORIENTED_EDGE ( 'NONE', *, *, #6553, .T. ) ;
#5672 = CARTESIAN_POINT ( 'NONE',  ( 0.08464566929133858500, 0.04512987944544123000, -0.3198772108971396600 ) ) ;
#5673 = DIRECTION ( 'NONE',  ( -1.000000000000000000, -0.0000000000000000000, -0.0000000000000000000 ) ) ;
#5674 = ORIENTED_EDGE ( 'NONE', *, *, #950, .T. ) ;
#5675 = ORIENTED_EDGE ( 'NONE', *, *, #973, .T. ) ;
#5676 = EDGE_CURVE ( 'NONE', #4689, #5003, #3948, .T. ) ;
#5677 = DIRECTION ( 'NONE',  ( -1.000000000000000000, -0.0000000000000000000, -0.0000000000000000000 ) ) ;
#5678 = ORIENTED_EDGE ( 'NONE', *, *, #3651, .F. ) ;
#5679 = CARTESIAN_POINT ( 'NONE',  ( -0.2463550837628578900, 0.04038187453063350100, 0.04320168995868010900 ) ) ;
#5680 = CARTESIAN_POINT ( 'NONE',  ( 0.08464566929133858500, -0.08688587567315340900, -0.2271775807468695300 ) ) ;
#5681 = ORIENTED_EDGE ( 'NONE', *, *, #5403, .F. ) ;
#5682 = CARTESIAN_POINT ( 'NONE',  ( 0.08464566929133858500, 0.1398467616490498300, 0.2831940607769777900 ) ) ;
#5683 = EDGE_CURVE ( 'NONE', #469, #4342, #2717, .T. ) ;
#5684 = DIRECTION ( 'NONE',  ( 0.0000000000000000000, 0.9848077530122098000, 0.1736481776669209500 ) ) ;
#5685 = ORIENTED_EDGE ( 'NONE', *, *, #3236, .F. ) ;
#5686 = AXIS2_PLACEMENT_3D ( 'NONE', #2165, #3220, #99 ) ;
#5687 = AXIS2_PLACEMENT_3D ( 'NONE', #738, #4377, #1263 ) ;
#5688 = ORIENTED_EDGE ( 'NONE', *, *, #3859, .T. ) ;
#5689 = AXIS2_PLACEMENT_3D ( 'NONE', #3700, #583, #4222 ) ;
#5690 = DIRECTION ( 'NONE',  ( 0.0000000000000000000, 0.0000000000000000000, 1.000000000000000000 ) ) ;
#5691 = CARTESIAN_POINT ( 'NONE',  ( 0.08464566929133858500, 0.07644636819248719400, -0.2808368146679670100 ) ) ;
#5692 = ADVANCED_FACE ( 'NONE', ( #6776 ), #3784, .T. ) ;
#5693 = DIRECTION ( 'NONE',  ( 0.0000000000000000000, 0.8660254037844328200, -0.5000000000000101000 ) ) ;
#5694 = CIRCLE ( 'NONE', #5566, 0.2780450991271857200 ) ;
#5695 = EDGE_CURVE ( 'NONE', #4330, #87, #1183, .T. ) ;
#5696 = LINE ( 'NONE', #2200, #4268 ) ;
#5697 = FACE_OUTER_BOUND ( 'NONE', #1869, .T. ) ;
#5698 = VECTOR ( 'NONE', #2701, 39.37007874015748100 ) ;
#5699 = CARTESIAN_POINT ( 'NONE',  ( -0.2221488532450162100, -0.04038187453063345200, 0.04320168995868012300 ) ) ;
#5700 = CARTESIAN_POINT ( 'NONE',  ( 0.08464566929133858500, 2.651794250122221500E-017, 0.2165354330708661500 ) ) ;
#5701 = DIRECTION ( 'NONE',  ( -1.000000000000000000, -0.0000000000000000000, -0.0000000000000000000 ) ) ;
#5702 = CIRCLE ( 'NONE', #5110, 0.01000000000000003500 ) ;
#5703 = CIRCLE ( 'NONE', #3012, 0.02000000000000000700 ) ;
#5704 = DIRECTION ( 'NONE',  ( -1.000000000000000000, -0.0000000000000000000, -0.0000000000000000000 ) ) ;
#5705 = LINE ( 'NONE', #3941, #4276 ) ;
#5706 = AXIS2_PLACEMENT_3D ( 'NONE', #6262, #1680, #5291 ) ;
#5707 = FACE_OUTER_BOUND ( 'NONE', #6512, .T. ) ;
#5708 = CIRCLE ( 'NONE', #4098, 0.2165157480314960600 ) ;
#5709 = DIRECTION ( 'NONE',  ( 1.000000000000000000, -0.0000000000000000000, -0.0000000000000000000 ) ) ;
#5710 = CARTESIAN_POINT ( 'NONE',  ( 0.08464566929133858500, 0.02421575952749779200, -0.2900464801944298000 ) ) ;
#5711 = CYLINDRICAL_SURFACE ( 'NONE', #579, 0.02000000000000002500 ) ;
#5712 = EDGE_CURVE ( 'NONE', #6156, #827, #5202, .T. ) ;
#5713 = CARTESIAN_POINT ( 'NONE',  ( 0.08464566929133858500, 0.04373286461478003600, 0.3199752742399542000 ) ) ;
#5714 = CIRCLE ( 'NONE', #1913, 0.2165354330708661500 ) ;
#5715 = EDGE_LOOP ( 'NONE', ( #74, #1002, #2700, #2256 ) ) ;
#5716 = ORIENTED_EDGE ( 'NONE', *, *, #834, .F. ) ;
#5717 = LINE ( 'NONE', #2019, #1364 ) ;
#5718 = EDGE_LOOP ( 'NONE', ( #1047, #2868, #828, #6514 ) ) ;
#5719 = DIRECTION ( 'NONE',  ( -1.000000000000000000, -0.0000000000000000000, -0.0000000000000000000 ) ) ;
#5720 = VERTEX_POINT ( 'NONE', #704 ) ;
#5721 = EDGE_CURVE ( 'NONE', #1642, #6599, #4105, .T. ) ;
#5722 = ORIENTED_EDGE ( 'NONE', *, *, #831, .T. ) ;
#5723 = DIRECTION ( 'NONE',  ( -1.000000000000000000, -0.0000000000000000000, -0.0000000000000000000 ) ) ;
#5724 = ORIENTED_EDGE ( 'NONE', *, *, #3765, .F. ) ;
#5725 = CARTESIAN_POINT ( 'NONE',  ( -0.08464566929133858500, -0.1710416144179564300, 0.2740490872223301800 ) ) ;
#5726 = AXIS2_PLACEMENT_3D ( 'NONE', #4751, #1612, #5290 ) ;
#5727 = DIRECTION ( 'NONE',  ( -1.000000000000000000, -0.0000000000000000000, -0.0000000000000000000 ) ) ;
#5728 = ADVANCED_FACE ( 'NONE', ( #2381 ), #867, .T. ) ;
#5729 = ORIENTED_EDGE ( 'NONE', *, *, #624, .T. ) ;
#5730 = CARTESIAN_POINT ( 'NONE',  ( 0.08464566929133858500, 0.0000000000000000000, -0.2165354330708660900 ) ) ;
#5731 = VECTOR ( 'NONE', #1065, 39.37007874015748100 ) ;
#5732 = CARTESIAN_POINT ( 'NONE',  ( -0.08464566929133858500, -0.3071808359793954900, -0.09999034991984445700 ) ) ;
#5733 = CARTESIAN_POINT ( 'NONE',  ( 0.08464566929133858500, 0.08688587567315500500, 0.2271775807468688900 ) ) ;
#5734 = VERTEX_POINT ( 'NONE', #3847 ) ;
#5735 = CARTESIAN_POINT ( 'NONE',  ( 0.08464566929133858500, 0.1657469476708085800, 0.2655657798462741100 ) ) ;
#5736 = DIRECTION ( 'NONE',  ( 0.0000000000000000000, -0.6427876096865352600, 0.7660444431189814600 ) ) ;
#5737 = AXIS2_PLACEMENT_3D ( 'NONE', #513, #3626, #5217 ) ;
#5738 = CARTESIAN_POINT ( 'NONE',  ( 0.08464566929133858500, 0.3128601855581032400, 0.01075817735950960300 ) ) ;
#5739 = LINE ( 'NONE', #6787, #2925 ) ;
#5740 = VERTEX_POINT ( 'NONE', #733 ) ;
#5741 = ORIENTED_EDGE ( 'NONE', *, *, #4580, .F. ) ;
#5742 = CARTESIAN_POINT ( 'NONE',  ( -0.08464566929133858500, -0.2903128943442362900, 0.1171138653833172400 ) ) ;
#5743 = VERTEX_POINT ( 'NONE', #2265 ) ;
#5744 = EDGE_CURVE ( 'NONE', #764, #3896, #3613, .T. ) ;
#5745 = EDGE_CURVE ( 'NONE', #1992, #4757, #6444, .T. ) ;
#5746 = DIRECTION ( 'NONE',  ( 0.0000000000000000000, 0.9848077530122061300, -0.1736481776669413200 ) ) ;
#5747 = CARTESIAN_POINT ( 'NONE',  ( 0.08464566929133858500, 0.005466606461053531900, -0.2779913548340064400 ) ) ;
#5748 = ORIENTED_EDGE ( 'NONE', *, *, #5306, .F. ) ;
#5749 = CARTESIAN_POINT ( 'NONE',  ( -0.08464566929133858500, 0.2434808785492307000, -0.1342614573492381900 ) ) ;
#5750 = EDGE_CURVE ( 'NONE', #5484, #5162, #2224, .T. ) ;
#5751 = VERTEX_POINT ( 'NONE', #1260 ) ;
#5752 = CARTESIAN_POINT ( 'NONE',  ( 0.08464566929133858500, 0.06492233755862683600, -0.3062389984529618700 ) ) ;
#5753 = ORIENTED_EDGE ( 'NONE', *, *, #4310, .T. ) ;
#5754 = ORIENTED_EDGE ( 'NONE', *, *, #2375, .T. ) ;
#5755 = CARTESIAN_POINT ( 'NONE',  ( 0.08464566929133858500, -0.1074241567854200400, -0.2580124667216839900 ) ) ;
#5756 = ORIENTED_EDGE ( 'NONE', *, *, #5577, .T. ) ;
#5757 = DIRECTION ( 'NONE',  ( 0.0000000000000000000, 0.3420201433256756000, 0.9396926207859058700 ) ) ;
#5758 = ORIENTED_EDGE ( 'NONE', *, *, #5128, .T. ) ;
#5759 = DIRECTION ( 'NONE',  ( 0.0000000000000000000, 0.8941066874364991300, -0.4478540292118964900 ) ) ;
#5760 = ORIENTED_EDGE ( 'NONE', *, *, #3903, .T. ) ;
#5761 = VERTEX_POINT ( 'NONE', #3868 ) ;
#5762 = DIRECTION ( 'NONE',  ( 1.000000000000000000, 0.0000000000000000000, 0.0000000000000000000 ) ) ;
#5763 = ORIENTED_EDGE ( 'NONE', *, *, #5448, .T. ) ;
#5764 = VERTEX_POINT ( 'NONE', #2288 ) ;
#5765 = DIRECTION ( 'NONE',  ( 0.0000000000000000000, -0.5963101170987857900, 0.8027541617740964200 ) ) ;
#5766 = ORIENTED_EDGE ( 'NONE', *, *, #2679, .F. ) ;
#5767 = AXIS2_PLACEMENT_3D ( 'NONE', #3054, #3030, #3004 ) ;
#5768 = DIRECTION ( 'NONE',  ( 1.000000000000000000, 0.0000000000000000000, 0.0000000000000000000 ) ) ;
#5769 = CARTESIAN_POINT ( 'NONE',  ( 0.08464566929133858500, -0.04373286461477388100, 0.3199752742399550300 ) ) ;
#5770 = DIRECTION ( 'NONE',  ( -0.0000000000000000000, 0.9582922338409711700, 0.2857901232724489600 ) ) ;
#5771 = VERTEX_POINT ( 'NONE', #5991 ) ;
#5772 = DIRECTION ( 'NONE',  ( 0.0000000000000000000, 0.6427876096865294800, -0.7660444431189862300 ) ) ;
#5773 = EDGE_CURVE ( 'NONE', #1144, #1550, #3450, .T. ) ;
#5774 = CARTESIAN_POINT ( 'NONE',  ( 0.08464566929133858500, -0.2086386688544349900, 0.1250148568936528500 ) ) ;
#5775 = EDGE_CURVE ( 'NONE', #3439, #801, #4871, .T. ) ;
#5776 = AXIS2_PLACEMENT_3D ( 'NONE', #2787, #6494, #3317 ) ;
#5777 = AXIS2_PLACEMENT_3D ( 'NONE', #2084, #5783, #2607 ) ;
#5778 = DIRECTION ( 'NONE',  ( 1.000000000000000000, 0.0000000000000000000, 0.0000000000000000000 ) ) ;
#5779 = LINE ( 'NONE', #6648, #363 ) ;
#5780 = CIRCLE ( 'NONE', #2617, 0.01999999999999998000 ) ;
#5781 = CARTESIAN_POINT ( 'NONE',  ( -0.08464566929133858500, -0.2327495835104525000, 0.2193438928253231000 ) ) ;
#5782 = CIRCLE ( 'NONE', #2490, 0.01999999999999999000 ) ;
#5783 = DIRECTION ( 'NONE',  ( -1.000000000000000000, 0.0000000000000000000, -0.0000000000000000000 ) ) ;
#5784 = LINE ( 'NONE', #4215, #4362 ) ;
#5785 = VECTOR ( 'NONE', #3538, 39.37007874015747400 ) ;
#5786 = CYLINDRICAL_SURFACE ( 'NONE', #6085, 0.2165354330708661500 ) ;
#5787 = DIRECTION ( 'NONE',  ( -1.000000000000000000, -0.0000000000000000000, -0.0000000000000000000 ) ) ;
#5788 = EDGE_CURVE ( 'NONE', #3237, #5840, #6119, .T. ) ;
#5789 = LINE ( 'NONE', #615, #2972 ) ;
#5790 = CARTESIAN_POINT ( 'NONE',  ( 0.08464566929133858500, -0.1960315511398808600, -0.2045050379644657900 ) ) ;
#5791 = CARTESIAN_POINT ( 'NONE',  ( -0.08464566929133858500, -0.04373286461477388100, 0.3099752742399549700 ) ) ;
#5792 = VECTOR ( 'NONE', #629, 39.37007874015748100 ) ;
#5793 = DIRECTION ( 'NONE',  ( 0.0000000000000000000, 0.0000000000000000000, -1.000000000000000000 ) ) ;
#5794 = VECTOR ( 'NONE', #4741, 39.37007874015748900 ) ;
#5795 = DIRECTION ( 'NONE',  ( -1.000000000000000000, -0.0000000000000000000, -0.0000000000000000000 ) ) ;
#5796 = CIRCLE ( 'NONE', #4227, 0.2780450991271856700 ) ;
#5797 = DIRECTION ( 'NONE',  ( 0.0000000000000000000, -0.8660254037844370400, 0.5000000000000025500 ) ) ;
#5798 = VERTEX_POINT ( 'NONE', #2304 ) ;
#5799 = AXIS2_PLACEMENT_3D ( 'NONE', #5591, #3999, #6200 ) ;
#5800 = CIRCLE ( 'NONE', #6224, 0.01999999999999998000 ) ;
#5801 = ORIENTED_EDGE ( 'NONE', *, *, #4337, .F. ) ;
#5802 = CARTESIAN_POINT ( 'NONE',  ( -0.08464566929133861300, 0.0000000000000000000, 0.3937007874015748800 ) ) ;
#5803 = DIRECTION ( 'NONE',  ( 0.0000000000000000000, -0.6870103571193959500, -0.7266476238251110600 ) ) ;
#5804 = ADVANCED_FACE ( 'NONE', ( #2057 ), #4528, .T. ) ;
#5805 = ORIENTED_EDGE ( 'NONE', *, *, #6146, .F. ) ;
#5806 = CIRCLE ( 'NONE', #5777, 0.2165354330708661500 ) ;
#5807 = EDGE_LOOP ( 'NONE', ( #906, #5252, #4152, #1709 ) ) ;
#5808 =( LENGTH_UNIT ( ) NAMED_UNIT ( * ) SI_UNIT ( $, .METRE. ) );
#5809 = ORIENTED_EDGE ( 'NONE', *, *, #3742, .F. ) ;
#5810 = CARTESIAN_POINT ( 'NONE',  ( 0.08464566929133858500, -0.1471132378872952200, 0.2763239572057869000 ) ) ;
#5811 = ORIENTED_EDGE ( 'NONE', *, *, #3571, .T. ) ;
#5812 = CYLINDRICAL_SURFACE ( 'NONE', #372, 0.05905511811023623400 ) ;
#5813 = EDGE_LOOP ( 'NONE', ( #6176, #5851, #2786, #2120 ) ) ;
#5814 = DIRECTION ( 'NONE',  ( 0.0000000000000000000, 0.0000000000000000000, 1.000000000000000000 ) ) ;
#5815 = EDGE_CURVE ( 'NONE', #3356, #3187, #4694, .T. ) ;
#5816 = CARTESIAN_POINT ( 'NONE',  ( 0.08464566929133858500, 0.0000000000000000000, 0.0000000000000000000 ) ) ;
#5817 = DIRECTION ( 'NONE',  ( 0.0000000000000000000, 0.0000000000000000000, 1.000000000000000000 ) ) ;
#5818 = DIRECTION ( 'NONE',  ( 1.000000000000000000, -0.0000000000000000000, -0.0000000000000000000 ) ) ;
#5819 = CARTESIAN_POINT ( 'NONE',  ( 0.08464566929133858500, 0.2401846011535793700, -0.2160312325539740800 ) ) ;
#5820 = DIRECTION ( 'NONE',  ( 0.0000000000000000000, 0.9933605556394440300, 0.1150426290541691100 ) ) ;
#5821 = AXIS2_PLACEMENT_3D ( 'NONE', #5204, #2041, #5736 ) ;
#5822 = CARTESIAN_POINT ( 'NONE',  ( -0.08464566929133858500, -0.1002155727758182500, -0.2593567352544776100 ) ) ;
#5823 = DIRECTION ( 'NONE',  ( -1.000000000000000000, -0.0000000000000000000, -0.0000000000000000000 ) ) ;
#5824 = CIRCLE ( 'NONE', #3415, 0.3937007874015748800 ) ;
#5825 = DIRECTION ( 'NONE',  ( -1.000000000000000000, -0.0000000000000000000, -0.0000000000000000000 ) ) ;
#5826 = ORIENTED_EDGE ( 'NONE', *, *, #255, .F. ) ;
#5827 = DIRECTION ( 'NONE',  ( 0.0000000000000000000, 0.9848077530122063500, -0.1736481776669404600 ) ) ;
#5828 = CARTESIAN_POINT ( 'NONE',  ( 0.08464566929133858500, 0.1960315511398824700, 0.2245050379644644700 ) ) ;
#5829 = DIRECTION ( 'NONE',  ( 1.000000000000000000, 0.0000000000000000000, 0.0000000000000000000 ) ) ;
#5830 = DIRECTION ( 'NONE',  ( -1.000000000000000000, -0.0000000000000000000, -0.0000000000000000000 ) ) ;
#5831 = VERTEX_POINT ( 'NONE', #1309 ) ;
#5832 = PLANE ( 'NONE',  #4608 ) ;
#5833 = ORIENTED_EDGE ( 'NONE', *, *, #4217, .T. ) ;
#5834 = VERTEX_POINT ( 'NONE', #3382 ) ;
#5835 = EDGE_CURVE ( 'NONE', #4239, #6385, #1909, .T. ) ;
#5836 = ORIENTED_EDGE ( 'NONE', *, *, #2495, .F. ) ;
#5837 = ORIENTED_EDGE ( 'NONE', *, *, #79, .F. ) ;
#5838 = VERTEX_POINT ( 'NONE', #4994 ) ;
#5839 = CARTESIAN_POINT ( 'NONE',  ( -0.2220911579271836500, 0.04040132657830086700, -0.04318327540733187000 ) ) ;
#5840 = VERTEX_POINT ( 'NONE', #269 ) ;
#5841 = EDGE_CURVE ( 'NONE', #4054, #639, #5780, .T. ) ;
#5842 = ADVANCED_FACE ( 'NONE', ( #5951 ), #1582, .T. ) ;
#5843 = DIRECTION ( 'NONE',  ( 0.0000000000000000000, -0.9848077530122074700, 0.1736481776669335500 ) ) ;
#5844 = AXIS2_PLACEMENT_3D ( 'NONE', #1496, #34, #156 ) ;
#5845 = CARTESIAN_POINT ( 'NONE',  ( 0.08464566929133858500, 0.2125853763475975300, 0.1181789589928825400 ) ) ;
#5846 = CARTESIAN_POINT ( 'NONE',  ( -0.08464566929133858500, 0.05034151896781741100, -0.09938924583697496300 ) ) ;
#5847 = DIRECTION ( 'NONE',  ( -1.000000000000000000, -0.0000000000000000000, -0.0000000000000000000 ) ) ;
#5848 = ORIENTED_EDGE ( 'NONE', *, *, #3156, .F. ) ;
#5849 = VERTEX_POINT ( 'NONE', #826 ) ;
#5850 = ORIENTED_EDGE ( 'NONE', *, *, #1905, .T. ) ;
#5851 = ORIENTED_EDGE ( 'NONE', *, *, #1775, .T. ) ;
#5852 = EDGE_LOOP ( 'NONE', ( #1153, #2508, #330, #14 ) ) ;
#5853 = CARTESIAN_POINT ( 'NONE',  ( 0.08464566929133858500, 0.3151766316582617100, 0.02048618216342803700 ) ) ;
#5854 = VERTEX_POINT ( 'NONE', #291 ) ;
#5855 = ORIENTED_EDGE ( 'NONE', *, *, #2359, .T. ) ;
#5856 = EDGE_CURVE ( 'NONE', #2678, #233, #2962, .T. ) ;
#5857 = CARTESIAN_POINT ( 'NONE',  ( 0.08464566929133858500, -0.2327495835104554400, -0.2093438928253199000 ) ) ;
#5858 = AXIS2_PLACEMENT_3D ( 'NONE', #2945, #6659, #3461 ) ;
#5859 = AXIS2_PLACEMENT_3D ( 'NONE', #6046, #6022, #6003 ) ;
#5860 = CARTESIAN_POINT ( 'NONE',  ( -0.2194547438232988300, 0.04147736144234007900, 0.04206651162062881300 ) ) ;
#5861 = CARTESIAN_POINT ( 'NONE',  ( -0.08464566929133858500, -0.005859823710934334100, -0.2779874889652428300 ) ) ;
#5862 = DIRECTION ( 'NONE',  ( -1.000000000000000000, -0.0000000000000000000, -0.0000000000000000000 ) ) ;
#5863 = CARTESIAN_POINT ( 'NONE',  ( -0.08464566929133858500, 0.06492233755862683600, -0.3062389984529618700 ) ) ;
#5864 = CIRCLE ( 'NONE', #5198, 0.01000000000000000900 ) ;
#5865 = EDGE_CURVE ( 'NONE', #802, #4346, #1741, .T. ) ;
#5866 = FACE_OUTER_BOUND ( 'NONE', #1294, .T. ) ;
#5867 = LINE ( 'NONE', #698, #3047 ) ;
#5868 = LINE ( 'NONE', #2168, #5698 ) ;
#5869 = DIRECTION ( 'NONE',  ( 0.0000000000000000000, 0.0000000000000000000, 1.000000000000000000 ) ) ;
#5870 = AXIS2_PLACEMENT_3D ( 'NONE', #1773, #5464, #2292 ) ;
#5871 = VECTOR ( 'NONE', #3152, 39.37007874015748100 ) ;
#5872 = CARTESIAN_POINT ( 'NONE',  ( 0.08464566929133858500, 0.2898450449421470200, 0.02651817499671020900 ) ) ;
#5873 = LINE ( 'NONE', #1855, #4453 ) ;
#5874 = ADVANCED_FACE ( 'NONE', ( #3129 ), #2796, .F. ) ;
#5875 = DIRECTION ( 'NONE',  ( -1.000000000000000000, -0.0000000000000000000, -0.0000000000000000000 ) ) ;
#5876 = CYLINDRICAL_SURFACE ( 'NONE', #4523, 0.02000000000000002500 ) ;
#5877 = VECTOR ( 'NONE', #1627, 39.37007874015748100 ) ;
#5878 = EDGE_CURVE ( 'NONE', #2677, #1046, #4180, .T. ) ;
#5879 = EDGE_CURVE ( 'NONE', #4082, #1694, #201, .T. ) ;
#5880 = FACE_OUTER_BOUND ( 'NONE', #3478, .T. ) ;
#5881 = CARTESIAN_POINT ( 'NONE',  ( -0.08464566929133858500, 0.04373286461478003600, 0.3099752742399541300 ) ) ;
#5882 = FACE_OUTER_BOUND ( 'NONE', #1303, .T. ) ;
#5883 = EDGE_CURVE ( 'NONE', #3109, #2564, #5621, .T. ) ;
#5884 = CYLINDRICAL_SURFACE ( 'NONE', #1229, 0.3230450991271856500 ) ;
#5885 = DIRECTION ( 'NONE',  ( 0.0000000000000000000, 0.8660254037844337100, -0.5000000000000087700 ) ) ;
#5886 = ORIENTED_EDGE ( 'NONE', *, *, #108, .T. ) ;
#5887 = FACE_OUTER_BOUND ( 'NONE', #3489, .T. ) ;
#5888 = DIRECTION ( 'NONE',  ( -1.000000000000000000, -0.0000000000000000000, -0.0000000000000000000 ) ) ;
#5889 = ORIENTED_EDGE ( 'NONE', *, *, #5925, .F. ) ;
#5890 = AXIS2_PLACEMENT_3D ( 'NONE', #2720, #3096, #3120 ) ;
#5891 = VERTEX_POINT ( 'NONE', #1903 ) ;
#5892 = ORIENTED_EDGE ( 'NONE', *, *, #4769, .T. ) ;
#5893 = CARTESIAN_POINT ( 'NONE',  ( -0.1240157480314960400, 0.0000000000000000000, 0.0000000000000000000 ) ) ;
#5894 = ORIENTED_EDGE ( 'NONE', *, *, #1391, .T. ) ;
#5895 = DIRECTION ( 'NONE',  ( -1.000000000000000000, -0.0000000000000000000, -0.0000000000000000000 ) ) ;
#5896 = CARTESIAN_POINT ( 'NONE',  ( 0.1437007874015748000, 0.0000000000000000000, 0.2165354330708661500 ) ) ;
#5897 = DIRECTION ( 'NONE',  ( 0.0000000000000000000, 0.9177967908282667100, -0.3970504385406657400 ) ) ;
#5898 = VECTOR ( 'NONE', #3153, 39.37007874015748100 ) ;
#5899 = EDGE_CURVE ( 'NONE', #4334, #3325, #4358, .T. ) ;
#5900 = VERTEX_POINT ( 'NONE', #1383 ) ;
#5901 = EDGE_CURVE ( 'NONE', #2856, #3163, #5460, .T. ) ;
#5902 = LINE ( 'NONE', #6230, #1705 ) ;
#5903 = DIRECTION ( 'NONE',  ( 0.0000000000000000000, 0.0000000000000000000, -1.000000000000000000 ) ) ;
#5904 = ADVANCED_FACE ( 'NONE', ( #1420 ), #340, .T. ) ;
#5905 = CARTESIAN_POINT ( 'NONE',  ( -0.08464566929133858500, 0.2327495835104569100, 0.2193438928253183300 ) ) ;
#5906 = CARTESIAN_POINT ( 'NONE',  ( 0.08464566929133858500, -0.2632954998903863100, -0.1240517771744644200 ) ) ;
#5907 = ORIENTED_EDGE ( 'NONE', *, *, #601, .F. ) ;
#5908 = ORIENTED_EDGE ( 'NONE', *, *, #4427, .F. ) ;
#5909 = DIRECTION ( 'NONE',  ( -1.000000000000000000, -0.0000000000000000000, -0.0000000000000000000 ) ) ;
#5910 = AXIS2_PLACEMENT_3D ( 'NONE', #6165, #2995, #6704 ) ;
#5911 = AXIS2_PLACEMENT_3D ( 'NONE', #6769, #3587, #472 ) ;
#5912 = DIRECTION ( 'NONE',  ( 0.0000000000000000000, 0.0000000000000000000, 1.000000000000000000 ) ) ;
#5913 = VERTEX_POINT ( 'NONE', #2966 ) ;
#5914 = AXIS2_PLACEMENT_3D ( 'NONE', #3373, #1810, #6023 ) ;
#5915 = ORIENTED_EDGE ( 'NONE', *, *, #2545, .F. ) ;
#5916 = CARTESIAN_POINT ( 'NONE',  ( -0.08464566929133858500, 0.06699623482581861000, 0.3160215824738192800 ) ) ;
#5917 = ORIENTED_EDGE ( 'NONE', *, *, #5744, .T. ) ;
#5918 = DIRECTION ( 'NONE',  ( 0.0000000000000000000, 0.9848077530122063500, -0.1736481776669404600 ) ) ;
#5919 = ORIENTED_EDGE ( 'NONE', *, *, #5172, .F. ) ;
#5920 = ORIENTED_EDGE ( 'NONE', *, *, #272, .F. ) ;
#5921 = CARTESIAN_POINT ( 'NONE',  ( 0.1043307086614173300, 0.0000000000000000000, 0.0000000000000000000 ) ) ;
#5922 = CARTESIAN_POINT ( 'NONE',  ( 0.08464566929133858500, -0.02532233489663197900, -0.1084954841245135700 ) ) ;
#5923 = CARTESIAN_POINT ( 'NONE',  ( -0.2567058901774318400, 0.2130121636040424000, 0.03885971169857567500 ) ) ;
#5924 = ORIENTED_EDGE ( 'NONE', *, *, #2320, .T. ) ;
#5925 = EDGE_CURVE ( 'NONE', #5228, #5595, #6406, .T. ) ;
#5926 = VERTEX_POINT ( 'NONE', #2430 ) ;
#5927 = ORIENTED_EDGE ( 'NONE', *, *, #4885, .F. ) ;
#5928 = ORIENTED_EDGE ( 'NONE', *, *, #5655, .F. ) ;
#5929 = DIRECTION ( 'NONE',  ( -1.000000000000000000, -0.0000000000000000000, -0.0000000000000000000 ) ) ;
#5930 = DIRECTION ( 'NONE',  ( -1.000000000000000000, -0.0000000000000000000, -0.0000000000000000000 ) ) ;
#5931 = EDGE_LOOP ( 'NONE', ( #3845, #2744, #3488, #6641 ) ) ;
#5932 = AXIS2_PLACEMENT_3D ( 'NONE', #2469, #2345, #2785 ) ;
#5933 = CARTESIAN_POINT ( 'NONE',  ( 0.08464566929133858500, -0.1753298700092164000, -0.2627078786135505500 ) ) ;
#5934 = DIRECTION ( 'NONE',  ( 0.0000000000000000000, 0.8660254037844403700, -0.4999999999999970600 ) ) ;
#5935 = ORIENTED_EDGE ( 'NONE', *, *, #587, .F. ) ;
#5936 = CARTESIAN_POINT ( 'NONE',  ( -0.08464566929133858500, 0.2401846011535823700, 0.2160312325539708000 ) ) ;
#5937 = CARTESIAN_POINT ( 'NONE',  ( 0.08464566929133858500, 0.07490479875482621000, 0.3068310022252961900 ) ) ;
#5938 = VERTEX_POINT ( 'NONE', #3486 ) ;
#5939 = CARTESIAN_POINT ( 'NONE',  ( 0.08464566929133858500, 2.651794250122220900E-017, 0.2165354330708660900 ) ) ;
#5940 = ORIENTED_EDGE ( 'NONE', *, *, #5408, .F. ) ;
#5941 = CARTESIAN_POINT ( 'NONE',  ( 0.08464566929133858500, 0.1657469476708085800, 0.2655657798462741100 ) ) ;
#5942 = CARTESIAN_POINT ( 'NONE',  ( 0.08464566929133858500, -0.2465800297294587800, 0.1928614088566417100 ) ) ;
#5943 = ORIENTED_EDGE ( 'NONE', *, *, #3412, .F. ) ;
#5944 = CARTESIAN_POINT ( 'NONE',  ( 0.08464566929133858500, -0.06699623482581205900, 0.3160215824738207300 ) ) ;
#5945 = DIRECTION ( 'NONE',  ( -1.000000000000000000, -0.0000000000000000000, -0.0000000000000000000 ) ) ;
#5946 = ADVANCED_FACE ( 'NONE', ( #4028 ), #6235, .F. ) ;
#5947 = CARTESIAN_POINT ( 'NONE',  ( -0.2400691107386626900, 0.2118934145877079700, -0.04450000000000004000 ) ) ;
#5948 = CIRCLE ( 'NONE', #3771, 0.3230450991271856500 ) ;
#5949 = DIRECTION ( 'NONE',  ( 0.0000000000000000000, 0.9728004803918436400, -0.2316446100158562300 ) ) ;
#5950 = EDGE_CURVE ( 'NONE', #1306, #1363, #825, .T. ) ;
#5951 = FACE_OUTER_BOUND ( 'NONE', #3098, .T. ) ;
#5952 = AXIS2_PLACEMENT_3D ( 'NONE', #76, #613, #4253 ) ;
#5953 = AXIS2_PLACEMENT_3D ( 'NONE', #5026, #1876, #5565 ) ;
#5954 = LINE ( 'NONE', #2068, #4530 ) ;
#5955 = CARTESIAN_POINT ( 'NONE',  ( -0.2569997381795773900, -0.04473639140618949200, 0.03867797832739083100 ) ) ;
#5956 = CIRCLE ( 'NONE', #3238, 0.05905511811023623400 ) ;
#5957 = DIRECTION ( 'NONE',  ( -1.000000000000000000, -0.0000000000000000000, -0.0000000000000000000 ) ) ;
#5958 = DIRECTION ( 'NONE',  ( 0.0000000000000000000, 0.6427876096865284800, -0.7660444431189870100 ) ) ;
#5959 = LINE ( 'NONE', #3564, #5785 ) ;
#5960 = FACE_OUTER_BOUND ( 'NONE', #1693, .T. ) ;
#5961 = CARTESIAN_POINT ( 'NONE',  ( -0.2342519685039370400, -0.3230450991271856500, 0.04450000000000005300 ) ) ;
#5962 = PLANE ( 'NONE',  #2260 ) ;
#5963 = CYLINDRICAL_SURFACE ( 'NONE', #2216, 0.02000000000000002500 ) ;
#5964 = DIRECTION ( 'NONE',  ( 1.000000000000000000, 0.0000000000000000000, 0.0000000000000000000 ) ) ;
#5965 = VECTOR ( 'NONE', #4245, 39.37007874015748100 ) ;
#5966 = CARTESIAN_POINT ( 'NONE',  ( -0.08464566929133858500, -0.1074241567854200400, -0.2780124667216840600 ) ) ;
#5967 = FACE_OUTER_BOUND ( 'NONE', #1618, .T. ) ;
#5968 = CIRCLE ( 'NONE', #3183, 0.01000000000000005100 ) ;
#5969 = CARTESIAN_POINT ( 'NONE',  ( -0.08464566929133858500, -0.1710416144179601700, -0.2740490872223277900 ) ) ;
#5970 = ORIENTED_EDGE ( 'NONE', *, *, #2337, .T. ) ;
#5971 = FACE_OUTER_BOUND ( 'NONE', #1873, .T. ) ;
#5972 = ORIENTED_EDGE ( 'NONE', *, *, #735, .F. ) ;
#5973 = CARTESIAN_POINT ( 'NONE',  ( -0.2698039764406181500, -0.2148168593208190600, -0.02738528982447349300 ) ) ;
#5974 = EDGE_CURVE ( 'NONE', #1555, #5913, #3573, .T. ) ;
#5975 = ORIENTED_EDGE ( 'NONE', *, *, #4202, .F. ) ;
#5976 = FACE_OUTER_BOUND ( 'NONE', #4624, .T. ) ;
#5977 = VERTEX_POINT ( 'NONE', #6698 ) ;
#5978 = ORIENTED_EDGE ( 'NONE', *, *, #4817, .T. ) ;
#5979 = CARTESIAN_POINT ( 'NONE',  ( 0.08464566929133858500, 0.2944779371424640100, 0.04597418460454713600 ) ) ;
#5980 = CARTESIAN_POINT ( 'NONE',  ( 0.08464566929133858500, 0.1828770619894851400, 0.2094398657055063800 ) ) ;
#5981 = ADVANCED_FACE ( 'NONE', ( #4829 ), #1945, .F. ) ;
#5982 = DIRECTION ( 'NONE',  ( 1.000000000000000000, 0.0000000000000000000, 0.0000000000000000000 ) ) ;
#5983 = DIRECTION ( 'NONE',  ( 0.0000000000000000000, 0.0000000000000000000, -1.000000000000000000 ) ) ;
#5984 = CARTESIAN_POINT ( 'NONE',  ( 0.08464566929133858500, -0.1532986182605020100, 0.1888341659364426700 ) ) ;
#5985 = DIRECTION ( 'NONE',  ( 0.0000000000000000000, 4.618527782440651200E-014, -1.000000000000000000 ) ) ;
#5986 = ORIENTED_EDGE ( 'NONE', *, *, #2813, .F. ) ;
#5987 = CYLINDRICAL_SURFACE ( 'NONE', #13, 0.02000000000000002100 ) ;
#5988 = CARTESIAN_POINT ( 'NONE',  ( -0.08464566929133858500, 0.0000000000000000000, 0.0000000000000000000 ) ) ;
#5989 = ORIENTED_EDGE ( 'NONE', *, *, #6432, .F. ) ;
#5990 = CARTESIAN_POINT ( 'NONE',  ( -0.08464566929133858500, -0.3128601855581033500, -0.01075817735950741800 ) ) ;
#5991 = CARTESIAN_POINT ( 'NONE',  ( 0.08464566929133858500, 0.2632954998903854800, -0.1240517771744661800 ) ) ;
#5992 = PLANE ( 'NONE',  #3070 ) ;
#5993 = VECTOR ( 'NONE', #706, 39.37007874015748100 ) ;
#5994 = DIRECTION ( 'NONE',  ( 1.000000000000000000, 0.0000000000000000000, 0.0000000000000000000 ) ) ;
#5995 = CARTESIAN_POINT ( 'NONE',  ( -0.08464566929133861300, 0.0000000000000000000, 0.0000000000000000000 ) ) ;
#5996 = ORIENTED_EDGE ( 'NONE', *, *, #4153, .T. ) ;
#5997 = AXIS2_PLACEMENT_3D ( 'NONE', #4312, #4192, #4350 ) ;
#5998 = CARTESIAN_POINT ( 'NONE',  ( -0.08464566929133858500, -0.2891624680536962800, -0.1270474709397076700 ) ) ;
#5999 = ORIENTED_EDGE ( 'NONE', *, *, #4112, .T. ) ;
#6000 = VERTEX_POINT ( 'NONE', #3008 ) ;
#6001 = EDGE_LOOP ( 'NONE', ( #2760, #6298, #5149, #4203 ) ) ;
#6002 = PLANE ( 'NONE',  #3452 ) ;
#6003 = DIRECTION ( 'NONE',  ( 0.0000000000000000000, -0.6427876096865355900, 0.7660444431189814600 ) ) ;
#6004 = EDGE_CURVE ( 'NONE', #3025, #2121, #2022, .T. ) ;
#6005 = DIRECTION ( 'NONE',  ( 0.0000000000000000000, 0.0000000000000000000, -1.000000000000000000 ) ) ;
#6006 = DIRECTION ( 'NONE',  ( -1.000000000000000000, -0.0000000000000000000, -0.0000000000000000000 ) ) ;
#6007 = CARTESIAN_POINT ( 'NONE',  ( 0.08464566929133858500, 0.08688587567315500500, 0.2271775807468688900 ) ) ;
#6008 = VERTEX_POINT ( 'NONE', #3527 ) ;
#6009 = ORIENTED_EDGE ( 'NONE', *, *, #2227, .F. ) ;
#6010 = DIRECTION ( 'NONE',  ( -1.000000000000000000, -0.0000000000000000000, -0.0000000000000000000 ) ) ;
#6011 = EDGE_CURVE ( 'NONE', #3163, #2416, #647, .T. ) ;
#6012 = EDGE_CURVE ( 'NONE', #3761, #588, #2181, .T. ) ;
#6013 = ORIENTED_EDGE ( 'NONE', *, *, #4331, .F. ) ;
#6014 = DIRECTION ( 'NONE',  ( 0.0000000000000000000, 0.0000000000000000000, 1.000000000000000000 ) ) ;
#6015 = ADVANCED_FACE ( 'NONE', ( #5000 ), #3556, .F. ) ;
#6016 = DIRECTION ( 'NONE',  ( -1.000000000000000000, -0.0000000000000000000, -0.0000000000000000000 ) ) ;
#6017 = ORIENTED_EDGE ( 'NONE', *, *, #6272, .T. ) ;
#6018 = ORIENTED_EDGE ( 'NONE', *, *, #50, .F. ) ;
#6019 = EDGE_CURVE ( 'NONE', #4926, #5891, #4652, .T. ) ;
#6020 = ORIENTED_EDGE ( 'NONE', *, *, #1312, .F. ) ;
#6021 = DIRECTION ( 'NONE',  ( 0.0000000000000000000, -0.3420201433256693200, -0.9396926207859082100 ) ) ;
#6022 = DIRECTION ( 'NONE',  ( 1.000000000000000000, 0.0000000000000000000, 0.0000000000000000000 ) ) ;
#6023 = DIRECTION ( 'NONE',  ( 0.0000000000000000000, 0.0000000000000000000, 1.000000000000000000 ) ) ;
#6024 = AXIS2_PLACEMENT_3D ( 'NONE', #5180, #2017, #2249 ) ;
#6025 = DIRECTION ( 'NONE',  ( -1.000000000000000000, -0.0000000000000000000, -0.0000000000000000000 ) ) ;
#6026 = DIRECTION ( 'NONE',  ( 0.0000000000000000000, 0.8660254037844429300, 0.4999999999999923900 ) ) ;
#6027 = CARTESIAN_POINT ( 'NONE',  ( -0.08464566929133858500, -0.07946849185770427100, 0.2298772876718208600 ) ) ;
#6028 = CYLINDRICAL_SURFACE ( 'NONE', #3419, 0.01999999999999999000 ) ;
#6029 = EDGE_CURVE ( 'NONE', #1234, #2119, #479, .T. ) ;
#6030 = DIRECTION ( 'NONE',  ( -1.000000000000000000, -0.0000000000000000000, -0.0000000000000000000 ) ) ;
#6031 = CARTESIAN_POINT ( 'NONE',  ( -0.08464566929133858500, 0.3228542786274534200, 0.01110183957909087800 ) ) ;
#6032 = VECTOR ( 'NONE', #417, 39.37007874015748100 ) ;
#6033 = FACE_OUTER_BOUND ( 'NONE', #3977, .T. ) ;
#6034 = VECTOR ( 'NONE', #536, 39.37007874015748100 ) ;
#6035 = DIRECTION ( 'NONE',  ( 0.0000000000000000000, -0.9848077530122083500, -0.1736481776669284400 ) ) ;
#6036 = EDGE_CURVE ( 'NONE', #5771, #4167, #5902, .T. ) ;
#6037 = VECTOR ( 'NONE', #1811, 39.37007874015748100 ) ;
#6038 = LINE ( 'NONE', #767, #788 ) ;
#6039 = VECTOR ( 'NONE', #2341, 39.37007874015748100 ) ;
#6040 = AXIS2_PLACEMENT_3D ( 'NONE', #3748, #1675, #5366 ) ;
#6041 = AXIS2_PLACEMENT_3D ( 'NONE', #162, #4877, #5396 ) ;
#6042 = ORIENTED_EDGE ( 'NONE', *, *, #438, .F. ) ;
#6043 = CARTESIAN_POINT ( 'NONE',  ( 0.08464566929133858500, -0.2924428417247582600, -0.05751578424816888900 ) ) ;
#6044 = AXIS2_PLACEMENT_3D ( 'NONE', #3678, #4742, #1605 ) ;
#6045 = CIRCLE ( 'NONE', #1322, 0.01000000000000004500 ) ;
#6046 = CARTESIAN_POINT ( 'NONE',  ( -0.08464566929133858500, 0.0000000000000000000, 0.0000000000000000000 ) ) ;
#6047 = ADVANCED_FACE ( 'NONE', ( #3090 ), #3577, .T. ) ;
#6048 = PLANE ( 'NONE',  #154 ) ;
#6049 = CARTESIAN_POINT ( 'NONE',  ( 0.08464566929133858500, 0.2898450449421469700, -0.02651817499671019200 ) ) ;
#6050 = DIRECTION ( 'NONE',  ( -1.000000000000000000, -0.0000000000000000000, -0.0000000000000000000 ) ) ;
#6051 = FILL_AREA_STYLE_COLOUR ( '', #6571 ) ;
#6052 = FACE_OUTER_BOUND ( 'NONE', #1857, .T. ) ;
#6053 = CIRCLE ( 'NONE', #6283, 0.2780450991271856700 ) ;
#6054 = ORIENTED_EDGE ( 'NONE', *, *, #1247, .T. ) ;
#6055 = CARTESIAN_POINT ( 'NONE',  ( 0.08464566929133858500, 0.04373286461478003600, 0.3099752742399541300 ) ) ;
#6056 = LINE ( 'NONE', #6606, #2163 ) ;
#6057 = EDGE_LOOP ( 'NONE', ( #6076, #4130, #6728, #6294 ) ) ;
#6058 = ORIENTED_EDGE ( 'NONE', *, *, #3934, .T. ) ;
#6059 = EDGE_CURVE ( 'NONE', #1366, #5838, #1872, .T. ) ;
#6060 = CARTESIAN_POINT ( 'NONE',  ( 0.08464566929133858500, 0.3071808359793947700, 0.09999034991984660800 ) ) ;
#6061 = VERTEX_POINT ( 'NONE', #4644 ) ;
#6062 = PRESENTATION_STYLE_ASSIGNMENT (( #845 ) ) ;
#6063 = ORIENTED_EDGE ( 'NONE', *, *, #3497, .T. ) ;
#6064 = DIRECTION ( 'NONE',  ( 0.0000000000000000000, 0.0000000000000000000, 1.000000000000000000 ) ) ;
#6065 = AXIS2_PLACEMENT_3D ( 'NONE', #637, #682, #5797 ) ;
#6066 = DIRECTION ( 'NONE',  ( -1.000000000000000000, -0.0000000000000000000, -0.0000000000000000000 ) ) ;
#6067 = FACE_OUTER_BOUND ( 'NONE', #141, .T. ) ;
#6068 = CARTESIAN_POINT ( 'NONE',  ( 0.08464566929133858500, -0.1002155727758182500, -0.2593567352544776100 ) ) ;
#6069 = ORIENTED_EDGE ( 'NONE', *, *, #4691, .F. ) ;
#6070 = CARTESIAN_POINT ( 'NONE',  ( 0.08464566929133858500, 0.02421575952750163600, 0.2900464801944295200 ) ) ;
#6071 = ORIENTED_EDGE ( 'NONE', *, *, #6647, .T. ) ;
#6072 = CARTESIAN_POINT ( 'NONE',  ( 0.08464566929133858500, 0.0000000000000000000, 0.0000000000000000000 ) ) ;
#6073 = EDGE_CURVE ( 'NONE', #5025, #3599, #5739, .T. ) ;
#6074 = VECTOR ( 'NONE', #5677, 39.37007874015748100 ) ;
#6075 = DIRECTION ( 'NONE',  ( -1.000000000000000000, 0.0000000000000000000, -0.0000000000000000000 ) ) ;
#6076 = ORIENTED_EDGE ( 'NONE', *, *, #2334, .T. ) ;
#6077 = ORIENTED_EDGE ( 'NONE', *, *, #6073, .T. ) ;
#6078 = VERTEX_POINT ( 'NONE', #4132 ) ;
#6079 = CARTESIAN_POINT ( 'NONE',  ( 0.08464566929133858500, -0.2380142720881752400, 0.1437298974847704100 ) ) ;
#6080 = DIRECTION ( 'NONE',  ( 0.0000000000000000000, -0.05920037723353375300, 0.9982461196195090400 ) ) ;
#6081 = ADVANCED_FACE ( 'NONE', ( #1545 ), #4148, .F. ) ;
#6082 = CARTESIAN_POINT ( 'NONE',  ( 0.08464566929133858500, -0.1532986182605020100, 0.1888341659364426700 ) ) ;
#6083 = EDGE_CURVE ( 'NONE', #5428, #4167, #327, .T. ) ;
#6084 = EDGE_LOOP ( 'NONE', ( #3772, #1254, #5153, #5836 ) ) ;
#6085 = AXIS2_PLACEMENT_3D ( 'NONE', #4177, #1566, #2599 ) ;
#6086 = AXIS2_PLACEMENT_3D ( 'NONE', #3696, #580, #4220 ) ;
#6087 = ORIENTED_EDGE ( 'NONE', *, *, #4721, .T. ) ;
#6088 = VERTEX_POINT ( 'NONE', #2137 ) ;
#6089 = ORIENTED_EDGE ( 'NONE', *, *, #3035, .T. ) ;
#6090 = CARTESIAN_POINT ( 'NONE',  ( 0.08464566929133858500, -0.2814349999166049800, 0.07421391045223214900 ) ) ;
#6091 = VERTEX_POINT ( 'NONE', #3060 ) ;
#6092 = CARTESIAN_POINT ( 'NONE',  ( -0.08464566929133858500, -0.2380142720881752400, 0.1437298974847704100 ) ) ;
#6093 = ORIENTED_EDGE ( 'NONE', *, *, #464, .F. ) ;
#6094 = DIRECTION ( 'NONE',  ( 1.000000000000000000, -0.0000000000000000000, -0.0000000000000000000 ) ) ;
#6095 = CARTESIAN_POINT ( 'NONE',  ( 0.08464566929133858500, 0.003946707493162510600, 0.2431938158865362700 ) ) ;
#6096 = DIRECTION ( 'NONE',  ( -1.000000000000000000, 0.0000000000000000000, -0.0000000000000000000 ) ) ;
#6097 = DIRECTION ( 'NONE',  ( 1.000000000000000000, 0.0000000000000000000, 0.0000000000000000000 ) ) ;
#6098 = ORIENTED_EDGE ( 'NONE', *, *, #1870, .T. ) ;
#6099 = AXIS2_PLACEMENT_3D ( 'NONE', #1583, #2615, #6325 ) ;
#6100 = CARTESIAN_POINT ( 'NONE',  ( 0.08464566929133858500, 0.2465800297294626900, 0.1928614088566367200 ) ) ;
#6101 = VERTEX_POINT ( 'NONE', #1538 ) ;
#6102 = DIRECTION ( 'NONE',  ( 0.0000000000000000000, -0.3420201433256630000, 0.9396926207859105400 ) ) ;
#6103 = ORIENTED_EDGE ( 'NONE', *, *, #1146, .F. ) ;
#6104 = CARTESIAN_POINT ( 'NONE',  ( 0.08464566929133858500, -0.1518126642094958500, -0.2851509268014187900 ) ) ;
#6105 = ORIENTED_EDGE ( 'NONE', *, *, #3255, .T. ) ;
#6106 = EDGE_CURVE ( 'NONE', #5926, #5003, #4311, .T. ) ;
#6107 = ORIENTED_EDGE ( 'NONE', *, *, #4950, .T. ) ;
#6108 = CARTESIAN_POINT ( 'NONE',  ( 0.08464566929133858500, -0.1753298700092127700, 0.2627078786135529900 ) ) ;
#6109 = EDGE_CURVE ( 'NONE', #640, #6231, #2756, .T. ) ;
#6110 = EDGE_LOOP ( 'NONE', ( #352, #3221, #78, #3995 ) ) ;
#6111 = EDGE_CURVE ( 'NONE', #4329, #712, #1382, .T. ) ;
#6112 = DIRECTION ( 'NONE',  ( 1.000000000000000000, 0.0000000000000000000, 0.0000000000000000000 ) ) ;
#6113 = DIRECTION ( 'NONE',  ( -1.000000000000000000, -0.0000000000000000000, -0.0000000000000000000 ) ) ;
#6114 = ADVANCED_FACE ( 'NONE', ( #2587 ), #6662, .T. ) ;
#6115 = CARTESIAN_POINT ( 'NONE',  ( 0.08464566929133858500, 0.1074241567854180700, -0.2580124667216847100 ) ) ;
#6116 = FACE_OUTER_BOUND ( 'NONE', #403, .T. ) ;
#6117 = DIRECTION ( 'NONE',  ( 0.0000000000000000000, 0.0000000000000000000, 1.000000000000000000 ) ) ;
#6118 = ADVANCED_FACE ( 'NONE', ( #6817 ), #1157, .F. ) ;
#6119 = LINE ( 'NONE', #3894, #3295 ) ;
#6120 = DIRECTION ( 'NONE',  ( 0.0000000000000000000, 4.618527782440651200E-014, -1.000000000000000000 ) ) ;
#6121 = CYLINDRICAL_SURFACE ( 'NONE', #3906, 0.2165354330708661500 ) ;
#6122 = FACE_OUTER_BOUND ( 'NONE', #805, .T. ) ;
#6123 = VECTOR ( 'NONE', #2526, 39.37007874015748100 ) ;
#6124 = DIRECTION ( 'NONE',  ( 0.0000000000000000000, -0.3420201433256693200, -0.9396926207859082100 ) ) ;
#6125 = CIRCLE ( 'NONE', #5020, 0.01000000000000003100 ) ;
#6126 = CARTESIAN_POINT ( 'NONE',  ( 0.08464566929133858500, 0.09641129058487737900, -0.2820208222126378600 ) ) ;
#6127 = LINE ( 'NONE', #6405, #4538 ) ;
#6128 = AXIS2_PLACEMENT_3D ( 'NONE', #2896, #2829, #2872 ) ;
#6129 = DIRECTION ( 'NONE',  ( 1.000000000000000000, -0.0000000000000000000, -0.0000000000000000000 ) ) ;
#6130 = CYLINDRICAL_SURFACE ( 'NONE', #4560, 0.4330708661417324000 ) ;
#6131 = CIRCLE ( 'NONE', #6211, 0.01000000000000004000 ) ;
#6132 = EDGE_CURVE ( 'NONE', #919, #1646, #5582, .T. ) ;
#6133 = LINE ( 'NONE', #1048, #708 ) ;
#6134 = EDGE_CURVE ( 'NONE', #5344, #1858, #5250, .T. ) ;
#6135 = VERTEX_POINT ( 'NONE', #2187 ) ;
#6136 = CYLINDRICAL_SURFACE ( 'NONE', #3029, 0.3230450991271856500 ) ;
#6137 = AXIS2_PLACEMENT_3D ( 'NONE', #5367, #2694, #1158 ) ;
#6138 = ORIENTED_EDGE ( 'NONE', *, *, #6432, .T. ) ;
#6139 = DIRECTION ( 'NONE',  ( 0.0000000000000000000, 0.0000000000000000000, 1.000000000000000000 ) ) ;
#6140 = AXIS2_PLACEMENT_3D ( 'NONE', #6270, #3102, #6805 ) ;
#6141 = CARTESIAN_POINT ( 'NONE',  ( -0.08464566929133858500, 0.3128601855581032400, 0.01075817735950960300 ) ) ;
#6142 = CARTESIAN_POINT ( 'NONE',  ( 0.08464566929133858500, -0.1828770619894807500, 0.2094398657055101000 ) ) ;
#6143 = DIRECTION ( 'NONE',  ( 0.0000000000000000000, -0.9848077530122073500, 0.1736481776669339900 ) ) ;
#6144 = ORIENTED_EDGE ( 'NONE', *, *, #11, .T. ) ;
#6145 = FACE_OUTER_BOUND ( 'NONE', #4145, .T. ) ;
#6146 = EDGE_CURVE ( 'NONE', #1306, #6245, #1226, .T. ) ;
#6147 = DIRECTION ( 'NONE',  ( 0.0000000000000000000, 0.0000000000000000000, -1.000000000000000000 ) ) ;
#6148 = EDGE_CURVE ( 'NONE', #6830, #5771, #3990, .T. ) ;
#6149 = FACE_BOUND ( 'NONE', #3146, .T. ) ;
#6150 = CARTESIAN_POINT ( 'NONE',  ( 0.08464566929133858500, -0.07644636819248915000, -0.2808368146679664500 ) ) ;
#6151 = ADVANCED_FACE ( 'NONE', ( #3658 ), #903, .F. ) ;
#6152 = EDGE_LOOP ( 'NONE', ( #3271, #1240, #4011, #3270 ) ) ;
#6153 = CIRCLE ( 'NONE', #6755, 0.2780450991271856700 ) ;
#6154 = AXIS2_PLACEMENT_3D ( 'NONE', #1004, #2505, #477 ) ;
#6155 = VERTEX_POINT ( 'NONE', #4316 ) ;
#6156 = VERTEX_POINT ( 'NONE', #1206 ) ;
#6157 = CARTESIAN_POINT ( 'NONE',  ( -0.08464566929133858500, -0.08688587567315340900, -0.2271775807468695300 ) ) ;
#6158 = CARTESIAN_POINT ( 'NONE',  ( 0.08464566929133858500, 0.2924428417247578700, 0.05751578424817092900 ) ) ;
#6159 = DIRECTION ( 'NONE',  ( 0.0000000000000000000, -0.3420201433256623800, 0.9396926207859107600 ) ) ;
#6160 = ORIENTED_EDGE ( 'NONE', *, *, #5164, .F. ) ;
#6161 = ORIENTED_EDGE ( 'NONE', *, *, #4971, .F. ) ;
#6162 = ORIENTED_EDGE ( 'NONE', *, *, #2592, .T. ) ;
#6163 = VERTEX_POINT ( 'NONE', #676 ) ;
#6164 = CARTESIAN_POINT ( 'NONE',  ( -0.3248031496062992500, 0.0000000000000000000, 0.0000000000000000000 ) ) ;
#6165 = CARTESIAN_POINT ( 'NONE',  ( -0.08464566929133858500, 0.2551348235983706400, 0.1540685006779849700 ) ) ;
#6166 = ORIENTED_EDGE ( 'NONE', *, *, #2565, .T. ) ;
#6167 = CARTESIAN_POINT ( 'NONE',  ( -0.2283545511559878500, -0.2118934145877080000, 0.04450000000000004600 ) ) ;
#6168 = ORIENTED_EDGE ( 'NONE', *, *, #1560, .T. ) ;
#6169 = EDGE_CURVE ( 'NONE', #2928, #169, #1055, .T. ) ;
#6170 = AXIS2_PLACEMENT_3D ( 'NONE', #4022, #911, #4556 ) ;
#6171 = AXIS2_PLACEMENT_3D ( 'NONE', #1503, #6778, #3595 ) ;
#6172 = ORIENTED_EDGE ( 'NONE', *, *, #6411, .F. ) ;
#6173 = AXIS2_PLACEMENT_3D ( 'NONE', #359, #2951, #5596 ) ;
#6174 = VERTEX_POINT ( 'NONE', #5936 ) ;
#6175 = VERTEX_POINT ( 'NONE', #2233 ) ;
#6176 = ORIENTED_EDGE ( 'NONE', *, *, #2132, .F. ) ;
#6177 = VERTEX_POINT ( 'NONE', #4868 ) ;
#6178 = DIRECTION ( 'NONE',  ( 0.0000000000000000000, 6.829619984160661400E-015, 1.000000000000000000 ) ) ;
#6179 = ADVANCED_FACE ( 'NONE', ( #3831 ), #3485, .F. ) ;
#6180 = DIRECTION ( 'NONE',  ( 0.0000000000000000000, 0.0000000000000000000, 1.000000000000000000 ) ) ;
#6181 = DIRECTION ( 'NONE',  ( 0.0000000000000000000, 0.7266476238251110600, -0.6870103571193959500 ) ) ;
#6182 = ORIENTED_EDGE ( 'NONE', *, *, #2517, .F. ) ;
#6183 = EDGE_CURVE ( 'NONE', #2174, #5840, #4914, .T. ) ;
#6184 = DIRECTION ( 'NONE',  ( 0.0000000000000000000, 0.9728004803918453000, -0.2316446100158494100 ) ) ;
#6185 = DIRECTION ( 'NONE',  ( -1.000000000000000000, -0.0000000000000000000, -0.0000000000000000000 ) ) ;
#6186 = CARTESIAN_POINT ( 'NONE',  ( -0.1897542457391562500, -0.2165152799964418800, 0.005839838005187151900 ) ) ;
#6187 = EDGE_CURVE ( 'NONE', #721, #755, #5080, .T. ) ;
#6188 = DIRECTION ( 'NONE',  ( 1.000000000000000000, 0.0000000000000000000, 0.0000000000000000000 ) ) ;
#6189 = AXIS2_PLACEMENT_3D ( 'NONE', #6333, #6375, #6771 ) ;
#6190 = FACE_OUTER_BOUND ( 'NONE', #2519, .T. ) ;
#6191 = LENGTH_MEASURE_WITH_UNIT ( LENGTH_MEASURE( 0.02539999999999999900 ), #5808 );
#6192 = LINE ( 'NONE', #3609, #6032 ) ;
#6193 = VECTOR ( 'NONE', #4780, 39.37007874015748100 ) ;
#6194 = DIRECTION ( 'NONE',  ( -0.0000000000000000000, 0.9982461196195096000, 0.05920037723352671700 ) ) ;
#6195 = LINE ( 'NONE', #5638, #5126 ) ;
#6196 = DIRECTION ( 'NONE',  ( -1.000000000000000000, -0.0000000000000000000, -0.0000000000000000000 ) ) ;
#6197 = DIRECTION ( 'NONE',  ( 0.0000000000000000000, -0.2857901232724489000, 0.9582922338409710600 ) ) ;
#6198 = FACE_OUTER_BOUND ( 'NONE', #349, .T. ) ;
#6199 = CIRCLE ( 'NONE', #3111, 0.01999999999999999000 ) ;
#6200 = DIRECTION ( 'NONE',  ( 0.0000000000000000000, 0.0000000000000000000, 1.000000000000000000 ) ) ;
#6201 = LINE ( 'NONE', #2006, #4796 ) ;
#6202 = FACE_OUTER_BOUND ( 'NONE', #3979, .T. ) ;
#6203 = EDGE_CURVE ( 'NONE', #3402, #6155, #2093, .T. ) ;
#6204 = CARTESIAN_POINT ( 'NONE',  ( -0.08464566929133858500, 0.2944779371424639000, -0.04597418460454715000 ) ) ;
#6205 = SURFACE_STYLE_FILL_AREA ( #2910 ) ;
#6206 = CARTESIAN_POINT ( 'NONE',  ( -0.2116311153084053100, -0.04467564650825874700, 0.03874491469809752300 ) ) ;
#6207 = CIRCLE ( 'NONE', #4191, 0.02000000000000001800 ) ;
#6208 = CARTESIAN_POINT ( 'NONE',  ( 0.08464566929133858500, 0.2049886317241171300, -0.2066229042157370100 ) ) ;
#6209 = AXIS2_PLACEMENT_3D ( 'NONE', #1010, #4667, #1534 ) ;
#6210 = DIRECTION ( 'NONE',  ( -1.000000000000000000, -0.0000000000000000000, -0.0000000000000000000 ) ) ;
#6211 = AXIS2_PLACEMENT_3D ( 'NONE', #5791, #5768, #5746 ) ;
#6212 = DIRECTION ( 'NONE',  ( 0.0000000000000000000, -0.8349063102029640200, 0.5503920904076221600 ) ) ;
#6213 = ADVANCED_FACE ( 'NONE', ( #6316 ), #563, .F. ) ;
#6214 = CIRCLE ( 'NONE', #6657, 0.02000000000000002100 ) ;
#6215 = ORIENTED_EDGE ( 'NONE', *, *, #1841, .F. ) ;
#6216 = LINE ( 'NONE', #4452, #4981 ) ;
#6217 = EDGE_LOOP ( 'NONE', ( #4161, #2688, #4505, #2581 ) ) ;
#6218 = VERTEX_POINT ( 'NONE', #800 ) ;
#6219 = VERTEX_POINT ( 'NONE', #2347 ) ;
#6220 = EDGE_CURVE ( 'NONE', #1328, #6163, #3335, .T. ) ;
#6221 = DIRECTION ( 'NONE',  ( -1.000000000000000000, -0.0000000000000000000, -0.0000000000000000000 ) ) ;
#6222 = DIRECTION ( 'NONE',  ( 1.000000000000000000, -0.0000000000000000000, -0.0000000000000000000 ) ) ;
#6223 = ORIENTED_EDGE ( 'NONE', *, *, #3284, .F. ) ;
#6224 = AXIS2_PLACEMENT_3D ( 'NONE', #3853, #739, #4378 ) ;
#6225 = DIRECTION ( 'NONE',  ( 1.000000000000000000, 0.0000000000000000000, 0.0000000000000000000 ) ) ;
#6226 = EDGE_CURVE ( 'NONE', #5849, #2350, #4735, .T. ) ;
#6227 = EDGE_CURVE ( 'NONE', #5309, #6570, #6153, .T. ) ;
#6228 = VECTOR ( 'NONE', #5727, 39.37007874015748100 ) ;
#6229 = EDGE_LOOP ( 'NONE', ( #1874, #1044 ) ) ;
#6230 = CARTESIAN_POINT ( 'NONE',  ( 0.08464566929133858500, 0.2632954998903854800, -0.1240517771744661800 ) ) ;
#6231 = VERTEX_POINT ( 'NONE', #3323 ) ;
#6232 = CARTESIAN_POINT ( 'NONE',  ( -0.2069744709507371800, -0.04734692859189306600, 0.03560007450151378400 ) ) ;
#6233 = EDGE_CURVE ( 'NONE', #3260, #2604, #1780, .T. ) ;
#6234 = CARTESIAN_POINT ( 'NONE',  ( -0.08464566929133858500, 0.08994171327142958000, -0.2630961143051079900 ) ) ;
#6235 = CYLINDRICAL_SURFACE ( 'NONE', #765, 0.01999999999999999000 ) ;
#6236 = DIRECTION ( 'NONE',  ( 0.0000000000000000000, 0.6427876096865298200, -0.7660444431189859000 ) ) ;
#6237 = EDGE_LOOP ( 'NONE', ( #5729, #2832, #2419, #5972 ) ) ;
#6238 = VERTEX_POINT ( 'NONE', #6500 ) ;
#6239 = ORIENTED_EDGE ( 'NONE', *, *, #6272, .F. ) ;
#6240 = CARTESIAN_POINT ( 'NONE',  ( 0.08464566929133858500, 0.06699623482581861000, 0.3160215824738192800 ) ) ;
#6241 = AXIS2_PLACEMENT_3D ( 'NONE', #3690, #3712, #3758 ) ;
#6242 = DIRECTION ( 'NONE',  ( 1.000000000000000000, 0.0000000000000000000, 0.0000000000000000000 ) ) ;
#6243 = ORIENTED_EDGE ( 'NONE', *, *, #2938, .T. ) ;
#6244 = DIRECTION ( 'NONE',  ( 1.000000000000000000, 0.0000000000000000000, 0.0000000000000000000 ) ) ;
#6245 = VERTEX_POINT ( 'NONE', #202 ) ;
#6246 = ORIENTED_EDGE ( 'NONE', *, *, #6460, .F. ) ;
#6247 = ADVANCED_FACE ( 'NONE', ( #3169 ), #5992, .F. ) ;
#6248 = DIRECTION ( 'NONE',  ( -1.000000000000000000, -0.0000000000000000000, -0.0000000000000000000 ) ) ;
#6249 = DIRECTION ( 'NONE',  ( -1.000000000000000000, -0.0000000000000000000, -0.0000000000000000000 ) ) ;
#6250 = VERTEX_POINT ( 'NONE', #2289 ) ;
#6251 = EDGE_LOOP ( 'NONE', ( #4411, #6565, #2040, #1848 ) ) ;
#6252 = EDGE_CURVE ( 'NONE', #712, #4589, #1944, .T. ) ;
#6253 = DIRECTION ( 'NONE',  ( 1.000000000000000000, 0.0000000000000000000, 0.0000000000000000000 ) ) ;
#6254 = DIRECTION ( 'NONE',  ( 0.0000000000000000000, 0.0000000000000000000, 1.000000000000000000 ) ) ;
#6255 = CARTESIAN_POINT ( 'NONE',  ( -0.1990246870316341200, -0.05233193226176401800, 0.02775726602800243300 ) ) ;
#6256 = DIRECTION ( 'NONE',  ( 0.0000000000000000000, 0.0000000000000000000, 1.000000000000000000 ) ) ;
#6257 = ORIENTED_EDGE ( 'NONE', *, *, #1498, .T. ) ;
#6258 = CARTESIAN_POINT ( 'NONE',  ( -0.08464566929133858500, 0.1892693789175075000, -0.1754765758361333500 ) ) ;
#6259 = CARTESIAN_POINT ( 'NONE',  ( 0.08464566929133858500, -0.3151766316582618700, -0.02048618216342583400 ) ) ;
#6260 = CARTESIAN_POINT ( 'NONE',  ( 0.08464566929133858500, 0.08994171327142958000, -0.2630961143051079900 ) ) ;
#6261 = EDGE_CURVE ( 'NONE', #2608, #3510, #5824, .T. ) ;
#6262 = CARTESIAN_POINT ( 'NONE',  ( 0.08464566929133858500, 0.0000000000000000000, 0.0000000000000000000 ) ) ;
#6263 = ORIENTED_EDGE ( 'NONE', *, *, #1299, .F. ) ;
#6264 = AXIS2_PLACEMENT_3D ( 'NONE', #5125, #1967, #5662 ) ;
#6265 = AXIS2_PLACEMENT_3D ( 'NONE', #1519, #5192, #2032 ) ;
#6266 = ORIENTED_EDGE ( 'NONE', *, *, #315, .F. ) ;
#6267 = ORIENTED_EDGE ( 'NONE', *, *, #6726, .T. ) ;
#6268 = CARTESIAN_POINT ( 'NONE',  ( 0.08464566929133858500, 0.2401846011535793700, -0.2160312325539740800 ) ) ;
#6269 = DIRECTION ( 'NONE',  ( -1.000000000000000000, -0.0000000000000000000, -0.0000000000000000000 ) ) ;
#6270 = CARTESIAN_POINT ( 'NONE',  ( 0.08464566929133858500, -0.06492233755862478200, 0.3062389984529622600 ) ) ;
#6271 = DIRECTION ( 'NONE',  ( 0.0000000000000000000, 0.6427876096865454700, 0.7660444431189729100 ) ) ;
#6272 = EDGE_CURVE ( 'NONE', #1203, #5348, #4404, .T. ) ;
#6273 = LINE ( 'NONE', #4952, #3448 ) ;
#6274 = VECTOR ( 'NONE', #1767, 39.37007874015748100 ) ;
#6275 = CARTESIAN_POINT ( 'NONE',  ( 0.1043307086614173300, 0.0000000000000000000, 0.0000000000000000000 ) ) ;
#6276 = CARTESIAN_POINT ( 'NONE',  ( 0.08464566929133858500, -0.2327495835104525000, 0.2193438928253231000 ) ) ;
#6277 = DIRECTION ( 'NONE',  ( 0.0000000000000000000, -0.9848077530122083500, -0.1736481776669281400 ) ) ;
#6278 = LINE ( 'NONE', #534, #1744 ) ;
#6279 = DIMENSIONAL_EXPONENTS ( 1.000000000000000000, 0.0000000000000000000, 0.0000000000000000000, 0.0000000000000000000, 0.0000000000000000000, 0.0000000000000000000, 0.0000000000000000000 ) ;
#6280 = LINE ( 'NONE', #2609, #3298 ) ;
#6281 = PLANE ( 'NONE',  #789 ) ;
#6282 = CIRCLE ( 'NONE', #6534, 0.01000000000000005400 ) ;
#6283 = AXIS2_PLACEMENT_3D ( 'NONE', #5115, #5141, #5413 ) ;
#6284 = LINE ( 'NONE', #1989, #4880 ) ;
#6285 = LINE ( 'NONE', #3608, #3458 ) ;
#6286 = CYLINDRICAL_SURFACE ( 'NONE', #1527, 0.3230450991271856500 ) ;
#6287 = CARTESIAN_POINT ( 'NONE',  ( -0.08464566929133858500, -0.2898450449421468000, 0.02651817499671215600 ) ) ;
#6288 = LINE ( 'NONE', #584, #4710 ) ;
#6289 = LINE ( 'NONE', #6068, #3307 ) ;
#6290 = CARTESIAN_POINT ( 'NONE',  ( 0.08464566929133858500, 0.2814349999166054200, -0.07421391045223026100 ) ) ;
#6291 = CARTESIAN_POINT ( 'NONE',  ( 0.08464566929133858500, 0.2125853763475975300, 0.1181789589928825400 ) ) ;
#6292 = CIRCLE ( 'NONE', #5092, 0.05905511811023626800 ) ;
#6293 = PLANE ( 'NONE',  #4563 ) ;
#6294 = ORIENTED_EDGE ( 'NONE', *, *, #6553, .F. ) ;
#6295 = CLOSED_SHELL ( 'NONE', ( #5137, #397, #1931, #1390, #3781, #3562, #2300, #5603, #855, #3745 ) ) ;
#6296 = FACE_OUTER_BOUND ( 'NONE', #2502, .T. ) ;
#6297 = CARTESIAN_POINT ( 'NONE',  ( -0.08464566929133858500, 0.2465800297294626900, 0.1928614088566367200 ) ) ;
#6298 = ORIENTED_EDGE ( 'NONE', *, *, #5841, .F. ) ;
#6299 = UNCERTAINTY_MEASURE_WITH_UNIT (LENGTH_MEASURE( 1.000000000000000100E-005 ), #2624, 'distance_accuracy_value', 'NONE');
#6300 = EDGE_CURVE ( 'NONE', #2696, #1964, #3000, .T. ) ;
#6301 = DIRECTION ( 'NONE',  ( 0.0000000000000000000, -0.9848077530122073500, 0.1736481776669349400 ) ) ;
#6302 = DIRECTION ( 'NONE',  ( 0.0000000000000000000, 0.6870103571193794100, -0.7266476238251266000 ) ) ;
#6303 = EDGE_LOOP ( 'NONE', ( #1334, #1445 ) ) ;
#6304 = FACE_OUTER_BOUND ( 'NONE', #3575, .T. ) ;
#6305 = ORIENTED_EDGE ( 'NONE', *, *, #2481, .F. ) ;
#6306 = DIRECTION ( 'NONE',  ( 1.000000000000000000, 0.0000000000000000000, 0.0000000000000000000 ) ) ;
#6307 = AXIS2_PLACEMENT_3D ( 'NONE', #6403, #1657, #5869 ) ;
#6308 = AXIS2_PLACEMENT_3D ( 'NONE', #5005, #6610, #3418 ) ;
#6309 = DIRECTION ( 'NONE',  ( -1.000000000000000000, -0.0000000000000000000, -0.0000000000000000000 ) ) ;
#6310 = ORIENTED_EDGE ( 'NONE', *, *, #5106, .T. ) ;
#6311 = DIRECTION ( 'NONE',  ( 0.0000000000000000000, 0.8941066874365061200, 0.4478540292118825000 ) ) ;
#6312 = FACE_OUTER_BOUND ( 'NONE', #6237, .T. ) ;
#6313 = ORIENTED_EDGE ( 'NONE', *, *, #900, .T. ) ;
#6314 = CARTESIAN_POINT ( 'NONE',  ( 0.08464566929133858500, 0.07946849185770582500, -0.2298772876718202800 ) ) ;
#6315 = CARTESIAN_POINT ( 'NONE',  ( 0.08464566929133858500, -0.2609946473093029400, -0.1439189882872533300 ) ) ;
#6317 = DIRECTION ( 'NONE',  ( 0.0000000000000000000, 6.829619984160651100E-015, 1.000000000000000000 ) ) ;
#6316 = FACE_OUTER_BOUND ( 'NONE', #4558, .T. ) ;
#6318 = ORIENTED_EDGE ( 'NONE', *, *, #736, .F. ) ;
#6319 = ORIENTED_EDGE ( 'NONE', *, *, #3782, .F. ) ;
#6320 = DIRECTION ( 'NONE',  ( 1.000000000000000000, 0.0000000000000000000, 0.0000000000000000000 ) ) ;
#6321 = EDGE_CURVE ( 'NONE', #2028, #3896, #236, .T. ) ;
#6322 = DIRECTION ( 'NONE',  ( 1.000000000000000000, 0.0000000000000000000, 0.0000000000000000000 ) ) ;
#6323 = ADVANCED_FACE ( 'NONE', ( #5657 ), #69, .F. ) ;
#6324 = CARTESIAN_POINT ( 'NONE',  ( -0.1437007874015748500, 5.303588500244443600E-017, -0.4330708661417323500 ) ) ;
#6325 = DIRECTION ( 'NONE',  ( 0.0000000000000000000, 0.0000000000000000000, 1.000000000000000000 ) ) ;
#6326 = DIRECTION ( 'NONE',  ( 0.0000000000000000000, -0.3420201433256624400, 0.9396926207859106500 ) ) ;
#6327 = ORIENTED_EDGE ( 'NONE', *, *, #6725, .T. ) ;
#6328 = CARTESIAN_POINT ( 'NONE',  ( -0.08464566929133858500, 0.0000000000000000000, 0.0000000000000000000 ) ) ;
#6329 = CARTESIAN_POINT ( 'NONE',  ( 0.08464566929133858500, -0.3071808359793941100, 0.09999034991984867600 ) ) ;
#6330 = ORIENTED_EDGE ( 'NONE', *, *, #1544, .F. ) ;
#6331 = VERTEX_POINT ( 'NONE', #4537 ) ;
#6332 = CARTESIAN_POINT ( 'NONE',  ( 0.08464566929133858500, -0.2434808785492297000, 0.1342614573492398600 ) ) ;
#6333 = CARTESIAN_POINT ( 'NONE',  ( 0.08464566929133858500, 0.2327495835104569100, 0.2093438928253182900 ) ) ;
#6334 = VERTEX_POINT ( 'NONE', #1409 ) ;
#6335 = DIRECTION ( 'NONE',  ( 0.0000000000000000000, 0.5963101170987857900, -0.8027541617740965300 ) ) ;
#6336 = ORIENTED_EDGE ( 'NONE', *, *, #5265, .F. ) ;
#6337 = DIRECTION ( 'NONE',  ( -1.000000000000000000, -0.0000000000000000000, -0.0000000000000000000 ) ) ;
#6338 =( NAMED_UNIT ( * ) PLANE_ANGLE_UNIT ( ) SI_UNIT ( $, .RADIAN. ) );
#6339 = ORIENTED_EDGE ( 'NONE', *, *, #2874, .T. ) ;
#6340 = ORIENTED_EDGE ( 'NONE', *, *, #979, .F. ) ;
#6341 = VERTEX_POINT ( 'NONE', #896 ) ;
#6342 = DIRECTION ( 'NONE',  ( 0.0000000000000000000, 0.9848077530122098000, 0.1736481776669209500 ) ) ;
#6343 = AXIS2_PLACEMENT_3D ( 'NONE', #1136, #5338, #3728 ) ;
#6344 = AXIS2_PLACEMENT_3D ( 'NONE', #6745, #6700, #5121 ) ;
#6345 = DIRECTION ( 'NONE',  ( -1.000000000000000000, -0.0000000000000000000, -0.0000000000000000000 ) ) ;
#6346 = CARTESIAN_POINT ( 'NONE',  ( -0.08464566929133858500, -0.04373286461477800300, -0.3099752742399545200 ) ) ;
#6347 = DIRECTION ( 'NONE',  ( 0.0000000000000000000, 0.0000000000000000000, 1.000000000000000000 ) ) ;
#6348 = ORIENTED_EDGE ( 'NONE', *, *, #6690, .T. ) ;
#6349 = DIRECTION ( 'NONE',  ( -1.000000000000000000, -0.0000000000000000000, -0.0000000000000000000 ) ) ;
#6350 = CARTESIAN_POINT ( 'NONE',  ( -0.08464566929133858500, 0.1398467616490498300, 0.2831940607769777900 ) ) ;
#6351 = EDGE_CURVE ( 'NONE', #6091, #4240, #4567, .T. ) ;
#6352 = DIRECTION ( 'NONE',  ( 0.0000000000000000000, 0.0000000000000000000, 1.000000000000000000 ) ) ;
#6353 = AXIS2_PLACEMENT_3D ( 'NONE', #2532, #6242, #3075 ) ;
#6354 = DIRECTION ( 'NONE',  ( 1.000000000000000000, 0.0000000000000000000, 0.0000000000000000000 ) ) ;
#6355 = LINE ( 'NONE', #6751, #2131 ) ;
#6356 = CARTESIAN_POINT ( 'NONE',  ( -0.08464566929133858500, 0.0000000000000000000, 0.2780450991271856700 ) ) ;
#6357 = ADVANCED_FACE ( 'NONE', ( #4226 ), #5087, .F. ) ;
#6358 = DIRECTION ( 'NONE',  ( 0.0000000000000000000, 0.8660254037844328200, -0.5000000000000101000 ) ) ;
#6359 = LINE ( 'NONE', #4892, #3370 ) ;
#6360 = EDGE_CURVE ( 'NONE', #4945, #3467, #1459, .T. ) ;
#6361 = EDGE_CURVE ( 'NONE', #89, #588, #2666, .T. ) ;
#6362 = FACE_OUTER_BOUND ( 'NONE', #2213, .T. ) ;
#6363 = LINE ( 'NONE', #5529, #6193 ) ;
#6364 = CARTESIAN_POINT ( 'NONE',  ( 0.08464566929133858500, 0.04512987944544546300, 0.3198772108971390000 ) ) ;
#6365 = EDGE_CURVE ( 'NONE', #1087, #5228, #2839, .T. ) ;
#6366 = CONICAL_SURFACE ( 'NONE', #4321, 0.3937007874015748800, 1.107148717794091500 ) ;
#6367 = CARTESIAN_POINT ( 'NONE',  ( -0.2069460521223958300, 0.04736465560033085300, -0.03557251572750373000 ) ) ;
#6368 = DIRECTION ( 'NONE',  ( 0.0000000000000000000, 0.0000000000000000000, 1.000000000000000000 ) ) ;
#6369 = LINE ( 'NONE', #4915, #4966 ) ;
#6370 = DIRECTION ( 'NONE',  ( -1.000000000000000000, -0.0000000000000000000, -0.0000000000000000000 ) ) ;
#6371 = FACE_OUTER_BOUND ( 'NONE', #2096, .T. ) ;
#6372 = DIRECTION ( 'NONE',  ( 0.0000000000000000000, 0.9933605556394448100, 0.1150426290541626100 ) ) ;
#6373 = CYLINDRICAL_SURFACE ( 'NONE', #2297, 0.2780450991271856700 ) ;
#6374 = LINE ( 'NONE', #2055, #4042 ) ;
#6375 = DIRECTION ( 'NONE',  ( 1.000000000000000000, 0.0000000000000000000, 0.0000000000000000000 ) ) ;
#6376 = VECTOR ( 'NONE', #2864, 39.37007874015748100 ) ;
#6377 = DIRECTION ( 'NONE',  ( 0.0000000000000000000, 0.0000000000000000000, -1.000000000000000000 ) ) ;
#6378 = CIRCLE ( 'NONE', #3147, 0.02000000000000002100 ) ;
#6379 = LINE ( 'NONE', #2923, #4979 ) ;
#6380 = CARTESIAN_POINT ( 'NONE',  ( 0.08464566929133858500, -0.2728187752609125300, 0.05365624859960119900 ) ) ;
#6381 = ORIENTED_EDGE ( 'NONE', *, *, #763, .T. ) ;
#6382 = ORIENTED_EDGE ( 'NONE', *, *, #2893, .T. ) ;
#6383 = VECTOR ( 'NONE', #2822, 39.37007874015748100 ) ;
#6384 = ORIENTED_EDGE ( 'NONE', *, *, #5336, .T. ) ;
#6385 = VERTEX_POINT ( 'NONE', #405 ) ;
#6386 = EDGE_CURVE ( 'NONE', #3274, #3441, #5333, .T. ) ;
#6387 = DIRECTION ( 'NONE',  ( 0.0000000000000000000, -0.6427876096865352600, 0.7660444431189814600 ) ) ;
#6388 = ORIENTED_EDGE ( 'NONE', *, *, #3168, .F. ) ;
#6389 = LENGTH_MEASURE_WITH_UNIT ( LENGTH_MEASURE( 0.02539999999999999900 ), #5010 );
#6390 = VERTEX_POINT ( 'NONE', #3515 ) ;
#6391 = CARTESIAN_POINT ( 'NONE',  ( -0.2280896226839576000, 0.03920562447435058100, 0.04417293293193545100 ) ) ;
#6392 = EDGE_CURVE ( 'NONE', #4078, #62, #1313, .T. ) ;
#6393 = ADVANCED_FACE ( 'NONE', ( #4064 ), #5154, .T. ) ;
#6394 = DIRECTION ( 'NONE',  ( -1.000000000000000000, -0.0000000000000000000, -0.0000000000000000000 ) ) ;
#6395 = CARTESIAN_POINT ( 'NONE',  ( 0.08464566929133858500, -0.2632954998903863100, -0.1240517771744644200 ) ) ;
#6396 = DIRECTION ( 'NONE',  ( 0.0000000000000000000, -0.9848077530122083500, -0.1736481776669281400 ) ) ;
#6397 = AXIS2_PLACEMENT_3D ( 'NONE', #4846, #1699, #5386 ) ;
#6398 = AXIS2_PLACEMENT_3D ( 'NONE', #4353, #5945, #184 ) ;
#6399 = AXIS2_PLACEMENT_3D ( 'NONE', #72, #3726, #605 ) ;
#6400 = CYLINDRICAL_SURFACE ( 'NONE', #1893, 0.4330708661417324000 ) ;
#6401 = CARTESIAN_POINT ( 'NONE',  ( 0.08464566929133858500, -0.09641129058487936400, -0.2820208222126371900 ) ) ;
#6402 = ORIENTED_EDGE ( 'NONE', *, *, #722, .T. ) ;
#6403 = CARTESIAN_POINT ( 'NONE',  ( 0.08464566929133858500, -0.2903128943442362900, 0.1171138653833172400 ) ) ;
#6404 = CARTESIAN_POINT ( 'NONE',  ( 0.08464566929133858500, -0.06492233755862897300, -0.3062389984529614900 ) ) ;
#6405 = CARTESIAN_POINT ( 'NONE',  ( 0.08464566929133858500, -0.1518126642094918800, 0.2851509268014208500 ) ) ;
#6406 = CIRCLE ( 'NONE', #6170, 0.009999999999999996700 ) ;
#6407 = CARTESIAN_POINT ( 'NONE',  ( 0.08464566929133858500, 0.003946707493162510600, 0.2431938158865362700 ) ) ;
#6408 = ORIENTED_EDGE ( 'NONE', *, *, #4951, .T. ) ;
#6409 = ORIENTED_EDGE ( 'NONE', *, *, #6187, .T. ) ;
#6410 = VERTEX_POINT ( 'NONE', #2455 ) ;
#6411 = EDGE_CURVE ( 'NONE', #591, #4818, #2496, .T. ) ;
#6412 = DIRECTION ( 'NONE',  ( 0.0000000000000000000, 0.9848077530122061300, -0.1736481776669418800 ) ) ;
#6413 = ORIENTED_EDGE ( 'NONE', *, *, #5510, .T. ) ;
#6414 = ORIENTED_EDGE ( 'NONE', *, *, #88, .T. ) ;
#6415 = CARTESIAN_POINT ( 'NONE',  ( -0.08464566929133858500, 0.08913758683654324200, 0.06683547959719803000 ) ) ;
#6416 = ORIENTED_EDGE ( 'NONE', *, *, #2510, .T. ) ;
#6417 = CARTESIAN_POINT ( 'NONE',  ( -0.08464566929133858500, -0.2546075713471996900, 0.1868983076856539100 ) ) ;
#6418 = CARTESIAN_POINT ( 'NONE',  ( 0.08464566929133858500, -0.08994171327143139800, -0.2630961143051074300 ) ) ;
#6419 = AXIS2_PLACEMENT_3D ( 'NONE', #3205, #3733, #4267 ) ;
#6420 = CARTESIAN_POINT ( 'NONE',  ( 0.08464566929133858500, 0.0000000000000000000, 0.0000000000000000000 ) ) ;
#6421 = ORIENTED_EDGE ( 'NONE', *, *, #3571, .F. ) ;
#6422 = VERTEX_POINT ( 'NONE', #5682 ) ;
#6423 = CARTESIAN_POINT ( 'NONE',  ( 0.08464566929133858500, 0.2327495835104539700, -0.2093438928253214300 ) ) ;
#6424 = VERTEX_POINT ( 'NONE', #4068 ) ;
#6425 = EDGE_CURVE ( 'NONE', #6564, #3837, #1138, .T. ) ;
#6426 = DIRECTION ( 'NONE',  ( 0.0000000000000000000, 0.0000000000000000000, -1.000000000000000000 ) ) ;
#6427 = CARTESIAN_POINT ( 'NONE',  ( -0.08464566929133858500, 0.0000000000000000000, 0.0000000000000000000 ) ) ;
#6428 = ADVANCED_FACE ( 'NONE', ( #6575 ), #6400, .T. ) ;
#6429 = CARTESIAN_POINT ( 'NONE',  ( -0.08464566929133858500, 0.04512987944544546300, 0.3198772108971390000 ) ) ;
#6430 = ORIENTED_EDGE ( 'NONE', *, *, #3870, .F. ) ;
#6431 = ORIENTED_EDGE ( 'NONE', *, *, #2813, .T. ) ;
#6432 = EDGE_CURVE ( 'NONE', #4150, #1886, #2340, .T. ) ;
#6433 = AXIS2_PLACEMENT_3D ( 'NONE', #3294, #180, #3827 ) ;
#6434 = AXIS2_PLACEMENT_3D ( 'NONE', #556, #1083, #4739 ) ;
#6435 = CARTESIAN_POINT ( 'NONE',  ( 0.08464566929133858500, 0.0000000000000000000, 0.0000000000000000000 ) ) ;
#6436 = DIRECTION ( 'NONE',  ( -1.000000000000000000, -0.0000000000000000000, -0.0000000000000000000 ) ) ;
#6437 = CARTESIAN_POINT ( 'NONE',  ( 0.08464566929133858500, 0.2465800297294601400, -0.1928614088566399900 ) ) ;
#6438 = DIRECTION ( 'NONE',  ( -1.000000000000000000, -0.0000000000000000000, -0.0000000000000000000 ) ) ;
#6439 = CARTESIAN_POINT ( 'NONE',  ( 0.08464566929133858500, 0.0000000000000000000, 0.0000000000000000000 ) ) ;
#6440 = DIRECTION ( 'NONE',  ( 1.000000000000000000, -0.0000000000000000000, -0.0000000000000000000 ) ) ;
#6441 = DIRECTION ( 'NONE',  ( 0.0000000000000000000, 0.0000000000000000000, -1.000000000000000000 ) ) ;
#6442 = DIRECTION ( 'NONE',  ( -1.000000000000000000, -0.0000000000000000000, -0.0000000000000000000 ) ) ;
#6443 = LINE ( 'NONE', #4405, #1181 ) ;
#6444 = CIRCLE ( 'NONE', #1584, 0.01000000000000004200 ) ;
#6445 = AXIS2_PLACEMENT_3D ( 'NONE', #4110, #3561, #2524 ) ;
#6446 = LINE ( 'NONE', #6668, #5043 ) ;
#6447 = CARTESIAN_POINT ( 'NONE',  ( 0.1437007874015748000, 5.303588500244444200E-017, 0.4330708661417324000 ) ) ;
#6448 = DIRECTION ( 'NONE',  ( 1.000000000000000000, 0.0000000000000000000, 0.0000000000000000000 ) ) ;
#6449 = CIRCLE ( 'NONE', #810, 0.02000000000000002100 ) ;
#6450 = DIRECTION ( 'NONE',  ( 1.000000000000000000, 0.0000000000000000000, 0.0000000000000000000 ) ) ;
#6451 = CARTESIAN_POINT ( 'NONE',  ( -0.2698175817786249200, 0.2148193320288301600, 0.02736508889611124000 ) ) ;
#6452 = COLOUR_RGB ( '',0.7529411764705882200, 0.0000000000000000000, 0.0000000000000000000 ) ;
#6453 = FACE_BOUND ( 'NONE', #839, .T. ) ;
#6454 = EDGE_CURVE ( 'NONE', #3188, #2349, #972, .T. ) ;
#6455 = FACE_OUTER_BOUND ( 'NONE', #2745, .T. ) ;
#6456 = DIRECTION ( 'NONE',  ( -1.000000000000000000, -0.0000000000000000000, -0.0000000000000000000 ) ) ;
#6457 = EDGE_CURVE ( 'NONE', #3025, #4216, #4996, .T. ) ;
#6458 = VECTOR ( 'NONE', #2069, 39.37007874015748100 ) ;
#6459 = LINE ( 'NONE', #358, #2241 ) ;
#6460 = EDGE_CURVE ( 'NONE', #2121, #1396, #3566, .T. ) ;
#6461 = CARTESIAN_POINT ( 'NONE',  ( -0.2568953527275894500, -0.04468897766231392400, -0.03872928787996497700 ) ) ;
#6462 = CIRCLE ( 'NONE', #5454, 0.3230450991271857100 ) ;
#6463 = ADVANCED_FACE ( 'NONE', ( #3406 ), #645, .T. ) ;
#6464 = DIRECTION ( 'NONE',  ( -1.000000000000000000, -0.0000000000000000000, -0.0000000000000000000 ) ) ;
#6465 = EDGE_LOOP ( 'NONE', ( #4593, #266, #1373, #4681 ) ) ;
#6466 = CARTESIAN_POINT ( 'NONE',  ( -0.08464566929133858500, 0.0000000000000000000, 0.0000000000000000000 ) ) ;
#6467 = CIRCLE ( 'NONE', #1974, 0.3230450991271856000 ) ;
#6468 = CARTESIAN_POINT ( 'NONE',  ( -0.08464566929133858500, -0.005859823710934334100, -0.2979874889652428500 ) ) ;
#6469 = DIRECTION ( 'NONE',  ( 0.0000000000000000000, 0.6870103571193959500, 0.7266476238251110600 ) ) ;
#6470 = ORIENTED_EDGE ( 'NONE', *, *, #6361, .F. ) ;
#6471 = DIRECTION ( 'NONE',  ( 0.0000000000000000000, -0.8660254037844367100, 0.5000000000000033300 ) ) ;
#6472 = DIRECTION ( 'NONE',  ( -1.000000000000000000, -0.0000000000000000000, -0.0000000000000000000 ) ) ;
#6473 = VERTEX_POINT ( 'NONE', #3607 ) ;
#6474 = CYLINDRICAL_SURFACE ( 'NONE', #2942, 0.01000000000000003000 ) ;
#6475 = CARTESIAN_POINT ( 'NONE',  ( -0.08464566929133858500, 0.2898450449421470200, 0.02651817499671020900 ) ) ;
#6476 = DIRECTION ( 'NONE',  ( 0.0000000000000000000, 6.982966722218764100E-015, 1.000000000000000000 ) ) ;
#6477 = ORIENTED_EDGE ( 'NONE', *, *, #5577, .F. ) ;
#6478 = DIRECTION ( 'NONE',  ( -1.000000000000000000, -0.0000000000000000000, -0.0000000000000000000 ) ) ;
#6479 = CARTESIAN_POINT ( 'NONE',  ( 0.08464566929133858500, 0.0000000000000000000, 0.05905511811023623400 ) ) ;
#6480 = FACE_OUTER_BOUND ( 'NONE', #460, .T. ) ;
#6481 = AXIS2_PLACEMENT_3D ( 'NONE', #2759, #2735, #2692 ) ;
#6482 = ORIENTED_EDGE ( 'NONE', *, *, #1038, .F. ) ;
#6483 = CARTESIAN_POINT ( 'NONE',  ( -0.08464566929133858500, -0.2976719210690814100, 0.09689510562764283600 ) ) ;
#6484 = CARTESIAN_POINT ( 'NONE',  ( -0.2462786977189374800, -0.04054317081864371200, 0.04294857732455573100 ) ) ;
#6485 = EDGE_CURVE ( 'NONE', #4716, #4250, #2015, .T. ) ;
#6486 = VECTOR ( 'NONE', #3268, 39.37007874015748100 ) ;
#6487 = CARTESIAN_POINT ( 'NONE',  ( -0.08464566929133858500, -0.2995867304513572000, -0.1208549833790858600 ) ) ;
#6488 = EDGE_CURVE ( 'NONE', #3427, #5592, #815, .T. ) ;
#6489 = DIRECTION ( 'NONE',  ( -1.000000000000000000, -0.0000000000000000000, -0.0000000000000000000 ) ) ;
#6490 = ORIENTED_EDGE ( 'NONE', *, *, #50, .T. ) ;
#6491 = ORIENTED_EDGE ( 'NONE', *, *, #438, .T. ) ;
#6492 = DIRECTION ( 'NONE',  ( -0.0000000000000000000, 1.000000000000000000, -0.0000000000000000000 ) ) ;
#6493 = AXIS2_PLACEMENT_3D ( 'NONE', #6420, #122, #4822 ) ;
#6494 = DIRECTION ( 'NONE',  ( -1.000000000000000000, -0.0000000000000000000, -0.0000000000000000000 ) ) ;
#6495 = ORIENTED_EDGE ( 'NONE', *, *, #3167, .F. ) ;
#6496 = AXIS2_PLACEMENT_3D ( 'NONE', #3053, #6196, #2513 ) ;
#6497 = CARTESIAN_POINT ( 'NONE',  ( 0.08464566929133858500, -0.08994171327142781700, 0.2630961143051086500 ) ) ;
#6498 = DIRECTION ( 'NONE',  ( 0.0000000000000000000, -0.8660254037844361500, 0.5000000000000043300 ) ) ;
#6499 = VERTEX_POINT ( 'NONE', #6259 ) ;
#6500 = CARTESIAN_POINT ( 'NONE',  ( -0.08464566929133858500, -0.1518126642094918800, 0.2851509268014208500 ) ) ;
#6501 = ORIENTED_EDGE ( 'NONE', *, *, #5292, .F. ) ;
#6502 = ORIENTED_EDGE ( 'NONE', *, *, #3897, .F. ) ;
#6503 = ORIENTED_EDGE ( 'NONE', *, *, #6360, .F. ) ;
#6504 = EDGE_CURVE ( 'NONE', #258, #5098, #4823, .T. ) ;
#6505 = EDGE_CURVE ( 'NONE', #4054, #4475, #4642, .T. ) ;
#6506 = ORIENTED_EDGE ( 'NONE', *, *, #6011, .T. ) ;
#6507 = DIRECTION ( 'NONE',  ( -1.000000000000000000, -0.0000000000000000000, -0.0000000000000000000 ) ) ;
#6508 = ADVANCED_FACE ( 'NONE', ( #6067 ), #1700, .F. ) ;
#6509 = VERTEX_POINT ( 'NONE', #5248 ) ;
#6510 = EDGE_CURVE ( 'NONE', #1792, #5854, #1864, .T. ) ;
#6511 = ORIENTED_EDGE ( 'NONE', *, *, #4568, .F. ) ;
#6512 = EDGE_LOOP ( 'NONE', ( #5090, #4840, #2203, #2919 ) ) ;
#6513 = CARTESIAN_POINT ( 'NONE',  ( -0.2775871111644403500, -0.2162681066863936500, -0.01168436191333805200 ) ) ;
#6514 = ORIENTED_EDGE ( 'NONE', *, *, #2296, .F. ) ;
#6515 = DIRECTION ( 'NONE',  ( -1.000000000000000000, -0.0000000000000000000, -0.0000000000000000000 ) ) ;
#6516 = ORIENTED_EDGE ( 'NONE', *, *, #1820, .F. ) ;
#6517 = CARTESIAN_POINT ( 'NONE',  ( -0.08464566929133858500, -0.1471132378872990500, -0.2763239572057849500 ) ) ;
#6518 = ORIENTED_EDGE ( 'NONE', *, *, #5533, .T. ) ;
#6519 = AXIS2_PLACEMENT_3D ( 'NONE', #4121, #6774, #1526 ) ;
#6520 = CARTESIAN_POINT ( 'NONE',  ( 0.08464566929133858500, 0.0000000000000000000, -0.2165354330708661500 ) ) ;
#6521 = CARTESIAN_POINT ( 'NONE',  ( 0.08464566929133858500, 0.005859823710936280400, 0.2979874889652428000 ) ) ;
#6522 = VERTEX_POINT ( 'NONE', #3131 ) ;
#6523 = CARTESIAN_POINT ( 'NONE',  ( 0.08464566929133858500, 0.2282710432183381300, 0.2182849596996833700 ) ) ;
#6524 = EDGE_LOOP ( 'NONE', ( #1437, #6691, #905, #2082 ) ) ;
#6525 = DIRECTION ( 'NONE',  ( 0.0000000000000000000, 6.829619984160649600E-015, 1.000000000000000000 ) ) ;
#6526 = CARTESIAN_POINT ( 'NONE',  ( 0.08464566929133858500, 0.3128601855581031900, -0.01075817735950962200 ) ) ;
#6527 = ORIENTED_EDGE ( 'NONE', *, *, #935, .F. ) ;
#6528 = DIRECTION ( 'NONE',  ( 0.0000000000000000000, -0.6870103571193907400, -0.7266476238251158300 ) ) ;
#6529 = DIRECTION ( 'NONE',  ( 0.0000000000000000000, -0.4478540292118826100, 0.8941066874365063400 ) ) ;
#6530 = CARTESIAN_POINT ( 'NONE',  ( 0.08464566929133858500, -0.2995867304513554800, 0.1208549833790899500 ) ) ;
#6531 = CYLINDRICAL_SURFACE ( 'NONE', #6630, 0.3230450991271856500 ) ;
#6532 = EDGE_CURVE ( 'NONE', #3915, #1395, #319, .T. ) ;
#6533 = AXIS2_PLACEMENT_3D ( 'NONE', #2412, #1926, #5614 ) ;
#6534 = AXIS2_PLACEMENT_3D ( 'NONE', #1554, #5234, #2059 ) ;
#6535 = CYLINDRICAL_SURFACE ( 'NONE', #2014, 0.01999999999999999000 ) ;
#6536 = DIRECTION ( 'NONE',  ( 0.0000000000000000000, -0.8349063102029689000, -0.5503920904076146100 ) ) ;
#6537 = AXIS2_PLACEMENT_3D ( 'NONE', #30, #4774, #1111 ) ;
#6538 = DIRECTION ( 'NONE',  ( -1.000000000000000000, -0.0000000000000000000, -0.0000000000000000000 ) ) ;
#6539 = ADVANCED_FACE ( 'NONE', ( #3083 ), #1535, .T. ) ;
#6540 = CARTESIAN_POINT ( 'NONE',  ( 0.08464566929133858500, -0.1960315511398808600, -0.2245050379644658000 ) ) ;
#6541 = CIRCLE ( 'NONE', #1458, 0.4330708661417323500 ) ;
#6542 = CARTESIAN_POINT ( 'NONE',  ( 0.1240157480314961100, 4.821444091131312800E-017, 0.3937007874015748800 ) ) ;
#6543 = LINE ( 'NONE', #1522, #5120 ) ;
#6544 = CYLINDRICAL_SURFACE ( 'NONE', #2397, 0.01000000000000001200 ) ;
#6545 = DIRECTION ( 'NONE',  ( 1.000000000000000000, -0.0000000000000000000, -0.0000000000000000000 ) ) ;
#6546 = CARTESIAN_POINT ( 'NONE',  ( 0.08464566929133858500, -0.06699623482581205900, 0.3160215824738207300 ) ) ;
#6547 = CIRCLE ( 'NONE', #2979, 0.01999999999999999000 ) ;
#6548 = CIRCLE ( 'NONE', #1291, 0.3230450991271857100 ) ;
#6549 = CIRCLE ( 'NONE', #1714, 0.01999999999999999300 ) ;
#6550 = DIRECTION ( 'NONE',  ( 0.0000000000000000000, 0.0000000000000000000, 1.000000000000000000 ) ) ;
#6551 = LINE ( 'NONE', #2541, #948 ) ;
#6552 = DIRECTION ( 'NONE',  ( 1.000000000000000000, -0.0000000000000000000, -0.0000000000000000000 ) ) ;
#6553 = EDGE_CURVE ( 'NONE', #3188, #4325, #4306, .T. ) ;
#6554 = VECTOR ( 'NONE', #6456, 39.37007874015748100 ) ;
#6555 = DIRECTION ( 'NONE',  ( 0.0000000000000000000, 0.9933605556394420300, -0.1150426290541845400 ) ) ;
#6556 = CONICAL_SURFACE ( 'NONE', #104, 0.3937007874015748800, 1.107148717794091300 ) ;
#6557 = CYLINDRICAL_SURFACE ( 'NONE', #1060, 0.02000000000000002500 ) ;
#6558 = ORIENTED_EDGE ( 'NONE', *, *, #6744, .F. ) ;
#6559 = EDGE_CURVE ( 'NONE', #3340, #6101, #4484, .T. ) ;
#6560 = FACE_BOUND ( 'NONE', #2514, .T. ) ;
#6561 = ORIENTED_EDGE ( 'NONE', *, *, #5241, .T. ) ;
#6562 = AXIS2_PLACEMENT_3D ( 'NONE', #95, #280, #5665 ) ;
#6563 = VECTOR ( 'NONE', #5949, 39.37007874015748900 ) ;
#6564 = VERTEX_POINT ( 'NONE', #3682 ) ;
#6565 = ORIENTED_EDGE ( 'NONE', *, *, #5655, .T. ) ;
#6566 = CARTESIAN_POINT ( 'NONE',  ( 0.08464566929133858500, 0.2995867304513579700, 0.1208549833790839000 ) ) ;
#6567 = DIRECTION ( 'NONE',  ( -1.000000000000000000, -0.0000000000000000000, -0.0000000000000000000 ) ) ;
#6568 = CARTESIAN_POINT ( 'NONE',  ( -0.08464566929133855700, 0.0000000000000000000, 0.0000000000000000000 ) ) ;
#6569 = CARTESIAN_POINT ( 'NONE',  ( 0.08464566929133858500, 0.1745017349850671000, 0.2164675995059028600 ) ) ;
#6570 = VERTEX_POINT ( 'NONE', #561 ) ;
#6571 = COLOUR_RGB ( '',0.8666666666666667000, 0.8666666666666667000, 0.8901960784313725000 ) ;
#6572 = ORIENTED_EDGE ( 'NONE', *, *, #3578, .T. ) ;
#6573 = CARTESIAN_POINT ( 'NONE',  ( 0.08464566929133858500, -0.2995867304513554800, 0.1208549833790899500 ) ) ;
#6574 = CARTESIAN_POINT ( 'NONE',  ( 0.08464566929133858500, 0.2814349999166054200, 0.07421391045223026100 ) ) ;
#6575 = FACE_OUTER_BOUND ( 'NONE', #6819, .T. ) ;
#6576 = CARTESIAN_POINT ( 'NONE',  ( 0.08464566929133858500, 0.1657469476708049400, -0.2655657798462763800 ) ) ;
#6577 = ADVANCED_FACE ( 'NONE', ( #155 ), #6809, .T. ) ;
#6578 = CARTESIAN_POINT ( 'NONE',  ( 0.08464566929133858500, 0.1753298700092146000, -0.2627078786135518300 ) ) ;
#6579 = EDGE_CURVE ( 'NONE', #3180, #6331, #2917, .T. ) ;
#6580 = ORIENTED_EDGE ( 'NONE', *, *, #255, .T. ) ;
#6581 = AXIS2_PLACEMENT_3D ( 'NONE', #1919, #5610, #2425 ) ;
#6582 = CARTESIAN_POINT ( 'NONE',  ( -0.08464566929133858500, -0.07644636819248530600, 0.2808368146679675600 ) ) ;
#6583 = ORIENTED_EDGE ( 'NONE', *, *, #6261, .F. ) ;
#6584 = EDGE_LOOP ( 'NONE', ( #5177, #4423, #2695, #505 ) ) ;
#6585 = VERTEX_POINT ( 'NONE', #3179 ) ;
#6586 = DIRECTION ( 'NONE',  ( 0.0000000000000000000, 6.829619984160661400E-015, 1.000000000000000000 ) ) ;
#6587 = EDGE_CURVE ( 'NONE', #1890, #4670, #3984, .T. ) ;
#6588 = CARTESIAN_POINT ( 'NONE',  ( 0.08464566929133858500, -0.2125853763475967800, -0.1181789589928839000 ) ) ;
#6589 = CARTESIAN_POINT ( 'NONE',  ( 0.08464566929133858500, 0.0000000000000000000, 0.0000000000000000000 ) ) ;
#6590 = DIRECTION ( 'NONE',  ( 0.0000000000000000000, 0.9848077530122098000, 0.1736481776669209500 ) ) ;
#6591 = CARTESIAN_POINT ( 'NONE',  ( -0.08464566929133857100, 2.651794250122221500E-017, -0.2165354330708661500 ) ) ;
#6592 = CARTESIAN_POINT ( 'NONE',  ( 0.08464566929133858500, -0.2609946473093029400, -0.1439189882872533300 ) ) ;
#6593 = EDGE_LOOP ( 'NONE', ( #5478, #2197, #101, #3076 ) ) ;
#6594 = ORIENTED_EDGE ( 'NONE', *, *, #2227, .T. ) ;
#6595 = AXIS2_PLACEMENT_3D ( 'NONE', #1243, #4908, #4354 ) ;
#6596 = VERTEX_POINT ( 'NONE', #4748 ) ;
#6597 = DIRECTION ( 'NONE',  ( -1.000000000000000000, -0.0000000000000000000, -0.0000000000000000000 ) ) ;
#6598 = ORIENTED_EDGE ( 'NONE', *, *, #5336, .F. ) ;
#6599 = VERTEX_POINT ( 'NONE', #5822 ) ;
#6600 = EDGE_CURVE ( 'NONE', #1812, #4250, #1223, .T. ) ;
#6601 = EDGE_CURVE ( 'NONE', #4334, #5501, #5414, .T. ) ;
#6602 = ORIENTED_EDGE ( 'NONE', *, *, #3603, .F. ) ;
#6603 = EDGE_CURVE ( 'NONE', #3425, #4592, #4142, .T. ) ;
#6604 = ORIENTED_EDGE ( 'NONE', *, *, #111, .F. ) ;
#6605 = EDGE_CURVE ( 'NONE', #919, #591, #1376, .T. ) ;
#6606 = CARTESIAN_POINT ( 'NONE',  ( -0.08464566929133858500, 0.2086386688544358800, -0.1250148568936514700 ) ) ;
#6607 = ORIENTED_EDGE ( 'NONE', *, *, #6132, .T. ) ;
#6608 = ORIENTED_EDGE ( 'NONE', *, *, #23, .F. ) ;
#6609 = ORIENTED_EDGE ( 'NONE', *, *, #1984, .T. ) ;
#6610 = DIRECTION ( 'NONE',  ( 0.0000000000000000000, 0.9582922338409647400, -0.2857901232724705000 ) ) ;
#6611 = DIRECTION ( 'NONE',  ( -0.0000000000000000000, 1.000000000000000000, -0.0000000000000000000 ) ) ;
#6612 = ORIENTED_EDGE ( 'NONE', *, *, #5307, .T. ) ;
#6613 = ADVANCED_FACE ( 'NONE', ( #6480 ), #2263, .T. ) ;
#6614 = DIRECTION ( 'NONE',  ( 0.0000000000000000000, -0.8941066874365093400, -0.4478540292118762800 ) ) ;
#6615 = AXIS2_PLACEMENT_3D ( 'NONE', #4165, #4207, #4273 ) ;
#6616 = DIRECTION ( 'NONE',  ( -1.000000000000000000, -0.0000000000000000000, -0.0000000000000000000 ) ) ;
#6617 = CARTESIAN_POINT ( 'NONE',  ( -0.08464566929133858500, -0.2551348235983675300, 0.1540685006779901600 ) ) ;
#6618 = VECTOR ( 'NONE', #1378, 39.37007874015748100 ) ;
#6619 = EDGE_CURVE ( 'NONE', #5834, #3987, #3652, .T. ) ;
#6620 = SURFACE_SIDE_STYLE ('',( #6205 ) ) ;
#6621 = CIRCLE ( 'NONE', #5342, 0.01999999999999997600 ) ;
#6622 = VECTOR ( 'NONE', #3829, 39.37007874015748100 ) ;
#6623 = CIRCLE ( 'NONE', #768, 0.3937007874015748800 ) ;
#6624 = CARTESIAN_POINT ( 'NONE',  ( -0.08464566929133858500, -0.3151766316582616000, 0.02048618216343019500 ) ) ;
#6625 = EDGE_CURVE ( 'NONE', #1537, #2088, #2414, .T. ) ;
#6626 = LINE ( 'NONE', #2535, #6782 ) ;
#6627 = VECTOR ( 'NONE', #923, 39.37007874015748100 ) ;
#6628 = LINE ( 'NONE', #564, #5047 ) ;
#6629 = AXIS2_PLACEMENT_3D ( 'NONE', #6730, #3533, #425 ) ;
#6630 = AXIS2_PLACEMENT_3D ( 'NONE', #4564, #388, #6689 ) ;
#6631 = CARTESIAN_POINT ( 'NONE',  ( 0.08464566929133858500, 0.2390797403628866800, -0.1659947030199641300 ) ) ;
#6632 = AXIS2_PLACEMENT_3D ( 'NONE', #3421, #309, #3945 ) ;
#6633 = CIRCLE ( 'NONE', #6615, 0.01000000000000004500 ) ;
#6634 = DIRECTION ( 'NONE',  ( -1.000000000000000000, -0.0000000000000000000, -0.0000000000000000000 ) ) ;
#6635 = DIRECTION ( 'NONE',  ( -1.000000000000000000, -0.0000000000000000000, -0.0000000000000000000 ) ) ;
#6636 = CIRCLE ( 'NONE', #4298, 0.2165354330708661500 ) ;
#6637 = CARTESIAN_POINT ( 'NONE',  ( 0.1240157480314960600, 0.0000000000000000000, 0.0000000000000000000 ) ) ;
#6638 = APPLICATION_CONTEXT ( 'automotive_design' ) ;
#6639 = FACE_OUTER_BOUND ( 'NONE', #1725, .T. ) ;
#6640 = LINE ( 'NONE', #3074, #3967 ) ;
#6641 = ORIENTED_EDGE ( 'NONE', *, *, #4740, .F. ) ;
#6642 = DIRECTION ( 'NONE',  ( 0.0000000000000000000, 0.3420201433256562800, -0.9396926207859128700 ) ) ;
#6643 = DIRECTION ( 'NONE',  ( -1.000000000000000000, -0.0000000000000000000, -0.0000000000000000000 ) ) ;
#6644 = LINE ( 'NONE', #19, #4895 ) ;
#6645 = ORIENTED_EDGE ( 'NONE', *, *, #3449, .F. ) ;
#6646 = DIRECTION ( 'NONE',  ( -1.000000000000000000, -0.0000000000000000000, -0.0000000000000000000 ) ) ;
#6647 = EDGE_CURVE ( 'NONE', #5355, #499, #5239, .T. ) ;
#6648 = CARTESIAN_POINT ( 'NONE',  ( 0.08464566929133858500, 0.1593453249480085400, 0.1837603765851187600 ) ) ;
#6649 = ADVANCED_FACE ( 'NONE', ( #6312 ), #730, .T. ) ;
#6650 = ADVANCED_FACE ( 'NONE', ( #5072 ), #4732, .T. ) ;
#6651 = ORIENTED_EDGE ( 'NONE', *, *, #992, .F. ) ;
#6652 = FACE_OUTER_BOUND ( 'NONE', #592, .T. ) ;
#6653 = ORIENTED_EDGE ( 'NONE', *, *, #2109, .T. ) ;
#6654 = ORIENTED_EDGE ( 'NONE', *, *, #3944, .T. ) ;
#6655 = CARTESIAN_POINT ( 'NONE',  ( -0.08464566929133858500, 0.3151766316582617100, -0.02048618216342807500 ) ) ;
#6656 = ORIENTED_EDGE ( 'NONE', *, *, #4304, .F. ) ;
#6657 = AXIS2_PLACEMENT_3D ( 'NONE', #4575, #4869, #4964 ) ;
#6658 = VECTOR ( 'NONE', #4224, 39.37007874015748100 ) ;
#6659 = DIRECTION ( 'NONE',  ( -1.000000000000000000, -0.0000000000000000000, -0.0000000000000000000 ) ) ;
#6660 = DIRECTION ( 'NONE',  ( -1.000000000000000000, -0.0000000000000000000, -0.0000000000000000000 ) ) ;
#6661 = CARTESIAN_POINT ( 'NONE',  ( 0.08464566929133858500, -0.2903128943442362900, 0.1171138653833172400 ) ) ;
#6662 = CYLINDRICAL_SURFACE ( 'NONE', #5686, 0.3230450991271856500 ) ;
#6663 = DIRECTION ( 'NONE',  ( 1.000000000000000000, 0.0000000000000000000, 0.0000000000000000000 ) ) ;
#6664 = DIRECTION ( 'NONE',  ( 0.0000000000000000000, -0.6427876096865407000, -0.7660444431189770100 ) ) ;
#6665 = ORIENTED_EDGE ( 'NONE', *, *, #2932, .F. ) ;
#6666 = ORIENTED_EDGE ( 'NONE', *, *, #3876, .T. ) ;
#6667 = VERTEX_POINT ( 'NONE', #1179 ) ;
#6668 = CARTESIAN_POINT ( 'NONE',  ( 0.1240157480314961100, 0.0000000000000000000, -0.3937007874015748800 ) ) ;
#6669 = DIRECTION ( 'NONE',  ( -1.000000000000000000, -0.0000000000000000000, -0.0000000000000000000 ) ) ;
#6670 = CARTESIAN_POINT ( 'NONE',  ( -0.08464566929133858500, 0.1745017349850641100, -0.2164675995059051600 ) ) ;
#6671 = EDGE_CURVE ( 'NONE', #4342, #2696, #2086, .T. ) ;
#6672 = EDGE_LOOP ( 'NONE', ( #6827, #741, #5572, #507 ) ) ;
#6673 = AXIS2_PLACEMENT_3D ( 'NONE', #3798, #683, #4322 ) ;
#6674 = ORIENTED_EDGE ( 'NONE', *, *, #686, .F. ) ;
#6675 = ORIENTED_EDGE ( 'NONE', *, *, #779, .T. ) ;
#6676 = ORIENTED_EDGE ( 'NONE', *, *, #3189, .F. ) ;
#6677 = ORIENTED_EDGE ( 'NONE', *, *, #1222, .F. ) ;
#6678 = CARTESIAN_POINT ( 'NONE',  ( 0.08464566929133858500, 0.3228542786274534200, -0.01110183957909088900 ) ) ;
#6679 = VERTEX_POINT ( 'NONE', #2214 ) ;
#6680 = ADVANCED_FACE ( 'NONE', ( #3480 ), #5987, .F. ) ;
#6681 = DIRECTION ( 'NONE',  ( 0.0000000000000000000, 0.0000000000000000000, -1.000000000000000000 ) ) ;
#6682 = CARTESIAN_POINT ( 'NONE',  ( -0.08464566929133858500, -0.2049886317241185200, -0.2066229042157356500 ) ) ;
#6683 = DIRECTION ( 'NONE',  ( 1.000000000000000000, -0.0000000000000000000, -0.0000000000000000000 ) ) ;
#6684 = ORIENTED_EDGE ( 'NONE', *, *, #1134, .T. ) ;
#6685 = ORIENTED_EDGE ( 'NONE', *, *, #973, .F. ) ;
#6686 = EDGE_LOOP ( 'NONE', ( #1777, #5186, #5365, #5741 ) ) ;
#6687 = CARTESIAN_POINT ( 'NONE',  ( -0.08464566929133858500, 0.2282710432183350800, -0.2182849596996864500 ) ) ;
#6688 = DIRECTION ( 'NONE',  ( 0.0000000000000000000, 0.8349063102029640200, -0.5503920904076221600 ) ) ;
#6689 = DIRECTION ( 'NONE',  ( 0.0000000000000000000, 0.0000000000000000000, 1.000000000000000000 ) ) ;
#6690 = EDGE_CURVE ( 'NONE', #243, #5262, #4909, .T. ) ;
#6691 = ORIENTED_EDGE ( 'NONE', *, *, #6321, .T. ) ;
#6692 = DIRECTION ( 'NONE',  ( 0.0000000000000000000, 0.6870103571193907400, 0.7266476238251158300 ) ) ;
#6693 = DIRECTION ( 'NONE',  ( 0.0000000000000000000, 0.0000000000000000000, -1.000000000000000000 ) ) ;
#6694 = FACE_OUTER_BOUND ( 'NONE', #2264, .T. ) ;
#6695 = DIRECTION ( 'NONE',  ( 1.000000000000000000, 0.0000000000000000000, 0.0000000000000000000 ) ) ;
#6696 = LINE ( 'NONE', #4313, #4956 ) ;
#6697 = FACE_OUTER_BOUND ( 'NONE', #5011, .T. ) ;
#6698 = CARTESIAN_POINT ( 'NONE',  ( 0.08464566929133858500, -0.2380142720881772100, -0.1437298974847671900 ) ) ;
#6699 = CIRCLE ( 'NONE', #5363, 0.01000000000000005900 ) ;
#6700 = DIRECTION ( 'NONE',  ( 1.000000000000000000, 0.0000000000000000000, 0.0000000000000000000 ) ) ;
#6701 = CIRCLE ( 'NONE', #668, 0.01000000000000001200 ) ;
#6702 = DIRECTION ( 'NONE',  ( 0.0000000000000000000, 0.0000000000000000000, 1.000000000000000000 ) ) ;
#6703 = AXIS2_PLACEMENT_3D ( 'NONE', #2709, #3218, #5364 ) ;
#6704 = DIRECTION ( 'NONE',  ( 0.0000000000000000000, 0.3420201433256556700, -0.9396926207859132000 ) ) ;
#6705 = VECTOR ( 'NONE', #4050, 39.37007874015748100 ) ;
#6706 = AXIS2_PLACEMENT_3D ( 'NONE', #5441, #5337, #4920 ) ;
#6707 = CARTESIAN_POINT ( 'NONE',  ( -0.2342519685039370600, -0.2118934145877079700, 0.04450000000000005300 ) ) ;
#6708 = ADVANCED_FACE ( 'NONE', ( #6149, #554 ), #5812, .F. ) ;
#6709 = CIRCLE ( 'NONE', #1966, 0.2165354330708661500 ) ;
#6710 = CIRCLE ( 'NONE', #6795, 0.02000000000000003500 ) ;
#6711 = LINE ( 'NONE', #3037, #3540 ) ;
#6712 = LINE ( 'NONE', #1195, #2472 ) ;
#6713 = EDGE_CURVE ( 'NONE', #4521, #1929, #4562, .T. ) ;
#6714 = VERTEX_POINT ( 'NONE', #1720 ) ;
#6715 = VECTOR ( 'NONE', #2817, 39.37007874015748100 ) ;
#6716 = AXIS2_PLACEMENT_3D ( 'NONE', #823, #2383, #6097 ) ;
#6717 = VECTOR ( 'NONE', #3103, 39.37007874015748100 ) ;
#6718 = CARTESIAN_POINT ( 'NONE',  ( 0.08464566929133858500, 0.2632954998903871400, 0.1240517771744626800 ) ) ;
#6719 = AXIS2_PLACEMENT_3D ( 'NONE', #3569, #3454, #453 ) ;
#6720 = DIRECTION ( 'NONE',  ( 1.000000000000000000, 0.0000000000000000000, 0.0000000000000000000 ) ) ;
#6721 = DIRECTION ( 'NONE',  ( -1.000000000000000000, -0.0000000000000000000, -0.0000000000000000000 ) ) ;
#6722 = ORIENTED_EDGE ( 'NONE', *, *, #6647, .F. ) ;
#6723 = CIRCLE ( 'NONE', #1763, 0.01000000000000001600 ) ;
#6724 = ORIENTED_EDGE ( 'NONE', *, *, #2812, .F. ) ;
#6725 = EDGE_CURVE ( 'NONE', #1480, #6341, #396, .T. ) ;
#6726 = EDGE_CURVE ( 'NONE', #4216, #4300, #2996, .T. ) ;
#6727 = CARTESIAN_POINT ( 'NONE',  ( 0.08464566929133858500, 0.07946849185770582500, -0.2298772876718202800 ) ) ;
#6728 = ORIENTED_EDGE ( 'NONE', *, *, #5448, .F. ) ;
#6729 = EDGE_CURVE ( 'NONE', #5347, #1890, #4398, .T. ) ;
#6730 = CARTESIAN_POINT ( 'NONE',  ( 0.08464566929133858500, 0.1074241567854219700, 0.2780124667216832300 ) ) ;
#6731 = CYLINDRICAL_SURFACE ( 'NONE', #2443, 0.3230450991271856500 ) ;
#6732 = CARTESIAN_POINT ( 'NONE',  ( -0.1909068389034841700, -0.2162701852166098700, -0.01164451523824603900 ) ) ;
#6733 = ORIENTED_EDGE ( 'NONE', *, *, #4480, .T. ) ;
#6734 = DIRECTION ( 'NONE',  ( -1.000000000000000000, -0.0000000000000000000, -0.0000000000000000000 ) ) ;
#6735 = VECTOR ( 'NONE', #4561, 39.37007874015748100 ) ;
#6736 = DIRECTION ( 'NONE',  ( -1.000000000000000000, -0.0000000000000000000, -0.0000000000000000000 ) ) ;
#6737 = AXIS2_PLACEMENT_3D ( 'NONE', #2351, #4424, #664 ) ;
#6738 = ORIENTED_EDGE ( 'NONE', *, *, #4978, .F. ) ;
#6739 = CARTESIAN_POINT ( 'NONE',  ( 0.1043307086614173300, 0.0000000000000000000, -0.4330708661417324000 ) ) ;
#6740 = ADVANCED_FACE ( 'NONE', ( #231 ), #1452, .F. ) ;
#6741 = VERTEX_POINT ( 'NONE', #3843 ) ;
#6742 = ORIENTED_EDGE ( 'NONE', *, *, #5490, .T. ) ;
#6743 = EDGE_LOOP ( 'NONE', ( #2196, #4005, #393, #3600 ) ) ;
#6744 = EDGE_CURVE ( 'NONE', #3599, #6219, #5651, .T. ) ;
#6745 = CARTESIAN_POINT ( 'NONE',  ( 0.08464566929133858500, -0.1471132378872990500, -0.2763239572057849500 ) ) ;
#6746 = VERTEX_POINT ( 'NONE', #197 ) ;
#6747 = ORIENTED_EDGE ( 'NONE', *, *, #621, .F. ) ;
#6748 = CARTESIAN_POINT ( 'NONE',  ( 0.08464566929133858500, -0.2944779371424642900, -0.04597418460454507500 ) ) ;
#6749 = DIRECTION ( 'NONE',  ( 0.0000000000000000000, 0.0000000000000000000, -1.000000000000000000 ) ) ;
#6750 = ORIENTED_EDGE ( 'NONE', *, *, #4243, .F. ) ;
#6751 = CARTESIAN_POINT ( 'NONE',  ( 0.08464566929133858500, -0.07946849185770427100, 0.2298772876718208600 ) ) ;
#6752 = ORIENTED_EDGE ( 'NONE', *, *, #5018, .T. ) ;
#6753 = EDGE_CURVE ( 'NONE', #5798, #4428, #3161, .T. ) ;
#6754 = PLANE ( 'NONE',  #1352 ) ;
#6755 = AXIS2_PLACEMENT_3D ( 'NONE', #3849, #734, #4375 ) ;
#6756 = AXIS2_PLACEMENT_3D ( 'NONE', #2291, #5994, #2815 ) ;
#6757 = EDGE_LOOP ( 'NONE', ( #3084, #398, #3002, #566 ) ) ;
#6758 = VERTEX_POINT ( 'NONE', #4918 ) ;
#6759 = AXIS2_PLACEMENT_3D ( 'NONE', #627, #4263, #1156 ) ;
#6760 = VERTEX_POINT ( 'NONE', #6523 ) ;
#6761 = DIRECTION ( 'NONE',  ( -1.000000000000000000, -0.0000000000000000000, -0.0000000000000000000 ) ) ;
#6762 = CARTESIAN_POINT ( 'NONE',  ( 0.08464566929133858500, 5.062516295687878800E-017, 0.3937007874015748800 ) ) ;
#6763 = CARTESIAN_POINT ( 'NONE',  ( -0.08464566929133858500, -0.2609946473093029400, -0.1439189882872533300 ) ) ;
#6764 = ORIENTED_EDGE ( 'NONE', *, *, #5879, .T. ) ;
#6765 = ORIENTED_EDGE ( 'NONE', *, *, #1134, .F. ) ;
#6766 = EDGE_CURVE ( 'NONE', #6760, #3471, #4218, .T. ) ;
#6767 = DIRECTION ( 'NONE',  ( -1.000000000000000000, -0.0000000000000000000, -0.0000000000000000000 ) ) ;
#6768 = DIRECTION ( 'NONE',  ( -1.000000000000000000, -0.0000000000000000000, -0.0000000000000000000 ) ) ;
#6769 = CARTESIAN_POINT ( 'NONE',  ( -0.08464566929133858500, 0.005859823710932310500, -0.2979874889652428500 ) ) ;
#6770 = ADVANCED_FACE ( 'NONE', ( #2655 ), #6731, .T. ) ;
#6771 = DIRECTION ( 'NONE',  ( 0.0000000000000000000, 0.6427876096865294800, -0.7660444431189862300 ) ) ;
#6772 = AXIS2_PLACEMENT_3D ( 'NONE', #1613, #1634, #2142 ) ;
#6773 = LINE ( 'NONE', #5569, #4101 ) ;
#6774 = DIRECTION ( 'NONE',  ( -1.000000000000000000, -0.0000000000000000000, -0.0000000000000000000 ) ) ;
#6775 = CYLINDRICAL_SURFACE ( 'NONE', #6041, 0.2165354330708661500 ) ;
#6776 = FACE_OUTER_BOUND ( 'NONE', #3833, .T. ) ;
#6777 = CARTESIAN_POINT ( 'NONE',  ( 0.08464566929133858500, 0.1892693789175075000, -0.1754765758361333500 ) ) ;
#6778 = DIRECTION ( 'NONE',  ( 0.0000000000000000000, -0.9177967908282693700, 0.3970504385406597400 ) ) ;
#6779 = EDGE_CURVE ( 'NONE', #3513, #1046, #1305, .T. ) ;
#6780 = VECTOR ( 'NONE', #3679, 39.37007874015748100 ) ;
#6781 = CARTESIAN_POINT ( 'NONE',  ( 0.08464566929133858500, -0.2903128943442380100, -0.1171138653833132700 ) ) ;
#6782 = VECTOR ( 'NONE', #4550, 39.37007874015748100 ) ;
#6783 = FACE_OUTER_BOUND ( 'NONE', #3563, .T. ) ;
#6784 = FACE_OUTER_BOUND ( 'NONE', #3077, .T. ) ;
#6785 = CARTESIAN_POINT ( 'NONE',  ( -0.08464566929133858500, -0.3031758419731588300, -0.08854604252560902000 ) ) ;
#6786 = VECTOR ( 'NONE', #5394, 39.37007874015748100 ) ;
#6787 = CARTESIAN_POINT ( 'NONE',  ( 0.08464566929133858500, 0.3228542786274534200, 0.01110183957909087800 ) ) ;
#6788 = EDGE_CURVE ( 'NONE', #1886, #1244, #4061, .T. ) ;
#6789 = CARTESIAN_POINT ( 'NONE',  ( -0.2342519685039370400, -0.3230450991271856500, 1.108895517240735600E-017 ) ) ;
#6790 = LINE ( 'NONE', #6792, #4122 ) ;
#6791 = CARTESIAN_POINT ( 'NONE',  ( 0.08464566929133858500, 0.0000000000000000000, 0.0000000000000000000 ) ) ;
#6792 = CARTESIAN_POINT ( 'NONE',  ( 0.08464566929133858500, 0.2434808785492307000, -0.1342614573492381900 ) ) ;
#6793 = VECTOR ( 'NONE', #3264, 39.37007874015748100 ) ;
#6794 = AXIS2_PLACEMENT_3D ( 'NONE', #4225, #4776, #1633 ) ;
#6795 = AXIS2_PLACEMENT_3D ( 'NONE', #4282, #1175, #4839 ) ;
#6796 = DIRECTION ( 'NONE',  ( 1.000000000000000000, 0.0000000000000000000, 0.0000000000000000000 ) ) ;
#6797 = FACE_OUTER_BOUND ( 'NONE', #357, .T. ) ;
#6798 = VERTEX_POINT ( 'NONE', #2301 ) ;
#6799 = CIRCLE ( 'NONE', #244, 0.01000000000000005900 ) ;
#6800 = ORIENTED_EDGE ( 'NONE', *, *, #5532, .T. ) ;
#6801 = ORIENTED_EDGE ( 'NONE', *, *, #4102, .F. ) ;
#6802 = VERTEX_POINT ( 'NONE', #6546 ) ;
#6803 = ORIENTED_EDGE ( 'NONE', *, *, #5721, .T. ) ;
#6804 = DIMENSIONAL_EXPONENTS ( 1.000000000000000000, 0.0000000000000000000, 0.0000000000000000000, 0.0000000000000000000, 0.0000000000000000000, 0.0000000000000000000, 0.0000000000000000000 ) ;
#6805 = DIRECTION ( 'NONE',  ( 0.0000000000000000000, 0.9848077530122098000, 0.1736481776669212600 ) ) ;
#6806 = ORIENTED_EDGE ( 'NONE', *, *, #1711, .T. ) ;
#6807 = VERTEX_POINT ( 'NONE', #1302 ) ;
#6808 = EDGE_CURVE ( 'NONE', #5428, #4501, #5494, .T. ) ;
#6809 = CYLINDRICAL_SURFACE ( 'NONE', #4345, 0.2780450991271856700 ) ;
#6810 = ORIENTED_EDGE ( 'NONE', *, *, #6505, .F. ) ;
#6811 = B_SPLINE_CURVE_WITH_KNOTS ( 'NONE', 3,
 ( #4357, #717, #1750, #5449, #2272, #5973, #2795, #6513, #3329, #209, #3856, #743, #4384, #1267, #4933, #1778, #5469, #2295 ),
 .UNSPECIFIED., .F., .F.,
 ( 4, 2, 2, 2, 2, 2, 2, 2, 4 ),
 ( 0.003543277999739728100, 0.003986072182052770700, 0.004428866364365813600, 0.004871660546678856600, 0.005314454728991899500, 0.005757248911304942500, 0.006200043093617985500, 0.006642837275931027600, 0.007085631458244070500 ),
 .UNSPECIFIED. ) ;
#6812 = EDGE_CURVE ( 'NONE', #3901, #5405, #63, .T. ) ;
#6813 = DIRECTION ( 'NONE',  ( 0.0000000000000000000, 0.0000000000000000000, -1.000000000000000000 ) ) ;
#6814 = CARTESIAN_POINT ( 'NONE',  ( -0.08464566929133858500, 0.2327495835104569100, 0.2093438928253182900 ) ) ;
#6815 = EDGE_CURVE ( 'NONE', #3032, #2269, #3900, .T. ) ;
#6816 = CARTESIAN_POINT ( 'NONE',  ( 0.08464566929133858500, -0.04373286461477800300, -0.3099752742399545200 ) ) ;
#6817 = FACE_OUTER_BOUND ( 'NONE', #73, .T. ) ;
#6818 = DIRECTION ( 'NONE',  ( 1.000000000000000000, -0.0000000000000000000, -0.0000000000000000000 ) ) ;
#6819 = EDGE_LOOP ( 'NONE', ( #58, #1789, #681, #3760 ) ) ;
#6820 = ORIENTED_EDGE ( 'NONE', *, *, #2273, .T. ) ;
#6821 = EDGE_LOOP ( 'NONE', ( #1307, #5238, #431, #3914 ) ) ;
#6822 = EDGE_LOOP ( 'NONE', ( #5760, #3805, #576, #4919 ) ) ;
#6823 = VERTEX_POINT ( 'NONE', #6569 ) ;
#6824 = VERTEX_POINT ( 'NONE', #4990 ) ;
#6825 = DIRECTION ( 'NONE',  ( 0.0000000000000000000, -0.9933605556394448100, -0.1150426290541625800 ) ) ;
#6826 = DIRECTION ( 'NONE',  ( 0.0000000000000000000, 0.3420201433256562800, -0.9396926207859128700 ) ) ;
#6827 = ORIENTED_EDGE ( 'NONE', *, *, #272, .T. ) ;
#6828 = ORIENTED_EDGE ( 'NONE', *, *, #5314, .T. ) ;
#6829 = AXIS2_PLACEMENT_3D ( 'NONE', #5030, #5140, #5114 ) ;
#6830 = VERTEX_POINT ( 'NONE', #2873 ) ;
ENDSEC;
END-ISO-10303-21;
